medicine_id,category,season,index,raw_index,cat_index,n_tx,season_mean,weight
MED00001,Gastrointestinal,Monsoon,1.1414230289539562,1.234096767503185,1.1011190804939468,77,12.714285714285714,0.30308805459377147
MED00001,Gastrointestinal,Post-Monsoon,0.9200996651301522,0.6902314005510948,0.9284752389141901,23,7.111111111111111,0.0351554686223329
MED00001,Gastrointestinal,Summer,1.1308951449255216,1.1348997066753577,1.1305949513441962,53,11.692307692307692,0.06973534108949556
MED00001,Gastrointestinal,Winter,0.8654480646355674,0.9407721252703624,0.8607769399760317,33,9.692307692307692,0.0583925725323232
MED00002,Antineoplastic (Oncology),Monsoon,1.0112911529740976,4.0,1.0094630467147954,2,0.09523809523809523,0.000611296997114154
MED00002,Antineoplastic (Oncology),Post-Monsoon,1.0575835901092465,0.0,1.0575835901092465,0,0.0,0.0
MED00002,Antineoplastic (Oncology),Summer,0.939434604904632,0.0,0.939434604904632,0,0.0,0.0
MED00002,Antineoplastic (Oncology),Winter,0.9854054518065617,0.0,0.9854054518065617,0,0.0,0.0
MED00003,Antineoplastic (Oncology),Monsoon,1.0068903037193777,0.48902821316614414,1.0094630467147954,3,0.23809523809523808,0.004943448880766019
MED00003,Antineoplastic (Oncology),Post-Monsoon,1.0576186943298638,1.141065830721003,1.0575835901092465,2,0.5555555555555556,0.0004204992625972024
MED00003,Antineoplastic (Oncology),Summer,0.9396982170395417,1.1059561128526645,0.939434604904632,6,0.5384615384615384,0.0015830515718841093
MED00003,Antineoplastic (Oncology),Winter,0.985785158868746,1.263949843260188,0.9854054518065617,5,0.6153846153846154,0.0013631832980113164
MED00004,Antiretroviral (ART Program),Monsoon,0.9940711627170168,2.402173913043478,0.9915768945964315,3,1.619047619047619,0.0017682357809966497
MED00004,Antiretroviral (ART Program),Post-Monsoon,1.011149905931759,0.0,1.011149905931759,0,0.0,0.0
MED00004,Antiretroviral (ART Program),Summer,1.0278326554044186,1.5978260869565215,1.02777010959583,1,1.0769230769230769,0.00010971871372725183
MED00004,Antiretroviral (ART Program),Winter,0.9636334934199424,0.0,0.9636334934199424,0,0.0,0.0
MED00005,Antiretroviral (ART Program),Monsoon,0.9940939044031852,1.3474225856840947,0.9915768945964315,5,4.476190476190476,0.007073318210093757
MED00005,Antiretroviral (ART Program),Post-Monsoon,1.011211383029646,1.1706330974915007,1.011149905931759,2,3.888888888888889,0.0003854769727506887
MED00005,Antiretroviral (ART Program),Summer,1.0275850626296634,0.6946613985114398,1.02777010959583,2,2.3076923076923075,0.0005555152417487578
MED00005,Antiretroviral (ART Program),Winter,0.9635355279875794,0.7872829183129653,0.9636334934199424,2,2.6153846153846154,0.0005555152417487578
MED00006,General/Other,Monsoon,1.0528387690660816,1.2540192926045015,1.0482755935191403,9,1.1904761904761905,0.02217893217253791
MED00006,General/Other,Post-Monsoon,0.9548760581318194,1.287459807073955,0.9543854768211951,4,1.2222222222222223,0.0014728883797558944
MED00006,General/Other,Summer,0.9576734409050454,0.9723472668810289,0.9576297110882205,6,0.9230769230769231,0.0029712689688740153
MED00006,General/Other,Winter,1.046947475563144,0.48617363344051445,1.0478713613827257,3,0.46153846153846156,0.001644809607769544
MED00007,Analgesic/Antipyretic,Monsoon,1.0419265613891957,0.6806618918251419,1.0650624809380167,19,2.5238095238095237,0.060187003360776314
MED00007,Analgesic/Antipyretic,Post-Monsoon,0.9455703359980927,1.8878735490244505,0.9386221024626731,16,7.0,0.007319697600236848
MED00007,Analgesic/Antipyretic,Summer,0.9730379892367982,0.7883428006915287,0.9744668399944317,10,2.923076923076923,0.007676873782586716
MED00007,Analgesic/Antipyretic,Winter,1.040860814918641,0.6431217584588786,1.0443572974259112,12,2.3846153846153846,0.008714289158611948
MED00008,Antineoplastic (Oncology),Monsoon,1.025952180370257,1.4658753709198813,1.0094630467147954,12,0.9047619047619048,0.03612771343144605
MED00008,Antineoplastic (Oncology),Post-Monsoon,1.0570246573367978,0.5400593471810089,1.0575835901092465,2,0.3333333333333333,0.0010800127338696048
MED00008,Antineoplastic (Oncology),Summer,0.9408391680352685,1.2462908011869436,0.939434604904632,7,0.7692307692307693,0.004577268269806165
MED00008,Antineoplastic (Oncology),Winter,0.9848727004413795,0.7477744807121662,0.9854054518065617,3,0.46153846153846156,0.0022419273158234276
MED00009,Gastrointestinal,Monsoon,1.1005217879666984,1.0923848173788493,1.1011190804939468,26,4.190476190476191,0.06838499360247584
MED00009,Gastrointestinal,Post-Monsoon,0.9277792297150426,0.7820482215325854,0.9284752389141901,9,3.0,0.004753284001774585
MED00009,Gastrointestinal,Summer,1.1309208214965683,1.1630460730484602,1.1305949513441962,16,4.461538461538462,0.010041876374624942
MED00009,Gastrointestinal,Winter,0.8615769170018909,0.962520888040105,0.8607769399760317,11,3.6923076923076925,0.007862649730826126
MED00010,Antiviral,Monsoon,0.9578230353925444,1.1293787949556284,0.9419390408075026,24,4.428571428571429,0.08474186629848757
MED00010,Antiviral,Post-Monsoon,1.050421191596985,1.360112097150864,1.0478468605917484,13,5.333333333333333,0.008244052503581617
MED00010,Antiviral,Summer,1.026001347351699,0.9023820644558618,1.0277489293992064,17,3.5384615384615383,0.013939744351883923
MED00010,Antiviral,Winter,0.9597570828867326,0.608127043437646,0.9632514428925093,10,2.3846153846153846,0.009839819542506298
MED00011,Cardiac/Antihypertensive,Monsoon,1.013872024627617,1.1916352589716763,0.9903529598100503,31,28.857142857142858,0.11684616538824996
MED00011,Cardiac/Antihypertensive,Post-Monsoon,1.0034826181706131,0.899297896209648,1.0044663326779995,11,21.77777777777778,0.009353704784631581
MED00011,Cardiac/Antihypertensive,Summer,1.0242603057697515,1.1816520237479988,1.0213326812273142,18,28.615384615384617,0.018261206017978742
MED00011,Cardiac/Antihypertensive,Winter,0.9785237628865928,0.7274148210706768,0.9825186621549787,14,17.615384615384617,0.015659894619406273
MED00012,General/Other,Monsoon,1.041195423499434,0.8076533483398988,1.0482755935191403,10,2.1904761904761907,0.02942442006736373
MED00012,General/Other,Post-Monsoon,0.9547445311616656,1.0651660101294316,0.9543854768211951,8,2.888888888888889,0.003241132081134053
MED00012,General/Other,Summer,0.9570008658234468,0.8225098480585256,0.9576297110882205,8,2.230769230769231,0.004653980922371853
MED00012,General/Other,Winter,1.0497952447343386,1.304670793472144,1.0478713613827257,16,3.5384615384615383,0.007491774167720543
MED00013,General/Other,Monsoon,1.0327495054257139,0.8218739579859954,1.0482755935191403,31,3.761904761904762,0.06857763221040675
MED00013,General/Other,Post-Monsoon,0.9560247064310002,1.2622874291430477,0.9543854768211951,12,5.777777777777778,0.005323868840206839
MED00013,General/Other,Summer,0.960674749030532,1.2772257419139714,0.9576297110882205,17,5.846153846153846,0.009527771463381043
MED00013,General/Other,Winter,1.0457640075561263,0.6386128709569857,1.0478713613827257,7,2.923076923076923,0.005149200018812548
MED00014,Endocrine/Metabolic,Monsoon,1.1166800054353387,1.5025857013381672,1.0749383117745586,29,25.80952380952381,0.09760773637219057
MED00014,Endocrine/Metabolic,Post-Monsoon,0.9730694618711878,1.436050541131311,0.9687842370835434,14,24.666666666666668,0.009170840590307752
MED00014,Endocrine/Metabolic,Summer,1.0060547989317128,0.5060510742656075,1.0100777503294407,7,8.692307692307692,0.007981623967098325
MED00014,Endocrine/Metabolic,Winter,0.9642311140900793,0.5553126832649145,0.9682191446073478,9,9.538461538461538,0.009658435724892092
MED00015,Antineoplastic (Oncology),Monsoon,1.0175548846794298,1.5918367346938773,1.0094630467147954,9,0.6666666666666666,0.013894580286953359
MED00015,Antineoplastic (Oncology),Post-Monsoon,1.0584492693967416,1.8571428571428572,1.0575835901092465,5,0.7777777777777778,0.0010826955839143759
MED00015,Antineoplastic (Oncology),Summer,0.9391626370457254,0.1836734693877551,0.939434604904632,1,0.07692307692307693,0.0003598595457288185
MED00015,Antineoplastic (Oncology),Winter,0.9851830375508285,0.3673469387755102,0.9854054518065617,1,0.15384615384615385,0.0003598595457288185
MED00016,General/Other,Monsoon,1.0672649227537456,1.9597989949748742,1.0482755935191403,16,3.0952380952380953,0.02083251971839521
MED00016,General/Other,Post-Monsoon,0.9541785477682397,0.14070351758793967,0.9543854768211951,1,0.2222222222222222,0.000254311958876832
MED00016,General/Other,Summer,0.9568828360631644,0.4870506378044066,0.9576297110882205,5,0.7692307692307693,0.0015871403287107582
MED00016,General/Other,Winter,1.0489973488729636,1.4124468496327791,1.0478713613827257,12,2.230769230769231,0.0030884892883020158
MED00017,General/Other,Monsoon,1.0461947484038017,0.955312810327706,1.0482755935191403,13,1.7619047619047619,0.02238363615957728
MED00017,General/Other,Post-Monsoon,0.9544996489386424,1.0844091360476662,0.9543854768211951,3,2.0,0.0008780872506314786
MED00017,General/Other,Summer,0.9592891568600698,1.4180734856007944,0.9576297110882205,11,2.6153846153846154,0.0036040139181075744
MED00017,General/Other,Winter,1.0470486969839439,0.5422045680238331,1.0478713613827257,4,1.0,0.0016268902953212876
MED00018,Cardiac/Antihypertensive,Monsoon,1.037130702180092,1.1315899113670354,0.9903529598100503,96,78.76190476190476,0.33120045324093694
MED00018,Cardiac/Antihypertensive,Post-Monsoon,1.000247191049228,0.906731456589144,1.0044663326779995,31,63.111111111111114,0.04316925336801506
MED00018,Cardiac/Antihypertensive,Summer,1.0270675181666433,1.096329691823927,1.0213326812273142,59,76.3076923076923,0.07646754042204632
MED00018,Cardiac/Antihypertensive,Winter,0.9742541108892175,0.8653489402198941,0.9825186621549787,46,60.23076923076923,0.0705348713752177
MED00019,Neuro/Psychiatric,Monsoon,1.0372258419331102,0.9710823808631566,1.0563104535157373,53,42.714285714285715,0.22392400753238342
MED00019,Neuro/Psychiatric,Post-Monsoon,0.9838744428125605,0.9775779151833115,0.984048218776047,24,43.0,0.02685746673178794
MED00019,Neuro/Psychiatric,Summer,0.9579459197865224,1.1594528761476484,0.9479820344320362,39,51.0,0.047117064809746756
MED00019,Neuro/Psychiatric,Winter,1.0167245225973416,0.8918868278058835,1.0220411260830145,28,39.23076923076923,0.04084846644367014
MED00020,Cardiac/Antihypertensive,Monsoon,1.007266608199775,1.3291460717114068,0.9903529598100503,16,14.857142857142858,0.049923235731691
MED00020,Cardiac/Antihypertensive,Post-Monsoon,1.0049825540966757,1.1431224227859855,1.0044663326779995,7,12.777777777777779,0.003723034583436944
MED00020,Cardiac/Antihypertensive,Summer,1.0198893203942838,0.7156940386138343,1.0213326812273142,6,8.0,0.004722442230106729
MED00020,Cardiac/Antihypertensive,Winter,0.9817135745590145,0.8120374668887735,0.9825186621549787,6,9.076923076923077,0.004722442230106729
MED00021,Antibiotic,Monsoon,1.2493993845978175,1.087694077055779,1.263927056815394,32,4.619047619047619,0.08243446962874006
MED00021,Antibiotic,Post-Monsoon,0.9193907342597263,0.5756181713628522,0.9207205605390987,6,2.4444444444444446,0.0038534253053034923
MED00021,Antibiotic,Summer,0.8833331301116238,1.3223116733755031,0.8782090584558729,17,5.615384615384615,0.011538035317982157
MED00021,Antibiotic,Winter,0.9754284124576251,1.0143760782058653,0.974928644427989,20,4.3076923076923075,0.012669215251117662
MED00022,Antibiotic,Monsoon,1.2674480050839252,1.3701380175658722,1.263927056815394,15,2.3333333333333335,0.03315051708084153
MED00022,Antibiotic,Post-Monsoon,0.9199997592221921,0.32622333751568383,0.9207205605390987,3,0.5555555555555556,0.0012124553134844867
MED00022,Antibiotic,Summer,0.8795842399871457,1.2647427854454203,0.8782090584558729,7,2.1538461538461537,0.0035577271406125603
MED00022,Antibiotic,Winter,0.9751562223250642,1.0388958594730238,0.974928644427989,7,1.7692307692307692,0.0035577271406125603
MED00023,Antifungal,Monsoon,1.2440197994196427,1.4093457943925232,1.2405246412709259,12,1.380952380952381,0.02070331877308856
MED00023,Antifungal,Post-Monsoon,0.9513594331804713,1.0205607476635514,0.9513001862525761,3,1.0,0.0008554208439587935
MED00023,Antifungal,Summer,0.8509401198506592,0.31401869158878504,0.8516020133711154,3,0.3076923076923077,0.0012312389422010023
MED00023,Antifungal,Winter,1.0453614830299522,1.2560747663551401,1.04471856187911,9,1.2307692307692308,0.0030418844454377703
MED00024,Antibiotic,Monsoon,1.2556235655137178,1.080332409972299,1.263927056815394,22,3.3333333333333335,0.04522730615763803
MED00024,Antibiotic,Post-Monsoon,0.9215486515758817,1.224376731301939,0.9207205605390987,7,3.7777777777777777,0.002727068034556134
MED00024,Antibiotic,Summer,0.8764063985032584,0.2742382271468144,0.8782090584558729,5,0.8461538461538461,0.002984680483174018
MED00024,Antibiotic,Winter,0.9776618004671197,1.4210526315789473,0.974928644427989,13,4.384615384615385,0.00612644941283088
MED00025,Blood Product/Coagulation,Monsoon,0.9718336842204087,1.0,0.9718336842204087,0,0.0,0.0
MED00025,Blood Product/Coagulation,Post-Monsoon,1.0089168151188908,1.0,1.0089168151188908,0,0.0,0.0
MED00025,Blood Product/Coagulation,Summer,0.9923582224307893,1.0,0.9923582224307893,0,0.0,0.0
MED00025,Blood Product/Coagulation,Winter,1.0141253057109363,1.0,1.0141253057109363,0,0.0,0.0
MED00026,Blood Product/Coagulation,Monsoon,0.9716560941384137,0.8524590163934426,0.9718336842204087,2,0.3333333333333333,0.0014876697479268798
MED00026,Blood Product/Coagulation,Post-Monsoon,1.0089168151188908,0.0,1.0089168151188908,0,0.0,0.0
MED00026,Blood Product/Coagulation,Summer,0.9926096617509621,1.9672131147540985,0.9923582224307893,2,0.7692307692307693,0.00025792486877049004
MED00026,Blood Product/Coagulation,Winter,1.014168173485224,1.180327868852459,1.0141253057109363,2,0.46153846153846156,0.00025792486877049004
MED00027,Blood Product/Coagulation,Monsoon,0.9718336842204087,0.0,0.9718336842204087,0,0.0,0.0
MED00027,Blood Product/Coagulation,Post-Monsoon,1.0089168151188908,0.0,1.0089168151188908,0,0.0,0.0
MED00027,Blood Product/Coagulation,Summer,0.9923582224307893,0.0,0.9923582224307893,0,0.0,0.0
MED00027,Blood Product/Coagulation,Winter,1.0143646536458941,4.0,1.0141253057109363,2,0.38461538461538464,8.016007350062124e-05
MED00028,Antineoplastic (Oncology),Monsoon,1.016589541498139,1.33475935828877,1.0094630467147954,14,0.7619047619047619,0.021907702392509387
MED00028,Antineoplastic (Oncology),Post-Monsoon,1.057290650872572,0.7786096256684492,1.0575835901092465,4,0.4444444444444444,0.0010500594106041964
MED00028,Antineoplastic (Oncology),Summer,0.939280924980091,0.8085561497326204,0.939434604904632,3,0.46153846153846156,0.0011742186621864752
MED00028,Antineoplastic (Oncology),Winter,0.9855747182713324,1.0780748663101605,0.9854054518065617,5,0.6153846153846154,0.0018265623634011836
MED00029,Antimalarial,Monsoon,1.2240509609210886,1.221793845930021,1.2249965097782145,109,15.380952380952381,0.29523824601799276
MED00029,Antimalarial,Post-Monsoon,0.9584264178861363,0.9267476540336073,0.9596352144312306,35,11.666666666666666,0.036755433680074695
MED00029,Antimalarial,Summer,0.8807769178463314,0.6477049538081036,0.8931401949855751,33,8.153846153846153,0.050372868541335096
MED00029,Antimalarial,Winter,0.9906879629367011,1.2037535462282678,0.9767961786702183,56,15.153846153846153,0.06120878302366494
MED00030,Antimalarial,Monsoon,1.2629643165125901,1.6870685687988956,1.2249965097782145,38,6.714285714285714,0.08216858386729729
MED00030,Antimalarial,Post-Monsoon,0.9584775565308175,0.670041417395306,0.9596352144312306,7,2.6666666666666665,0.003997523124673339
MED00030,Antimalarial,Summer,0.8911037860812315,0.6764841233317994,0.8931401949855751,14,2.6923076923076925,0.009399269952599362
MED00030,Antimalarial,Winter,0.976707944295963,0.966405890473999,0.9767961786702183,12,3.8461538461538463,0.00849200451315927
MED00031,Antimalarial,Monsoon,1.1944768015061933,0.6529823714078725,1.2249965097782145,17,2.4761904761904763,0.05335481454876505
MED00031,Antimalarial,Post-Monsoon,0.9601472333978525,1.0548176768896402,0.9596352144312306,11,4.0,0.005379341460571802
MED00031,Antimalarial,Summer,0.9005921939732967,1.622796425984062,0.8931401949855751,17,6.153846153846154,0.010213027273849385
MED00031,Antimalarial,Winter,0.9749158905984627,0.6694035257184255,0.9767961786702183,8,2.5384615384615383,0.006116893340487332
MED00032,Vitamin/Supplement,Monsoon,1.1500628044882482,1.9041176470588235,1.1249502940005276,17,3.9523809523809526,0.032229931591912675
MED00032,Vitamin/Supplement,Post-Monsoon,0.8851920361381025,0.428235294117647,0.8858300297316529,4,0.8888888888888888,0.001394232808850829
MED00032,Vitamin/Supplement,Summer,1.1589723989326184,1.0005882352941176,1.1596329075962475,10,2.076923076923077,0.004152975727312146
MED00032,Vitamin/Supplement,Winter,0.85832595105157,0.6670588235294117,0.8589360481040362,7,1.3846153846153846,0.003179622041223362
MED00033,Antiretroviral (ART Program),Monsoon,0.9921983181502612,1.292817679558011,0.9915768945964315,3,2.142857142857143,0.002062879878330214
MED00033,Antiretroviral (ART Program),Post-Monsoon,1.0112388100165293,2.0110497237569063,1.011149905931759,1,3.3333333333333335,8.891299226713097e-05
MED00033,Antiretroviral (ART Program),Summer,1.02777010959583,0.0,1.02777010959583,0,0.0,0.0
MED00033,Antiretroviral (ART Program),Winter,0.9635991735740339,0.6961325966850829,0.9636334934199424,1,1.1538461538461537,0.00012829805928666284
MED00034,Cardiac/Antihypertensive,Monsoon,0.981385464465779,0.8857974306196323,0.9903529598100503,22,19.047619047619047,0.08576777731132344
MED00034,Cardiac/Antihypertensive,Post-Monsoon,1.00353733027539,0.8784157853644687,1.0044663326779995,10,18.88888888888889,0.007370078293262374
MED00034,Cardiac/Antihypertensive,Summer,1.0196417983133321,0.8871601958975086,1.0213326812273142,13,19.076923076923077,0.012602307468822021
MED00034,Cardiac/Antihypertensive,Winter,0.9888314947035916,1.34862658811839,0.9825186621549787,22,29.0,0.017243091724934875
MED00035,Anesthetic,Monsoon,0.9349350764178244,1.5294117647058822,0.9344489307611785,2,0.3333333333333333,0.0008171025632351466
MED00035,Anesthetic,Post-Monsoon,1.0071009929150054,0.0,1.0071009929150054,0,0.0,0.0
MED00035,Anesthetic,Summer,0.9925732085321588,0.0,0.9925732085321588,0,0.0,0.0
MED00035,Anesthetic,Winter,1.0468669982497967,2.4705882352941173,1.0466668068640645,2,0.5384615384615384,0.00014059159567036877
MED00036,Antidote/Emergency,Monsoon,1.0068462414130053,1.3237271853986552,0.9930545533265984,15,2.5238095238095237,0.04170798169774625
MED00036,Antidote/Emergency,Post-Monsoon,1.0243784502299966,1.2238232468780021,1.0238150023009664,6,2.3333333333333335,0.0028171235151919385
MED00036,Antidote/Emergency,Summer,0.9656597805774361,0.8472622478386168,0.9662623961404448,8,1.6153846153846154,0.005063990016889357
MED00036,Antidote/Emergency,Winter,1.0076850047805692,0.6051873198847262,1.0088480464764162,4,1.1538461538461537,0.0028812356992646343
MED00037,Immunosuppressant,Monsoon,1.0254601348836856,1.501164054012106,1.0214111099906777,6,5.904761904761905,0.008439812498215531
MED00037,Immunosuppressant,Post-Monsoon,0.9704031097596691,1.1299084277510476,0.9703398425356566,2,4.444444444444445,0.00039648922077663713
MED00037,Immunosuppressant,Summer,1.1013146699144567,0.684463759118423,1.1015529727746003,2,2.6923076923076925,0.0005713474535929136
MED00037,Immunosuppressant,Winter,0.9743131125472749,0.684463759118423,0.9745528460213907,3,2.6923076923076925,0.0008264132810897501
MED00038,Antibiotic,Monsoon,1.3202124195279852,1.4363962602700917,1.263927056815394,106,18.571428571428573,0.32635022128675617
MED00038,Antibiotic,Post-Monsoon,0.9217679900019426,0.9453206157333081,0.9207205605390987,34,12.222222222222221,0.04257833791732957
MED00038,Antibiotic,Summer,0.8694545191180331,0.7377467182925678,0.8782090584558729,38,9.538461538461538,0.0623265946421056
MED00038,Antibiotic,Winter,0.9682230182230316,0.8805364057040325,0.974928644427989,55,11.384615384615385,0.07104001659042629
MED00039,Muscle Relaxant,Monsoon,0.9941356482863162,0.787878787878788,0.996180932207009,4,1.0,0.009818832769527814
MED00039,Muscle Relaxant,Post-Monsoon,0.9805575322696495,0.787878787878788,0.9807960832911525,4,1.0,0.0012365455414102245
MED00039,Muscle Relaxant,Summer,0.9907632127568898,1.090909090909091,0.9905125844343986,6,1.3846153846153846,0.002496384897162327
MED00039,Muscle Relaxant,Winter,1.0387692033398501,1.3333333333333335,1.0381346250758048,5,1.6923076923076923,0.002149664772556449
MED00040,Diagnostic/Contrast Agent,Monsoon,0.9918577618351795,0.8623115577889446,0.9926019697110471,4,0.5238095238095238,0.00571191590300975
MED00040,Diagnostic/Contrast Agent,Post-Monsoon,0.9948020460318097,0.7316582914572863,0.9948533998752339,1,0.4444444444444444,0.00019511701312740392
MED00040,Diagnostic/Contrast Agent,Summer,1.0166070696547012,0.88643216080402,1.016709121785541,3,0.5384615384615384,0.0007833474934560875
MED00040,Diagnostic/Contrast Agent,Winter,1.0013012673540904,1.5195979899497487,1.0008949426221183,3,0.9230769230769231,0.0007833474934560875
MED00041,Vaccine/Immunological,Monsoon,1.0190231638909684,0.09582309582309581,1.0196267929349472,1,0.047619047619047616,0.0006534170039219178
MED00041,Vaccine/Immunological,Post-Monsoon,0.9859834821871781,1.117936117936118,0.9859731500821123,1,0.5555555555555556,7.829548875629331e-05
MED00041,Vaccine/Immunological,Summer,1.0392197438982085,0.773955773955774,1.0392774812945849,2,0.38461538461538464,0.00021761278771872565
MED00041,Vaccine/Immunological,Winter,0.9711077839947404,2.0122850122850124,0.9707799584541481,3,1.0,0.0003147613536645853
MED00042,Antitubercular,Monsoon,0.930314771355791,0.7799999999999999,0.9402586206896552,18,2.9047619047619047,0.06204876399829162
MED00042,Antitubercular,Post-Monsoon,0.9425937748784213,0.5967213114754099,0.9444463031114085,9,2.2222222222222223,0.00532756712214244
MED00042,Antitubercular,Summer,1.053635053484285,1.1980327868852458,1.0518157821617116,19,4.461538461538462,0.012442269119199939
MED00042,Antitubercular,Winter,1.1151732853793341,1.4252459016393442,1.1112666712975827,19,5.3076923076923075,0.012442269119199939
MED00043,Antineoplastic (Oncology),Monsoon,1.0122555542249745,1.2301075268817203,1.0094630467147954,6,0.5238095238095238,0.012656140357857563
MED00043,Antineoplastic (Oncology),Post-Monsoon,1.057497028829351,0.7827956989247311,1.0575835901092465,1,0.3333333333333333,0.0003150112602206836
MED00043,Antineoplastic (Oncology),Summer,0.9397641298912236,1.0838709677419354,0.939434604904632,6,0.46153846153846156,0.002281454476686993
MED00043,Antineoplastic (Oncology),Winter,0.9852718388706211,0.9032258064516129,0.9854054518065617,4,0.38461538461538464,0.0016258641098229145
MED00044,Antibiotic,Monsoon,1.258287828233957,1.0989690721649483,1.263927056815394,13,1.9523809523809523,0.03418584795023276
MED00044,Antibiotic,Post-Monsoon,0.920377719464822,0.5628865979381443,0.9207205605390987,2,1.0,0.0009581009912660257
MED00044,Antibiotic,Summer,0.8809018509539458,1.3855670103092783,0.8782090584558729,10,2.4615384615384617,0.005307480622381002
MED00044,Antibiotic,Winter,0.9748594440476287,0.9525773195876288,0.974928644427989,5,1.6923076923076923,0.0030960303630555843
MED00045,General/Other,Monsoon,1.0432323833132937,0.2953846153846154,1.0482755935191403,4,0.38095238095238093,0.00669846013873423
MED00045,General/Other,Post-Monsoon,0.9541600703143551,0.6030769230769232,0.9543854768211951,3,0.7777777777777778,0.0006416197511776776
MED00045,General/Other,Summer,0.960073872127018,2.0279289940828407,0.9576297110882205,9,2.6153846153846154,0.00228362391494734
MED00045,General/Other,Winter,1.0479083685911483,1.0736094674556214,1.0478713613827257,5,1.3846153846153846,0.0014378372797816583
MED00046,Antibiotic,Monsoon,1.2515750301731576,0.9008662175168431,1.263927056815394,15,2.2857142857142856,0.034021919483524905
MED00046,Antibiotic,Post-Monsoon,0.9220767536923239,1.4013474494706448,0.9207205605390987,8,3.5555555555555554,0.0028217171874010483
MED00046,Antibiotic,Summer,0.8774755223163344,0.6973051010587104,0.8782090584558729,8,1.7692307692307692,0.0040548374402233234
MED00046,Antibiotic,Winter,0.975059238201113,1.0004812319538017,0.974928644427989,11,2.5384615384615383,0.0051107846902814814
MED00047,General/Other,Monsoon,1.07660034861462,1.2152270834354024,1.0482755935191403,51,7.571428571428571,0.1696585942999768
MED00047,General/Other,Post-Monsoon,0.9566529046480405,1.1056783107148107,0.9543854768211951,16,6.888888888888889,0.014987014047471338
MED00047,General/Other,Summer,0.9536694323448056,0.8025084513252658,0.9576297110882205,22,5.0,0.02553021261860999
MED00047,General/Other,Winter,1.0434984136332133,0.8765861545245212,1.0478713613827257,22,5.461538461538462,0.02553021261860999
MED00048,General/Other,Monsoon,1.1398480806702442,1.3780479475445666,1.0482755935191403,102,18.476190476190474,0.2776839417656082
MED00048,General/Other,Post-Monsoon,0.943105405911904,0.5220954852810601,0.9543854768211951,20,7.0,0.026093759120129734
MED00048,General/Other,Summer,0.9550502305989569,0.9122327709855884,0.9576297110882205,55,12.23076923076923,0.05682058049357459
MED00048,General/Other,Winter,1.0558567371022312,1.187623796188785,1.0478713613827257,56,15.923076923076923,0.05713943896996951
MED00049,Antineoplastic (Oncology),Monsoon,1.0107460930587147,2.8493150684931505,1.0094630467147954,2,0.19047619047619047,0.000697363879666356
MED00049,Antineoplastic (Oncology),Post-Monsoon,1.0575835901092465,0.0,1.0575835901092465,0,0.0,0.0
MED00049,Antineoplastic (Oncology),Summer,0.939447748455988,1.1506849315068495,0.939434604904632,1,0.07692307692307693,6.221789839251577e-05
MED00049,Antineoplastic (Oncology),Winter,0.9854054518065617,0.0,0.9854054518065617,0,0.0,0.0
MED00050,General/Other,Monsoon,1.02201010082501,0.7308469593973912,1.0482755935191403,21,2.4285714285714284,0.08274456010183454
MED00050,General/Other,Post-Monsoon,0.955284995710001,1.0699981627778798,0.9543854768211951,11,3.5555555555555554,0.0077804514388927805
MED00050,General/Other,Summer,0.9560073667469265,0.8333639537020027,0.9576297110882205,14,2.769230769230769,0.013055441623001953
MED00050,General/Other,Winter,1.0523834904808256,1.3657909241227264,1.0478713613827257,16,4.538461538461538,0.014192675213855782
MED00051,Antineoplastic (Oncology),Monsoon,1.0088448432716328,0.7410926365795725,1.0094630467147954,2,0.09523809523809523,0.0023035454722860832
MED00051,Antineoplastic (Oncology),Post-Monsoon,1.0575555792048685,0.8646080760095012,1.0575835901092465,1,0.1111111111111111,0.0001451526350823656
MED00051,Antineoplastic (Oncology),Summer,0.9395384957472535,1.1971496437054634,0.939434604904632,2,0.15384615384615385,0.00040312293417115266
MED00051,Antineoplastic (Oncology),Winter,0.9854908107464937,1.1971496437054634,0.9854054518065617,2,0.15384615384615385,0.00040312293417115266
MED00052,Antineoplastic (Oncology),Monsoon,1.0052195667764712,0.7003367003367003,1.0094630467147954,7,0.38095238095238093,0.013727331843575337
MED00052,Antineoplastic (Oncology),Post-Monsoon,1.0573252596334117,0.6127946127946127,1.0575835901092465,2,0.3333333333333333,0.0005807933402363653
MED00052,Antineoplastic (Oncology),Summer,0.9404715612555512,1.4141414141414141,0.939434604904632,6,0.7692307692307693,0.002184414317937232
MED00052,Antineoplastic (Oncology),Winter,0.9859459108866652,1.2727272727272725,0.9854054518065617,5,0.6923076923076923,0.0018810234404459502
MED00053,Respiratory,Monsoon,1.3418542650138867,1.577411046456167,1.28905993816121,65,10.095238095238095,0.18309042460371888
MED00053,Respiratory,Post-Monsoon,0.9158839449675775,0.7639034627492131,0.9178075777721271,12,4.888888888888889,0.012498904296763574
MED00053,Respiratory,Summer,0.8936672776156936,0.9375178861013068,0.8925143853654622,22,6.0,0.025617834865746168
MED00053,Respiratory,Winter,0.9647313015217388,0.7211676046933129,0.9712906065871663,23,4.615384615384615,0.02622431769874205
MED00054,Respiratory,Monsoon,1.2865921719359898,1.2751525010166733,1.28905993816121,60,9.571428571428571,0.1774421987008338
MED00054,Respiratory,Post-Monsoon,0.9211236344678797,1.0954046360309069,0.9178075777721271,24,8.222222222222221,0.018671799681054965
MED00054,Respiratory,Summer,0.8845999880507776,0.5636437576250508,0.8925143853654622,20,4.230769230769231,0.0240653820897978
MED00054,Respiratory,Winter,0.9740388195394399,1.0657991053273688,0.9712906065871663,29,8.0,0.02907900335850568
MED00055,Anesthetic,Monsoon,0.9348790729976982,0.9792075323656335,0.9344489307611785,6,0.7619047619047619,0.009610269782800312
MED00055,Anesthetic,Post-Monsoon,1.007162421807799,1.1424087877599058,1.0071009929150054,2,0.8888888888888888,0.000453993747100528
MED00055,Anesthetic,Summer,0.9924759534492477,0.8897606904668497,0.9925732085321588,3,0.6923076923076923,0.0009459459289710862
MED00055,Anesthetic,Winter,1.0466119005512398,0.9886229894076108,1.0466668068640645,3,0.7692307692307693,0.0009459459289710862
MED00056,Opioid Analgesic,Monsoon,0.9895525526301001,1.1901408450704225,0.9886450874732413,4,0.6190476190476191,0.004503643985760631
MED00056,Opioid Analgesic,Post-Monsoon,0.993012133007578,0.0,0.993012133007578,0,0.0,0.0
MED00056,Opioid Analgesic,Summer,1.008680954283624,1.6267605633802815,1.0083018212687143,3,0.8461538461538461,0.0006130287909185999
MED00056,Opioid Analgesic,Winter,1.027329127298481,1.1830985915492958,1.0272630807223337,2,0.6153846153846154,0.00042382237396841474
MED00057,Opioid Analgesic,Monsoon,0.9878786218314646,0.5028203062046737,0.9886450874732413,2,0.19047619047619047,0.0015776585948855742
MED00057,Opioid Analgesic,Post-Monsoon,0.9930587948616119,1.4665592264302982,0.993012133007578,1,0.5555555555555556,9.85368819320562e-05
MED00057,Opioid Analgesic,Summer,1.0082162101603718,0.40612409347300565,1.0083018212687143,1,0.15384615384615385,0.00014216917097866218
MED00057,Opioid Analgesic,Winter,1.0274266075531813,1.6244963738920226,1.0272630807223337,2,0.6153846153846154,0.00027380729225520126
MED00058,General/Other,Monsoon,1.047949117645168,1.0196078431372548,1.0482755935191403,7,1.0,0.011388262756001218
MED00058,General/Other,Post-Monsoon,0.9544434158310071,1.0196078431372548,0.9543854768211951,4,1.0,0.0008883303854876671
MED00058,General/Other,Summer,0.9570676972628787,0.39215686274509803,0.9576297110882205,3,0.38461538461538464,0.0009938829547493663
MED00058,General/Other,Winter,1.0489280680265016,1.5686274509803921,1.0478713613827257,7,1.5384615384615385,0.002029177699279956
MED00059,Dermatological,Monsoon,1.1992295845346441,1.270910900578759,1.1814605802712945,64,10.523809523809524,0.19864662532535082
MED00059,Dermatological,Post-Monsoon,0.9459770467208816,0.89903048623143,0.9468940564751761,20,7.444444444444445,0.019158824751780913
MED00059,Dermatological,Summer,0.9162111330876842,0.6781435470195746,0.9230417093717971,21,5.615384615384615,0.027891496687871484
MED00059,Dermatological,Winter,1.040312537713004,1.1519150661702362,1.0360424763355514,38,9.538461538461538,0.036851350121239114
MED00060,Vitamin/Supplement,Monsoon,1.1103006176549497,0.9716204506065858,1.1249502940005276,39,5.476190476190476,0.0955435420874939
MED00060,Vitamin/Supplement,Post-Monsoon,0.8850529539675895,0.7491334488734835,0.8858300297316529,9,4.222222222222222,0.00568467593838092
MED00060,Vitamin/Supplement,Summer,1.1637580595170633,1.4057625649913343,1.1596329075962475,30,7.923076923076923,0.016760076637957276
MED00060,Vitamin/Supplement,Winter,0.8591169758015419,0.8734835355285961,0.8589360481040362,17,4.923076923076923,0.012437040997214327
MED00061,Antineoplastic (Oncology),Monsoon,1.0030709564363018,0.8010269576379975,1.0094630467147954,11,0.7619047619047619,0.030666907572509467
MED00061,Antineoplastic (Oncology),Post-Monsoon,1.060777124716888,1.9858793324775355,1.0575835901092465,9,1.8888888888888888,0.0034402124903580534
MED00061,Antineoplastic (Oncology),Summer,0.9382405541448527,0.6469833119383827,0.939434604904632,7,0.6153846153846154,0.004082904704124994
MED00061,Antineoplastic (Oncology),Winter,0.9845669497259952,0.5661103979460848,0.9854054518065617,3,0.5384615384615384,0.001999790059163262
MED00062,Vitamin/Supplement,Monsoon,1.149405793072983,1.2333022388059702,1.1249502940005276,111,16.142857142857142,0.22570429276897616
MED00062,Vitamin/Supplement,Post-Monsoon,0.8799193767797162,0.56875,0.8858300297316529,19,7.444444444444445,0.018640886835222616
MED00062,Vitamin/Supplement,Summer,1.1661816379058998,1.3105410447761194,1.1596329075962475,61,17.153846153846153,0.04339547510182693
MED00062,Vitamin/Supplement,Winter,0.8600467929615682,0.8874067164179105,0.8589360481040362,44,11.615384615384615,0.039013655924284414
MED00063,Antineoplastic (Oncology),Monsoon,1.0091761362391087,0.8082901554404145,1.0094630467147954,2,0.09523809523809523,0.0014261885578579253
MED00063,Antineoplastic (Oncology),Post-Monsoon,1.0577254497747164,1.8860103626943006,1.0575835901092465,2,0.2222222222222222,0.00017123983695891884
MED00063,Antineoplastic (Oncology),Summer,0.939434604904632,0.0,0.939434604904632,0,0.0,0.0
MED00063,Antineoplastic (Oncology),Winter,0.9854465449090193,1.3056994818652852,0.9854054518065617,1,0.15384615384615385,0.0001282980592866628
MED00064,Neuro/Psychiatric,Monsoon,1.0932961799639012,1.3187144291931705,1.0563104535157373,39,33.666666666666664,0.14094956584663004
MED00064,Neuro/Psychiatric,Post-Monsoon,0.9801725517528638,0.5179109474389019,0.984048218776047,8,13.222222222222221,0.008314432810887618
MED00064,Neuro/Psychiatric,Summer,0.9486205907319709,0.9792433880147305,0.9479820344320362,18,25.0,0.020426380394744502
MED00064,Neuro/Psychiatric,Winter,1.0255564177348089,1.1841312353531972,1.0220411260830145,20,30.23076923076923,0.021687268073432433
MED00065,Endocrine/Metabolic,Monsoon,1.0447171965806228,0.9811675402132658,1.0749383117745586,69,58.0,0.32228715505643263
MED00065,Endocrine/Metabolic,Post-Monsoon,0.975422417062305,1.1033435749141516,0.9687842370835434,35,65.22222222222223,0.049332733690457
MED00065,Endocrine/Metabolic,Summer,1.0049764657365245,0.9421290439183083,1.0100777503294407,44,55.69230769230769,0.07507552185099989
MED00065,Endocrine/Metabolic,Winter,0.9686050850682708,0.9733598409542744,0.9682191446073478,44,57.53846153846154,0.07507552185099989
MED00066,Antineoplastic (Oncology),Monsoon,1.0243320298487604,1.7946902654867258,1.0094630467147954,10,0.6190476190476191,0.01893589877999862
MED00066,Antineoplastic (Oncology),Post-Monsoon,1.0573292170900697,0.6442477876106194,1.0575835901092465,2,0.2222222222222222,0.0006154149184251574
MED00066,Antineoplastic (Oncology),Summer,0.9389976041229081,0.4460176991150443,0.939434604904632,2,0.15384615384615385,0.0008856623609696792
MED00066,Antineoplastic (Oncology),Winter,0.9856192474932713,1.1150442477876108,0.9854054518065617,4,0.38461538461538464,0.001649164396288368
MED00067,General/Other,Monsoon,1.0396629194635907,0.7935644150005915,1.0482755935191403,12,2.0476190476190474,0.03381349065888192
MED00067,General/Other,Post-Monsoon,0.9548752496043482,1.1196025079853307,0.9543854768211951,7,2.888888888888889,0.002964420675653885
MED00067,General/Other,Summer,0.9557108519959525,0.506802318703419,0.9576297110882205,7,1.3076923076923077,0.004256305461204502
MED00067,General/Other,Winter,1.0515883385271372,1.580030758310659,1.0478713613827257,14,4.076923076923077,0.006984706397874054
MED00068,Antibiotic,Monsoon,1.286121133139885,1.5963615690733373,1.263927056815394,29,5.142857142857143,0.06676225092799701
MED00068,Antibiotic,Post-Monsoon,0.9204239955817555,0.8277430358158043,0.9207205605390987,6,2.6666666666666665,0.0031896413485491344
MED00068,Antibiotic,Summer,0.8787641722885232,0.9550881182490052,0.8782090584558729,11,3.076923076923077,0.007220611622254999
MED00068,Antibiotic,Winter,0.9728999717438209,0.6208072768618533,0.974928644427989,8,2.0,0.005728749716830413
MED00069,Antibiotic,Monsoon,1.2637887550334643,1.2591059602649006,1.263927056815394,14,1.8571428571428572,0.028686789505497624
MED00069,Antibiotic,Post-Monsoon,0.9203747501072831,0.6026490066225165,0.9207205605390987,3,0.8888888888888888,0.001087209552559484
MED00069,Antibiotic,Summer,0.8778960279260429,0.6779801324503311,0.8782090584558729,3,1.0,0.0015633631767139795
MED00069,Antibiotic,Winter,0.9768032201288994,1.4602649006622515,0.974928644427989,9,2.1538461538461537,0.0038624266718815968
MED00070,Antibiotic,Monsoon,1.232985073014194,1.172250139586823,1.263927056815394,106,15.380952380952381,0.3375111722403865
MED00070,Antibiotic,Post-Monsoon,0.928611924016111,1.0924064768285875,0.9207205605390987,36,14.333333333333334,0.04596395352374918
MED00070,Antibiotic,Summer,0.8763840110431007,0.8500837520938024,0.8782090584558729,37,11.153846153846153,0.06488986783921578
MED00070,Antibiotic,Winter,0.9687111868612679,0.8852596314907872,0.974928644427989,44,11.615384615384615,0.06933786113019219
MED00071,Antibiotic,Monsoon,1.2728835956926392,1.502030991424703,1.263927056815394,20,3.0476190476190474,0.037616089343258496
MED00071,Antibiotic,Post-Monsoon,0.9201477867910206,0.6023770121859486,0.9207205605390987,5,1.2222222222222223,0.0017992315253162268
MED00071,Antibiotic,Summer,0.877848703249717,0.7582367985557396,0.8782090584558729,6,1.5384615384615385,0.0030036543985745593
MED00071,Antibiotic,Winter,0.975595882818241,1.1373551978336092,0.974928644427989,9,2.3076923076923075,0.004107939103932853
MED00072,Antibiotic,Monsoon,1.2685914114487082,1.382608695652174,1.263927056815394,15,2.5238095238095237,0.039301400612852734
MED00072,Antibiotic,Post-Monsoon,0.920820560644454,0.9739130434782608,0.9207205605390987,4,1.7777777777777777,0.0018799668642956874
MED00072,Antibiotic,Summer,0.8768566397994836,0.4635451505016722,0.8782090584558729,5,0.8461538461538461,0.0032614814804154376
MED00072,Antibiotic,Winter,0.9761544445879423,1.179933110367893,0.974928644427989,11,2.1538461538461537,0.005979382714094968
MED00073,Antibiotic,Monsoon,1.2582220541571192,1.1695966907962774,1.263927056815394,25,4.142857142857143,0.06047896238543949
MED00073,Antibiotic,Post-Monsoon,0.9198046827972559,0.6587383660806619,0.9207205605390987,7,2.3333333333333335,0.003495954157251282
MED00073,Antibiotic,Summer,0.8815457206313254,1.2378490175801449,0.8782090584558729,17,4.384615384615385,0.009277784881238692
MED00073,Antibiotic,Winter,0.9745752561546507,0.9338159255429163,0.974928644427989,15,3.3076923076923075,0.00859559481644173
MED00074,Antibiotic,Monsoon,1.2804184719164262,1.486563750714694,1.263927056815394,28,4.761904761904762,0.07407321233619955
MED00074,Antibiotic,Post-Monsoon,0.9203165784163749,0.8324757004002286,0.9207205605390987,8,2.6666666666666665,0.004577967737588562
MED00074,Antibiotic,Summer,0.8790310203194913,0.9845626072041166,0.8782090584558729,10,3.1538461538461537,0.007728579565916676
MED00074,Antibiotic,Winter,0.9718790616062033,0.6963979416809606,0.974928644427989,17,2.230769230769231,0.010948821051715291
MED00075,Antihistamine/Allergy,Monsoon,1.3342273377630398,1.4691627426208798,1.325385043961551,29,3.9047619047619047,0.06149975889125837
MED00075,Antihistamine/Allergy,Post-Monsoon,0.8721654825972094,0.7943034340186058,0.8723927203348424,6,2.111111111111111,0.0029099732927858335
MED00075,Antihistamine/Allergy,Summer,0.8622754039681557,0.9550936028482829,0.8616997544522642,10,2.5384615384615383,0.006163677006333684
MED00075,Antihistamine/Allergy,Winter,1.0167450456456553,0.7814402205122316,1.017982109234,8,2.076923076923077,0.00522978655082858
MED00076,Antineoplastic (Oncology),Monsoon,1.0094144542250267,0.9659442724458204,1.0094630467147954,2,0.09523809523809523,0.0011165868199373493
MED00076,Antineoplastic (Oncology),Post-Monsoon,1.0576665542427912,2.2538699690402475,1.0575835901092465,1,0.2222222222222222,6.935139863324038e-05
MED00076,Antineoplastic (Oncology),Summer,0.939434604904632,0.0,0.939434604904632,0,0.0,0.0
MED00076,Antineoplastic (Oncology),Winter,0.985384910540892,0.7801857585139319,0.9854054518065617,1,0.07692307692307693,0.00010009402772301255
MED00077,Antiseptic/Disinfectant,Monsoon,1.3761155325244177,1.657718120805369,1.3436709448398476,40,6.333333333333333,0.10331119069872534
MED00077,Antiseptic/Disinfectant,Post-Monsoon,0.9015145866480622,0.6107382550335572,0.9031634141714151,8,2.3333333333333335,0.005638459865129435
MED00077,Antiseptic/Disinfectant,Summer,0.8837764398509245,0.7046979865771813,0.8856146181435395,11,2.6923076923076925,0.010160361027619651
MED00077,Antiseptic/Disinfectant,Winter,0.9486406136771564,1.0268456375838926,0.9476531198860934,15,3.923076923076923,0.0124695339884423
MED00078,Antimalarial,Monsoon,1.2219081456326508,1.172837510105093,1.2249965097782145,26,4.428571428571429,0.05921057084910338
MED00078,Antimalarial,Post-Monsoon,0.9607711440737292,1.1770412287793048,0.9596352144312306,13,4.444444444444445,0.005224922805861418
MED00078,Antimalarial,Summer,0.890884782639317,0.4685529506871463,0.8931401949855751,8,1.7692307692307692,0.005312011551324002
MED00078,Antimalarial,Winter,0.9784068882578193,1.181568310428456,0.9767961786702183,14,4.461538461538462,0.00786586325869131
MED00079,Endocrine/Metabolic,Monsoon,1.0703132841119385,1.0415430267062316,1.0749383117745586,36,30.0,0.13849343262551045
MED00079,Endocrine/Metabolic,Post-Monsoon,0.964467472605833,0.5362017804154303,0.9687842370835434,10,15.444444444444445,0.009979055810444962
MED00079,Endocrine/Metabolic,Summer,1.0218318441131424,1.4741839762611277,1.0100777503294407,26,42.46153846153846,0.025326300590141064
MED00079,Endocrine/Metabolic,Winter,0.9677742916755891,0.9480712166172107,0.9682191446073478,20,27.307692307692307,0.022079338976020414
MED00080,Antibiotic,Monsoon,1.2794710107793599,1.4858732876712328,1.263927056815394,30,4.238095238095238,0.07003477330535166
MED00080,Antibiotic,Post-Monsoon,0.9206622319762077,0.8959760273972602,0.9207205605390987,4,2.5555555555555554,0.0023572302842273323
MED00080,Antibiotic,Summer,0.8758150769247892,0.4315068493150685,0.8782090584558729,7,1.2307692307692308,0.005359233695504627
MED00080,Antibiotic,Winter,0.9767906032980892,1.1866438356164384,0.974928644427989,14,3.3846153846153846,0.008794639910571694
MED00081,Antineoplastic (Oncology),Monsoon,1.0092049379392316,0.9765258215962441,1.0094630467147954,5,0.38095238095238093,0.007836384960626162
MED00081,Antineoplastic (Oncology),Post-Monsoon,1.05749647833019,0.8544600938967135,1.0575835901092465,2,0.3333333333333333,0.00042886116417278984
MED00081,Antineoplastic (Oncology),Summer,0.9404646732373675,1.5774647887323945,0.939434604904632,6,0.6153846153846154,0.0016144507875093374
MED00081,Antineoplastic (Oncology),Winter,0.9851620974507665,0.5915492957746479,0.9854054518065617,2,0.23076923076923078,0.0006178762273183883
MED00082,Antibiotic,Monsoon,1.244175441121075,1.0284040042321152,1.263927056815394,21,3.857142857142857,0.08386277044933828
MED00082,Antibiotic,Post-Monsoon,0.9202651706110716,0.8591193944819728,0.9207205605390987,10,3.2222222222222223,0.0073925536994676605
MED00082,Antibiotic,Summer,0.8792364674037336,0.9639456335964841,0.8782090584558729,12,3.6153846153846154,0.011983321542477336
MED00082,Antibiotic,Winter,0.9773340288350524,1.1485309676894278,0.974928644427989,15,4.3076923076923075,0.013855715533489419
MED00083,Antibiotic,Monsoon,1.2819249724949209,1.5420750253464008,1.263927056815394,32,5.571428571428571,0.06470626326907966
MED00083,Antibiotic,Post-Monsoon,0.9217253964304518,1.1378844204123015,0.9207205605390987,11,4.111111111111111,0.004627086164059945
MED00083,Antibiotic,Summer,0.876458078419433,0.5961473470767151,0.8782090584558729,10,2.1538461538461537,0.00620779058553675
MED00083,Antibiotic,Winter,0.9730626949070512,0.7238932071645827,0.974928644427989,13,2.6153846153846154,0.007433012411629529
MED00084,Antiepileptic,Monsoon,0.9496240961397248,0.9442070872078411,0.9517495317344056,48,41.285714285714285,0.2817966492421632
MED00084,Antiepileptic,Post-Monsoon,1.038547216065844,1.1663734606685097,1.0331294240976752,25,51.0,0.04066067125854893
MED00084,Antiepileptic,Summer,0.9790525547826898,0.8585071626036692,0.9867321924807986,28,37.53846153846154,0.05989187684703739
MED00084,Antiepileptic,Winter,1.0129027917383524,1.0309122895199798,1.0116968991089281,31,45.07692307692308,0.06275660309928725
MED00085,General/Other,Monsoon,1.053881209435202,1.175237471339666,1.0482755935191403,16,2.1904761904761907,0.044151961299640295
MED00085,General/Other,Post-Monsoon,0.9548973092024112,1.1326564035375042,0.9543854768211951,6,2.111111111111111,0.002871092839667604
MED00085,General/Other,Summer,0.9581671241322027,1.0730429086144775,0.9576297110882205,7,2.0,0.004656426262342886
MED00085,General/Other,Winter,1.0461046839937787,0.6190632165083524,1.0478713613827257,6,1.1538461538461537,0.004119971623824121
MED00086,Reproductive/Hormonal Health,Monsoon,0.9349471867187831,0.23318385650224213,0.9352025712768621,1,0.047619047619047616,0.00036378596852794034
MED00086,Reproductive/Hormonal Health,Post-Monsoon,0.9421443866252646,0.0,0.9421443866252646,0,0.0,0.0
MED00086,Reproductive/Hormonal Health,Summer,1.0180989003003194,2.260089686098655,1.018021257190964,1,0.46153846153846156,6.25111367042006e-05
MED00086,Reproductive/Hormonal Health,Winter,1.1572671811051474,1.5067264573991033,1.1572453346429072,1,0.3076923076923077,6.25111367042006e-05
MED00087,General/Other,Monsoon,1.047014805330492,0.981132075471698,1.0482755935191403,9,1.6666666666666667,0.018777511594754295
MED00087,General/Other,Post-Monsoon,0.9554493457406888,1.5698113207547166,0.9543854768211951,6,2.6666666666666665,0.0017286711794452909
MED00087,General/Other,Summer,0.9564139564269584,0.27169811320754716,0.9576297110882205,4,0.46153846153846156,0.0017724138456639616
MED00087,General/Other,Winter,1.0481934084135673,1.1773584905660377,1.0478713613827257,6,2.0,0.0024870968479478173
MED00088,Antiepileptic,Monsoon,0.9388130305175953,0.8517395517489295,0.9517495317344056,27,24.952380952380953,0.12935210284702506
MED00088,Antiepileptic,Post-Monsoon,1.0345527049652439,1.1264418117595574,1.0331294240976752,17,33.0,0.015252860881943633
MED00088,Antiepileptic,Summer,0.9895751429453375,1.0975586883811073,0.9867321924807986,23,32.15384615384615,0.02565226340004742
MED00088,Antiepileptic,Winter,1.0096164764326048,0.9242599481104061,1.0116968991089281,20,27.076923076923077,0.02379340373337732
MED00089,Cardiac/Antihypertensive,Monsoon,0.9657578971387095,0.7033559542623409,0.9903529598100503,18,13.857142857142858,0.0856979766196626
MED00089,Cardiac/Antihypertensive,Post-Monsoon,1.00884110059848,1.4381333085432741,1.0044663326779995,13,28.333333333333332,0.010087851194460542
MED00089,Cardiac/Antihypertensive,Summer,1.0223202926534338,1.0815283071488333,1.0213326812273142,16,21.307692307692307,0.01640669751332368
MED00089,Cardiac/Antihypertensive,Winter,0.9798782992634862,0.7769824300455518,0.9825186621549787,11,15.307692307692308,0.012846216282133647
MED00090,Antifungal,Monsoon,1.2550096264672146,1.381976322783281,1.2405246412709259,31,5.238095238095238,0.10240235422739366
MED00090,Antifungal,Post-Monsoon,0.9501965344608109,0.7914955303213337,0.9513001862525761,9,3.0,0.006906255548900276
MED00090,Antifungal,Summer,0.8501427378443397,0.6900217443827011,0.8516020133711154,8,2.6153846153846154,0.009031273037924675
MED00090,Antifungal,Winter,1.0461026307756318,1.1365064025126843,1.04471856187911,17,4.3076923076923075,0.015079000518677806
MED00091,Antibiotic,Monsoon,1.2926826250959345,2.137311615162125,1.263927056815394,20,4.285714285714286,0.0329242920609602
MED00091,Antibiotic,Post-Monsoon,0.9207641064811531,0.942000304460344,0.9207205605390987,7,1.8888888888888888,0.0020463564888552515
MED00091,Antibiotic,Summer,0.8776065940405963,0.46034404018876546,0.8782090584558729,3,0.9230769230769231,0.0014417680086625008
MED00091,Antibiotic,Winter,0.9741867328078466,0.46034404018876546,0.974928644427989,3,0.9230769230769231,0.0014417680086625008
MED00092,General/Other,Monsoon,1.0451126388221628,0.7677852348993289,1.0482755935191403,7,1.0476190476190477,0.011276518424880285
MED00092,General/Other,Post-Monsoon,0.9544010451428488,0.9771812080536912,0.9543854768211951,3,1.3333333333333333,0.000682948991414114
MED00092,General/Other,Summer,0.9583323189171037,1.353020134228188,0.9576297110882205,6,1.8461538461538463,0.0017769975896317848
MED00092,General/Other,Winter,1.0476866518341519,0.9020134228187919,1.0478713613827257,4,1.2307692307692308,0.0012663660983582834
MED00093,Blood Product/Coagulation,Monsoon,0.9716411071291139,0.48372093023255813,0.9718336842204087,1,0.09523809523809523,0.0003945340287085933
MED00093,Blood Product/Coagulation,Post-Monsoon,1.0089168151188908,0.0,1.0089168151188908,0,0.0,0.0
MED00093,Blood Product/Coagulation,Summer,0.9923582224307893,0.0,0.9923582224307893,0,0.0,0.0
MED00093,Blood Product/Coagulation,Winter,1.0144522244930296,3.516279069767442,1.0141253057109363,2,0.6923076923076923,0.00013065495286078717
MED00094,Blood Product/Coagulation,Monsoon,0.9710227662336187,0.7120331950207469,0.9718336842204087,4,0.5238095238095238,0.003121310468999075
MED00094,Blood Product/Coagulation,Post-Monsoon,1.0089693781383593,1.5103734439834025,1.0089168151188908,1,1.1111111111111112,0.0001048206693122507
MED00094,Blood Product/Coagulation,Summer,0.992644967363642,1.6730290456431536,0.9923582224307893,3,1.2307692307692308,0.0004212681417715714
MED00094,Blood Product/Coagulation,Winter,1.0139877578402874,0.1045643153526971,1.0141253057109363,1,0.07692307692307693,0.00015122446114876922
MED00095,General/Other,Monsoon,1.060110379764995,1.2203938494739681,1.0482755935191403,28,4.142857142857143,0.06875962215745744
MED00095,General/Other,Post-Monsoon,0.953744517903281,0.785540868626922,0.9543854768211951,7,2.6666666666666665,0.0037961467930123813
MED00095,General/Other,Summer,0.9588427501340436,1.087671971944969,0.9576297110882205,15,3.6923076923076925,0.009328037192150869
MED00095,General/Other,Winter,1.0466674131137583,0.9063933099541408,1.0478713613827257,13,3.076923076923077,0.008509788315646407
MED00096,Endocrine/Metabolic,Monsoon,1.0894617246315847,1.3660565236491433,1.0749383117745586,16,14.238095238095237,0.04988836927619926
MED00096,Endocrine/Metabolic,Post-Monsoon,0.9678324247586291,0.21320837604334458,0.9687842370835434,2,2.2222222222222223,0.001259717751708008
MED00096,Endocrine/Metabolic,Summer,1.0102272337738518,1.0332405915946699,1.0100777503294407,9,10.76923076923077,0.006453588430689721
MED00096,Endocrine/Metabolic,Winter,0.971342541703058,1.3874945087128423,0.9682191446073478,11,14.461538461538462,0.007449512571228258
MED00097,Reproductive/Hormonal Health,Monsoon,0.935349525740902,0.9659442724458204,0.9352025712768621,4,0.47619047619047616,0.004780297070489734
MED00097,Reproductive/Hormonal Health,Post-Monsoon,0.9420280641900668,0.22538699690402475,0.9421443866252646,1,0.1111111111111111,0.0001622898303748906
MED00097,Reproductive/Hormonal Health,Summer,1.0178560798286362,0.31207430340557274,1.018021257190964,1,0.15384615384615385,0.0002339798499618652
MED00097,Reproductive/Hormonal Health,Winter,1.1583691826695377,2.496594427244582,1.1572453346429072,4,1.2307692307692308,0.0008391001515873786
MED00098,General/Other,Monsoon,1.0750869987863867,1.2319273773939996,1.0482755935191403,62,10.19047619047619,0.1459904428998937
MED00098,General/Other,Post-Monsoon,0.9497241493133056,0.5641536588065981,0.9543854768211951,17,4.666666666666667,0.011945021632539396
MED00098,General/Other,Summer,0.9599168205327145,1.0508136831617403,0.9576297110882205,35,8.692307692307692,0.024544021826946635
MED00098,General/Other,Winter,1.0503906076635308,1.1531052806376618,1.0478713613827257,33,9.538461538461538,0.02393948926963268
MED00099,Blood Product/Coagulation,Monsoon,0.971571959359373,0.3203285420944558,0.9718336842204087,1,0.09523809523809523,0.0004017234003428578
MED00099,Blood Product/Coagulation,Post-Monsoon,1.0089579552874353,1.8685831622176592,1.0089168151188908,1,0.5555555555555556,4.785597189355929e-05
MED00099,Blood Product/Coagulation,Summer,0.9923582224307893,0.0,0.9923582224307893,0,0.0,0.0
MED00099,Blood Product/Coagulation,Winter,1.0142313469069075,1.8110882956878849,1.0141253057109363,2,0.5384615384615384,0.0001330566127973478
MED00100,Antineoplastic (Oncology),Monsoon,1.0093658834808454,0.8082901554404145,1.0094630467147954,1,0.047619047619047616,0.0004829837327203184
MED00100,Antineoplastic (Oncology),Post-Monsoon,1.0576313444877739,1.8860103626943006,1.0575835901092465,1,0.1111111111111111,5.764465865628036e-05
MED00100,Antineoplastic (Oncology),Summer,0.939434604904632,0.0,0.939434604904632,0,0.0,0.0
MED00100,Antineoplastic (Oncology),Winter,0.9854321031781464,1.3056994818652852,0.9854054518065617,1,0.07692307692307693,8.320908004377301e-05
MED00101,General/Other,Monsoon,1.090350735021376,1.4085778781038376,1.0482755935191403,39,6.476190476190476,0.11677733753682301
MED00101,General/Other,Post-Monsoon,0.9522767367592785,0.7008365422918604,0.9543854768211951,11,3.2222222222222223,0.008316895773319403
MED00101,General/Other,Summer,0.9570017866098673,0.9201965210463419,0.9576297110882205,19,4.230769230769231,0.016774538254705307
MED00101,General/Other,Winter,1.0464624716878688,0.9703890585579605,1.0478713613827257,22,4.461538461538462,0.018183374054372606
MED00102,Immunosuppressant,Monsoon,1.0195227843763421,0.3736526946107784,1.0214111099906777,2,1.3333333333333333,0.0029151695593612782
MED00102,Immunosuppressant,Post-Monsoon,0.9702409343968496,0.4359281437125748,0.9703398425356566,1,1.5555555555555556,0.0001850785434243197
MED00102,Immunosuppressant,Summer,1.1030207287222709,2.37125748502994,1.1015529727746003,5,8.461538461538462,0.001155982304153112
MED00102,Immunosuppressant,Winter,0.9744373699515215,0.8191616766467065,0.9745528460213907,3,2.923076923076923,0.0007431314812412864
MED00103,General/Other,Monsoon,1.0322355937980046,0.7596677169865367,1.0482755935191403,20,2.4285714285714284,0.055577137789320635
MED00103,General/Other,Post-Monsoon,0.9552310629451104,1.1469492981953593,0.9543854768211951,9,3.6666666666666665,0.004391199332673645
MED00103,General/Other,Summer,0.9588346820081389,1.0827843024921227,0.9576297110882205,17,3.4615384615384617,0.009627860283845094
MED00103,General/Other,Winter,1.047538891717713,1.0105986823259812,1.0478713613827257,15,3.230769230769231,0.008919929380621191
MED00104,General/Other,Monsoon,1.0620429667560933,1.1209512693317771,1.0482755935191403,55,9.380952380952381,0.1894357786564822
MED00104,General/Other,Post-Monsoon,0.9556072965986425,1.0223227312518237,0.9543854768211951,18,8.555555555555555,0.01798453275286564
MED00104,General/Other,Summer,0.9499408556119525,0.7261453166034432,0.9576297110882205,30,6.076923076923077,0.03321543766862265
MED00104,General/Other,Winter,1.050809367298207,1.1305806828129559,1.0478713613827257,35,9.461538461538462,0.03552206528449922
MED00105,General/Other,Monsoon,1.0049524308646427,0.9025688498032862,1.0482755935191403,83,11.904761904761905,0.29733121164922266
MED00105,General/Other,Post-Monsoon,0.9519621936989414,0.8929414487387178,0.9543854768211951,33,11.777777777777779,0.039438871406687365
MED00105,General/Other,Summer,0.9761370740217389,1.2363804674843784,0.9576297110882205,54,16.307692307692307,0.06639394695387256
MED00105,General/Other,Winter,1.0427771504355825,0.9681092339736171,1.0478713613827257,48,12.76923076923077,0.06386754105760648
MED00106,Antineoplastic (Oncology),Monsoon,1.0094630467147954,0.0,1.0094630467147954,0,0.0,0.0
MED00106,Antineoplastic (Oncology),Post-Monsoon,1.0577388231006921,2.3636363636363633,1.0575835901092465,2,0.4444444444444444,0.00011885659951268792
MED00106,Antineoplastic (Oncology),Summer,0.9393873624588976,0.4090909090909091,0.939434604904632,1,0.07692307692307693,8.907892392659895e-05
MED00106,Antineoplastic (Oncology),Winter,0.9854269970831933,1.2272727272727273,0.9854054518065617,1,0.23076923076923078,8.907892392659895e-05
MED00107,General/Other,Monsoon,1.0502403113577077,1.0572737686139748,1.0482755935191403,61,10.142857142857142,0.21834625553075745
MED00107,General/Other,Post-Monsoon,0.9595343429944311,1.1466208476517756,0.9543854768211951,29,11.0,0.026784176871246564
MED00107,General/Other,Summer,0.9514830726518306,0.8098510882016037,0.9576297110882205,36,7.769230769230769,0.04159355606599342
MED00107,General/Other,Winter,1.0451021380259924,0.9862542955326461,1.0478713613827257,44,9.461538461538462,0.04494247362364184
MED00108,General/Other,Monsoon,1.0319293458931507,0.6203057347353539,1.0482755935191403,13,2.142857142857143,0.03819485716223736
MED00108,General/Other,Post-Monsoon,0.955869056059859,1.2865600424140675,0.9543854768211951,11,4.444444444444445,0.004466263803238301
MED00108,General/Other,Summer,0.9590299786159333,1.1356366528231865,0.9576297110882205,15,3.923076923076923,0.007866364727492667
MED00108,General/Other,Winter,1.0472565175300923,0.9574975700273924,1.0478713613827257,12,3.3076923076923075,0.0068033424670206856
MED00109,Antiretroviral (ART Program),Monsoon,0.9915768945964315,0.0,0.9915768945964315,0,0.0,0.0
MED00109,Antiretroviral (ART Program),Post-Monsoon,1.011149905931759,0.0,1.011149905931759,0,0.0,0.0
MED00109,Antiretroviral (ART Program),Summer,1.0280816210482924,4.0,1.02777010959583,2,2.230769230769231,0.00010480732108511162
MED00109,Antiretroviral (ART Program),Winter,0.9636334934199424,0.0,0.9636334934199424,0,0.0,0.0
MED00110,Antiretroviral (ART Program),Monsoon,0.9915768945964315,0.0,0.9915768945964315,0,0.0,0.0
MED00110,Antiretroviral (ART Program),Post-Monsoon,1.011236058147234,4.0,1.011149905931759,1,1.1111111111111112,2.882453544457042e-05
MED00110,Antiretroviral (ART Program),Summer,1.02777010959583,0.0,1.02777010959583,0,0.0,0.0
MED00110,Antiretroviral (ART Program),Winter,0.9636334934199424,0.0,0.9636334934199424,0,0.0,0.0
MED00111,Antineoplastic (Oncology),Monsoon,1.0200969006920875,1.2865979381443298,1.0094630467147954,14,0.9523809523809523,0.03837067906693322
MED00111,Antineoplastic (Oncology),Post-Monsoon,1.057567659789562,1.050721649484536,1.0575835901092465,5,0.7777777777777778,0.002321547293369659
MED00111,Antineoplastic (Oncology),Summer,0.9404218550175661,1.1430927835051545,0.939434604904632,8,0.8461538461538461,0.004847583925763014
MED00111,Antineoplastic (Oncology),Winter,0.9844074562347258,0.5195876288659794,0.9854054518065617,3,0.38461538461538464,0.0021424589671899036
MED00112,General/Other,Monsoon,1.0493090026384269,1.0655520440411868,1.0482755935191403,19,3.1904761904761907,0.0598160552694395
MED00112,General/Other,Post-Monsoon,0.9532683278112045,0.5195228871444592,0.9543854768211951,4,1.5555555555555556,0.002568970144847532
MED00112,General/Other,Summer,0.9597916664487239,1.207462534407177,0.9576297110882205,12,3.6153846153846154,0.008653608167984082
MED00112,General/Other,Winter,1.0492524008611483,1.207462534407177,1.0478713613827257,12,3.6153846153846154,0.008653608167984082
MED00113,General/Other,Monsoon,1.0611530687990016,1.372434017595308,1.0482755935191403,13,2.0,0.03972586958540827
MED00113,General/Other,Post-Monsoon,0.9533230380785991,0.30498533724340177,0.9543854768211951,3,0.4444444444444444,0.0016360309735793158
MED00113,General/Other,Summer,0.9583733250770214,1.1612903225806452,0.9576297110882205,5,1.6923076923076923,0.0036512410689124074
MED00113,General/Other,Winter,1.0484148938421947,1.1612903225806452,1.0478713613827257,7,1.6923076923076923,0.004792253902947534
MED00114,Hormone/Endocrine,Monsoon,1.045995992295971,1.2655787047923621,1.0255357494678066,22,16.428571428571427,0.08523575624413024
MED00114,Hormone/Endocrine,Post-Monsoon,1.0338594890838748,0.9329821756102149,1.0344276871444587,7,12.11111111111111,0.00560101725537659
MED00114,Hormone/Endocrine,Summer,0.9388580669661502,0.8118327611343649,0.9399942254222599,8,10.538461538461538,0.008865055205342061
MED00114,Hormone/Endocrine,Winter,0.999158768831055,0.9896063584630579,0.9992734202445724,12,12.846153846153847,0.011860006288227892
MED00115,General/Other,Monsoon,1.0512129611285161,1.123708111493893,1.0482755935191403,13,2.1904761904761907,0.0389403361870935
MED00115,General/Other,Post-Monsoon,0.9538616315600407,0.6269965549639838,0.9543854768211951,3,1.2222222222222223,0.0016000702106315188
MED00115,General/Other,Summer,0.9565498691031202,0.7497651111807078,0.9576297110882205,8,1.4615384615384615,0.005194929707033707
MED00115,General/Other,Winter,1.0510103785097524,1.4995302223614155,1.0478713613827257,12,2.923076923076923,0.006949973526977526
MED00116,Neuro/Psychiatric,Monsoon,1.0609231771140355,1.2,1.0563104535157373,11,11.19047619047619,0.032102012367359836
MED00116,Neuro/Psychiatric,Post-Monsoon,0.9853095502918774,1.4059574468085105,0.984048218776047,7,13.11111111111111,0.002989580298379746
MED00116,Neuro/Psychiatric,Summer,0.947202368597225,0.6599018003273323,0.9479820344320362,4,6.153846153846154,0.0027064190545189114
MED00116,Neuro/Psychiatric,Winter,1.0212619470271318,0.734140752864157,1.0220411260830145,4,6.846153846153846,0.0027064190545189114
MED00117,NSAID,Monsoon,1.0467082564122652,0.6529382219989954,1.0519392325550556,7,1.1904761904761905,0.013110182692270158
MED00117,NSAID,Post-Monsoon,0.9913594059097689,1.8282270215971872,0.989841463151568,8,3.3333333333333335,0.0018105545150554423
MED00117,NSAID,Summer,0.9327030874151131,0.3375188347564038,0.9333895430491082,3,0.6153846153846154,0.0011520211086762633
MED00117,NSAID,Winter,1.0331018475006122,1.1813159216474132,1.0326451224367872,10,2.1538461538461537,0.003072056289803369
MED00118,General/Other,Monsoon,1.0608362085563634,1.679928208196231,1.0482755935191403,12,1.7142857142857142,0.019885321053636634
MED00118,General/Other,Post-Monsoon,0.9552406753320134,1.415495064313491,0.9543854768211951,8,1.4444444444444444,0.0018546535010672638
MED00118,General/Other,Summer,0.957320102372677,0.7538139395752319,0.9576297110882205,4,0.7692307692307693,0.0015190616174854024
MED00118,General/Other,Winter,1.0474913601056153,0.15076278791504638,1.0478713613827257,1,0.15384615384615385,0.0004235844894911218
MED00119,General/Other,Monsoon,1.0450240319282769,0.9091532396297567,1.0482755935191403,10,1.619047619047619,0.023371956410748313
MED00119,General/Other,Post-Monsoon,0.954569820500564,1.0606787795680495,0.9543854768211951,5,1.8888888888888888,0.001734292515192488
MED00119,General/Other,Summer,0.9571805751619541,0.7775111415838191,0.9576297110882205,5,1.3846153846153846,0.0024935570358023116
MED00119,General/Other,Winter,1.048682384633629,1.2526568392183752,1.0478713613827257,9,2.230769230769231,0.003960355292156612
MED00120,Cardiac/Antihypertensive,Monsoon,0.981173071193925,0.6321496043588971,0.9903529598100503,8,7.0476190476190474,0.025627589681742016
MED00120,Cardiac/Antihypertensive,Post-Monsoon,1.0039683781384308,0.7873394847082661,1.0044663326779995,5,8.777777777777779,0.002293380778217072
MED00120,Cardiac/Antihypertensive,Summer,1.0249551309067866,1.6214440215754455,1.0213326812273142,11,18.076923076923077,0.00603629599362501
MED00120,Cardiac/Antihypertensive,Winter,0.9824173167452351,0.9590668893573912,0.9825186621549787,7,10.692307692307692,0.004321439177254268
MED00121,General/Other,Monsoon,0.9951833227971243,0.5511243970378422,1.0482755935191403,21,2.4761904761904763,0.10679300602671547
MED00121,General/Other,Post-Monsoon,0.9539168427661053,0.9150078130307765,0.9543854768211951,13,4.111111111111111,0.01190101214698877
MED00121,General/Other,Summer,0.9676160005686791,1.3696582648277738,0.9576297110882205,24,6.153846153846154,0.02423688695801186
MED00121,General/Other,Winter,1.0505660507151726,1.1642095251036075,1.0478713613827257,22,5.230769230769231,0.023162556862355306
MED00122,General/Other,Monsoon,1.0853625114079073,1.6823529411764704,1.0482755935191403,23,3.6666666666666665,0.058489580215708124
MED00122,General/Other,Post-Monsoon,0.9538750662657011,0.7647058823529411,0.9543854768211951,5,1.6666666666666667,0.0026909091456299972
MED00122,General/Other,Summer,0.9563545682164709,0.7058823529411764,0.9576297110882205,7,1.5384615384615385,0.005065168830906876
MED00122,General/Other,Winter,1.0470963904055144,0.8470588235294118,1.0478713613827257,5,1.8461538461538463,0.003859176252119525
MED00123,Vaccine/Immunological,Monsoon,1.017074382045531,0.5777777777777778,1.0196267929349472,4,0.5238095238095238,0.005776658545924746
MED00123,Vaccine/Immunological,Post-Monsoon,0.9861574476777387,1.4707070707070706,0.9859731500821123,2,1.3333333333333333,0.0003802036288048255
MED00123,Vaccine/Immunological,Summer,1.0391262693495806,0.8484848484848485,1.0392774812945849,3,0.7692307692307693,0.0007925460369061509
MED00123,Vaccine/Immunological,Winter,0.9709148920459298,1.103030303030303,0.9707799584541481,4,1.0,0.0010202891509596425
MED00124,General/Other,Monsoon,1.0757314763918213,1.1899145419874286,1.0482755935191403,60,10.285714285714286,0.1938441591779256
MED00124,General/Other,Post-Monsoon,0.959074749819668,1.2082774207218026,0.9543854768211951,19,10.444444444444445,0.018469561997243204
MED00124,General/Other,Summer,0.9473890804112479,0.6051274807542906,0.9576297110882205,23,5.230769230769231,0.029051250731864906
MED00124,General/Other,Winter,1.0460609094962423,0.9966805565364786,1.0478713613827257,35,8.615384615384615,0.03536674002140076
MED00125,Antineoplastic (Oncology),Monsoon,1.009167953637514,0.8715083798882681,1.0094630467147954,2,0.19047619047619047,0.002139058315818565
MED00125,Antineoplastic (Oncology),Post-Monsoon,1.057578098613322,1.0167597765363128,1.0575835901092465,1,0.2222222222222222,0.000134516975357879
MED00125,Antineoplastic (Oncology),Summer,0.940005338762992,1.7597765363128492,0.939434604904632,4,0.38461538461538464,0.0006957267896573839
MED00125,Antineoplastic (Oncology),Winter,0.9852825620101321,0.35195530726256985,0.9854054518065617,1,0.07692307692307693,0.00019400073942369358
MED00126,Antiretroviral (ART Program),Monsoon,0.9915768945964315,0.0,0.9915768945964315,0,0.0,0.0
MED00126,Antiretroviral (ART Program),Post-Monsoon,1.011149905931759,0.0,1.011149905931759,0,0.0,0.0
MED00126,Antiretroviral (ART Program),Summer,1.0278140206240165,1.6000000000000003,1.02777010959583,1,1.5384615384615385,7.673669083484871e-05
MED00126,Antiretroviral (ART Program),Winter,0.9638457728515027,2.4,0.9636334934199424,2,2.3076923076923075,0.00014778918234859752
MED00127,Gastrointestinal,Monsoon,1.0910687629316511,0.7898089171974523,1.1011190804939468,12,1.4761904761904763,0.03228393655983455
MED00127,Gastrointestinal,Post-Monsoon,0.9279323025843021,0.535031847133758,0.9284752389141901,3,1.0,0.0013799604752061418
MED00127,Gastrointestinal,Summer,1.130849624859821,1.193532582067614,1.1305949513441962,7,2.230769230769231,0.0040464426877470355
MED00127,Gastrointestinal,Winter,0.8642860905313042,1.4816266536011757,0.8607769399760317,11,2.769230769230769,0.0056521739130434775
MED00128,General/Other,Monsoon,1.0390469401013969,0.7172413793103448,1.0482755935191403,11,1.5238095238095237,0.02787824648216762
MED00128,General/Other,Post-Monsoon,0.9540538514222063,0.7844827586206897,0.9543854768211951,5,1.6666666666666667,0.001951854581851979
MED00128,General/Other,Summer,0.9564153981334443,0.4344827586206897,0.9576297110882205,4,0.9230769230769231,0.0023211698912678084
MED00128,General/Other,Winter,1.0534161463957614,2.063793103448276,1.0478713613827257,12,4.384615384615385,0.00545788596054863
MED00129,General/Other,Monsoon,1.0412454857672744,0.6435938574375428,1.0482755935191403,7,0.8571428571428571,0.01737194225747951
MED00129,General/Other,Post-Monsoon,0.9537632811775646,0.5840018336007334,0.9543854768211951,5,0.7777777777777778,0.0016798680368834478
MED00129,General/Other,Summer,0.9589885201138721,1.3862021544808618,0.9576297110882205,7,1.8461538461538463,0.0031705468855980526
MED00129,General/Other,Winter,1.048944055025085,1.3862021544808618,1.0478713613827257,7,1.8461538461538463,0.0031705468855980526
MED00130,Antineoplastic (Oncology),Monsoon,1.0088559159367216,0.23816793893129767,1.0094630467147954,1,0.047619047619047616,0.0007871575638777028
MED00130,Antineoplastic (Oncology),Post-Monsoon,1.057795937039359,2.2229007633587785,1.0575835901092465,2,0.4444444444444444,0.00018222243264493407
MED00130,Antineoplastic (Oncology),Summer,0.9394114011566084,0.7694656488549618,0.939434604904632,1,0.15384615384615385,0.00013651756510682538
MED00130,Antineoplastic (Oncology),Winter,0.9853486763266488,0.7694656488549618,0.9854054518065617,2,0.15384615384615385,0.00026292271798351554
MED00131,Antibiotic,Monsoon,1.2519830345236747,0.8885118759088706,1.263927056815394,13,2.238095238095238,0.031815501607787296
MED00131,Antibiotic,Post-Monsoon,0.9216582416378161,1.279205041202133,0.9207205605390987,7,3.2222222222222223,0.0026156811502217885
MED00131,Antibiotic,Summer,0.8792697705640277,1.1604459524963644,0.8782090584558729,7,2.923076923076923,0.0037582333513155684
MED00131,Antibiotic,Winter,0.9739207872011811,0.6718371303926322,0.974928644427989,6,1.6923076923076923,0.003325257158767692
MED00132,Vaccine/Immunological,Monsoon,1.019283018849166,0.5603448275862069,1.0196267929349472,1,0.23809523809523808,0.0007485033415588571
MED00132,Vaccine/Immunological,Post-Monsoon,0.9862098845488474,2.3534482758620685,0.9859731500821123,2,1.0,0.0001731179326571242
MED00132,Vaccine/Immunological,Summer,1.0392131256741308,0.543103448275862,1.0392774812945849,1,0.23076923076923078,0.00012970372524820576
MED00132,Vaccine/Immunological,Winter,0.9707244872175769,0.543103448275862,0.9707799584541481,1,0.23076923076923078,0.00012970372524820576
MED00133,Vaccine/Immunological,Monsoon,1.0191690022707045,0.8125,1.0196267929349472,3,0.3333333333333333,0.0022101952999700842
MED00133,Vaccine/Immunological,Post-Monsoon,0.9859731500821123,0.0,0.9859731500821123,0,0.0,0.0
MED00133,Vaccine/Immunological,Summer,1.0393498976272573,1.3125,1.0392774812945849,2,0.5384615384615384,0.0002650452569409885
MED00133,Vaccine/Immunological,Winter,0.971126608416517,1.8750000000000002,0.9707799584541481,3,0.7692307692307693,0.00038336903236107264
MED00134,Antiretroviral (ART Program),Monsoon,0.9915768945964315,0.0,0.9915768945964315,0,0.0,0.0
MED00134,Antiretroviral (ART Program),Post-Monsoon,1.011149905931759,0.0,1.011149905931759,0,0.0,0.0
MED00134,Antiretroviral (ART Program),Summer,1.02777010959583,0.0,1.02777010959583,0,0.0,0.0
MED00134,Antiretroviral (ART Program),Winter,0.9637598717811586,4.0,0.9636334934199424,1,1.1538461538461537,4.162157662532257e-05
MED00135,Cardiac/Antihypertensive,Monsoon,0.9780543558737247,0.5849661869256112,0.9903529598100503,11,8.238095238095237,0.030337950715110227
MED00135,Cardiac/Antihypertensive,Post-Monsoon,1.0049990732235572,1.17556788624935,1.0044663326779995,8,16.555555555555557,0.003113592684800446
MED00135,Cardiac/Antihypertensive,Summer,1.022987736204174,1.2835963239119126,1.0213326812273142,13,18.076923076923077,0.00631065350850022
MED00135,Cardiac/Antihypertensive,Winter,0.9823782099965236,0.9558696029131264,0.9825186621549787,10,13.461538461538462,0.005270435897208975
MED00136,Anticoagulant,Monsoon,1.091141384755485,1.8911956357023791,1.0866440201377312,5,3.8095238095238093,0.005589901916482325
MED00136,Anticoagulant,Post-Monsoon,0.9957985446662057,0.7722382179118048,0.9958336259374111,1,1.5555555555555556,0.00015689620603203227
MED00136,Anticoagulant,Summer,0.9907605098039636,0.7637520836490378,0.9908594556173735,2,1.5384615384615385,0.00043567856275398273
MED00136,Anticoagulant,Winter,0.9914397030600511,0.5728140627367783,0.9915344250237472,1,1.1538461538461537,0.00022621771527610643
MED00137,Antiviral,Monsoon,0.9369343522431786,0.788675429726997,0.9419390408075026,12,1.6666666666666667,0.03265412141238911
MED00137,Antiviral,Post-Monsoon,1.0472860675087545,0.7360970677451971,1.0478468605917484,4,1.5555555555555556,0.001798856313177432
MED00137,Antiviral,Summer,1.028116700706494,1.0920121334681496,1.0277489293992064,11,2.3076923076923075,0.005722890923600574
MED00137,Antiviral,Winter,0.9651582787864346,1.383215369059656,0.9632514428925093,8,2.923076923076923,0.0045404754435178106
MED00138,General/Other,Monsoon,1.0326469108124736,0.6178217821782179,1.0482755935191403,13,1.4285714285714286,0.036307455747647474
MED00138,General/Other,Post-Monsoon,0.9538474341696188,0.7207920792079209,0.9543854768211951,5,1.6666666666666667,0.002303329876073966
MED00138,General/Other,Summer,0.961234473612204,1.463762376237624,0.9576297110882205,14,3.3846153846153846,0.007122169289191227
MED00138,General/Other,Winter,1.0488349733387614,1.1976237623762378,1.0478713613827257,12,2.769230769230769,0.006434701211083966
MED00139,General/Other,Monsoon,1.0278887054612293,0.7829974119676887,1.0482755935191403,18,3.0476190476190474,0.0768509793707132
MED00139,General/Other,Post-Monsoon,0.9521518787212698,0.6280291741824171,0.9543854768211951,9,2.4444444444444446,0.006844047692247364
MED00139,General/Other,Summer,0.9616980965346181,1.2055525056858285,0.9576297110882205,20,4.6923076923076925,0.016409888622790282
MED00139,General/Other,Winter,1.0533776920728353,1.3834209081640656,1.0478713613827257,20,5.384615384615385,0.016409888622790282
MED00140,General/Other,Monsoon,1.0475776533041774,0.9995581087052585,1.0482755935191403,6,1.380952380952381,0.014326277672776451
MED00140,General/Other,Post-Monsoon,0.9543156586795569,0.8846663720724702,0.9543854768211951,3,1.2222222222222223,0.0010014205129259654
MED00140,General/Other,Summer,0.95818037809858,1.1692443658859921,0.9576297110882205,6,1.6153846153846154,0.0026022158573365544
MED00140,General/Other,Winter,1.0476442785497455,0.9465311533362794,1.0478713613827257,5,1.3076923076923077,0.0022407969882620327
MED00141,Antibiotic,Monsoon,1.2737556918116488,1.3399759491496306,1.263927056815394,46,7.142857142857143,0.12924100134237115
MED00141,Antibiotic,Post-Monsoon,0.9178332223063782,0.6253221096031609,0.9207205605390987,13,3.3333333333333335,0.00977438515189332
MED00141,Antibiotic,Summer,0.8819944905629226,1.067857756399244,0.8782090584558729,24,5.6923076923076925,0.01996023251464636
MED00141,Antibiotic,Winter,0.9747639149080795,0.9668441848479642,0.974928644427989,25,5.153846153846154,0.02037607069203483
MED00142,Reproductive/Hormonal Health,Monsoon,0.9344580687347707,0.2635135135135135,0.9352025712768621,1,0.14285714285714285,0.0011084035588886814
MED00142,Reproductive/Hormonal Health,Post-Monsoon,0.9420220027348267,0.6148648648648648,0.9421443866252646,3,0.3333333333333333,0.0003739430129314614
MED00142,Reproductive/Hormonal Health,Summer,1.0179313715514282,0.8513513513513513,1.018021257190964,3,0.46153846153846156,0.0005393033558329409
MED00142,Reproductive/Hormonal Health,Winter,1.1578455927258169,2.27027027027027,1.1572453346429072,3,1.2307692307692308,0.0005393033558329409
MED00143,General/Other,Monsoon,1.0504060404832731,1.1759812841174944,1.0482755935191403,9,1.380952380952381,0.016682474791458884
MED00143,General/Other,Post-Monsoon,0.9541390173180282,0.6623342864569796,0.9543854768211951,3,0.7777777777777778,0.0008438914522469902
MED00143,General/Other,Summer,0.9571005553550757,0.32752794385235257,0.9576297110882205,2,0.38461538461538464,0.000839794078766228
MED00143,General/Other,Winter,1.0500324007731454,1.834156485573174,1.0478713613827257,8,2.1538461538461537,0.0027484169850531094
MED00144,General/Other,Monsoon,1.0507670591296945,1.0617210430048065,1.0482755935191403,51,7.619047619047619,0.18530177166708497
MED00144,General/Other,Post-Monsoon,0.9518760718127542,0.8051384576119783,0.9543854768211951,16,5.777777777777778,0.016813769693605183
MED00144,General/Other,Summer,0.9664826299074121,1.2005614870900505,0.9576297110882205,37,8.615384615384615,0.036441996040587545
MED00144,General/Other,Winter,1.043865660128672,0.9325790122931643,1.0478713613827257,33,6.6923076923076925,0.03474386015798794
MED00145,Antineoplastic (Oncology),Monsoon,1.0078876343163474,0.9454545454545455,1.0094630467147954,11,0.7142857142857143,0.024612549386879498
MED00145,Antineoplastic (Oncology),Post-Monsoon,1.0581105988758222,1.3236363636363637,1.0575835901092465,6,1.0,0.0019808429718243628
MED00145,Antineoplastic (Oncology),Summer,0.9389166133151238,0.610909090909091,0.939434604904632,3,0.46153846153846156,0.001576716472362775
MED00145,Antineoplastic (Oncology),Winter,0.9858856205624689,1.12,0.9854054518065617,8,0.8461538461538461,0.0035675200990834505
MED00146,Analgesic/Antipyretic,Monsoon,1.0753259480711466,1.533621706645694,1.0650624809380167,13,2.380952380952381,0.02190431128024132
MED00146,Analgesic/Antipyretic,Post-Monsoon,0.9386150441664521,0.9303971686983877,0.9386221024626731,3,1.4444444444444444,0.0008581584269547877
MED00146,Analgesic/Antipyretic,Summer,0.9741177228035637,0.7927644514353126,0.9744668399944317,5,1.2307692307692308,0.0019213681979443717
MED00146,Analgesic/Antipyretic,Winter,1.043597882276686,0.7432166732206055,1.0443572974259112,7,1.1538461538461537,0.002521795759801988
MED00147,Vitamin/Supplement,Monsoon,1.1281974518384157,1.2765957446808511,1.1249502940005276,10,1.6666666666666667,0.021412827244868676
MED00147,Vitamin/Supplement,Post-Monsoon,0.8862293585993214,1.1914893617021276,0.8858300297316529,4,1.5555555555555556,0.001306450763646376
MED00147,Vitamin/Supplement,Summer,1.160084080546161,1.2962356792144025,1.1596329075962475,8,1.6923076923076923,0.0033028096324043466
MED00147,Vitamin/Supplement,Winter,0.8583070623981496,0.23567921440261866,0.8589360481040362,2,0.3076923076923077,0.0010091918321235504
MED00148,Vitamin/Supplement,Monsoon,1.1533553605931397,1.3832239758822487,1.1249502940005276,43,7.142857142857143,0.10998049195589543
MED00148,Vitamin/Supplement,Post-Monsoon,0.8859783164588491,0.9037063309097357,0.8858300297316529,13,4.666666666666667,0.008295157131161305
MED00148,Vitamin/Supplement,Summer,1.1558040716588043,0.9235680085121475,1.1596329075962475,22,4.769230769230769,0.016219420813083568
MED00148,Vitamin/Supplement,Winter,0.8578667409833642,0.789501684695868,0.8589360481040362,20,4.076923076923077,0.015400258145756114
MED00149,General/Other,Monsoon,1.036319949749167,0.929939718687207,1.0482755935191403,27,4.238095238095238,0.10103143942573047
MED00149,General/Other,Post-Monsoon,0.9562912629308858,1.1458807769591428,0.9543854768211951,14,5.222222222222222,0.009952129939052522
MED00149,General/Other,Summer,0.9609864502384943,1.130877427997321,0.9576297110882205,24,5.153846153846154,0.0193753730794327
MED00149,General/Other,Winter,1.044426270600453,0.7933020763563295,1.0478713613827257,13,3.6153846153846154,0.01353301825833183
MED00150,Antifungal,Monsoon,1.2690935820319476,2.148081264108352,1.2405246412709259,17,2.9047619047619047,0.03147896235025242
MED00150,Antifungal,Post-Monsoon,0.9510855857117069,0.6573363431151241,0.9513001862525761,2,0.8888888888888888,0.0007300235926255327
MED00150,Antifungal,Summer,0.8509134789138201,0.39819413092550787,0.8516020133711154,3,0.5384615384615384,0.0015185762840765945
MED00150,Antifungal,Winter,1.0440373336133855,0.7963882618510157,1.04471856187911,6,1.0769230769230769,0.0027432345776867515
MED00151,General/Other,Monsoon,1.047937223148325,1.0354541039339484,1.0482755935191403,12,1.9523809523809523,0.02639087826472895
MED00151,General/Other,Post-Monsoon,0.9542639683973908,0.8839242350655658,0.9543854768211951,5,1.6666666666666667,0.0017244717915384335
MED00151,General/Other,Summer,0.9572783666007626,0.8159300631374454,0.9576297110882205,5,1.5384615384615385,0.002479501484576236
MED00151,General/Other,Winter,1.0486533338892554,1.2646915978630404,1.0478713613827257,8,2.3846153846153846,0.003606547613929071
MED00152,General/Other,Monsoon,1.0415027107297354,0.7353389713018162,1.0482755935191403,11,1.619047619047619,0.02164298553942102
MED00152,General/Other,Post-Monsoon,0.9578682557453353,2.3213642035214197,0.9543854768211951,10,5.111111111111111,0.002547793068109636
MED00152,General/Other,Summer,0.9571744096627754,0.03493691945099127,0.9576297110882205,1,0.07692307692307693,0.0004934485557615701
MED00152,General/Other,Winter,1.0473975683252073,0.9083599057257731,1.0478713613827257,9,2.0,0.0033960871190649236
MED00153,General/Other,Monsoon,1.060366421402953,1.275095785440613,1.0482755935191403,21,3.0476190476190474,0.053305782793793235
MED00153,General/Other,Post-Monsoon,0.9538407092876169,0.6973180076628352,0.9543854768211951,4,1.6666666666666667,0.0021191616946390894
MED00153,General/Other,Summer,0.9584901177663491,1.0942528735632184,0.9576297110882205,10,2.6153846153846154,0.006297663313759319
MED00153,General/Other,Winter,1.0472593306480664,0.9333333333333333,1.0478713613827257,8,2.230769230769231,0.005343471902583665
MED00154,Neuro/Psychiatric,Monsoon,1.0384749899420738,0.8255357343206552,1.0563104535157373,16,13.476190476190476,0.07728517073218279
MED00154,Neuro/Psychiatric,Post-Monsoon,0.9875485915989504,1.3885336026029396,0.984048218776047,11,22.666666666666668,0.008653891989336976
MED00154,Neuro/Psychiatric,Summer,0.9442440452421375,0.5984516997643892,0.9479820344320362,9,9.76923076923077,0.010694319831933996
MED00154,Neuro/Psychiatric,Winter,1.0245475567031574,1.187478963312016,1.0220411260830145,15,19.384615384615383,0.015150286428573162
MED00155,General/Other,Monsoon,1.0469956783680545,1.0179445350734093,1.0482755935191403,16,2.6666666666666665,0.042198169687215716
MED00155,General/Other,Post-Monsoon,0.9548929935765361,1.1027732463295268,0.9543854768211951,8,2.888888888888889,0.0034202061060869537
MED00155,General/Other,Summer,0.9564313941619065,0.734094616639478,0.9576297110882205,9,1.9230769230769231,0.005360755228476059
MED00155,General/Other,Winter,1.0484344537810186,1.1451876019575857,1.0478713613827257,10,3.0,0.005786211992640827
MED00156,Vitamin/Supplement,Monsoon,1.1394744853835121,1.3837181044957474,1.1249502940005276,19,3.4761904761904763,0.05612827714231052
MED00156,Vitamin/Supplement,Post-Monsoon,0.8856986545418787,0.8403402187120292,0.8858300297316529,5,2.111111111111111,0.0028880135315913027
MED00156,Vitamin/Supplement,Summer,1.157705025686209,0.8879708383961118,1.1596329075962475,10,2.230769230769231,0.007096617925773824
MED00156,Vitamin/Supplement,Winter,0.859142096917294,0.8879708383961118,0.8589360481040362,10,2.230769230769231,0.007096617925773824
MED00157,General/Other,Monsoon,1.062821123260572,1.167582738860952,1.0482755935191403,36,6.095238095238095,0.12191666894517525
MED00157,General/Other,Post-Monsoon,0.9536408276081788,0.872646474096597,0.9543854768211951,11,4.555555555555555,0.009110084392946357
MED00157,General/Other,Summer,0.9537357381500838,0.7514910536779325,0.9576297110882205,20,3.923076923076923,0.018890066458453137
MED00157,General/Other,Winter,1.0514732078516953,1.208279733364519,1.0478713613827257,28,6.3076923076923075,0.022454229941180147
MED00158,Blood Product/Coagulation,Monsoon,0.9715852515637277,0.44067796610169485,0.9718336842204087,2,0.09523809523809523,0.0004677209492556299
MED00158,Blood Product/Coagulation,Post-Monsoon,1.0089168151188908,0.0,1.0089168151188908,0,0.0,0.0
MED00158,Blood Product/Coagulation,Summer,0.9924650635117628,3.559322033898305,0.9923582224307893,1,0.7692307692307693,4.162157662532257e-05
MED00158,Blood Product/Coagulation,Winter,1.0141253057109363,0.0,1.0141253057109363,0,0.0,0.0
MED00159,Cardiac/Antihypertensive,Monsoon,0.9808665481163817,0.6423556595669047,0.9903529598100503,8,6.619047619047619,0.027260015198510013
MED00159,Cardiac/Antihypertensive,Post-Monsoon,1.0056373836110943,1.3047367953313387,1.0044663326779995,9,13.444444444444445,0.003899987107445881
MED00159,Cardiac/Antihypertensive,Summer,1.0208903757708203,0.8958142014989483,1.0213326812273142,5,9.23076923076923,0.003523827387418038
MED00159,Cardiac/Antihypertensive,Winter,0.9833260741497505,1.1570933436028084,0.9825186621549787,7,11.923076923076923,0.004625023445986175
MED00160,General/Other,Monsoon,1.057317254191168,1.097682119205298,1.0482755935191403,37,5.666666666666667,0.18300539344665603
MED00160,General/Other,Post-Monsoon,0.9561709173040934,1.054635761589404,0.9543854768211951,14,5.444444444444445,0.01780982953840465
MED00160,General/Other,Summer,0.9554020843953008,0.879139072847682,0.9576297110882205,17,4.538461538461538,0.02838079474004206
MED00160,General/Other,Winter,1.0451469774321767,0.9685430463576158,1.0478713613827257,24,5.0,0.03434314657618535
MED00161,General/Other,Monsoon,1.0808820979346005,1.2192487110238153,1.0482755935191403,55,9.095238095238095,0.19071129363110978
MED00161,General/Other,Post-Monsoon,0.9531539911535686,0.8936901546771422,0.9543854768211951,22,6.666666666666667,0.020289630635845733
MED00161,General/Other,Summer,0.9495028780534075,0.6599558065308126,0.9576297110882205,20,4.923076923076923,0.027301126872025575
MED00161,General/Other,Winter,1.0545805196986613,1.2271053277682298,1.0478713613827257,39,9.153846153846153,0.03743240442219132
MED00162,General/Other,Monsoon,1.048320294260602,1.049027998532828,1.0482755935191403,19,2.619047619047619,0.05941047793219569
MED00162,General/Other,Post-Monsoon,0.9545159407142081,0.9790927986306395,0.9543854768211951,10,2.4444444444444446,0.005280373729665634
MED00162,General/Other,Summer,0.9590701901118412,1.1091820515955495,0.9576297110882205,14,2.769230769230769,0.009504828620915265
MED00162,General/Other,Winter,1.046682756773825,0.862697151240983,1.0478713613827257,8,2.1538461538461537,0.006418845302436283
MED00163,Antineoplastic (Oncology),Monsoon,1.0089429354307713,0.8948374760994264,1.0094630467147954,4,0.2857142857142857,0.0045374804350543346
MED00163,Antineoplastic (Oncology),Post-Monsoon,1.0574764818794373,0.6959847036328872,1.0575835901092465,2,0.2222222222222222,0.00029620729989759075
MED00163,Antineoplastic (Oncology),Summer,0.9392391662143612,0.48183556405353734,0.939434604904632,2,0.15384615384615385,0.0004270959351384968
MED00163,Antineoplastic (Oncology),Winter,0.9861545572733641,1.9273422562141493,0.9854054518065617,4,0.6153846153846154,0.0007952820861199596
MED00164,Antibiotic,Monsoon,1.2550266804261219,0.9637457324012356,1.263927056815394,13,1.8095238095238095,0.029650000401065076
MED00164,Antibiotic,Post-Monsoon,0.9207604612451937,0.9468379125345472,0.9207205605390987,4,1.7777777777777777,0.0015277469975527747
MED00164,Antibiotic,Summer,0.8778238817259144,0.7784100146317672,0.8782090584558729,8,1.4615384615384615,0.0038595232499164986
MED00164,Antibiotic,Winter,0.9760990742187243,1.3110063404324501,0.974928644427989,7,2.4615384615384617,0.0034826166825418403
MED00165,Antidiabetic,Monsoon,1.0393045050696952,0.9534521623945528,1.041970017811006,13,12.523809523809524,0.030112712613409157
MED00165,Antidiabetic,Post-Monsoon,1.013640623682092,0.8036067021449652,1.0140356537699402,5,10.555555555555555,0.0018772611125880748
MED00165,Antidiabetic,Summer,0.9914836112012257,1.51676698194325,0.9884132013007866,14,19.923076923076923,0.0058112764835440865
MED00165,Antidiabetic,Winter,0.9592667992622038,0.7261741535172317,0.9601851751432037,8,9.538461538461538,0.003924498404471331
MED00166,General/Other,Monsoon,1.0436934077960254,0.9189443920829405,1.0482755935191403,14,2.380952380952381,0.03542985507155768
MED00166,General/Other,Post-Monsoon,0.9543549521847474,0.9434495758718191,0.9543854768211951,7,2.4444444444444446,0.002791231978877211
MED00166,General/Other,Summer,0.9566726814742839,0.7422243166823751,0.9576297110882205,8,1.9230769230769231,0.004442923152302499
MED00166,General/Other,Winter,1.0499369318954144,1.3953817153628651,1.0478713613827257,12,3.6153846153846154,0.005943910703756046
MED00167,General/Other,Monsoon,1.0714928803319712,2.3107998922704014,1.0482755935191403,15,2.619047619047619,0.018389576213142723
MED00167,General/Other,Post-Monsoon,0.9540456563948794,0.19606786964718556,0.9543854768211951,2,0.2222222222222222,0.0004481241409943553
MED00167,General/Other,Summer,0.9570274000369811,0.5429571774845139,0.9576297110882205,5,0.6153846153846154,0.0014524980615548732
MED00167,General/Other,Winter,1.0477065700036807,0.9501750605978992,1.0478713613827257,6,1.0769230769230769,0.0016867719424508204
MED00168,General/Other,Monsoon,1.0427515131667662,0.8860388420666911,1.0482755935191403,12,1.4761904761904763,0.03404950051649154
MED00168,General/Other,Post-Monsoon,0.953964864335685,0.6669109563942837,0.9543854768211951,3,1.1111111111111112,0.0014631296188809984
MED00168,General/Other,Summer,0.9607439209017647,1.477464272627336,0.9576297110882205,11,2.4615384615384617,0.00599077099514848
MED00168,General/Other,Winter,1.0475742884759542,0.9695859289116893,1.0478713613827257,6,1.6153846153846154,0.0037947405717069557
MED00169,General/Other,Monsoon,1.04136657344443,0.5756457564575646,1.0482755935191403,7,1.0,0.014618247797610333
MED00169,General/Other,Post-Monsoon,0.954169457613557,0.7675276752767527,0.9543854768211951,4,1.3333333333333333,0.0011560620207060432
MED00169,General/Other,Summer,0.9584549376033507,1.239852398523985,0.9576297110882205,8,2.1538461538461537,0.002924026139174037
MED00169,General/Other,Winter,1.0491433537602106,1.4169741697416975,1.0478713613827257,10,2.4615384615384617,0.003446173664026544
MED00170,General/Other,Monsoon,1.0522435650797715,1.258346403764284,1.0482755935191403,10,1.7142857142857142,0.018888733546562994
MED00170,General/Other,Post-Monsoon,0.9541174417346385,0.652475913062962,0.9543854768211951,3,0.8888888888888888,0.0008877992575657365
MED00170,General/Other,Summer,0.9579708745242488,1.1292852341474344,0.9576297110882205,5,1.5384615384615385,0.0019874888378080204
MED00170,General/Other,Winter,1.047758953242979,0.9598924490253192,1.0478713613827257,3,1.3076923076923077,0.0012776713957337274
MED00171,General/Other,Monsoon,1.061347626788633,1.2880279453794856,1.0482755935191403,19,2.4761904761904763,0.0545230658555002
MED00171,General/Other,Post-Monsoon,0.9556747833074107,1.2715147665925692,0.9543854768211951,8,2.4444444444444446,0.004065554736823929
MED00171,General/Other,Summer,0.956818105574865,0.08002540489044141,0.9576297110882205,1,0.15384615384615385,0.0009247966396970982
MED00171,General/Other,Winter,1.0503087974667498,1.360431883137504,1.0478713613827257,12,2.6153846153846154,0.007798285177986341
MED00172,Antifungal,Monsoon,1.2392099526175357,1.1985658186785044,1.2405246412709259,16,2.142857142857143,0.03133282995475581
MED00172,Antifungal,Post-Monsoon,0.9513607680644828,0.9943657162369814,0.9513001862525761,4,1.7777777777777777,0.0014067355476328365
MED00172,Antifungal,Summer,0.8510108121192341,0.559330715383302,0.8516020133711154,4,1.0,0.002022782448880423
MED00172,Antifungal,Winter,1.0453698487613932,1.2477377497012123,1.04471856187911,7,2.230769230769231,0.003208006540021296
MED00173,General/Other,Monsoon,1.051235319083406,1.1035771489588895,1.0482755935191403,18,2.5238095238095237,0.05351975257712818
MED00173,General/Other,Post-Monsoon,0.9538027312440436,0.7773625200213561,0.9543854768211951,6,1.7777777777777777,0.0032919209332295707
MED00173,General/Other,Summer,0.9573658951479918,0.9081687132941806,0.9576297110882205,7,2.076923076923077,0.005333817593556068
MED00173,General/Other,Winter,1.0491605343540493,1.210891617725574,1.0478713613827257,12,2.769230769230769,0.007908053883882356
MED00174,Neuro/Psychiatric,Monsoon,1.052087553899634,0.8308921438082557,1.0563104535157373,8,6.285714285714286,0.01873361405993695
MED00174,Neuro/Psychiatric,Post-Monsoon,0.9851743637316327,1.674373562522697,0.984048218776047,5,12.666666666666666,0.0016313249481378315
MED00174,Neuro/Psychiatric,Summer,0.9481141961885844,0.9964895291126983,0.9479820344320362,6,7.538461538461538,0.0027245636456431806
MED00174,Neuro/Psychiatric,Winter,1.0210241005139475,0.49824476455634914,1.0220411260830145,4,3.769230769230769,0.0019416430578146806
MED00175,Anesthetic,Monsoon,0.9346971693144925,0.9521871820956256,0.9344489307611785,7,1.1428571428571428,0.013994533544121128
MED00175,Anesthetic,Post-Monsoon,1.0069430120198233,0.7405900305188199,1.0071009929150054,2,0.8888888888888888,0.0005927744726213805
MED00175,Anesthetic,Summer,0.9924945207057339,0.9613428280773143,0.9925732085321588,7,1.1538461538461537,0.002519592309759744
MED00175,Anesthetic,Winter,1.047420702021942,1.3458799593082402,1.0466668068640645,7,1.6153846153846154,0.002519592309759744
MED00176,Cardiac/Antihypertensive,Monsoon,1.0222941863056463,1.2723333758124122,0.9903529598100503,29,21.333333333333332,0.11327462718307532
MED00176,Cardiac/Antihypertensive,Post-Monsoon,1.0058137035759154,1.1861858034917803,1.0044663326779995,8,19.88888888888889,0.007414565384117521
MED00176,Cardiac/Antihypertensive,Summer,1.0173275371545265,0.6422836752899198,1.0213326812273142,8,10.76923076923077,0.010566296204584427
MED00176,Cardiac/Antihypertensive,Winter,0.9812762558213147,0.8991971454058876,0.9825186621549787,13,15.076923076923077,0.01491099036765368
MED00177,Blood Product/Coagulation,Monsoon,0.9720662632708182,1.18263266712612,0.9718336842204087,2,0.5238095238095238,0.0011033215018570945
MED00177,Blood Product/Coagulation,Post-Monsoon,1.0089336284259944,1.2543073742246726,1.0089168151188908,1,0.5555555555555556,6.851651980815818e-05
MED00177,Blood Product/Coagulation,Summer,0.9923582224307893,0.0,0.9923582224307893,0,0.0,0.0
MED00177,Blood Product/Coagulation,Winter,1.0143199799170715,1.5630599586492075,1.0141253057109363,4,0.6923076923076923,0.00035464003792284144
MED00178,Vaccine/Immunological,Monsoon,1.0255440428067655,1.3183098591549296,1.0196267929349472,9,2.0,0.019811132739142992
MED00178,Vaccine/Immunological,Post-Monsoon,0.9853850157848543,0.14647887323943662,0.9859731500821123,2,0.2222222222222222,0.0007005816638441146
MED00178,Vaccine/Immunological,Summer,1.0408132354929052,1.6225352112676057,1.0392774812945849,6,2.4615384615384617,0.002633062742934051
MED00178,Vaccine/Immunological,Winter,0.9706709302284857,0.9126760563380282,0.9707799584541481,4,1.3846153846153846,0.001876435517953002
MED00179,Antidote/Emergency,Monsoon,0.9928673745112574,0.724233983286908,0.9930545533265984,1,0.23809523809523808,0.000696296475055586
MED00179,Antidote/Emergency,Post-Monsoon,1.0238150023009664,0.0,1.0238150023009664,0,0.0,0.0
MED00179,Antidote/Emergency,Summer,0.9663639765824633,1.403899721448468,0.9662623961404448,2,0.46153846153846156,0.0002321110109769022
MED00179,Antidote/Emergency,Winter,1.009048362514634,1.8718662952646241,1.0088480464764162,2,0.6153846153846154,0.0002321110109769022
MED00180,General/Other,Monsoon,1.0414244396178147,0.5229315861648637,1.0482755935191403,11,1.0476190476190477,0.01304127163423676
MED00180,General/Other,Post-Monsoon,0.9543771563525748,0.942861496266951,0.9543854768211951,4,1.8888888888888888,0.0007220134207249588
MED00180,General/Other,Summer,0.9573912244644468,0.7679414901721774,0.9576297110882205,5,1.5384615384615385,0.0012572558413063734
MED00180,General/Other,Winter,1.0495272374651266,1.766265427396008,1.0478713613827257,11,3.5384615384615383,0.0023049690423950176
MED00181,General/Other,Monsoon,1.0429226637419562,0.9659442724458205,1.0482755935191403,20,3.619047619047619,0.0650169304634026
MED00181,General/Other,Post-Monsoon,0.9577680669178928,1.4531530063548965,0.9543854768211951,13,5.444444444444445,0.006781897169328842
MED00181,General/Other,Summer,0.9580996932741307,1.0060290043995437,0.9576297110882205,13,3.769230769230769,0.00971051752526786
MED00181,General/Other,Winter,1.044616611306249,0.5748737167997393,1.0478713613827257,8,2.1538461538461537,0.006881112651938064
MED00182,Blood Product/Coagulation,Monsoon,0.9714639342282902,0.3029126213592233,0.9718336842204087,1,0.14285714285714285,0.0005527557923455359
MED00182,Blood Product/Coagulation,Post-Monsoon,1.0089435556420114,1.4135922330097086,1.0089168151188908,1,0.6666666666666666,6.607894114249754e-05
MED00182,Blood Product/Coagulation,Summer,0.9923102454320566,0.4893203883495146,0.9923582224307893,1,0.23076923076923078,9.537453344905684e-05
MED00182,Blood Product/Coagulation,Winter,1.014268588537994,1.7941747572815534,1.0141253057109363,2,0.8461538461538461,0.000183684286642628
MED00183,Cardiac/Antihypertensive,Monsoon,0.9691248024497872,0.8455377323297713,0.9903529598100503,29,23.523809523809526,0.14658788118917984
MED00183,Cardiac/Antihypertensive,Post-Monsoon,1.000646073450969,0.7268657698975225,1.0044663326779995,12,20.22222222222222,0.013761712832158417
MED00183,Cardiac/Antihypertensive,Summer,1.0226563074857404,1.0644927695244784,1.0213326812273142,26,29.615384615384617,0.03066783017942124
MED00183,Cardiac/Antihypertensive,Winter,0.9948138695495415,1.363103728248228,0.9825186621549787,29,37.92307692307692,0.032306068971056985
MED00184,Hormone/Endocrine,Monsoon,1.0136852219907473,0.6134807359128784,1.0255357494678066,9,6.809523809523809,0.028759575996469892
MED00184,Hormone/Endocrine,Post-Monsoon,1.0368423091220296,1.591617853312433,1.0344276871444587,11,17.666666666666668,0.004333568903732151
MED00184,Hormone/Endocrine,Summer,0.9388634949429538,0.6860820064351125,0.9399942254222599,7,7.615384615384615,0.00445323381370322
MED00184,Hormone/Endocrine,Winter,0.9998637402344541,1.108819404339576,0.9992734202445724,9,12.307692307692308,0.00538878713590978
MED00185,Antiseptic/Disinfectant,Monsoon,1.3539893940312402,1.8702830188679245,1.3436709448398476,16,2.9047619047619047,0.01959402319142876
MED00185,Antiseptic/Disinfectant,Post-Monsoon,0.9035608573416933,1.2877358490566038,0.9031634141714151,5,2.0,0.0010334676493308555
MED00185,Antiseptic/Disinfectant,Summer,0.8850988690709162,0.3466981132075471,0.8856146181435395,3,0.5384615384615384,0.0009570110915131631
MED00185,Antiseptic/Disinfectant,Winter,0.9470957934623686,0.49528301886792453,0.9476531198860934,4,0.7692307692307693,0.0012320142787295891
MED00186,General/Other,Monsoon,1.0400008417940796,0.6723023371456986,1.0482755935191403,10,1.2380952380952381,0.022008883836252897
MED00186,General/Other,Post-Monsoon,0.9551880409134955,1.4480358030830431,0.9543854768211951,5,2.6666666666666665,0.001625774459378474
MED00186,General/Other,Summer,0.9569532558704993,0.6683242168075584,0.9576297110882205,5,1.2307692307692308,0.002338203840210945
MED00186,General/Other,Winter,1.0483730218348564,1.2113376429636995,1.0478713613827257,7,2.230769230769231,0.003068892540276866
MED00187,Antimalarial,Monsoon,1.2175325215213493,1.0434782608695652,1.2249965097782145,17,2.6666666666666665,0.041119767856627215
MED00187,Antimalarial,Post-Monsoon,0.9597238197185214,1.0,0.9596352144312306,5,2.5555555555555554,0.002195113538750776
MED00187,Antimalarial,Summer,0.8921275800449301,0.5719063545150502,0.8931401949855751,5,1.4615384615384615,0.003152267330122374
MED00187,Antimalarial,Winter,0.978999987515071,1.3846153846153846,0.9767961786702183,10,3.5384615384615383,0.005403886851638355
MED00188,General/Other,Monsoon,1.0580894141800423,1.154777927321669,1.0482755935191403,28,4.714285714285714,0.09214653154078623
MED00188,General/Other,Post-Monsoon,0.9590871132422841,1.4697173620457606,0.9543854768211951,15,6.0,0.009123511577476253
MED00188,General/Other,Summer,0.9542679859002877,0.6594885598923285,0.9576297110882205,12,2.6923076923076925,0.011275616178606517
MED00188,General/Other,Winter,1.0437297167529929,0.7160161507402423,1.0478713613827257,14,2.923076923076923,0.01248027602674824
MED00189,Antineoplastic (Oncology),Monsoon,1.0083300396870205,0.4635958395245171,1.0094630467147954,2,0.09523809523809523,0.0020756092559703807
MED00189,Antineoplastic (Oncology),Post-Monsoon,1.0575161962548214,0.5408618127786032,1.0575835901092465,1,0.1111111111111111,0.00013042580626916492
MED00189,Antineoplastic (Oncology),Summer,0.9397271837803969,1.49777117384844,0.939434604904632,3,0.3076923076923077,0.0005240188302877558
MED00189,Antineoplastic (Oncology),Winter,0.9855910740292192,1.49777117384844,0.9854054518065617,2,0.3076923076923077,0.00036228462340881886
MED00190,General/Other,Monsoon,1.0706321596411472,1.5176942721634439,1.0482755935191403,23,3.8095238095238093,0.04762606845252382
MED00190,General/Other,Post-Monsoon,0.9539932593794608,0.7967894928858081,0.9543854768211951,6,2.0,0.0024887527711060916
MED00190,General/Other,Summer,0.9573513528043677,0.8887267420649398,0.9576297110882205,7,2.230769230769231,0.004039859062659711
MED00190,General/Other,Winter,1.0466439303565407,0.7967894928858081,1.0478713613827257,9,2.0,0.004888568949773096
MED00191,NSAID,Monsoon,1.0369557225332393,1.0100502512562815,1.0519392325550556,82,12.761904761904763,0.3576957366173688
MED00191,NSAID,Post-Monsoon,0.9957470569171007,1.0904522613065326,0.989841463151568,42,13.777777777777779,0.05869741492793593
MED00191,NSAID,Summer,0.9301561935783997,0.8949555469655972,0.9333895430491082,46,11.307692307692308,0.08412732997325693
MED00191,NSAID,Winter,1.0301363237106995,1.0045419404715885,1.0326451224367872,55,12.692307692307692,0.08927098465912184
MED00192,Antineoplastic (Oncology),Monsoon,1.0081886171602827,0.46846846846846846,1.0094630467147954,2,0.09523809523809523,0.0023557159457007378
MED00192,Antineoplastic (Oncology),Post-Monsoon,1.0577500972685947,1.6396396396396395,1.0575835901092465,2,0.3333333333333333,0.00028606722579806263
MED00192,Antineoplastic (Oncology),Summer,0.939434604904632,0.0,0.939434604904632,0,0.0,0.0
MED00192,Antineoplastic (Oncology),Winter,0.9861017275017545,1.891891891891892,0.9854054518065617,4,0.38461538461538464,0.0007681038175565437
MED00193,Antineoplastic (Oncology),Monsoon,1.0094630467147954,0.0,1.0094630467147954,0,0.0,0.0
MED00193,Antineoplastic (Oncology),Post-Monsoon,1.0575835901092465,0.0,1.0575835901092465,0,0.0,0.0
MED00193,Antineoplastic (Oncology),Summer,0.939434604904632,0.0,0.939434604904632,0,0.0,0.0
MED00193,Antineoplastic (Oncology),Winter,0.9855309239845436,4.0,0.9854054518065617,1,0.07692307692307693,4.162157662532257e-05
MED00194,Antidiabetic,Monsoon,1.0433412820759473,1.0886789792753417,1.041970017811006,12,9.428571428571429,0.029357626929647114
MED00194,Antidiabetic,Post-Monsoon,1.0144669993834263,1.2059777245171295,1.0140356537699402,6,10.444444444444445,0.0022472697715883398
MED00194,Antidiabetic,Summer,0.9871400744852343,0.4352178203862963,0.9884132013007866,4,3.769230769230769,0.0023014053614252607
MED00194,Antidiabetic,Winter,0.9613164216178095,1.270125475821232,0.9601851751432037,7,11.0,0.003649885065385374
MED00195,Antidiabetic,Monsoon,1.0480933152126712,1.3261261261261261,1.041970017811006,10,8.761904761904763,0.021549061316938612
MED00195,Antidiabetic,Post-Monsoon,1.0137562455592106,0.25225225225225223,1.0140356537699402,1,1.6666666666666667,0.00036678169959197566
MED00195,Antidiabetic,Summer,0.9906579382522559,1.6066528066528065,0.9884132013007866,9,10.615384615384615,0.003630852718002642
MED00195,Antidiabetic,Winter,0.9599104347087932,0.814968814968815,0.9601851751432037,4,5.384615384615385,0.0018919385810281966
MED00196,Antidiabetic,Monsoon,1.0592686582263695,1.5401344970668192,1.041970017811006,14,13.142857142857142,0.03472475685381091
MED00196,Antidiabetic,Post-Monsoon,1.0149057008958748,1.4322506796394334,1.0140356537699402,5,12.222222222222221,0.0020803822725541173
MED00196,Antidiabetic,Summer,0.9870833637531867,0.45070825583059093,0.9884132013007866,4,3.8461538461538463,0.002473173361716063
MED00196,Antidiabetic,Winter,0.9594488487458036,0.5769065674631564,0.9601851751432037,3,4.923076923076923,0.001921125736333013
MED00197,Antidiabetic,Monsoon,1.0472440884720415,1.282429179781522,1.041970017811006,13,10.571428571428571,0.021933332120994947
MED00197,Antidiabetic,Post-Monsoon,1.013793620866161,0.7952601370116644,1.0140356537699402,4,6.555555555555555,0.001106307083011602
MED00197,Antidiabetic,Summer,0.9882171193232314,0.8865024995371227,0.9884132013007866,5,7.3076923076923075,0.0019240567885586933
MED00197,Antidiabetic,Winter,0.9603761477820448,1.0358081836696909,0.9601851751432037,7,8.538461538461538,0.002525324534983285
MED00198,General/Other,Monsoon,1.0442264637286018,0.8213984835720303,1.0482755935191403,7,1.1904761904761905,0.017847238055361706
MED00198,General/Other,Post-Monsoon,0.9556994614725169,1.5332771693344565,0.9543854768211951,7,2.2222222222222223,0.0022698281359284705
MED00198,General/Other,Summer,0.9568646788513063,0.2653748946925021,0.9576297110882205,2,0.38461538461538464,0.0011051309702651954
MED00198,General/Other,Winter,1.0490724188541358,1.3799494524010107,1.0478713613827257,8,2.0,0.0036167922663224573
MED00199,Respiratory,Monsoon,1.294696095200485,1.5801724137931035,1.28905993816121,9,2.238095238095238,0.01936075404202751
MED00199,Respiratory,Post-Monsoon,0.9175206312923002,0.6275862068965516,0.9178075777721271,3,0.8888888888888888,0.0009887158859499979
MED00199,Respiratory,Summer,0.8924808915328196,0.8689655172413793,0.8925143853654622,3,1.2307692307692308,0.001422311784421275
MED00199,Respiratory,Winter,0.9711218853311617,0.9232758620689655,0.9712906065871663,9,1.3076923076923077,0.003513946761511385
MED00200,General/Other,Monsoon,1.0423083067195258,0.4758031720211468,1.0482755935191403,6,0.7142857142857143,0.01042371051517185
MED00200,General/Other,Post-Monsoon,0.9539147551504815,0.29605530703538024,0.9543854768211951,3,0.4444444444444444,0.0007150236952785249
MED00200,General/Other,Summer,0.9600545988017762,1.9983733224888165,0.9576297110882205,8,3.0,0.0023299568568020505
MED00200,General/Other,Winter,1.0482951731654921,1.2297681984546565,1.0478713613827257,8,1.8461538461538463,0.0023299568568020505
MED00201,Vitamin/Supplement,Monsoon,1.1055807864449267,1.0360682538060693,1.1249502940005276,65,9.285714285714286,0.21792375054874596
MED00201,Vitamin/Supplement,Post-Monsoon,0.8897495823402674,1.041381424338408,0.8858300297316529,27,9.333333333333334,0.02519779792732393
MED00201,Vitamin/Supplement,Summer,1.1602818483263686,1.1758455093491365,1.1596329075962475,35,10.538461538461538,0.0400269333702425
MED00201,Vitamin/Supplement,Winter,0.8552459673770889,0.746704812506386,0.8589360481040362,23,6.6923076923076925,0.032879266696984905
MED00202,General/Other,Monsoon,1.0576516490131946,1.399103139013453,1.0482755935191403,11,2.0,0.026725539697413245
MED00202,General/Other,Post-Monsoon,0.9537878720584998,0.23318385650224213,0.9543854768211951,2,0.3333333333333333,0.0008286237105666288
MED00202,General/Other,Summer,0.9575149353223006,0.9147982062780269,0.9576297110882205,5,1.3076923076923077,0.0026797042604166173
MED00202,General/Other,Winter,1.0497320413083997,1.4529147982062782,1.0478713613827257,10,2.076923076923077,0.004593778732142772
MED00203,Antibiotic,Monsoon,1.2734179709194366,1.4551871927391906,1.263927056815394,22,3.5238095238095237,0.04962306472386965
MED00203,Antibiotic,Post-Monsoon,0.921241371395855,1.147107021303416,0.9207205605390987,5,2.7777777777777777,0.002300538888226747
MED00203,Antibiotic,Summer,0.8771537981386636,0.38119248707928904,0.8782090584558729,3,0.9230769230769231,0.002123189402491496
MED00203,Antibiotic,Winter,0.9751640900216817,1.016513298878104,0.974928644427989,10,2.4615384615384617,0.00566183840664399
MED00204,General/Other,Monsoon,1.0404428811733404,0.6516089108910891,1.0482755935191403,8,1.2857142857142858,0.019746332850305415
MED00204,General/Other,Post-Monsoon,0.953906929000549,0.619430693069307,0.9543854768211951,4,1.2222222222222223,0.0014286937934901956
MED00204,General/Other,Summer,0.9581931226984317,1.130569306930693,0.9576297110882205,7,2.230769230769231,0.0032578520116608584
MED00204,General/Other,Winter,1.0502139074103918,1.5983910891089108,1.0478713613827257,10,3.1538461538461537,0.00425515364788357
MED00205,General/Other,Monsoon,0.999652873809349,0.8876818622696411,1.0482755935191403,79,12.571428571428571,0.3027684787661534
MED00205,General/Other,Post-Monsoon,0.9499666660587328,0.8473326867119302,0.9543854768211951,33,12.0,0.04127693223083851
MED00205,General/Other,Summer,0.9676310211303543,1.1026188166828321,0.9576297110882205,53,15.615384615384615,0.06897973472639654
MED00205,General/Other,Winter,1.0563361240328835,1.1623666343355963,1.0478713613827257,67,16.46153846153846,0.07393111027074413
MED00206,Antifungal,Monsoon,1.2386053284995004,1.1451876019575857,1.2405246412709259,9,1.2857142857142858,0.020131868843936956
MED00206,Antifungal,Post-Monsoon,0.9520078362213995,1.4845024469820556,0.9513001862525761,4,1.6666666666666667,0.0013271698583109575
MED00206,Antifungal,Summer,0.850948837514754,0.4110929853181077,0.8516020133711154,3,0.46153846153846156,0.0014827751868069165
MED00206,Antifungal,Winter,1.0445553513014016,0.9592169657422511,1.04471856187911,4,1.0769230769230769,0.0019088600106020076
MED00207,General/Other,Monsoon,1.0435192951955143,0.8218390804597702,1.0482755935191403,10,1.5714285714285714,0.021004997203693174
MED00207,General/Other,Post-Monsoon,0.9545915047052668,1.045977011494253,0.9543854768211951,8,2.0,0.0022494205911827814
MED00207,General/Other,Summer,0.9566107747057758,0.5632183908045977,0.9576297110882205,6,1.0769230769230769,0.0025834359462907157
MED00207,General/Other,Winter,1.0501271783872157,1.5689655172413794,1.0478713613827257,12,3.0,0.004329000774865524
MED00208,General/Other,Monsoon,0.9918455236767201,0.8261612995155314,1.0482755935191403,74,10.619047619047619,0.254058704756315
MED00208,General/Other,Post-Monsoon,0.9570892810350022,1.03733257338273,0.9543854768211951,33,13.333333333333334,0.03259673124063273
MED00208,General/Other,Summer,0.9722339415478887,1.2208606440581362,0.9576297110882205,55,15.692307692307692,0.05548067734629538
MED00208,General/Other,Winter,1.0410117425113834,0.9156454830436022,1.0478713613827257,45,11.76923076923077,0.0518780359601723
MED00209,Vaccine/Immunological,Monsoon,1.030866576466292,1.2097712291585887,1.0196267929349472,17,2.857142857142857,0.05911181917584533
MED00209,Vaccine/Immunological,Post-Monsoon,0.9865213251492897,1.1291198138813492,0.9859731500821123,6,2.6666666666666665,0.0038294644990557753
MED00209,Vaccine/Immunological,Summer,1.0393016586456836,1.0422644435827841,1.0392774812945849,10,2.4615384615384617,0.008094294057277804
MED00209,Vaccine/Immunological,Winter,0.9691182348815299,0.618844513377278,0.9707799584541481,5,1.4615384615384615,0.004721671533412053
MED00210,Anesthetic,Monsoon,0.9390708594273202,1.258414464534075,0.9344489307611785,9,1.380952380952381,0.014266729587912561
MED00210,Anesthetic,Post-Monsoon,1.0069533958802441,0.7087621696801112,1.0071009929150054,2,0.7777777777777778,0.0004947295600379868
MED00210,Anesthetic,Summer,0.9919114920683042,0.3504867872044506,0.9925732085321588,3,0.38461538461538464,0.0010305722748135872
MED00210,Anesthetic,Winter,1.0478502198959827,1.6823365785813629,1.0466668068640645,6,1.8461538461538463,0.0018616789480503512
MED00211,General/Other,Monsoon,1.051942717329507,1.1502096284516408,1.0482755935191403,14,2.4285714285714284,0.035975460137480875
MED00211,General/Other,Post-Monsoon,0.9540404962640904,0.2631198496458002,0.9543854768211951,1,0.5555555555555556,0.0004990564314826958
MED00211,General/Other,Summer,0.9592209400696571,1.3479832297238687,0.9576297110882205,7,2.8461538461538463,0.004076379244635029
MED00211,General/Other,Winter,1.049087829989998,1.2386872921786902,1.0478713613827257,13,2.6153846153846154,0.006375089344993128
MED00212,Gastrointestinal,Monsoon,1.088372048316083,0.7334704672347929,1.1011190804939468,9,1.5238095238095237,0.03467178092924964
MED00212,Gastrointestinal,Post-Monsoon,0.9280419436628523,0.7487511019688511,0.9284752389141901,4,1.5555555555555556,0.002410890705624048
MED00212,Gastrointestinal,Summer,1.135411600202655,1.666176902732883,1.1305949513441962,14,3.4615384615384617,0.008993299430591172
MED00212,Gastrointestinal,Winter,0.8607266560409939,0.8516015280634734,0.8607769399760317,7,1.7692307692307692,0.005480291840516495
MED00213,Antiretroviral (ART Program),Monsoon,0.9912404929597628,0.8034334763948497,0.9915768945964315,2,1.4285714285714286,0.0017880064042859742
MED00213,Antiretroviral (ART Program),Post-Monsoon,1.0111766236801076,1.2497854077253219,1.011149905931759,1,2.2222222222222223,0.00011196049266676785
MED00213,Antiretroviral (ART Program),Summer,1.0279214068372815,1.5141630901287553,1.02777010959583,2,2.6923076923076925,0.0003110596729536205
MED00213,Antiretroviral (ART Program),Winter,0.9635477281807487,0.43261802575107294,0.9636334934199424,1,0.7692307692307693,0.00016151175326437986
MED00214,General/Other,Monsoon,1.089751151805617,1.2041753165112132,1.0482755935191403,76,12.571428571428571,0.2660399742248777
MED00214,General/Other,Post-Monsoon,0.9492295700243194,0.7769363468904418,0.9543854768211951,23,8.11111111111111,0.029055689362285295
MED00214,General/Other,Summer,0.9488434656584152,0.7810297944504546,0.9576297110882205,35,8.153846153846153,0.049752262611920145
MED00214,General/Other,Winter,1.058814274697835,1.2378585421478905,1.0478713613827257,52,12.923076923076923,0.05759816673439363
MED00215,General/Other,Monsoon,1.0439734305932662,0.9701492537313432,1.0482755935191403,19,2.380952380952381,0.05506674109601728
MED00215,General/Other,Post-Monsoon,0.9536074028498105,0.6791044776119403,0.9543854768211951,5,1.6666666666666667,0.002826471763832582
MED00215,General/Other,Summer,0.9595965802785892,1.2223880597014924,0.9576297110882205,11,3.0,0.007428922263152924
MED00215,General/Other,Winter,1.0484304652585077,1.1283582089552238,1.0478713613827257,10,2.769230769230769,0.0069465247135975395
MED00216,Antineoplastic (Oncology),Monsoon,1.0094448137292937,0.9454545454545453,1.0094630467147954,1,0.047619047619047616,0.0002848525608724389
MED00216,Antineoplastic (Oncology),Post-Monsoon,1.0575835901092465,0.0,1.0575835901092465,0,0.0,0.0
MED00216,Antineoplastic (Oncology),Summer,0.9395379572102197,3.0545454545454547,0.939434604904632,1,0.15384615384615385,4.886377733122172e-05
MED00216,Antineoplastic (Oncology),Winter,0.9854054518065617,0.0,0.9854054518065617,0,0.0,0.0
MED00217,Antineoplastic (Oncology),Monsoon,1.0095372769028401,1.0452261306532662,1.0094630467147954,2,0.19047619047619047,0.0020756092559703807
MED00217,Antineoplastic (Oncology),Post-Monsoon,1.0575835901092465,0.0,1.0575835901092465,0,0.0,0.0
MED00217,Antineoplastic (Oncology),Summer,0.9393372914270537,0.4221105527638191,0.939434604904632,1,0.07692307692307693,0.00018810932369304055
MED00217,Antineoplastic (Oncology),Winter,0.9864492303436054,2.5326633165829144,0.9854054518065617,4,0.46153846153846156,0.0006745989539336627
MED00218,General/Other,Monsoon,1.0832697964478717,1.3019236460491268,1.0482755935191403,44,6.714285714285714,0.13796361761773934
MED00218,General/Other,Post-Monsoon,0.9574904376631014,1.2065108020124296,0.9543854768211951,16,6.222222222222222,0.012315148585534518
MED00218,General/Other,Summer,0.9528012303608091,0.7159514649304528,0.9576297110882205,20,3.6923076923076925,0.01997896295663832
MED00218,General/Other,Winter,1.0434779853062808,0.7756140870079905,1.0478713613827257,14,4.0,0.016136854695746335
MED00219,Antiepileptic,Monsoon,0.9543081253127376,1.0052652259332022,0.9517495317344056,16,11.714285714285714,0.047810153948998214
MED00219,Antiepileptic,Post-Monsoon,1.0322904017755052,0.657917485265226,1.0331294240976752,4,7.666666666666667,0.002236129065564432
MED00219,Antiepileptic,Summer,0.9874128267246528,1.0891944990176816,0.9867321924807986,10,12.692307692307692,0.006642776908493703
MED00219,Antiepileptic,Winter,1.0132641021676196,1.2476227897838899,1.0116968991089281,10,14.538461538461538,0.006642776908493703
MED00220,General/Other,Monsoon,1.0507566668342194,1.1208685933258822,1.0482755935191403,17,2.142857142857143,0.034177859045420624
MED00220,General/Other,Post-Monsoon,0.9544354407471023,0.9880249081909627,0.9543854768211951,4,1.8888888888888888,0.0014852785517661202
MED00220,General/Other,Summer,0.958276112165884,1.0863803289158551,0.9576297110882205,12,2.076923076923077,0.00502056680247516
MED00220,General/Other,Winter,1.046958899017195,0.8047261695673,1.0478713613827257,8,1.5384615384615385,0.003752746902860221
MED00221,Antibiotic,Monsoon,1.2306364144891477,0.8213801356202634,1.263927056815394,19,3.142857142857143,0.0752251133876208
MED00221,Antibiotic,Post-Monsoon,0.9194681490913599,0.725967291583566,0.9207205605390987,9,2.7777777777777777,0.006430759568019398
MED00221,Antibiotic,Summer,0.8807464090312028,1.0654966094934184,0.8782090584558729,16,4.076923076923077,0.013547886985938794
MED00221,Antibiotic,Winter,0.9802952969500337,1.3871559633027524,0.974928644427989,15,5.3076923076923075,0.013018672650550562
MED00222,Reproductive/Hormonal Health,Monsoon,0.934622084402133,0.15967246673490276,0.9352025712768621,1,0.09523809523809523,0.0007485033415588569
MED00222,Reproductive/Hormonal Health,Post-Monsoon,0.9421102813177233,0.7451381780962129,0.9421443866252646,2,0.4444444444444444,0.00017311793265712414
MED00222,Reproductive/Hormonal Health,Summer,1.018267585298668,1.5475946775844422,1.018021257190964,4,0.9230769230769231,0.0004651443939935653
MED00222,Reproductive/Hormonal Health,Winter,1.1573428438178792,1.5475946775844422,1.1572453346429072,2,0.9230769230769231,0.0002497997671446925
MED00223,Hormone/Endocrine,Monsoon,1.02030598477568,0.8945794300121116,1.0255357494678066,13,11.047619047619047,0.039935183837356274
MED00223,Hormone/Endocrine,Post-Monsoon,1.036091140141212,1.52952517487703,1.0344276871444587,7,18.88888888888889,0.003359849399300528
MED00223,Hormone/Endocrine,Summer,0.9390988270219987,0.7723756086709346,0.9399942254222599,8,9.538461538461538,0.005341879187498505
MED00223,Hormone/Endocrine,Winter,0.9980409972211495,0.8035197864399239,0.9992734202445724,10,9.923076923076923,0.006295786185266096
MED00224,General/Other,Monsoon,1.0411874416477427,0.6711956521739131,1.0482755935191403,8,0.9047619047619048,0.01879747791969738
MED00224,General/Other,Post-Monsoon,0.9544220475029609,0.9891304347826088,0.9543854768211951,3,1.3333333333333333,0.0010525464387204783
MED00224,General/Other,Summer,0.9573517461827755,0.8559782608695652,0.9576297110882205,6,1.1538461538461537,0.002734490308274325
MED00224,General/Other,Winter,1.0492182954136817,1.483695652173913,1.0478713613827257,7,2.0,0.0030905437338308774
MED00225,General/Other,Monsoon,1.082841872257978,1.3557358053302433,1.0482755935191403,31,5.714285714285714,0.11242520954247745
MED00225,General/Other,Post-Monsoon,0.9513616176620493,0.5272305909617613,0.9543854768211951,8,2.2222222222222223,0.0070790695816620175
MED00225,General/Other,Summer,0.9553185968680616,0.8030127462340672,0.9576297110882205,14,3.3846153846153846,0.014947352137838373
MED00225,General/Other,Winter,1.0530587801447182,1.314020857473928,1.0478713613827257,22,5.538461538461538,0.019490620264840917
MED00226,Antibiotic,Monsoon,1.26704434929299,1.3331495520330807,1.263927056815394,18,2.9523809523809526,0.04503294005500519
MED00226,Antibiotic,Post-Monsoon,0.9212176299110203,1.103790489317712,0.9207205605390987,6,2.4444444444444446,0.0027151885360850244
MED00226,Antibiotic,Summer,0.8771268050107719,0.5557546519641626,0.8782090584558729,5,1.2307692307692308,0.0033562991334988865
MED00226,Antibiotic,Winter,0.9751149285939529,1.0073053066850448,0.974928644427989,10,2.230769230769231,0.0057536556574266625
MED00227,Neuro/Psychiatric,Monsoon,1.0837312956001457,1.3606313798892384,1.0563104535157373,26,21.523809523809526,0.09010501647446363
MED00227,Neuro/Psychiatric,Post-Monsoon,0.9836647118456834,0.9131080794241939,0.984048218776047,7,14.444444444444445,0.005406063955717755
MED00227,Neuro/Psychiatric,Summer,0.948049673371548,0.9530903266889219,0.9479820344320362,15,15.076923076923077,0.0132410081707113
MED00227,Neuro/Psychiatric,Winter,1.0193560653730795,0.7731702139976457,1.0220411260830145,11,12.23076923076923,0.010788969620579576
MED00228,Gastrointestinal,Monsoon,1.1140617687796637,1.8067662298079854,1.1011190804939468,10,1.8095238095238095,0.018341586582328668
MED00228,Gastrointestinal,Post-Monsoon,0.928440007626085,0.8875342883267296,0.9284752389141901,3,0.8888888888888888,0.0008605390837199328
MED00228,Gastrointestinal,Summer,1.1297484796174526,0.6912526668698568,1.1305949513441962,5,0.6923076923076923,0.0019266793947601908
MED00228,Gastrointestinal,Winter,0.8604718405056759,0.6144468149954283,0.8607769399760317,3,0.6153846153846154,0.0012385796109172658
MED00229,Antiretroviral (ART Program),Monsoon,0.9918309197045074,1.8086956521739133,0.9915768945964315,1,0.9523809523809523,0.00031087905609831405
MED00229,Antiretroviral (ART Program),Post-Monsoon,1.011149905931759,0.0,1.011149905931759,0,0.0,0.0
MED00229,Antiretroviral (ART Program),Summer,1.02777010959583,0.0,1.02777010959583,0,0.0,0.0
MED00229,Antiretroviral (ART Program),Winter,0.9636990001127096,2.191304347826087,0.9636334934199424,1,1.1538461538461537,5.335851424025558e-05
MED00230,Neuro/Psychiatric,Monsoon,1.043858156195637,0.8331260516497183,1.0563104535157373,17,13.904761904761905,0.05579376164278477
MED00230,Neuro/Psychiatric,Post-Monsoon,0.9851855571635314,1.1850171921866999,0.984048218776047,11,19.77777777777778,0.005659273509649579
MED00230,Neuro/Psychiatric,Summer,0.9490028652901794,1.0738898236886385,0.9479820344320362,11,17.923076923076923,0.008107765724189888
MED00230,Neuro/Psychiatric,Winter,1.0210594280152934,0.9079669324749432,1.0220411260830145,12,15.153846153846153,0.00860578573181826
MED00231,General/Other,Monsoon,1.04672176443599,0.8330097087378642,1.0482755935191403,5,0.5238095238095238,0.007218185476668121
MED00231,General/Other,Post-Monsoon,0.9542626268379785,0.35339805825242715,0.9543854768211951,1,0.2222222222222222,0.00020441356910476136
MED00231,General/Other,Summer,0.9582980437786955,1.5902912621359224,0.9576297110882205,4,1.0,0.0010563826573121975
MED00231,General/Other,Winter,1.0480566821797712,1.2233009708737865,1.0478713613827257,4,0.7692307692307693,0.0010563826573121975
MED00232,General/Other,Monsoon,1.0208675684363708,0.5247225025227042,1.0482755935191403,13,1.9047619047619047,0.05235003966953212
MED00232,General/Other,Post-Monsoon,0.9551322237211965,1.101917255297679,0.9543854768211951,8,4.0,0.0050616003393494854
MED00232,General/Other,Summer,0.9606563420338611,1.2078708375378406,0.9576297110882205,17,4.384615384615385,0.012094858221675603
MED00232,General/Other,Winter,1.0491330103296745,1.1654894046417759,1.0478713613827257,14,4.230769230769231,0.010726661590264336
MED00233,Vaccine/Immunological,Monsoon,1.0186542217120307,0.5360824742268041,1.0196267929349472,2,0.23809523809523808,0.0020113383309203884
MED00233,Vaccine/Immunological,Post-Monsoon,0.9859731500821123,0.0,0.9859731500821123,0,0.0,0.0
MED00233,Vaccine/Immunological,Summer,1.0414999729287704,3.463917525773196,1.0392774812945849,6,1.5384615384615385,0.0009166274553810756
MED00233,Vaccine/Immunological,Winter,0.9707799584541481,0.0,0.9707799584541481,0,0.0,0.0
MED00234,General/Other,Monsoon,1.0613565581763376,1.9259259259259263,1.0482755935191403,9,2.1904761904761907,0.014904528801721342
MED00234,General/Other,Post-Monsoon,0.9542864355590328,0.5861513687600644,0.9543854768211951,1,0.6666666666666666,0.00026896276035869796
MED00234,General/Other,Summer,0.9571676472604607,0.3381642512077295,0.9576297110882205,2,0.38461538461538464,0.0007459073308929786
MED00234,General/Other,Winter,1.048069937662734,1.1497584541062802,1.0478713613827257,6,1.3076923076923077,0.001948983671042944
MED00235,Hormone/Endocrine,Monsoon,1.0407949557427665,1.0615815549742185,1.0255357494678066,92,77.04761904761905,0.42332820866620763
MED00235,Hormone/Endocrine,Post-Monsoon,1.031509886053399,0.9935651018228007,1.0344276871444587,36,72.11111111111111,0.07140520033403223
MED00235,Hormone/Endocrine,Summer,0.940820674694939,0.9475198304215069,0.9399942254222599,49,68.76923076923077,0.10981831663525009
MED00235,Hormone/Endocrine,Winter,0.9990575225426325,0.9973335127814743,0.9992734202445724,51,72.38461538461539,0.11129278382960092
MED00236,NSAID,Monsoon,1.0588270978374472,1.2423679320414125,1.0519392325550556,16,2.857142857142857,0.036170310992882516
MED00236,NSAID,Post-Monsoon,0.9891946838636658,0.4831430846827715,0.989841463151568,3,1.1111111111111112,0.001276458175881061
MED00236,NSAID,Summer,0.9334013935684962,0.9365542872312185,0.9333895430491082,7,2.1538461538461537,0.0037445425936874443
MED00236,NSAID,Winter,1.0345210934099698,1.337934696044598,1.0326451224367872,14,3.076923076923077,0.006144890410153755
MED00237,Antimalarial,Monsoon,1.2627737399891454,1.5163261742622665,1.2249965097782145,54,7.9523809523809526,0.129671759578053
MED00237,Antimalarial,Post-Monsoon,0.9585393734218189,0.8262615680111751,0.9596352144312306,11,4.333333333333333,0.00821632338041023
MED00237,Antimalarial,Summer,0.8989657188445838,1.2173913043478262,0.8931401949855751,22,6.384615384615385,0.01796608767342867
MED00237,Antimalarial,Winter,0.9697479349938423,0.44002095337873226,0.9767961786702183,13,2.3076923076923075,0.013130717187158992
MED00238,General/Other,Monsoon,1.0521793076103554,1.187214611872146,1.0482755935191403,14,1.9047619047619047,0.028096600490560092
MED00238,General/Other,Post-Monsoon,0.9538125695184404,0.4155251141552511,0.9543854768211951,3,0.6666666666666666,0.0010631832334452864
MED00238,General/Other,Summer,0.9581778562503446,1.1027397260273972,0.9576297110882205,9,1.7692307692307692,0.0037774454254852173
MED00238,General/Other,Winter,1.0485526072023026,1.2945205479452055,1.0478713613827257,6,2.076923076923077,0.0027620031068063956
MED00239,General/Other,Monsoon,1.033182340053349,0.897841726618705,1.0482755935191403,31,3.8095238095238093,0.10033148636523977
MED00239,General/Other,Post-Monsoon,0.9539539420179591,0.8903597122302158,0.9543854768211951,9,3.7777777777777777,0.0067400179598442736
MED00239,General/Other,Summer,0.9582680396687493,0.9971223021582734,0.9576297110882205,20,4.230769230769231,0.016163248934377962
MED00239,General/Other,Winter,1.0502386766755947,1.2146762589928057,1.0478713613827257,16,5.153846153846154,0.01419212101555138
MED00240,Antibiotic,Monsoon,1.2635620353048678,1.261174584084987,1.263927056815394,40,5.761904761904762,0.13261584992057146
MED00240,Antibiotic,Post-Monsoon,0.9196603983346608,0.8025656444177189,0.9207205605390987,10,3.6666666666666665,0.008972645736964296
MED00240,Antibiotic,Summer,0.8804340791937634,0.9933854479855683,0.8782090584558729,19,4.538461538461538,0.019318375467193605
MED00240,Antibiotic,Winter,0.9742739815402441,0.9428743235117258,0.974928644427989,21,4.3076923076923075,0.02042354568842894
MED00241,General/Other,Monsoon,1.044723363471036,0.9880365939479241,1.0482755935191403,22,3.0,0.05896894160575911
MED00241,General/Other,Post-Monsoon,0.9547764240165714,1.0612244897959184,0.9543854768211951,7,3.2222222222222223,0.003659217588136869
MED00241,General/Other,Summer,0.9554921821158142,0.7093596059113301,0.9576297110882205,14,2.1538461538461537,0.008609691331476547
MED00241,General/Other,Winter,1.0493765900634813,1.2413793103448276,1.0478713613827257,12,3.769230769230769,0.0077786400446544866
MED00242,Antidiabetic,Monsoon,1.0451835577901716,1.107300139889125,1.041970017811006,14,13.047619047619047,0.04918925415940489
MED00242,Antidiabetic,Post-Monsoon,1.0133528255115423,0.7449354955701777,1.0140356537699402,4,8.777777777777779,0.0025374502303010553
MED00242,Antidiabetic,Summer,0.9893972985447742,1.1424278534790944,0.9884132013007866,8,13.461538461538462,0.006389633908651079
MED00242,Antidiabetic,Winter,0.9605001922409262,1.005336511061603,0.9601851751432037,9,11.846153846153847,0.006976916437019745
MED00243,Antineoplastic (Oncology),Monsoon,1.0130224696735541,4.0,1.0094630467147954,3,0.19047619047619047,0.001190228716233909
MED00243,Antineoplastic (Oncology),Post-Monsoon,1.0575835901092465,0.0,1.0575835901092465,0,0.0,0.0
MED00243,Antineoplastic (Oncology),Summer,0.939434604904632,0.0,0.939434604904632,0,0.0,0.0
MED00243,Antineoplastic (Oncology),Winter,0.9854054518065617,0.0,0.9854054518065617,0,0.0,0.0
MED00244,General/Other,Monsoon,1.0539458765416405,1.2,1.0482755935191403,15,2.380952380952381,0.03737225377260227
MED00244,General/Other,Post-Monsoon,0.9540192543208882,0.784,0.9543854768211951,5,1.5555555555555556,0.002149376268091727
MED00244,General/Other,Summer,0.9585521948194159,1.163076923076923,0.9576297110882205,8,2.3076923076923075,0.004490125333246679
MED00244,General/Other,Winter,1.0470815017917197,0.8529230769230769,1.0478713613827257,7,1.6923076923076923,0.004051636531171808
MED00245,Hormone/Endocrine,Monsoon,1.0699153566097876,1.172775388031003,1.0255357494678066,78,72.23809523809524,0.30141073134278984
MED00245,Hormone/Endocrine,Post-Monsoon,1.032187774753502,0.9776993676531806,1.0344276871444587,30,60.22222222222222,0.03948490649896858
MED00245,Hormone/Endocrine,Summer,0.9328444361610168,0.8229825361270244,0.9399942254222599,38,50.69230769230769,0.06110320519519411
MED00245,Hormone/Endocrine,Winter,1.001063177886854,1.0265427081887923,0.9992734202445724,46,63.23076923076923,0.06563272374190976
MED00246,General/Other,Monsoon,1.054980216134707,1.0925538641116677,1.0482755935191403,42,6.857142857142857,0.1514201554362017
MED00246,General/Other,Post-Monsoon,0.9532407402145165,0.8851709547201011,0.9543854768211951,21,5.555555555555555,0.0165389656957617
MED00246,General/Other,Summer,0.9625431580235769,1.1275716161665288,0.9576297110882205,32,7.076923076923077,0.02891250944310866
MED00246,General/Other,Winter,1.0438499240895864,0.8947035650017022,1.0478713613827257,26,5.615384615384615,0.026255109678117054
MED00247,General/Other,Monsoon,1.0345384416769494,0.9964925321130751,1.0482755935191403,80,13.095238095238095,0.2652827289307751
MED00247,General/Other,Post-Monsoon,0.9550137502346623,0.9723351373951825,0.9543854768211951,36,12.777777777777779,0.03500196624206159
MED00247,General/Other,Summer,0.9603476530230934,1.006805881396483,0.9576297110882205,49,13.23076923076923,0.05526949166304325
MED00247,General/Other,Winter,1.0465634193830695,1.024366449095259,1.0478713613827257,50,13.461538461538462,0.05564547459952654
MED00248,Gastrointestinal,Monsoon,1.1032273990520043,1.165991902834008,1.1011190804939468,11,2.2857142857142856,0.03249925750117261
MED00248,Gastrointestinal,Post-Monsoon,0.9275177680467194,0.2834008097165992,0.9284752389141901,3,0.5555555555555556,0.0014842796801940409
MED00248,Gastrointestinal,Summer,1.1302520998227927,1.0594830270943632,1.1305949513441962,8,2.076923076923077,0.004821294389374869
MED00248,Gastrointestinal,Winter,0.8643587246178289,1.4911242603550294,0.8607769399760317,10,2.923076923076923,0.005682239816048953
MED00249,Cardiac/Antihypertensive,Monsoon,1.0246365883234545,1.2200189731368147,0.9903529598100503,37,32.19047619047619,0.14927602049949854
MED00249,Cardiac/Antihypertensive,Post-Monsoon,1.0011261508909477,0.7158888451838312,1.0044663326779995,11,18.88888888888889,0.011574644356550236
MED00249,Cardiac/Antihypertensive,Summer,1.0237320712720352,1.1165922395242833,1.0213326812273142,22,29.46153846153846,0.025187919066776174
MED00249,Cardiac/Antihypertensive,Winter,0.9817559382378157,0.9474999421550707,0.9825186621549787,17,25.0,0.021780462483067274
MED00250,Antibiotic,Monsoon,1.3370325188968128,1.5854729729729728,1.263927056815394,104,17.19047619047619,0.2273562138652455
MED00250,Antibiotic,Post-Monsoon,0.9214770564131075,0.9530405405405405,0.9207205605390987,28,10.333333333333334,0.02340644622846714
MED00250,Antibiotic,Summer,0.8710915916452745,0.6881756756756756,0.8782090584558729,37,7.461538461538462,0.03745377105048359
MED00250,Antibiotic,Winter,0.9673772962479967,0.7733108108108108,0.974928644427989,37,8.384615384615385,0.03745377105048359
MED00251,General/Other,Monsoon,1.0557251411945494,1.3,1.0482755935191403,11,2.0,0.029594061932868343
MED00251,General/Other,Post-Monsoon,0.9553304583542093,1.3,0.9543854768211951,7,2.0,0.0027342066656301936
MED00251,General/Other,Summer,0.9565606659789956,0.65,0.9576297110882205,6,1.0,0.0034751035764498846
MED00251,General/Other,Winter,1.0468362275494627,0.75,1.0478713613827257,6,1.1538461538461537,0.0034751035764498846
MED00252,Reproductive/Hormonal Health,Monsoon,0.9360531389316067,1.9259259259259258,0.9352025712768621,2,0.2857142857142857,0.0008585319511781046
MED00252,Reproductive/Hormonal Health,Post-Monsoon,0.9421443866252646,0.0,0.9421443866252646,0,0.0,0.0
MED00252,Reproductive/Hormonal Health,Summer,1.018177330373288,2.0740740740740744,1.018021257190964,2,0.3076923076923077,0.00014778918234859743
MED00252,Reproductive/Hormonal Health,Winter,1.1572453346429072,0.0,1.1572453346429072,0,0.0,0.0
MED00253,General/Other,Monsoon,1.0501365465775716,1.0655111633372503,1.0482755935191403,32,4.428571428571429,0.10797165849868309
MED00253,General/Other,Post-Monsoon,0.9562388114359133,1.1762632197414806,0.9543854768211951,11,4.888888888888889,0.008352954155406104
MED00253,General/Other,Summer,0.958265831126235,0.999412455934195,0.9576297110882205,16,4.153846153846154,0.015224467429305243
MED00253,General/Other,Winter,1.0431507817578163,0.758813160987074,1.0478713613827257,18,3.1538461538461537,0.01633089674829545
MED00254,Reproductive/Hormonal Health,Monsoon,0.9362917177651338,1.9904306220095693,0.9352025712768621,2,0.38095238095238093,0.001032143229622571
MED00254,Reproductive/Hormonal Health,Post-Monsoon,0.9421443866252646,0.0,0.9421443866252646,0,0.0,0.0
MED00254,Reproductive/Hormonal Health,Summer,1.0179643068454984,0.40191387559808617,1.018021257190964,1,0.07692307692307693,9.243574605160798e-05
MED00254,Reproductive/Hormonal Health,Winter,1.157325518642686,1.6076555023923447,1.1572453346429072,2,0.3076923076923077,0.00017802439980309684
MED00255,Respiratory,Monsoon,1.2674922192632527,1.1483982332334874,1.28905993816121,48,6.904761904761905,0.1533304242902467
MED00255,Respiratory,Post-Monsoon,0.9194494724693995,1.0348784078793725,0.9178075777721271,17,6.222222222222222,0.014024797601317415
MED00255,Respiratory,Summer,0.8929338739100628,0.9083616794435702,0.8925143853654622,29,5.461538461538462,0.026470673323349344
MED00255,Respiratory,Winter,0.9699120374232985,0.9083616794435702,0.9712906065871663,20,5.461538461538462,0.021906764129668424
MED00256,Analgesic/Antipyretic,Monsoon,1.0601666865076524,0.849047542820554,1.0650624809380167,13,1.619047619047619,0.0226641475493794
MED00256,Analgesic/Antipyretic,Post-Monsoon,0.9394548255327284,1.4566992156234992,0.9386221024626731,6,2.7777777777777777,0.001607334215122604
MED00256,Analgesic/Antipyretic,Summer,0.9737990339907876,0.6857691692012167,0.9744668399944317,6,1.3076923076923077,0.0023131672722170927
MED00256,Analgesic/Antipyretic,Winter,1.0442635118679433,1.0084840723547304,1.0443572974259112,7,1.9230769230769231,0.0026143609274536933
MED00257,Antibiotic,Monsoon,1.2498982441876216,1.1665004985044864,1.263927056815394,41,5.714285714285714,0.1439937207163126
MED00257,Antibiotic,Post-Monsoon,0.9177192837627525,0.6350947158524426,0.9207205605390987,11,3.111111111111111,0.010507721315060817
MED00257,Antibiotic,Summer,0.8790945084344923,0.926470588235294,0.8782090584558729,15,4.538461538461538,0.01834691073130691
MED00257,Antibiotic,Winter,0.9826054123415605,1.2719341974077767,0.974928644427989,28,6.230769230769231,0.025847220149765707
MED00258,General/Other,Monsoon,1.0501668045834236,1.1309811503141616,1.0482755935191403,13,2.857142857142857,0.022866795624995155
MED00258,General/Other,Post-Monsoon,0.9538360151632588,0.6157564040599324,0.9543854768211951,6,1.5555555555555556,0.0016226062737494204
MED00258,General/Other,Summer,0.9585578816849765,1.3093281778637023,0.9576297110882205,7,3.3076923076923075,0.0026391090221854724
MED00258,General/Other,Winter,1.0475970600612121,0.943934267762204,1.0478713613827257,7,2.3846153846153846,0.0026391090221854724
MED00259,General/Other,Monsoon,1.0543145548239696,1.227837613918807,1.0482755935191403,17,2.7142857142857144,0.033631618152813944
MED00259,General/Other,Post-Monsoon,0.954031931009442,0.7539353769676884,0.9543854768211951,5,1.6666666666666667,0.0017637597188104638
MED00259,General/Other,Summer,0.9585896574632302,1.2178956089478046,0.9576297110882205,8,2.6923076923076925,0.0036883294465554217
MED00259,General/Other,Winter,1.0471424268352465,0.8003314001657,1.0478713613827257,6,1.7692307692307692,0.0029447146387821515
MED00260,Antidote/Emergency,Monsoon,0.9963043979595482,1.7092768444119795,0.9930545533265984,4,0.7142857142857143,0.0045374804350543346
MED00260,Antidote/Emergency,Post-Monsoon,1.0236984330948262,0.2658875091307524,1.0238150023009664,1,0.1111111111111111,0.0001537999441775952
MED00260,Antidote/Emergency,Summer,0.9665751979473877,1.472607742878013,0.9662623961404448,3,0.6153846153846154,0.0006177637633253258
MED00260,Antidote/Emergency,Winter,1.0086530258694826,0.552227903579255,1.0088480464764162,2,0.23076923076923078,0.0004270959351384968
MED00261,Antidote/Emergency,Monsoon,0.9907798356216744,0.36111111111111105,0.9930545533265984,3,0.3333333333333333,0.0035995590000099517
MED00261,Antidote/Emergency,Post-Monsoon,1.0243474170860398,1.8055555555555556,1.0238150023009664,5,1.6666666666666667,0.0006810632796991969
MED00261,Antidote/Emergency,Summer,0.9662407509188683,0.9166666666666666,0.9662623961404448,2,0.8461538461538461,0.00043643317290132614
MED00261,Antidote/Emergency,Winter,1.0088078154643434,0.9166666666666666,1.0088480464764162,2,0.8461538461538461,0.00043643317290132614
MED00262,Antibiotic,Monsoon,1.2416002711786893,0.9410877556791403,1.263927056815394,25,3.0476190476190474,0.06915758260572381
MED00262,Antibiotic,Post-Monsoon,0.9214239081822054,1.0636252238665285,0.9207205605390987,9,3.4444444444444446,0.004921796299223725
MED00262,Antibiotic,Summer,0.8815455758227363,1.1876708455085305,0.8782090584558729,17,3.8461538461538463,0.010781678082585473
MED00262,Antibiotic,Winter,0.9733287973678476,0.8076161749458007,0.974928644427989,14,2.6153846153846154,0.009562031240664038
MED00263,General/Other,Monsoon,1.0523414921614325,1.1053440327812873,1.0482755935191403,27,3.9523809523809526,0.0712460108399877
MED00263,General/Other,Post-Monsoon,0.9551353908898792,1.0875875021341983,0.9543854768211951,11,3.888888888888889,0.00562989989770721
MED00263,General/Other,Summer,0.9567982121444235,0.8605087928973878,0.9576297110882205,12,3.076923076923077,0.008561481494266178
MED00263,General/Other,Winter,1.0470039832305247,0.9465596721871264,1.0478713613827257,12,3.3846153846153846,0.008561481494266178
MED00264,Antiretroviral (ART Program),Monsoon,0.9915768945964315,1.0,0.9915768945964315,0,0.0,0.0
MED00264,Antiretroviral (ART Program),Post-Monsoon,1.011149905931759,1.0,1.011149905931759,0,0.0,0.0
MED00264,Antiretroviral (ART Program),Summer,1.02777010959583,1.0,1.02777010959583,0,0.0,0.0
MED00264,Antiretroviral (ART Program),Winter,0.9636334934199424,1.0,0.9636334934199424,0,0.0,0.0
MED00265,General/Other,Monsoon,1.0646404115761643,1.1199405867062755,1.0482755935191403,50,8.285714285714286,0.22835163068098424
MED00265,General/Other,Post-Monsoon,0.9579088968702254,1.0813219457853693,0.9543854768211951,23,8.0,0.027757350411446582
MED00265,General/Other,Summer,0.954492050623284,0.8733754177497215,0.9576297110882205,21,6.461538461538462,0.037240362960859856
MED00265,General/Other,Winter,1.0420417670320465,0.9253620497586335,1.0478713613827257,35,6.846153846153846,0.04758490822776537
MED00266,Cardiac/Antihypertensive,Monsoon,0.974892947111427,0.5904726735598228,0.9903529598100503,9,7.809523809523809,0.03866160256009494
MED00266,Cardiac/Antihypertensive,Post-Monsoon,1.0039655414841329,0.8737075332348597,1.0044663326779995,6,11.555555555555555,0.0038298852237810647
MED00266,Cardiac/Antihypertensive,Summer,1.0192711553898406,0.7211964549483013,1.0213326812273142,8,9.538461538461538,0.0068686338301503225
MED00266,Cardiac/Antihypertensive,Winter,0.991719098098419,1.8146233382570163,0.9825186621549787,16,24.0,0.01105682518999808
MED00267,General/Other,Monsoon,1.0452488838333027,1.0276900005355898,1.0482755935191403,37,5.857142857142857,0.14703048332181393
MED00267,General/Other,Post-Monsoon,0.9502732306455766,0.44839590809276414,0.9543854768211951,7,2.5555555555555554,0.008127136268743255
MED00267,General/Other,Summer,0.9677535116907219,1.309196079481549,0.9576297110882205,30,7.461538461538462,0.02879627152269303
MED00267,General/Other,Winter,1.0525248359953168,1.2147180118900969,1.0478713613827257,28,6.923076923076923,0.027890728393048594
MED00268,General/Other,Monsoon,1.0462607283586463,1.000377216144851,1.0482755935191403,14,2.4285714285714284,0.042065415802071834
MED00268,General/Other,Post-Monsoon,0.9536968673869172,0.6865333836288194,0.9543854768211951,5,1.6666666666666667,0.0025708570206444746
MED00268,General/Other,Summer,0.9580971371413537,1.013956997359487,0.9576297110882205,15,2.4615384615384617,0.00829839468711733
MED00268,General/Other,Winter,1.0494599810335687,1.2991324028668427,1.0478713613827257,10,3.1538461538461537,0.006322586428279871
MED00269,General/Other,Monsoon,1.0382036846731522,0.714107365792759,1.0482755935191403,11,1.5714285714285714,0.03014023479884849
MED00269,General/Other,Post-Monsoon,0.9557657541046393,1.3632958801498127,0.9543854768211951,9,3.0,0.0033755005306991713
MED00269,General/Other,Summer,0.9587490965393608,1.188514357053683,0.9576297110882205,9,2.6153846153846154,0.004848245523038399
MED00269,General/Other,Winter,1.0463500354409965,0.7340823970037452,1.0478713613827257,9,1.6153846153846154,0.004848245523038399
MED00270,General/Other,Monsoon,1.0537879778793762,1.147058823529412,1.0482755935191403,20,2.6666666666666665,0.055802835761318746
MED00270,General/Other,Post-Monsoon,0.9548527749205213,1.099264705882353,0.9543854768211951,6,2.5555555555555554,0.003225431984656767
MED00270,General/Other,Summer,0.9570658889378832,0.8602941176470589,0.9576297110882205,8,2.0,0.0057925588205103105
MED00270,General/Other,Winter,1.0470638659904283,0.8933823529411766,1.0478713613827257,7,2.076923076923077,0.00522687924819485
MED00271,Antifungal,Monsoon,1.2544167658333432,1.7326022775200336,1.2405246412709259,16,3.761904761904762,0.028231570669032823
MED00271,Antifungal,Post-Monsoon,0.9508206377859942,0.46056516237874306,0.9513001862525761,3,1.0,0.0009772044856229127
MED00271,Antifungal,Summer,0.8511914573506973,0.7085617882749894,0.8516020133711154,7,1.5384615384615385,0.0028702137468125657
MED00271,Antifungal,Winter,1.0449193211139343,1.0982707718262334,1.04471856187911,10,2.3846153846153846,0.003748850608081719
MED00272,Gastrointestinal,Monsoon,1.0855822369728843,0.9429012345679012,1.1011190804939468,33,4.476190476190476,0.09819905858359936
MED00272,Gastrointestinal,Post-Monsoon,0.9271287854638667,0.7723765432098765,0.9284752389141901,14,3.6666666666666665,0.008625654713182178
MED00272,Gastrointestinal,Summer,1.1282553717841843,0.9560185185185185,1.1305949513441962,16,4.538461538461538,0.013401462741240181
MED00272,Gastrointestinal,Winter,0.8684767597854212,1.3287037037037037,0.8607769399760317,23,6.3076923076923075,0.016455181464830066
MED00273,Gastrointestinal,Monsoon,1.1677381441768657,1.91226826056124,1.1011190804939468,31,5.761904761904762,0.08212923753111866
MED00273,Gastrointestinal,Post-Monsoon,0.9280181783712794,0.8112653226623443,0.9284752389141901,6,2.4444444444444446,0.0038995040481786913
MED00273,Gastrointestinal,Summer,1.1269736589976045,0.6127038800526796,1.1305949513441962,8,1.8461538461538463,0.006992382273671894
MED00273,Gastrointestinal,Winter,0.8591533399513295,0.6637625367237362,0.8607769399760317,10,2.0,0.008241021965399017
MED00274,Vaccine/Immunological,Monsoon,1.0189016343182307,0.5284552845528455,1.0196267929349472,3,0.23809523809523808,0.00147638575190402
MED00274,Vaccine/Immunological,Post-Monsoon,0.9862138150843857,2.9593495934959346,0.9859731500821123,2,1.3333333333333333,0.00012195595172761701
MED00274,Vaccine/Immunological,Summer,1.039198096138675,0.17073170731707318,1.0392774812945849,1,0.07692307692307693,9.14000830909847e-05
MED00274,Vaccine/Immunological,Winter,0.9707224388697524,0.34146341463414637,0.9707799584541481,1,0.15384615384615385,9.14000830909847e-05
MED00275,Gastrointestinal,Monsoon,1.1095426666361246,1.1424348293469497,1.1011190804939468,64,10.380952380952381,0.20388317714264348
MED00275,Gastrointestinal,Post-Monsoon,0.9294888367775777,0.9782316581564097,0.9284752389141901,21,8.88888888888889,0.02037119790419905
MED00275,Gastrointestinal,Summer,1.1428820003264284,1.430663800053749,1.1305949513441962,46,13.0,0.04094743268110848
MED00275,Gastrointestinal,Winter,0.851009771172225,0.44866971244289167,0.8607769399760317,15,4.076923076923077,0.023700552068141596
MED00276,General/Other,Monsoon,1.0429606107740201,0.8695081967213114,1.0482755935191403,10,1.619047619047619,0.029731275614708653
MED00276,General/Other,Post-Monsoon,0.9554456987791882,1.3127868852459017,0.9543854768211951,7,2.4444444444444446,0.002958196963156831
MED00276,General/Other,Summer,0.9587342024713309,1.1567213114754098,0.9576297110882205,10,2.1538461538461537,0.005547654350874008
MED00276,General/Other,Winter,1.0462280854877026,0.6609836065573771,1.0478713613827257,7,1.2307692307692308,0.004247422862387912
MED00277,Antineoplastic (Oncology),Monsoon,1.008495305852385,0.21517241379310345,1.0094630467147954,1,0.047619047619047616,0.0012183712388130286
MED00277,Antineoplastic (Oncology),Post-Monsoon,1.0575756835379468,1.0041379310344827,1.0575835901092465,1,0.2222222222222222,0.00014793664137562225
MED00277,Antineoplastic (Oncology),Summer,0.9394770547063321,1.0427586206896553,0.939434604904632,2,0.23076923076923078,0.000410841578093717
MED00277,Antineoplastic (Oncology),Winter,0.9859811454303169,1.7379310344827588,0.9854054518065617,4,0.38461538461538464,0.0007650153523124385
MED00278,General/Other,Monsoon,1.0927104354421198,1.2255158688593275,1.0482755935191403,69,10.714285714285714,0.25070397705991526
MED00278,General/Other,Post-Monsoon,0.9578347408585216,1.0675604902063476,0.9543854768211951,28,9.333333333333334,0.030477257604451233
MED00278,General/Other,Summer,0.9429806279540057,0.5895045564051535,0.9576297110882205,24,5.153846153846154,0.039793757497573544
MED00278,General/Other,Winter,1.05124340154462,1.1174190845291716,1.0478713613827257,37,9.76923076923077,0.04848527039186883
MED00279,Hormone/Endocrine,Monsoon,1.0089715893653592,0.8562409350737991,1.0255357494678066,23,18.38095238095238,0.0978420996634705
MED00279,Hormone/Endocrine,Post-Monsoon,1.0352599106584641,1.133521030628786,1.0344276871444587,10,24.333333333333332,0.008398379595870668
MED00279,Hormone/Endocrine,Summer,0.9403701147823589,0.9639109291016126,0.9399942254222599,15,20.692307692307693,0.01571660397429619
MED00279,Hormone/Endocrine,Winter,1.0000129443764822,1.0463271051958023,0.9992734202445724,15,22.46153846153846,0.01571660397429619
MED00280,Antineoplastic (Oncology),Monsoon,1.0139649859702784,2.8493150684931505,1.0094630467147954,4,0.38095238095238093,0.0024469029042517654
MED00280,Antineoplastic (Oncology),Post-Monsoon,1.0575835901092465,0.0,1.0575835901092465,0,0.0,0.0
MED00280,Antineoplastic (Oncology),Summer,0.939434604904632,0.0,0.939434604904632,0,0.0,0.0
MED00280,Antineoplastic (Oncology),Winter,0.9854430328549324,1.1506849315068495,0.9854054518065617,2,0.15384615384615385,0.00022737879160097724
MED00281,Gastrointestinal,Monsoon,1.1367671594735533,1.2218614450365597,1.1011190804939468,91,15.047619047619047,0.2952408553091201
MED00281,Gastrointestinal,Post-Monsoon,0.9343944497210297,1.0916842235716941,0.9284752389141901,30,13.444444444444445,0.03626767741531529
MED00281,Gastrointestinal,Summer,1.1301961208541003,1.1243028875944976,1.1305949513441962,53,13.846153846153847,0.06338627610297518
MED00281,Gastrointestinal,Winter,0.8449270299292841,0.5621514437972488,0.8607769399760317,33,6.923076923076923,0.053076211675035165
MED00282,Gastrointestinal,Monsoon,1.1188326527591153,1.2682926829268293,1.1011190804939468,26,3.9047619047619047,0.10595914670367967
MED00282,Gastrointestinal,Post-Monsoon,0.927232997959436,0.7578822129684712,0.9284752389141901,8,2.3333333333333335,0.007281897650079922
MED00282,Gastrointestinal,Summer,1.133084408910582,1.274241522903034,1.1305949513441962,17,3.923076923076923,0.017330434965279567
MED00282,Gastrointestinal,Winter,0.8588050216082146,0.6995835812016657,0.8607769399760317,10,2.1538461538461537,0.012233248210785577
MED00283,Analgesic/Antipyretic,Monsoon,1.0923427665580898,1.5449623663013339,1.0650624809380167,20,3.5714285714285716,0.056845784823265785
MED00283,Analgesic/Antipyretic,Post-Monsoon,0.9376813682521082,0.19226198336194375,0.9386221024626731,2,0.4444444444444444,0.0012604293644445377
MED00283,Analgesic/Antipyretic,Summer,0.9744108991683231,0.9650072626436024,0.9744668399944317,8,2.230769230769231,0.005913670773425462
MED00283,Analgesic/Antipyretic,Winter,1.046362167507794,1.2977683876931205,1.0443572974259112,12,3.0,0.007911532521204336
MED00284,Antibiotic,Monsoon,1.2594824926421175,0.7446300715990453,1.263927056815394,6,0.6666666666666666,0.008558809890692406
MED00284,Antibiotic,Post-Monsoon,0.920979180342761,1.3651551312649166,0.9207205605390987,3,1.2222222222222223,0.0005819074858196734
MED00284,Antibiotic,Summer,0.8788377482646104,1.4606205250596658,0.8782090584558729,4,1.3076923076923077,0.0010794598746544978
MED00284,Antibiotic,Winter,0.9746125086757023,0.4295942720763723,0.974928644427989,2,0.38461538461538464,0.0005797099326848229
MED00285,General/Other,Monsoon,1.0682117111187448,1.19815668202765,1.0482755935191403,40,6.666666666666667,0.13301289574283126
MED00285,General/Other,Post-Monsoon,0.9574955753781011,1.19815668202765,0.9543854768211951,17,6.666666666666667,0.012758268780235884
MED00285,General/Other,Summer,0.9526121426018173,0.7188940092165899,0.9576297110882205,22,4.0,0.021017252329947864
MED00285,General/Other,Winter,1.04470945233739,0.8847926267281107,1.0478713613827257,19,4.923076923076923,0.019388849515127524
MED00286,Dermatological,Monsoon,1.1994251235948385,1.3448275862068966,1.1814605802712945,31,5.285714285714286,0.10996432982695048
MED00286,Dermatological,Post-Monsoon,0.9450443031651412,0.6784715750232991,0.9468940564751761,8,2.6666666666666665,0.006891201139449077
MED00286,Dermatological,Summer,0.9250763204853458,1.0568499534016778,0.9230417093717971,15,4.153846153846154,0.01520542421208694
MED00286,Dermatological,Winter,1.034203915107025,0.9198508853681268,1.0360424763355514,16,3.6153846153846154,0.015823530887375026
MED00287,General/Other,Monsoon,1.0615318620492946,1.2324602833834264,1.0482755935191403,27,4.380952380952381,0.07197269512423625
MED00287,General/Other,Post-Monsoon,0.9530431193918799,0.6251610133104336,0.9543854768211951,7,2.2222222222222223,0.004077331966770274
MED00287,General/Other,Summer,0.959441782540527,1.1252898239587805,0.9576297110882205,17,4.0,0.010808005680549413
MED00287,General/Other,Winter,1.0475762995764943,1.0170888793473594,1.0478713613827257,14,3.6153846153846154,0.009585380603564184
MED00288,Neuro/Psychiatric,Monsoon,1.0819192943973444,1.188150132520163,1.0563104535157373,58,50.904761904761905,0.1942422878680358
MED00288,Neuro/Psychiatric,Post-Monsoon,0.9853205914145322,1.045142352304141,0.984048218776047,23,44.77777777777778,0.02082642906949782
MED00288,Neuro/Psychiatric,Summer,0.938440832775092,0.608652284191627,0.9479820344320362,21,26.076923076923077,0.028117787049866224
MED00288,Neuro/Psychiatric,Winter,1.027040477400089,1.158055230984069,1.0220411260830145,37,49.61538461538461,0.03675612408515539
MED00289,Antibiotic,Monsoon,1.3063645438389013,1.6020414514221697,1.263927056815394,50,7.857142857142857,0.12551221628071127
MED00289,Antibiotic,Post-Monsoon,0.9221601286389959,1.064791186904836,0.9207205605390987,15,5.222222222222222,0.009992099959659155
MED00289,Antibiotic,Summer,0.8739488975347245,0.4862139789630921,0.8782090584558729,10,2.3846153846153846,0.010867893869129371
MED00289,Antibiotic,Winter,0.9730289857088508,0.8469533827099025,0.974928644427989,16,4.153846153846154,0.014843952601737678
MED00290,General/Other,Monsoon,1.0647942718777972,1.6549413735343381,1.0482755935191403,12,1.8095238095238095,0.027228630496091307
MED00290,General/Other,Post-Monsoon,0.9538705914820111,0.30485762144053596,0.9543854768211951,2,0.3333333333333333,0.0007927070947284976
MED00290,General/Other,Summer,0.9573268093887349,0.7738693467336683,0.9576297110882205,3,0.8461538461538461,0.001648351648351648
MED00290,General/Other,Winter,1.0483349376095878,1.2663316582914572,1.0478713613827257,4,1.3846153846153846,0.002122015915119363
MED00291,Neuro/Psychiatric,Monsoon,1.046585035132795,0.7668702517503352,1.0563104535157373,12,11.0,0.033600786358023
MED00291,Neuro/Psychiatric,Post-Monsoon,0.9837044709570981,0.8520780575003724,0.984048218776047,6,12.222222222222221,0.0026047389472440958
MED00291,Neuro/Psychiatric,Summer,0.9477867813104172,0.9063012066140325,0.9479820344320362,8,13.0,0.004684482814774835
MED00291,Neuro/Psychiatric,Winter,1.0248782911043721,1.4747504841352599,1.0220411260830145,12,21.153846153846153,0.006267078360306873
MED00292,Vitamin/Supplement,Monsoon,1.126481358584588,1.183233532934132,1.1249502940005276,13,1.8095238095238095,0.02626938056418901
MED00292,Vitamin/Supplement,Post-Monsoon,0.8858300297316529,0.0,0.8858300297316529,0,0.0,0.0
MED00292,Vitamin/Supplement,Summer,1.1612981970012848,1.6095808383233534,1.1596329075962475,9,2.4615384615384617,0.003701071371405426
MED00292,Vitamin/Supplement,Winter,0.8598784670890292,1.2071856287425151,0.8589360481040362,6,1.8461538461538463,0.002706159712425473
MED00293,Ophthalmic,Monsoon,1.195806159480461,1.2968394635714846,1.18644970667747,36,5.0476190476190474,0.0847583423158916
MED00293,Ophthalmic,Post-Monsoon,0.9392138482121577,0.884950199984315,0.9395576046070371,12,3.4444444444444446,0.006295050959743661
MED00293,Ophthalmic,Summer,0.9250981116283763,0.6324209865892871,0.9280479460556449,14,2.4615384615384617,0.009978232136180541
MED00293,Ophthalmic,Winter,1.0695591175868644,1.1857893498549132,1.068147052892448,19,4.615384615384615,0.01200303573524315
MED00294,Antibiotic,Monsoon,1.2625834078483726,1.0109140518417463,1.263927056815394,5,0.9047619047619048,0.00531059250160423
MED00294,Antibiotic,Post-Monsoon,0.9209192547286525,1.6139154160982265,0.9207205605390987,2,1.4444444444444444,0.00028663540700056306
MED00294,Antibiotic,Summer,0.8783269412991834,1.0313778990450206,0.8782090584558729,4,0.9230769230769231,0.0007696267913046126
MED00294,Antibiotic,Winter,0.9745513291695013,0.34379263301500684,0.974928644427989,3,0.3076923076923077,0.0005978350968169759
MED00295,Blood Product/Coagulation,Monsoon,0.9717363421924183,0.7938931297709924,0.9718336842204087,1,0.19047619047619047,0.0005470480200064959
MED00295,Blood Product/Coagulation,Post-Monsoon,1.0089168151188908,0.0,1.0089168151188908,0,0.0,0.0
MED00295,Blood Product/Coagulation,Summer,0.9925857769388481,2.2442748091603053,0.9923582224307893,2,0.5384615384615384,0.00018176491187261708
MED00295,Blood Product/Coagulation,Winter,1.0141158006339324,0.9618320610687024,1.0141253057109363,2,0.23076923076923078,0.00018176491187261708
MED00296,General/Other,Monsoon,1.0555151725745089,1.1194369695715172,1.0482755935191403,30,4.9523809523809526,0.1017346692402359
MED00296,General/Other,Post-Monsoon,0.9534401614752965,0.8288139101635271,0.9543854768211951,10,3.6666666666666665,0.0075281002782713385
MED00296,General/Other,Summer,0.9595856451453679,1.078037673359553,0.9576297110882205,19,4.769230769230769,0.01624422521776306
MED00296,General/Other,Winter,1.0465977739615824,0.9737114469054025,1.0478713613827257,21,4.3076923076923075,0.017173528719923416
MED00297,General/Other,Monsoon,1.04000053309701,1.0037250253979004,1.0482755935191403,50,7.238095238095238,0.1857453399833365
MED00297,General/Other,Post-Monsoon,0.9552729383082449,1.0015238740264139,0.9543854768211951,19,7.222222222222222,0.01882672173146207
MED00297,General/Other,Summer,0.9524238915742518,0.7680325093125635,0.9576297110882205,20,5.538461538461538,0.027457259206433774
MED00297,General/Other,Winter,1.0546043294177325,1.2267185912631222,1.0478713613827257,39,8.846153846153847,0.03764647649007131
MED00298,General/Other,Monsoon,1.067773734704967,1.541551919650089,1.0482755935191403,18,2.9047619047619047,0.03952782680401825
MED00298,General/Other,Post-Monsoon,0.9540822667120689,0.8255305362060587,0.9543854768211951,6,1.5555555555555556,0.0023531120163399794
MED00298,General/Other,Summer,0.95646640053801,0.6531670176575409,0.9576297110882205,7,1.2307692307692308,0.0038208640181899055
MED00298,General/Other,Winter,1.0475829120562414,0.9797505264863114,1.0478713613827257,8,1.8461538461538463,0.0042343774400719295
MED00299,Diagnostic/Contrast Agent,Monsoon,0.9928415486693403,1.1063829787234043,0.9926019697110471,3,0.3333333333333333,0.0021056146396726204
MED00299,Diagnostic/Contrast Agent,Post-Monsoon,0.994863525356713,1.1063829787234043,0.9948533998752339,1,0.3333333333333333,9.078740889773384e-05
MED00299,Diagnostic/Contrast Agent,Summer,1.0169035222750407,1.7872340425531914,1.016709121785541,2,0.5384615384615384,0.00025229617402378746
MED00299,Diagnostic/Contrast Agent,Winter,1.0008949426221183,0.0,1.0008949426221183,0,0.0,0.0
MED00300,General/Other,Monsoon,1.0522944632016316,1.2698986975397974,1.0482755935191403,12,2.142857142857143,0.01813380288237701
MED00300,General/Other,Post-Monsoon,0.9542143609356548,0.7243125904486253,0.9543854768211951,3,1.2222222222222223,0.0007437464198334517
MED00300,General/Other,Summer,0.9570434962455769,0.4102749638205499,0.9576297110882205,3,0.6923076923076923,0.0010709961785658035
MED00300,General/Other,Winter,1.0494354224587052,1.5955137481910275,1.0478713613827257,10,2.6923076923076925,0.0028559898095088087
MED00301,General/Other,Monsoon,1.0331613504117267,0.9624145785876993,1.0482755935191403,49,6.190476190476191,0.17603149834045426
MED00301,General/Other,Post-Monsoon,0.9516641536913313,0.7773348519362187,0.9543854768211951,15,5.0,0.01537031078897234
MED00301,General/Other,Summer,0.9537032957686544,0.8251708428246013,0.9576297110882205,26,5.3076923076923075,0.02964252504220228
MED00301,General/Other,Winter,1.0614513623844892,1.4350797266514805,1.0478713613827257,38,9.23076923076923,0.03507155893271552
MED00302,Hormone/Endocrine,Monsoon,1.0182995415901237,0.6704353862937618,1.0255357494678066,7,6.190476190476191,0.020377923055336904
MED00302,Hormone/Endocrine,Post-Monsoon,1.034205523781973,0.9386095408112665,1.0344276871444587,6,8.666666666666666,0.002318593825779267
MED00302,Hormone/Endocrine,Summer,0.9426954602878492,1.5328771199047901,0.9399942254222599,9,14.153846153846153,0.004556101872271165
MED00302,Hormone/Endocrine,Winter,0.9987418035015658,0.8580779529901815,0.9992734202445724,7,7.923076923076923,0.0037651119638907543
MED00303,Antimalarial,Monsoon,1.2213954992403948,1.157101167315175,1.2249965097782145,18,2.9047619047619047,0.053037666608425946
MED00303,Antimalarial,Post-Monsoon,0.9614732946523861,1.3720817120622568,0.9596352144312306,9,3.4444444444444446,0.004456530075325863
MED00303,Antimalarial,Summer,0.892396520896895,0.7660505836575876,0.8931401949855751,8,1.9230769230769231,0.005851572610138977
MED00303,Antimalarial,Winter,0.975359826805661,0.7047665369649805,0.9767961786702183,7,1.7692307692307692,0.005280129972430092
MED00304,Antibiotic,Monsoon,1.280515700520091,1.3869642528665154,1.263927056815394,48,6.904761904761905,0.13482624959857195
MED00304,Antibiotic,Post-Monsoon,0.9194545831574538,0.7588448096143233,0.9207205605390987,9,3.7777777777777777,0.007820673414100348
MED00304,Antibiotic,Summer,0.8826263565517013,1.0970629713655038,0.8782090584558729,23,5.461538461538462,0.020183774816273523
MED00304,Antibiotic,Winter,0.9716352901627481,0.7571279661536575,0.974928644427989,14,3.769230769230769,0.015120955046305248
MED00305,General/Other,Monsoon,1.0422467537116837,0.8082901554404146,1.0482755935191403,12,1.4285714285714286,0.02512169011471019
MED00305,General/Other,Post-Monsoon,0.9551707271592492,1.3202072538860106,0.9543854768211951,7,2.3333333333333335,0.0021465379791072514
MED00305,General/Other,Summer,0.9567081076413607,0.5658031088082902,0.9576297110882205,5,1.0,0.0023520696182882895
MED00305,General/Other,Winter,1.0487534409302566,1.305699481865285,1.0478713613827257,8,2.3076923076923075,0.0034211921720556943
MED00306,Anesthetic,Monsoon,0.9344489307611785,0.0,0.9344489307611785,0,0.0,0.0
MED00306,Anesthetic,Post-Monsoon,1.0073155322990677,3.7142857142857144,1.0071009929150054,2,1.0,7.924815117665488e-05
MED00306,Anesthetic,Summer,0.9925732085321588,0.0,0.9925732085321588,0,0.0,0.0
MED00306,Anesthetic,Winter,1.046621600298959,0.28571428571428575,1.0466668068640645,1,0.07692307692307693,5.940786560140559e-05
MED00307,Cardiac/Antihypertensive,Monsoon,1.0247667597149364,1.2123778857174043,0.9903529598100503,42,33.904761904761905,0.15499971349724082
MED00307,Cardiac/Antihypertensive,Post-Monsoon,1.002027959832756,0.790656551874693,1.0044663326779995,11,22.11111111111111,0.011404402717603672
MED00307,Cardiac/Antihypertensive,Summer,1.0213763260415782,1.02323855263876,1.0213326812273142,19,28.615384615384617,0.022900188334827622
MED00307,Cardiac/Antihypertensive,Winter,0.9823058138966735,0.9737270097691425,0.9825186621549787,21,27.23076923076923,0.024210267759016846
MED00308,Antidote/Emergency,Monsoon,0.991901605365916,0.5098039215686274,0.9930545533265984,2,0.3333333333333333,0.002385817803255106
MED00308,Antidote/Emergency,Post-Monsoon,1.0238143691722705,1.0196078431372548,1.0238150023009664,1,0.6666666666666666,0.00015048841066014852
MED00308,Antidote/Emergency,Summer,0.9660782510252808,0.11764705882352941,0.9662623961404448,1,0.07692307692307693,0.00021699479972428888
MED00308,Antidote/Emergency,Winter,1.010506869662629,2.3529411764705883,1.0088480464764162,7,1.5384615384615385,0.001234157923431893
MED00309,Antibiotic,Monsoon,1.2349143992055192,0.9368608992046745,1.263927056815394,26,3.5238095238095237,0.08870577690403002
MED00309,Antibiotic,Post-Monsoon,0.9222550085059796,1.1816263593572474,0.9207205605390987,8,4.444444444444445,0.005881233662999217
MED00309,Antibiotic,Summer,0.8789123312100202,0.9407563707190391,0.8782090584558729,12,3.5384615384615383,0.011243852512611636
MED00309,Antibiotic,Winter,0.9744663212992947,0.9407563707190391,0.974928644427989,16,3.5384615384615383,0.013529188389158717
MED00310,Vitamin/Supplement,Monsoon,1.109838642341164,0.9054197662061636,1.1249502940005276,22,3.380952380952381,0.0688362197785949
MED00310,Vitamin/Supplement,Post-Monsoon,0.8847665029096401,0.6843783209351753,0.8858300297316529,9,2.5555555555555554,0.005279313977362376
MED00310,Vitamin/Supplement,Summer,1.1602300788366644,1.21540096460394,1.1596329075962475,15,4.538461538461538,0.010708123475317442
MED00310,Vitamin/Supplement,Winter,0.8625325309258749,1.1948009482547208,0.8589360481040362,15,4.461538461538462,0.010708123475317442
MED00311,Antimalarial,Monsoon,1.2756011197083206,1.806849429214232,1.2249965097782145,39,6.619047619047619,0.08697148066070796
MED00311,Antimalarial,Post-Monsoon,0.9580191716672504,0.5762853095575369,0.9596352144312306,7,2.111111111111111,0.004215581492090467
MED00311,Antimalarial,Summer,0.8922238417318853,0.7769352553953838,0.8931401949855751,10,2.8461538461538463,0.00788566524728975
MED00311,Antimalarial,Winter,0.9755710490877244,0.8399300058328474,0.9767961786702183,12,3.076923076923077,0.008951295686112689
MED00312,Vaccine/Immunological,Monsoon,1.0261432831122657,2.6719367588932808,1.0196267929349472,5,0.6190476190476191,0.0039438666543047465
MED00312,Vaccine/Immunological,Post-Monsoon,0.9859731500821123,0.0,0.9859731500821123,0,0.0,0.0
MED00312,Vaccine/Immunological,Summer,1.0392774812945849,0.0,1.0392774812945849,0,0.0,0.0
MED00312,Vaccine/Immunological,Winter,0.970888864628334,1.3280632411067195,0.9707799584541481,2,0.3076923076923077,0.0003048174361179026
MED00313,Antiretroviral (ART Program),Monsoon,0.9923075055154083,4.0,0.9915768945964315,1,0.6666666666666666,0.0002428551082673463
MED00313,Antiretroviral (ART Program),Post-Monsoon,1.011149905931759,0.0,1.011149905931759,0,0.0,0.0
MED00313,Antiretroviral (ART Program),Summer,1.02777010959583,0.0,1.02777010959583,0,0.0,0.0
MED00313,Antiretroviral (ART Program),Winter,0.9636334934199424,0.0,0.9636334934199424,0,0.0,0.0
MED00314,Cardiac/Antihypertensive,Monsoon,0.9855005190928089,0.7748037116345468,0.9903529598100503,10,7.9523809523809526,0.022511981639066314
MED00314,Cardiac/Antihypertensive,Post-Monsoon,1.0043078969172625,0.9093504639543183,1.0044663326779995,5,9.333333333333334,0.0016657132281185849
MED00314,Cardiac/Antihypertensive,Summer,1.022265768875256,1.266595289079229,1.0213326812273142,9,13.0,0.0038044431481594606
MED00314,Cardiac/Antihypertensive,Winter,0.9827284637973603,1.0492505353319057,0.9825186621549787,7,10.76923076923077,0.003143949546048443
MED00315,General/Other,Monsoon,1.0645191187893974,1.1126893650745269,1.0482755935191403,73,11.142857142857142,0.2521747272055015
MED00315,General/Other,Post-Monsoon,0.9506650300166744,0.8210442893284969,0.9543854768211951,24,8.222222222222221,0.027901707450479013
MED00315,General/Other,Summer,0.962285706278089,1.0446551040936387,0.9576297110882205,50,10.461538461538462,0.05350157039312222
MED00315,General/Other,Winter,1.0465387177272742,1.0216112415033378,1.0478713613827257,43,10.23076923076923,0.05074781309347622
MED00316,General/Other,Monsoon,1.0524654154663469,1.0966608084358522,1.0482755935191403,22,3.238095238095238,0.08659302132725374
MED00316,General/Other,Post-Monsoon,0.9528711642965204,0.7149798407939626,0.9543854768211951,8,2.111111111111111,0.006325300230202134
MED00316,General/Other,Summer,0.9630239310406953,1.328646748681898,0.9576297110882205,16,3.923076923076923,0.014539008740569716
MED00316,General/Other,Winter,1.0455978211999042,0.8597126020882869,1.0478713613827257,12,2.5384615384615383,0.012083095101959967
MED00317,General/Other,Monsoon,1.0521498709858175,1.1528671137265636,1.0482755935191403,13,2.5714285714285716,0.03704198446483788
MED00317,General/Other,Post-Monsoon,0.9540531412154071,0.8468591761324756,0.9543854768211951,7,1.8888888888888888,0.003090737834924055
MED00317,General/Other,Summer,0.9580430633000279,1.0346243328315312,0.9576297110882205,9,2.3076923076923075,0.005368585525174226
MED00317,General/Other,Winter,1.0473949126328654,0.9656493773094292,1.0478713613827257,10,2.1538461538461537,0.005794663741457894
MED00318,Antibiotic,Monsoon,1.2756326575300105,1.5922429191120184,1.263927056815394,17,3.8095238095238093,0.03565347294746542
MED00318,Antibiotic,Post-Monsoon,0.92074050366552,0.9288083694820107,0.9207205605390987,7,2.2222222222222223,0.002465825610133042
MED00318,Antibiotic,Summer,0.8779756602870226,0.8037764735902017,0.8782090584558729,6,1.9230769230769231,0.0031356988242666867
MED00318,Antibiotic,Winter,0.9737513385627288,0.6751722378157694,0.974928644427989,8,1.6153846153846154,0.003927541961707769
MED00319,General/Other,Monsoon,1.0457187890238444,1.0397423191278494,1.0482755935191403,90,12.80952380952381,0.29962759640138614
MED00319,General/Other,Post-Monsoon,0.9576401273693845,1.0371655104063429,0.9543854768211951,34,12.777777777777779,0.03931685464758494
MED00319,General/Other,Summer,0.9590222897060342,0.9802775024777006,0.9576297110882205,45,12.076923076923077,0.06148849545040225
MED00319,General/Other,Winter,1.0411282597717986,0.942814667988107,1.0478713613827257,51,11.615384615384615,0.06418535928594621
MED00320,Neuro/Psychiatric,Monsoon,1.0644421497699244,1.3539946653118253,1.0563104535157373,10,9.761904761904763,0.02731651841770238
MED00320,Neuro/Psychiatric,Post-Monsoon,0.983790123424174,0.8322113552648291,0.984048218776047,4,6.0,0.0016998200957557869
MED00320,Neuro/Psychiatric,Summer,0.9488559143475037,1.1736313984504,0.9479820344320362,7,8.461538461538462,0.0038727337844232258
MED00320,Neuro/Psychiatric,Winter,1.0213167600700215,0.6401625809729454,1.0220411260830145,3,4.615384615384615,0.001896849200533825
MED00321,Antiretroviral (ART Program),Monsoon,0.9925445659182002,2.212765957446808,0.9915768945964315,2,1.9047619047619047,0.000792400907612123
MED00321,Antiretroviral (ART Program),Post-Monsoon,1.011149905931759,0.0,1.011149905931759,0,0.0,0.0
MED00321,Antiretroviral (ART Program),Summer,1.02777010959583,0.0,1.02777010959583,0,0.0,0.0
MED00321,Antiretroviral (ART Program),Winter,0.9636917820129947,1.7872340425531914,0.9636334934199424,1,1.5384615384615385,7.07728924094762e-05
MED00322,Antineoplastic (Oncology),Monsoon,1.0090158069215158,0.32499999999999996,1.0094630467147954,1,0.047619047619047616,0.0006534170039219178
MED00322,Antineoplastic (Oncology),Post-Monsoon,1.0575835901092465,0.0,1.0575835901092465,0,0.0,0.0
MED00322,Antineoplastic (Oncology),Summer,0.9398014054891409,2.625,0.939434604904632,2,0.38461538461538464,0.00021761278771872556
MED00322,Antineoplastic (Oncology),Winter,0.9854195084062655,1.05,0.9854054518065617,2,0.15384615384615385,0.00021761278771872556
MED00323,Vaccine/Immunological,Monsoon,1.023333969988897,1.57340306313037,1.0196267929349472,7,1.2857142857142858,0.006694358811441224
MED00323,Vaccine/Immunological,Post-Monsoon,0.9858515870508737,0.5438924168845722,0.9859731500821123,2,0.4444444444444444,0.00027497925629860583
MED00323,Vaccine/Immunological,Summer,1.0390893374363612,0.5648113559955175,1.0392774812945849,2,0.46153846153846156,0.0003965380207177995
MED00323,Vaccine/Immunological,Winter,0.9711864371616361,1.3178931639895406,0.9707799584541481,7,1.0769230769230769,0.0011710263424322515
MED00324,Respiratory,Monsoon,1.286706008406157,1.0853625903130855,1.28905993816121,8,1.2380952380952381,0.011556015725880109
MED00324,Respiratory,Post-Monsoon,0.918168762412172,1.3636606903933637,0.9178075777721271,4,1.5555555555555556,0.0008100978322693566
MED00324,Respiratory,Summer,0.8923165901847377,0.6743377040406744,0.8925143853654622,3,0.7692307692307693,0.0009065825895025829
MED00324,Respiratory,Winter,0.9712047971023939,0.8766390152528767,0.9712906065871663,3,1.0,0.0009065825895025829
MED00325,General/Other,Monsoon,1.0908661915946745,1.2597745262652915,1.0482755935191403,59,9.619047619047619,0.20137500233465955
MED00325,General/Other,Post-Monsoon,0.9488939256865228,0.6548332933557208,0.9543854768211951,17,5.0,0.018332535824447643
MED00325,General/Other,Summer,0.9606824692796696,1.0477332693691532,0.9576297110882205,28,8.0,0.03388055088713519
MED00325,General/Other,Winter,1.0475036785243663,1.0376589110098347,1.0478713613827257,32,7.923076923076923,0.03600339242141684
MED00326,General/Other,Monsoon,1.029698523270163,0.9697654704718847,1.0482755935191403,61,10.476190476190476,0.23662006283948595
MED00326,General/Other,Post-Monsoon,0.9559094266415895,1.0079683526419891,0.9543854768211951,26,10.88888888888889,0.02844098598759782
MED00326,General/Other,Summer,0.9530282180582165,0.8615993218423283,0.9576297110882205,39,9.307692307692308,0.047917050697582717
MED00326,General/Other,Winter,1.05386112679997,1.1606668550437975,1.0478713613827257,52,12.538461538461538,0.053102878695156605
MED00327,General/Other,Monsoon,1.028305920209379,0.6930427493713327,1.0482755935191403,15,2.5238095238095237,0.05621572903166675
MED00327,General/Other,Post-Monsoon,0.9534470333419963,0.7932942162615255,0.9543854768211951,10,2.888888888888889,0.00582553936159189
MED00327,General/Other,Summer,0.9639951053159664,1.4786253143336128,0.9576297110882205,18,5.384615384615385,0.012217750376576205
MED00327,General/Other,Winter,1.0477145631562987,1.0350377200335288,1.0478713613827257,18,3.769230769230769,0.012217750376576205
MED00328,General/Other,Monsoon,1.047216237174782,1.0345231129315389,1.0482755935191403,29,4.857142857142857,0.07703020103249493
MED00328,General/Other,Post-Monsoon,0.9526388451809866,0.638970157987127,0.9543854768211951,10,3.0,0.005537561227732741
MED00328,General/Other,Summer,0.9575469516897885,0.9502633118782914,0.9576297110882205,17,4.461538461538462,0.011234715370890769
MED00328,General/Other,Winter,1.052335562962028,1.3762434172030427,1.0478713613827257,24,6.461538461538462,0.013594949692506476
MED00329,General/Other,Monsoon,1.0522934561718567,1.0640105011196046,1.0482755935191403,74,12.619047619047619,0.2553470763690895
MED00329,General/Other,Post-Monsoon,0.963998834090436,1.2366612616786348,0.9543854768211951,36,14.666666666666666,0.03405661337225909
MED00329,General/Other,Summer,0.9413834276329617,0.6226546212647672,0.9576297110882205,37,7.384615384615385,0.048499974919989725
MED00329,General/Other,Winter,1.0494104950604743,1.0766736159369934,1.0478713613827257,48,12.76923076923077,0.05343795829762659
MED00330,General/Other,Monsoon,1.077271928177869,1.3331593711266227,1.0482755935191403,33,6.238095238095238,0.10178303202185256
MED00330,General/Other,Post-Monsoon,0.9521467234875052,0.5461543479679039,0.9543854768211951,7,2.5555555555555554,0.005484033860863472
MED00330,General/Other,Summer,0.957963480504899,0.9863657120490572,0.9576297110882205,12,4.615384615384615,0.011615026639697103
MED00330,General/Other,Winter,1.049167363628126,1.1343205688564157,1.0478713613827257,18,5.3076923076923075,0.014991487872167192
MED00331,General/Other,Monsoon,1.0525105969523765,1.1926605504587156,1.0482755935191403,10,1.6666666666666667,0.029331334253945338
MED00331,General/Other,Post-Monsoon,0.955615008428235,1.4311926605504586,0.9543854768211951,6,2.0,0.002578676767038824
MED00331,General/Other,Summer,0.9564100141693032,0.49541284403669716,0.9576297110882205,4,0.6923076923076923,0.002638797944994379
MED00331,General/Other,Winter,1.047252480047608,0.8807339449541284,1.0478713613827257,6,1.2307692307692308,0.003702829374427597
MED00332,General/Other,Monsoon,1.0443965622957057,0.9946865037194474,1.0482755935191403,25,3.4285714285714284,0.07238471931383703
MED00332,General/Other,Post-Monsoon,0.9549976127813175,1.0637619553666313,0.9543854768211951,10,3.6666666666666665,0.005596595979893711
MED00332,General/Other,Summer,0.9609461069660463,1.2497343251859725,0.9576297110882205,17,4.3076923076923075,0.011353452556952777
MED00332,General/Other,Winter,1.0448197125937,0.6918172157279491,1.0478713613827257,11,2.3846153846153846,0.008570743596915332
MED00333,General/Other,Monsoon,1.0940138690922478,1.8128668982868097,1.0482755935191403,27,4.619047619047619,0.05982055418091062
MED00333,General/Other,Post-Monsoon,0.9530779631859733,0.43608482089373435,0.9543854768211951,5,1.1111111111111112,0.002522693383210489
MED00333,General/Other,Summer,0.9560922614734971,0.6340002396070445,0.9576297110882205,7,1.6153846153846154,0.004750647732070794
MED00333,General/Other,Winter,1.0482355618741073,1.1170480412124117,1.0478713613827257,8,2.8461538461538463,0.00526478709701352
MED00334,Neuro/Psychiatric,Monsoon,1.0542103844276605,1.00869109947644,1.0563104535157373,17,11.761904761904763,0.044101167066307886
MED00334,Neuro/Psychiatric,Post-Monsoon,0.9839870545302364,0.9528795811518325,0.984048218776047,4,11.11111111111111,0.0019623650718387066
MED00334,Neuro/Psychiatric,Summer,0.948644932614176,1.0818848167539268,0.9479820344320362,8,12.615384615384615,0.004950593039555217
MED00334,Neuro/Psychiatric,Winter,1.0217822513596606,0.956544502617801,1.0220411260830145,6,11.153846153846153,0.003952489604161021
MED00335,Antiviral,Monsoon,0.9187141123728861,0.781041388518024,0.9419390408075026,28,5.0,0.14434597462510715
MED00335,Antiviral,Post-Monsoon,1.049320543691978,1.1281708945260347,1.0478468605917484,19,7.222222222222222,0.01834672672733545
MED00335,Antiviral,Summer,1.0314868689533412,1.1415220293724966,1.0277489293992064,30,7.3076923076923075,0.03285433511974625
MED00335,Antiviral,Winter,0.9628063996564004,0.9492656875834445,0.9632514428925093,28,6.076923076923077,0.0318211799273014
MED00336,General/Other,Monsoon,1.0788958325897544,1.1633378616643062,1.0482755935191403,74,12.285714285714286,0.2661188551574767
MED00336,General/Other,Post-Monsoon,0.964644610688831,1.2414949273058355,0.9543854768211951,35,13.11111111111111,0.03573248407643311
MED00336,General/Other,Summer,0.9538398761964222,0.8886319623088706,0.9576297110882205,44,9.384615384615385,0.05492693542680524
MED00336,General/Other,Winter,1.0311431322873177,0.7065352487209874,1.0478713613827257,33,7.461538461538462,0.04900808462650295
MED00337,Cardiac/Antihypertensive,Monsoon,1.0243714743851515,1.117840288945717,0.9903529598100503,77,64.71428571428571,0.26683839724103076
MED00337,Cardiac/Antihypertensive,Post-Monsoon,1.005409383881568,1.0325696659724237,1.0044663326779995,31,59.77777777777778,0.0335565604865747
MED00337,Cardiac/Antihypertensive,Summer,1.020032159463183,0.9965463604966914,1.0213326812273142,40,57.69230769230769,0.05246933493136549
MED00337,Cardiac/Antihypertensive,Winter,0.9759306437510126,0.8530436845851679,0.9825186621549787,37,49.38461538461539,0.05088256068948952
MED00338,Cardiac/Antihypertensive,Monsoon,0.9817787050299631,0.6627845950066228,0.9903529598100503,10,8.095238095238095,0.026175466563239564
MED00338,Cardiac/Antihypertensive,Post-Monsoon,1.0058294907869305,1.4100417364356583,1.0044663326779995,10,17.22222222222222,0.0033610472831967796
MED00338,Cardiac/Antihypertensive,Summer,1.0207347361249668,0.875415489965761,1.0213326812273142,8,10.692307692307692,0.004097838624618849
MED00338,Cardiac/Antihypertensive,Winter,0.9828023945197841,1.0517581785919576,0.9825186621549787,8,12.846153846153847,0.004097838624618849
MED00339,Antibiotic,Monsoon,1.2625503176307284,1.1872146118721463,1.263927056815394,11,1.6666666666666667,0.01794675147799087
MED00339,Antibiotic,Post-Monsoon,0.9207433174227748,0.949771689497717,0.9207205605390987,3,1.3333333333333333,0.0007833390471194914
MED00339,Antibiotic,Summer,0.8778983772634582,0.6027397260273973,0.8782090584558729,3,0.8461538461538461,0.0011278249730227931
MED00339,Antibiotic,Winter,0.9755099959400809,1.2602739726027399,0.974928644427989,6,1.7692307692307692,0.0020373612415895614
MED00340,Anesthetic,Monsoon,0.9229442019325782,0.519774011299435,0.9344489307611785,8,1.0952380952380953,0.027743970731419362
MED00340,Anesthetic,Post-Monsoon,1.0073520065739585,1.1073446327683616,1.0071009929150054,5,2.3333333333333335,0.0025040357604762978
MED00340,Anesthetic,Summer,0.9968299043916296,1.5697522816166882,0.9925732085321588,13,3.3076923076923075,0.007375000338668398
MED00340,Anesthetic,Winter,1.0457917882399503,0.803129074315515,1.0466668068640645,5,1.6923076923076923,0.0035929488829410145
MED00341,General/Other,Monsoon,1.0033212151901671,0.685965555148406,1.0482755935191403,33,4.571428571428571,0.12407709852900521
MED00341,General/Other,Post-Monsoon,0.9510221775046012,0.7169292781238549,0.9543854768211951,20,4.777777777777778,0.014163872474353852
MED00341,General/Other,Summer,0.9618602508398284,1.1311835837303041,0.9576297110882205,29,7.538461538461538,0.02437594556205888
MED00341,General/Other,Winter,1.0588062055087986,1.465921582997435,1.0478713613827257,34,9.76923076923077,0.026156771509024023
MED00342,General/Other,Monsoon,1.0620180299293298,1.4202476329206117,1.0482755935191403,17,2.380952380952381,0.03694481023977492
MED00342,General/Other,Post-Monsoon,0.9543426670727881,0.9278951201747997,0.9543854768211951,4,1.5555555555555556,0.001616050284955372
MED00342,General/Other,Summer,0.9566024755172496,0.6423889293517844,0.9576297110882205,6,1.0769230769230769,0.0032585744944310284
MED00342,General/Other,Winter,1.0477462222035931,1.009468317552804,1.0478713613827257,6,1.6923076923076923,0.0032585744944310284
MED00343,General/Other,Monsoon,1.052137622874558,1.0611630532318292,1.0482755935191403,73,11.19047619047619,0.2996734377074516
MED00343,General/Other,Post-Monsoon,0.9513888828524438,0.8745187715286421,0.9543854768211951,26,9.222222222222221,0.03751993972675812
MED00343,General/Other,Summer,0.962243716567006,1.0285118823631576,0.9576297110882205,43,10.846153846153847,0.0650940200588485
MED00343,General/Other,Winter,1.0471222362116055,1.0358062928763714,1.0478713613827257,38,10.923076923076923,0.06209042001921909
MED00344,Immunosuppressant,Monsoon,1.026964592859192,1.2549678813711953,1.0214111099906777,9,6.380952380952381,0.02377787137443431
MED00344,Immunosuppressant,Post-Monsoon,0.970006890055073,0.21852674551239717,0.9703398425356566,1,1.1111111111111112,0.0004428660286737924
MED00344,Immunosuppressant,Summer,1.1029672373403951,1.5431350183106198,1.1015529727746003,6,7.846153846153846,0.0032027220764332953
MED00344,Immunosuppressant,Winter,0.9745729711002719,0.9833703548057873,0.9745528460213907,4,5.0,0.0022823996406766012
MED00345,Antineoplastic (Oncology),Monsoon,1.0094630467147954,0.0,1.0094630467147954,0,0.0,0.0
MED00345,Antineoplastic (Oncology),Post-Monsoon,1.0575835901092465,0.0,1.0575835901092465,0,0.0,0.0
MED00345,Antineoplastic (Oncology),Summer,0.939453852284389,1.3333333333333333,0.939434604904632,1,0.07692307692307693,4.886377733122172e-05
MED00345,Antineoplastic (Oncology),Winter,0.9854876045802002,2.6666666666666665,0.9854054518065617,1,0.15384615384615385,4.886377733122172e-05
MED00346,General/Other,Monsoon,1.0289706600952393,0.744936604643504,1.0482755935191403,19,2.761904761904762,0.06364145108895254
MED00346,General/Other,Post-Monsoon,0.9555121907933414,1.1388111312366211,0.9543854768211951,11,4.222222222222222,0.006109312588411918
MED00346,General/Other,Summer,0.960236512235947,1.1826115593611066,0.9576297110882205,17,4.384615384615385,0.01158671762961363
MED00346,General/Other,Winter,1.0466451234876424,0.9336407047587684,1.0478713613827257,15,3.4615384615384617,0.010734753098024392
MED00347,Antineoplastic (Oncology),Monsoon,1.0090581104652128,0.46846846846846846,1.0094630467147954,1,0.09523809523809523,0.0007485033415588574
MED00347,Antineoplastic (Oncology),Post-Monsoon,1.0576359100550081,1.6396396396396395,1.0575835901092465,1,0.3333333333333333,8.988815734119916e-05
MED00347,Antineoplastic (Oncology),Summer,0.939410910907207,0.7567567567567568,0.939434604904632,1,0.15384615384615385,0.0001297037252482058
MED00347,Antineoplastic (Oncology),Winter,0.9854428542465918,1.1351351351351353,0.9854054518065617,2,0.23076923076923078,0.0002497997671446927
MED00348,General/Other,Monsoon,1.0429229146274714,0.6892488954344624,1.0482755935191403,7,1.0,0.014908860316584118
MED00348,General/Other,Post-Monsoon,0.9552148932009552,1.4550810014727542,0.9543854768211951,6,2.111111111111111,0.0016565284467786499
MED00348,General/Other,Summer,0.9577636982793503,1.0073637702503682,0.9576297110882205,7,1.4615384615384615,0.0026940731037648786
MED00348,General/Other,Winter,1.0473956590188467,0.8483063328424154,1.0478713613827257,6,1.2307692307692308,0.0023836960180776807
MED00349,General/Other,Monsoon,1.0427383252077937,0.9577384351798971,1.0482755935191403,16,2.0476190476190474,0.061160173490297995
MED00349,General/Other,Post-Monsoon,0.9541755937276061,0.8834951456310679,0.9543854768211951,4,1.8888888888888888,0.00296067305745982
MED00349,General/Other,Summer,0.9587722669069467,1.0793832095945173,0.9576297110882205,11,2.3076923076923075,0.009384172387187098
MED00349,General/Other,Winter,1.048167073998584,1.0793832095945173,1.0478713613827257,11,2.3076923076923075,0.009384172387187098
MED00350,Antiretroviral (ART Program),Monsoon,0.9914391272414687,0.9106830122591943,0.9915768945964315,2,1.9047619047619047,0.0017030627160223438
MED00350,Antiretroviral (ART Program),Post-Monsoon,1.011149905931759,0.0,1.011149905931759,0,0.0,0.0
MED00350,Antiretroviral (ART Program),Summer,1.0284322894679887,2.574430823117338,1.02777010959583,3,5.384615384615385,0.0004281351859328459
MED00350,Antiretroviral (ART Program),Winter,0.9635645256431549,0.5148861646234676,0.9636334934199424,1,1.0769230769230769,0.00015368955392461132
MED00351,Antiretroviral (ART Program),Monsoon,0.9915768945964315,0.0,0.9915768945964315,0,0.0,0.0
MED00351,Antiretroviral (ART Program),Post-Monsoon,1.0112009456078832,2.3636363636363638,1.011149905931759,1,1.6666666666666667,3.773766150003772e-05
MED00351,Antiretroviral (ART Program),Summer,1.02777010959583,0.0,1.02777010959583,0,0.0,0.0
MED00351,Antiretroviral (ART Program),Winter,0.963670147925814,1.6363636363636365,0.9636334934199424,1,1.1538461538461537,5.448619517945768e-05
MED00352,Antiretroviral (ART Program),Monsoon,0.9923075055154083,4.0,0.9915768945964315,1,0.7142857142857143,0.0002428551082673463
MED00352,Antiretroviral (ART Program),Post-Monsoon,1.011149905931759,0.0,1.011149905931759,0,0.0,0.0
MED00352,Antiretroviral (ART Program),Summer,1.02777010959583,0.0,1.02777010959583,0,0.0,0.0
MED00352,Antiretroviral (ART Program),Winter,0.9636334934199424,0.0,0.9636334934199424,0,0.0,0.0
MED00353,Antiretroviral (ART Program),Monsoon,0.9915768945964315,0.0,0.9915768945964315,0,0.0,0.0
MED00353,Antiretroviral (ART Program),Post-Monsoon,1.0111698027589684,1.610619469026549,1.011149905931759,1,1.5555555555555556,3.319072132138484e-05
MED00353,Antiretroviral (ART Program),Summer,1.0278353631038557,2.3893805309734515,1.02777010959583,1,2.3076923076923075,4.79237724691141e-05
MED00353,Antiretroviral (ART Program),Winter,0.9636334934199424,0.0,0.9636334934199424,0,0.0,0.0
MED00354,Antiretroviral (ART Program),Monsoon,0.9911071583880647,0.4032049625226156,0.9915768945964315,1,0.47619047619047616,0.0007983661061314256
MED00354,Antiretroviral (ART Program),Post-Monsoon,1.0111792769064902,1.3171362109072111,1.011149905931759,1,1.5555555555555556,9.598787348825293e-05
MED00354,Antiretroviral (ART Program),Summer,1.0277630776971265,0.9769966399586455,1.02777010959583,1,1.1538461538461537,0.00013849553229083745
MED00354,Antiretroviral (ART Program),Winter,0.9637239232675322,1.3026621866115276,0.9636334934199424,2,1.5384615384615385,0.00026673213626383506
MED00355,Antifungal,Monsoon,1.2238453620514842,1.1626867006528934,1.2405246412709259,83,11.904761904761905,0.21428212369197233
MED00355,Antifungal,Post-Monsoon,0.9511342158646118,0.9441016009301493,0.9513001862525761,28,9.666666666666666,0.023055972879454465
MED00355,Antifungal,Summer,0.85097171173944,0.8339146766836598,0.8516020133711154,34,8.538461538461538,0.03563575697196492
MED00355,Antifungal,Winter,1.0452506007879214,1.0592970217332975,1.04471856187911,36,10.846153846153847,0.03649486393850217
MED00356,General/Other,Monsoon,1.0397274368787124,0.7306201550387597,1.0482755935191403,11,1.380952380952381,0.026910153596995046
MED00356,General/Other,Post-Monsoon,0.9549116273697118,1.234496124031008,0.9543854768211951,5,2.3333333333333335,0.0018783668302426923
MED00356,General/Other,Summer,0.95784164479454,1.0174418604651163,0.9576297110882205,7,1.9230769230769231,0.00354332202616758
MED00356,General/Other,Winter,1.047730533273865,1.0174418604651163,1.0478713613827257,10,1.9230769230769231,0.004628012442341329
MED00357,Antineoplastic (Oncology),Monsoon,1.0108169500897604,1.6729222520107239,1.0094630467147954,3,0.19047619047619047,0.0020406731328130277
MED00357,Antineoplastic (Oncology),Post-Monsoon,1.057576404372707,0.9758713136729222,1.0575835901092465,1,0.1111111111111111,8.793949762563358e-05
MED00357,Antineoplastic (Oncology),Summer,0.939434604904632,0.0,0.939434604904632,0,0.0,0.0
MED00357,Antineoplastic (Oncology),Winter,0.9854518700379671,1.351206434316354,0.9854054518065617,1,0.15384615384615385,0.0001268947696283137
MED00358,Vitamin/Supplement,Monsoon,1.092052027227396,0.8833258828788556,1.1249502940005276,36,5.428571428571429,0.13615456575935755
MED00358,Vitamin/Supplement,Post-Monsoon,0.8835350790937815,0.6508717031738935,0.8858300297316529,10,4.0,0.009767479499422235
MED00358,Vitamin/Supplement,Summer,1.166337038380564,1.4018775145283862,1.1596329075962475,33,8.615384615384615,0.027675046595338842
MED00358,Vitamin/Supplement,Winter,0.8633675418235843,1.0639248994188644,0.8589360481040362,20,6.538461538461538,0.02161821821588758
MED00359,General/Other,Monsoon,1.0381910434152077,0.761980198019802,1.0482755935191403,10,1.7619047619047619,0.03522428324892798
MED00359,General/Other,Post-Monsoon,0.9586754869958717,1.8740594059405942,0.9543854768211951,10,4.333333333333333,0.004664707826157776
MED00359,General/Other,Summer,0.9557189387109415,0.365940594059406,0.9576297110882205,4,0.8461538461538461,0.00322935190505789
MED00359,General/Other,Winter,1.0474928214944983,0.998019801980198,1.0478713613827257,12,2.3076923076923075,0.00759334096594693
MED00360,Ophthalmic,Monsoon,1.1961257700549428,1.519321394910462,1.18644970667747,18,2.9523809523809526,0.029068448052271833
MED00360,Ophthalmic,Post-Monsoon,0.9389996252469033,0.34307257304429783,0.9395576046070371,3,0.6666666666666666,0.000935445703762123
MED00360,Ophthalmic,Summer,0.9280111252772141,0.9104618284637135,0.9280479460556449,5,1.7692307692307692,0.0020937411704607415
MED00360,Ophthalmic,Winter,1.0687177366873915,1.2271442035815268,1.068147052892448,10,2.3846153846153846,0.0035892705779327003
MED00361,General/Other,Monsoon,1.0716575146643663,1.4233576642335766,1.0482755935191403,20,3.3333333333333335,0.062338146690641354
MED00361,General/Other,Post-Monsoon,0.9542475641239371,0.9014598540145985,0.9543854768211951,4,2.111111111111111,0.0026057831716417104
MED00361,General/Other,Summer,0.9558497082895188,0.656934306569343,0.9576297110882205,7,1.5384615384615385,0.005919620891944743
MED00361,General/Other,Winter,1.0476770252088266,1.0182481751824817,1.0478713613827257,8,2.3846153846153846,0.006560272503627076
MED00362,Analgesic/Antipyretic,Monsoon,1.0848403681875263,1.647233789411065,1.0650624809380167,17,3.380952380952381,0.03397262448639754
MED00362,Analgesic/Antipyretic,Post-Monsoon,0.9382755109534524,0.7037477691850089,0.9386221024626731,4,1.4444444444444444,0.0014756465910258042
MED00362,Analgesic/Antipyretic,Summer,0.9736716878937549,0.5996430696014278,0.9744668399944317,4,1.2307692307692308,0.0021214025456366943
MED00362,Analgesic/Antipyretic,Winter,1.0443741802948066,1.0493753718024985,1.0443572974259112,7,2.1538461538461537,0.003364411849720695
MED00363,General/Other,Monsoon,1.052169939886027,1.2066640222134073,1.0482755935191403,11,1.8571428571428572,0.024587316125244372
MED00363,General/Other,Post-Monsoon,0.9542641206294725,0.7941293137643792,0.9543854768211951,2,1.2222222222222223,0.0007572638044474588
MED00363,General/Other,Summer,0.9574876450523927,0.899642998809996,0.9576297110882205,5,1.3846153846153846,0.002449975696951776
MED00363,General/Other,Winter,1.0480184328656825,1.0995636652122174,1.0478713613827257,6,1.6923076923076923,0.0028451330674278685
MED00364,Antineoplastic (Oncology),Monsoon,1.0094630467147954,0.0,1.0094630467147954,0,0.0,0.0
MED00364,Antineoplastic (Oncology),Post-Monsoon,1.0576853639549135,1.5294117647058822,1.0575835901092465,2,0.3333333333333333,0.0002157010775249282
MED00364,Antineoplastic (Oncology),Summer,0.9394717546202953,1.0588235294117647,0.939434604904632,2,0.23076923076923078,0.00031116551067591455
MED00364,Antineoplastic (Oncology),Winter,0.9855381201015876,1.411764705882353,0.9854054518065617,2,0.3076923076923077,0.00031116551067591455
MED00365,General/Other,Monsoon,1.072341780497346,1.6756176154672395,1.0482755935191403,20,3.3333333333333335,0.038362147180054026
MED00365,General/Other,Post-Monsoon,0.9535285416007808,0.39097744360902253,0.9543854768211951,4,0.7777777777777778,0.0015209850941041807
MED00365,General/Other,Summer,0.9569908037028746,0.7733619763694952,0.9576297110882205,7,1.5384615384615385,0.0034672775802076818
MED00365,General/Other,Winter,1.0483419994685494,1.1600429645542427,1.0478713613827257,9,2.3076923076923075,0.004195697239915177
MED00366,General/Other,Monsoon,1.0503795407649,1.0579559925370925,1.0482755935191403,70,10.904761904761905,0.217340963100584
MED00366,General/Other,Post-Monsoon,0.9537425425584913,0.9270589628927651,0.9543854768211951,25,9.555555555555555,0.0235278551954211
MED00366,General/Other,Summer,0.9704113888411423,1.2612313797494596,0.9576297110882205,43,13.0,0.042100156462525073
MED00366,General/Other,Winter,1.0364488363889623,0.753753664820683,1.0478713613827257,35,7.769230769230769,0.03883657844217429
MED00367,General/Other,Monsoon,1.0478770921301936,1.04,1.0482755935191403,15,2.3333333333333335,0.04815381374459735
MED00367,General/Other,Post-Monsoon,0.9535365411973892,0.5942857142857142,0.9543854768211951,4,1.3333333333333333,0.002357501204190038
MED00367,General/Other,Summer,0.9604710378192375,1.3371428571428572,0.9576297110882205,11,3.0,0.007486767614126337
MED00367,General/Other,Winter,1.047756721426156,1.0285714285714285,1.0478713613827257,8,2.3076923076923075,0.005939914801290316
MED00368,General/Other,Monsoon,1.049839055773734,1.0717557251908396,1.0482755935191403,23,3.4285714285714284,0.06658660506909293
MED00368,General/Other,Post-Monsoon,0.9548856976892884,1.0767175572519083,0.9543854768211951,7,3.4444444444444446,0.004089040800516564
MED00368,General/Other,Summer,0.95582214058515,0.7213740458015266,0.9576297110882205,10,2.3076923076923075,0.0076509086073217256
MED00368,General/Other,Winter,1.048625136876195,1.130152671755725,1.0478713613827257,13,3.6153846153846154,0.009160956358766802
MED00369,Antibiotic,Monsoon,1.2988464815925709,1.577434805747738,1.263927056815394,33,6.333333333333333,0.11138297185985238
MED00369,Antibiotic,Post-Monsoon,0.9196424116293762,0.7748802554550293,0.9207205605390987,9,3.111111111111111,0.007392667679219363
MED00369,Antibiotic,Summer,0.8765161164748178,0.7472059606173497,0.8782090584558729,12,3.0,0.012922915633200591
MED00369,Antibiotic,Winter,0.9738637484888281,0.900478978179883,0.974928644427989,14,3.6153846153846154,0.014303569012816039
MED00370,Muscle Relaxant,Monsoon,0.9980627396774874,1.8932038834951455,0.996180932207009,3,0.47619047619047616,0.0020978364798537683
MED00370,Muscle Relaxant,Post-Monsoon,0.980779134189998,0.8834951456310679,0.9807960832911525,2,0.2222222222222222,0.00017419257781261626
MED00370,Muscle Relaxant,Summer,0.9905125844343986,0.0,0.9905125844343986,0,0.0,0.0
MED00370,Muscle Relaxant,Winter,1.0381811664151233,1.2233009708737865,1.0381346250758048,2,0.3076923076923077,0.0002513488027096454
MED00371,Cardiac/Antihypertensive,Monsoon,0.9853366779641733,0.9248712216930702,0.9903529598100503,20,14.523809523809524,0.07660581392808616
MED00371,Cardiac/Antihypertensive,Post-Monsoon,1.0052462321764106,1.1108562542521139,1.0044663326779995,11,17.444444444444443,0.007330576871116892
MED00371,Cardiac/Antihypertensive,Summer,1.0242492907582106,1.239304111186704,1.0213326812273142,16,19.46153846153846,0.013380696412551157
MED00371,Cardiac/Antihypertensive,Winter,0.9803778398888566,0.7249684128681116,0.9825186621549787,8,11.384615384615385,0.008312250801736325
MED00372,Antineoplastic (Oncology),Monsoon,1.0105823481234533,2.2127659574468086,1.0094630467147954,2,0.09523809523809523,0.000930190892646539
MED00372,Antineoplastic (Oncology),Post-Monsoon,1.0575835901092465,0.0,1.0575835901092465,0,0.0,0.0
MED00372,Antineoplastic (Oncology),Summer,0.9395051495159004,1.7872340425531916,0.939434604904632,1,0.07692307692307693,8.320908004377301e-05
MED00372,Antineoplastic (Oncology),Winter,0.9854054518065617,0.0,0.9854054518065617,0,0.0,0.0
MED00373,Antineoplastic (Oncology),Monsoon,1.0138020071059948,1.1849865951742626,1.0094630467147954,12,0.8095238095238095,0.024720104107291918
MED00373,Antineoplastic (Oncology),Post-Monsoon,1.058440620400703,1.4638069705093832,1.0575835901092465,7,1.0,0.0021097512669318932
MED00373,Antineoplastic (Oncology),Summer,0.9393452942186581,0.900804289544236,0.939434604904632,5,0.6153846153846154,0.0023119326140813327
MED00373,Antineoplastic (Oncology),Winter,0.9848557222091509,0.450402144772118,0.9854054518065617,2,0.3076923076923077,0.0010275256062583702
MED00374,Vitamin/Supplement,Monsoon,1.137583796338861,1.5849056603773586,1.1249502940005276,14,2.3333333333333335,0.0274668006112207
MED00374,Vitamin/Supplement,Post-Monsoon,0.886058148513642,1.0566037735849056,0.8858300297316529,4,1.5555555555555556,0.0013357954029809135
MED00374,Vitamin/Supplement,Summer,1.158760411435877,0.8359941944847605,1.1596329075962475,6,1.2307692307692308,0.0026958955311072795
MED00374,Vitamin/Supplement,Winter,0.8581550149697158,0.5224963715529753,0.8589360481040362,5,0.7692307692307693,0.0023214655962312683
MED00375,Cardiac/Antihypertensive,Monsoon,0.9860425119074281,0.935053543364643,0.9903529598100503,16,15.619047619047619,0.07794743922619196
MED00375,Cardiac/Antihypertensive,Post-Monsoon,1.0058768348823761,1.1906728555242863,1.0044663326779995,9,19.88888888888889,0.007574934448139794
MED00375,Cardiac/Antihypertensive,Summer,1.0177114124831923,0.6861591316106866,1.0213326812273142,9,11.461538461538462,0.01080416025746636
MED00375,Cardiac/Antihypertensive,Winter,0.9852402427577888,1.1881144695003836,0.9825186621549787,12,19.846153846153847,0.013237529684823647
MED00376,General/Other,Monsoon,1.0467316936961708,0.9525263318577316,1.0482755935191403,8,1.9047619047619047,0.016124404472476178
MED00376,General/Other,Post-Monsoon,0.9542764493593782,0.7778965043504809,0.9543854768211951,2,1.5555555555555556,0.0006177579272554865
MED00376,General/Other,Summer,0.9596195392085299,1.5002289726759273,0.9576297110882205,11,3.0,0.003667214943284293
MED00376,General/Other,Winter,1.0475132066169408,0.7693481911158602,1.0478713613827257,3,1.5384615384615385,0.0012859065385542325
MED00377,Blood Product/Coagulation,Monsoon,0.9916139985604547,1.8969957081545066,0.9718336842204087,12,1.619047619047619,0.02138037860215388
MED00377,Blood Product/Coagulation,Post-Monsoon,1.0095472998572883,1.5622317596566524,1.0089168151188908,4,1.3333333333333333,0.0011394681177902379
MED00377,Blood Product/Coagulation,Summer,0.9917223998555399,0.2703862660944206,0.9923582224307893,2,0.23076923076923078,0.0008806748927976831
MED00377,Blood Product/Coagulation,Winter,1.0134703134119525,0.2703862660944206,1.0141253057109363,2,0.23076923076923078,0.0008806748927976831
MED00378,General/Other,Monsoon,1.052397295295042,1.119314894109478,1.0482755935191403,22,2.9523809523809526,0.058020021898446864
MED00378,General/Other,Post-Monsoon,0.9578142317935617,1.6849901631755582,0.9543854768211951,10,4.444444444444445,0.00469303720111033
MED00378,General/Other,Summer,0.9547992571846095,0.40828607800023137,0.9576297110882205,7,1.0769230769230769,0.00515242870423452
MED00378,General/Other,Winter,1.0459968015241485,0.787408864714732,1.0478713613827257,11,2.076923076923077,0.007197043269406949
MED00379,Antiretroviral (ART Program),Monsoon,0.992329738257564,1.6249999999999998,0.9915768945964315,2,1.6666666666666667,0.0011885320486577408
MED00379,Antiretroviral (ART Program),Post-Monsoon,1.0111952596767428,1.6249999999999998,1.011149905931759,1,1.6666666666666667,7.388407271121486e-05
MED00379,Antiretroviral (ART Program),Summer,1.02777010959583,0.0,1.02777010959583,0,0.0,0.0
MED00379,Antiretroviral (ART Program),Winter,0.963610713595008,0.75,0.9636334934199424,1,0.7692307692307693,0.000106630400363046
MED00380,Antiretroviral (ART Program),Monsoon,0.9915768945964315,0.0,0.9915768945964315,0,0.0,0.0
MED00380,Antiretroviral (ART Program),Post-Monsoon,1.011149905931759,0.0,1.011149905931759,0,0.0,0.0
MED00380,Antiretroviral (ART Program),Summer,1.0280816210482924,4.0,1.02777010959583,2,2.230769230769231,0.00010480732108511162
MED00380,Antiretroviral (ART Program),Winter,0.9636334934199424,0.0,0.9636334934199424,0,0.0,0.0
MED00381,Antiretroviral (ART Program),Monsoon,0.9909724531169205,0.7085225754742186,0.9915768945964315,3,1.619047619047619,0.002135425742258519
MED00381,Antiretroviral (ART Program),Post-Monsoon,1.0113155361767239,1.9449639326743255,1.011149905931759,2,4.444444444444445,0.000177369626308342
MED00381,Antiretroviral (ART Program),Summer,1.0277229998037807,0.6732567459257282,1.02777010959583,1,1.5384615384615385,0.0001328858003028081
MED00381,Antiretroviral (ART Program),Winter,0.9635949064734624,0.6732567459257282,0.9636334934199424,1,1.5384615384615385,0.0001328858003028081
MED00382,Vitamin/Supplement,Monsoon,1.1263210626625595,1.165266106442577,1.1249502940005276,15,2.6666666666666665,0.03400076989648126
MED00382,Vitamin/Supplement,Post-Monsoon,0.8871149653018668,1.4565826330532214,0.8858300297316529,6,3.3333333333333335,0.0022513004106088047
MED00382,Vitamin/Supplement,Summer,1.1579738150995698,0.7058823529411765,1.1596329075962475,7,1.6153846153846154,0.003656397727026134
MED00382,Vitamin/Supplement,Winter,0.8582535187956516,0.6722689075630253,0.8589360481040362,7,1.5384615384615385,0.003656397727026134
MED00383,General/Other,Monsoon,1.0121262614402156,0.8541479053348221,1.0482755935191403,50,7.238095238095238,0.18621419961794514
MED00383,General/Other,Post-Monsoon,0.959035004999935,1.1669608443499873,0.9543854768211951,25,9.88888888888889,0.021872375114723314
MED00383,General/Other,Summer,0.9549838293185574,0.8805158315622635,0.9576297110882205,31,7.461538461538462,0.03431135595729492
MED00383,General/Other,Winter,1.0497394630960935,1.0983754187529267,1.0478713613827257,37,9.307692307692308,0.036989141281745616
MED00384,General/Other,Monsoon,1.0556219547569219,1.3008672448298866,1.0482755935191403,16,2.380952380952381,0.029083943193133684
MED00384,General/Other,Post-Monsoon,0.9549593290887202,1.3962641761174115,0.9543854768211951,4,2.5555555555555554,0.0012986646978889497
MED00384,General/Other,Summer,0.9562333765127983,0.21014009339559708,0.9576297110882205,4,0.38461538461538464,0.0018680320667630091
MED00384,General/Other,Winter,1.0480569895796352,1.0927284856571047,1.0478713613827257,11,2.0,0.004138209925676388
MED00385,Analgesic/Antipyretic,Monsoon,1.0739721388763903,1.085129055174047,1.0650624809380167,137,22.38095238095238,0.4440049324600755
MED00385,Analgesic/Antipyretic,Post-Monsoon,0.9330316630223018,0.867333649064646,0.9386221024626731,53,17.88888888888889,0.07841998491898851
MED00385,Analgesic/Antipyretic,Summer,0.9673199060881973,0.9137461520246272,0.9744668399944317,72,18.846153846153847,0.11770179398804795
MED00385,Analgesic/Antipyretic,Winter,1.0554013498077683,1.13379114373668,1.0443572974259112,88,23.384615384615383,0.12348850952335022
MED00386,Analgesic/Antipyretic,Monsoon,1.048493563695997,1.013510024954823,1.0650624809380167,90,14.380952380952381,0.32139918314310933
MED00386,Analgesic/Antipyretic,Post-Monsoon,0.9295767338444372,0.7204199294380861,0.9386221024626731,30,10.222222222222221,0.04145407212428005
MED00386,Analgesic/Antipyretic,Summer,0.9900852588099872,1.1818260046467601,0.9744668399944317,61,16.76923076923077,0.07532061021629927
MED00386,Analgesic/Antipyretic,Winter,1.0474292433750831,1.0842440409603304,1.0443572974259112,66,15.384615384615385,0.07701671475188519
MED00387,NSAID,Monsoon,1.0677960088147274,1.087712206952304,1.0519392325550556,148,23.0,0.44326133140585305
MED00387,NSAID,Post-Monsoon,0.9974375970728276,1.0824575586095393,0.989841463151568,67,22.88888888888889,0.08201742778831358
MED00387,NSAID,Summer,0.9230356975031111,0.8439773645917543,0.9333895430491082,74,17.846153846153847,0.11579905248517594
MED00387,NSAID,Winter,1.0270740761046597,0.9858528698464026,1.0326451224367872,83,20.846153846153847,0.11905916094478111
MED00388,Cardiac/Antihypertensive,Monsoon,0.9078564398146005,0.8065762220381111,0.9903529598100503,122,95.0952380952381,0.4488953335205311
MED00388,Cardiac/Antihypertensive,Post-Monsoon,1.0085852705098004,1.0507974316487156,1.0044663326779995,67,123.88888888888889,0.08890222600600174
MED00388,Cardiac/Antihypertensive,Summer,1.0245442294882938,1.045867854183927,1.0213326812273142,90,123.3076923076923,0.1308956846018034
MED00388,Cardiac/Antihypertensive,Winter,0.9978044629249936,1.0967584921292461,0.9825186621549787,100,129.30769230769232,0.13380447759295458
MED00389,Antibiotic,Monsoon,1.2074745396873883,0.97950932647248,1.263927056815394,73,9.761904761904763,0.1984845215519529
MED00389,Antibiotic,Post-Monsoon,0.9190179599742904,0.8361664982082146,0.9207205605390987,24,8.333333333333334,0.02013623612956102
MED00389,Antibiotic,Summer,0.8698465628341753,0.6020398787099145,0.8782090584558729,27,6.0,0.03028033623951135
MED00389,Antibiotic,Winter,1.0001701808983279,1.5822842966093906,0.974928644427989,62,15.76923076923077,0.041559729261892116
MED00390,Antibiotic,Monsoon,1.35879446544207,1.4922910356736607,1.263927056815394,216,33.23809523809524,0.4154219465827193
MED00390,Antibiotic,Post-Monsoon,0.9080888284350158,0.708375018844135,0.9207205605390987,45,15.777777777777779,0.059486683842076636
MED00390,Antibiotic,Summer,0.8807824266932204,0.9048473967684021,0.8782090584558729,76,20.153846153846153,0.09660393254098328
MED00390,Antibiotic,Winter,0.967037043456387,0.8944865487138022,0.974928644427989,81,19.923076923076923,0.09810287638006257
MED00391,Gastrointestinal,Monsoon,1.1465270314945895,1.2073725365036305,1.1011190804939468,146,23.095238095238095,0.4273550499524867
MED00391,Gastrointestinal,Post-Monsoon,0.91884312545731,0.789978456873853,0.9284752389141901,48,15.11111111111111,0.0695475614305235
MED00391,Gastrointestinal,Summer,1.147639197730915,1.2787999680842577,1.1305949513441962,93,24.46153846153846,0.11500451713191916
MED00391,Gastrointestinal,Winter,0.8466730719833555,0.7238490385382591,0.8607769399760317,60,13.846153846153847,0.10300214817128242
MED00392,Gastrointestinal,Monsoon,1.122401817224548,1.1479852822399712,1.1011190804939468,137,23.428571428571427,0.4541169528935955
MED00392,Gastrointestinal,Post-Monsoon,0.9273585962762461,0.9146549403212779,0.9284752389141901,51,18.666666666666668,0.08079728744187861
MED00392,Gastrointestinal,Summer,1.1422170828958909,1.2174459301803824,1.1305949513441962,107,24.846153846153847,0.13381693226066932
MED00392,Gastrointestinal,Winter,0.8446125453067612,0.7199138472583685,0.8607769399760317,57,14.692307692307692,0.1147525186151443
MED00393,Gastrointestinal,Monsoon,1.0903346854535234,1.0635894267684567,1.1011190804939468,95,14.714285714285714,0.2873566358833359
MED00393,Gastrointestinal,Post-Monsoon,0.9282923997132846,0.9236132562552403,0.9284752389141901,37,12.777777777777779,0.03760589326022299
MED00393,Gastrointestinal,Summer,1.1346481652841165,1.1954459203036054,1.1305949513441962,60,16.53846153846154,0.06250043761809132
MED00393,Gastrointestinal,Winter,0.8581967446865065,0.8173513966726976,0.8607769399760317,51,11.307692307692308,0.05941653444614602
MED00394,Gastrointestinal,Monsoon,1.1043006805377524,1.1107308106737654,1.1011190804939468,107,16.047619047619047,0.3310122094860684
MED00394,Gastrointestinal,Post-Monsoon,0.926257068795408,0.8767192748938327,0.9284752389141901,33,12.666666666666666,0.04285825142605033
MED00394,Gastrointestinal,Summer,1.1316677697518547,1.144704316409964,1.1305949513441962,65,16.53846153846154,0.0760359096711859
MED00394,Gastrointestinal,Winter,0.8612627318356761,0.8678455980224377,0.8607769399760317,47,12.538461538461538,0.06872476451049495
MED00395,Gastrointestinal,Monsoon,1.0481779887614513,0.9470072436141823,1.1011190804939468,123,19.714285714285715,0.3435238512782072
MED00395,Gastrointestinal,Post-Monsoon,0.9290476470283751,0.9393823865802517,0.9284752389141901,54,19.555555555555557,0.052480092111155535
MED00395,Gastrointestinal,Summer,1.1485280755708316,1.3376345347370893,1.1305949513441962,105,27.846153846153847,0.08661688713217856
MED00395,Gastrointestinal,Winter,0.8542664149404406,0.7759758350684771,0.8607769399760317,63,16.153846153846153,0.07677405904897645
MED00396,Antidiabetic,Monsoon,1.0139175602686077,0.9366284143108813,1.041970017811006,60,52.095238095238095,0.26629989111913477
MED00396,Antidiabetic,Post-Monsoon,1.0203176551134845,1.1866242982037307,1.0140356537699402,30,66.0,0.03639869450364804
MED00396,Antidiabetic,Summer,0.9845434231611703,0.9224690057131567,0.9884132013007866,42,51.30769230769231,0.05868261952598973
MED00396,Antidiabetic,Winter,0.9598385431669343,0.9542782817722311,0.9601851751432037,42,53.07692307692308,0.05868261952598973
MED00397,Cardiac/Antihypertensive,Monsoon,1.009532817846205,1.070521640686232,0.9903529598100503,67,56.285714285714285,0.2392437773271789
MED00397,Cardiac/Antihypertensive,Post-Monsoon,1.0112722481612442,1.2235826874510145,1.0044663326779995,33,64.33333333333333,0.031060737069558662
MED00397,Cardiac/Antihypertensive,Summer,1.0163331316460364,0.9100060959679527,1.0213326812273142,35,47.84615384615385,0.04490885595413026
MED00397,Cardiac/Antihypertensive,Winter,0.9743437993331145,0.795889575894801,0.9825186621549787,33,41.84615384615385,0.043802726497131975
MED00398,Cardiac/Antihypertensive,Monsoon,1.04840013016584,1.1131917532165554,0.9903529598100503,154,131.52380952380952,0.4725475458204537
MED00398,Cardiac/Antihypertensive,Post-Monsoon,1.010862962066244,1.0749031157960005,1.0044663326779995,65,127.0,0.09081376384734116
MED00398,Cardiac/Antihypertensive,Summer,1.0108857985429618,0.9427375600682065,1.0213326812273142,85,111.38461538461539,0.1329202440340248
MED00398,Cardiac/Antihypertensive,Winter,0.9677995658018468,0.8691675709192374,0.9825186621549787,77,102.6923076923077,0.12985403309898386
MED00399,Cardiac/Antihypertensive,Monsoon,0.9998811762938573,1.009209955682381,0.9903529598100503,146,120.04761904761905,0.5052881460184214
MED00399,Cardiac/Antihypertensive,Post-Monsoon,0.9947998810507377,0.909796836948628,1.0044663326779995,58,108.22222222222223,0.1021073530896894
MED00399,Cardiac/Antihypertensive,Summer,1.0188771733224657,1.0055762701860724,1.0213326812273142,92,119.61538461538461,0.15584182834665433
MED00399,Cardiac/Antihypertensive,Winter,0.9971261516202814,1.0754169371829185,0.9825186621549787,96,127.92307692307692,0.15724177290600264
MED00400,Cardiac/Antihypertensive,Monsoon,0.9596283153374873,0.9201097053879502,0.9903529598100503,85,66.66666666666667,0.43740348771335397
MED00400,Cardiac/Antihypertensive,Post-Monsoon,1.000184387848593,0.9523135450765283,1.0044663326779995,40,69.0,0.08210385343401588
MED00400,Cardiac/Antihypertensive,Summer,1.0505073957915825,1.2453330974077679,1.0213326812273142,63,90.23076923076923,0.13024401946095182
MED00400,Cardiac/Antihypertensive,Winter,0.9701988171012551,0.8822436521277537,0.9825186621549787,52,63.92307692307692,0.12286057164570513
MED00401,Antihistamine/Allergy,Monsoon,1.3859188338036035,1.5099252660656546,1.325385043961551,137,21.523809523809526,0.32802491051465077
MED00401,Antihistamine/Allergy,Post-Monsoon,0.8602254716379399,0.4988543651898327,0.8723927203348424,22,7.111111111111111,0.03257295677756852
MED00401,Antihistamine/Allergy,Summer,0.8660478925083482,0.9281569198483907,0.8616997544522642,51,13.23076923076923,0.06542767856808741
MED00401,Antihistamine/Allergy,Winter,1.0211144873256657,1.063063448896122,1.017982109234,62,15.153846153846153,0.06948280852216089
MED00402,Antihistamine/Allergy,Monsoon,1.3316631095969167,1.3417248685552854,1.325385043961551,173,26.095238095238095,0.3842186676699687
MED00402,Antihistamine/Allergy,Post-Monsoon,0.8690862958647187,0.8112375421800204,0.8723927203348424,44,15.777777777777779,0.054066140756765343
MED00402,Antihistamine/Allergy,Summer,0.8581541516254707,0.8187083104449502,0.8616997544522642,58,15.923076923076923,0.0824722897465428
MED00402,Antihistamine/Allergy,Winter,1.0189097364247564,1.0283292788197442,1.017982109234,79,20.0,0.08965033220624688
MED00403,NSAID,Monsoon,0.983080700811886,0.8638799571275456,1.0519392325550556,82,13.285714285714286,0.3661533396139882
MED00403,NSAID,Post-Monsoon,0.9855513484024297,0.9103251161128975,0.989841463151568,31,14.0,0.05395261363115437
MED00403,NSAID,Summer,0.9425338034662645,1.0303679885673456,0.9333895430491082,58,15.846153846153847,0.09429167861261228
MED00403,NSAID,Winter,1.048641304185944,1.1954269381922114,1.0326451224367872,67,18.384615384615383,0.09826762083297169
MED00404,NSAID,Monsoon,1.0500059434337274,1.0388918486947256,1.0519392325550556,44,5.9523809523809526,0.1481744648600591
MED00404,NSAID,Post-Monsoon,0.9859891582687089,0.678742674480554,0.989841463151568,14,3.888888888888889,0.012382899011968944
MED00404,NSAID,Summer,0.9380000791314398,1.1143313798614811,0.9333895430491082,27,6.384615384615385,0.025480763120098632
MED00404,NSAID,Winter,1.0362691698757174,1.1680340969632392,1.0326451224367872,30,6.6923076923076925,0.02676767034838644
MED00405,NSAID,Monsoon,1.0859917461796837,1.1993907303982012,1.0519392325550556,69,10.095238095238095,0.23094043887470217
MED00405,NSAID,Post-Monsoon,0.9860426041839212,0.8448538478276637,0.989841463151568,26,7.111111111111111,0.026201265254001193
MED00405,NSAID,Summer,0.9387554153189767,1.060129107129905,0.9333895430491082,35,8.923076923076923,0.0423377838545173
MED00405,NSAID,Winter,1.027481530281465,0.89562631464423,1.0326451224367872,27,7.538461538461538,0.037685280134240676
MED00406,NSAID,Monsoon,1.1111426864122436,1.1698455485008368,1.0519392325550556,169,27.952380952380953,0.5021228369514349
MED00406,NSAID,Post-Monsoon,0.9903583109235677,0.9951326698774864,0.989841463151568,60,23.77777777777778,0.09768051009385374
MED00406,NSAID,Summer,0.9187303858317477,0.8305888064182327,0.9333895430491082,78,19.846153846153847,0.14259778380768554
MED00406,NSAID,Winter,1.0285080248209055,1.0044329752034442,1.0326451224367872,88,24.0,0.14664242255875445
MED00407,Antihistamine/Allergy,Monsoon,1.3190400108917677,1.309100109639875,1.325385043961551,193,28.428571428571427,0.3896259539308
MED00407,Antihistamine/Allergy,Post-Monsoon,0.8771668647952833,0.9516741165556213,0.8723927203348424,61,20.666666666666668,0.06021771421817656
MED00407,Antihistamine/Allergy,Summer,0.8520204272333174,0.7438643839082398,0.8616997544522642,57,16.153846153846153,0.08214279951986501
MED00407,Antihistamine/Allergy,Winter,1.015922106976964,0.9953613898962639,1.017982109234,84,21.615384615384617,0.09106705345128446
MED00408,Antihistamine/Allergy,Monsoon,1.3712814683058139,1.5590048904954283,1.325385043961551,67,11.19047619047619,0.19645772833605293
MED00408,Antihistamine/Allergy,Post-Monsoon,0.8707647391144363,0.7584945779289815,0.8723927203348424,13,5.444444444444445,0.014293307915461817
MED00408,Antihistamine/Allergy,Summer,0.854398752677008,0.557261322560068,0.8616997544522642,17,4.0,0.023981866316541353
MED00408,Antihistamine/Allergy,Winter,1.0212218672130988,1.1252392090155219,1.017982109234,26,8.076923076923077,0.030205534045747592
MED00409,Respiratory,Monsoon,1.2914079856029508,1.297985153764581,1.28905993816121,92,14.571428571428571,0.2630801928027174
MED00409,Respiratory,Post-Monsoon,0.9154364350657773,0.831389183457052,0.9178075777721271,24,9.333333333333334,0.02743793986387582
MED00409,Respiratory,Summer,0.8911262911163726,0.8633656905130923,0.8925143853654622,38,9.692307692307692,0.0476211458564422
MED00409,Respiratory,Winter,0.9730547321546607,1.0072599722652746,0.9712906065871663,41,11.307692307692308,0.04904522318468508
MED00410,Respiratory,Monsoon,1.3373923944930826,1.5215176297090764,1.28905993816121,89,13.857142857142858,0.20791936807958983
MED00410,Respiratory,Post-Monsoon,0.9123134872092974,0.5612012334093042,0.9178075777721271,15,5.111111111111111,0.015406597918627658
MED00410,Respiratory,Summer,0.8928866323417254,0.9037404477812039,0.8925143853654622,33,8.23076923076923,0.033159175717846906
MED00410,Respiratory,Winter,0.9727600584909701,1.0135406891004155,0.9712906065871663,37,9.23076923076923,0.034779858793010494
MED00411,Vitamin/Supplement,Monsoon,1.1360980601901203,1.1517637407711236,1.1249502940005276,170,26.142857142857142,0.41575282301331773
MED00411,Vitamin/Supplement,Post-Monsoon,0.8772826575440993,0.7538562917736924,0.8858300297316529,50,17.11111111111111,0.06476570505471622
MED00411,Vitamin/Supplement,Summer,1.1930399033102514,1.4572546699121829,1.1596329075962475,126,33.07692307692308,0.11224648175606627
MED00411,Vitamin/Supplement,Winter,0.8372956984210572,0.6371252975430008,0.8589360481040362,66,14.461538461538462,0.09756222197636111
MED00412,Vitamin/Supplement,Monsoon,1.0898943985840703,0.9955881128777158,1.1249502940005276,73,10.952380952380953,0.27099029339321695
MED00412,Vitamin/Supplement,Post-Monsoon,0.8885306345728435,0.9696162490635144,0.8858300297316529,26,10.666666666666666,0.03223208855496915
MED00412,Vitamin/Supplement,Summer,1.1601158575803603,1.1677349538000499,1.1596329075962475,51,12.846153846153847,0.059608396689474194
MED00412,Vitamin/Supplement,Winter,0.8593519411735256,0.8670606842587196,0.8589360481040362,34,9.538461538461538,0.05118913162033942
MED00413,Vitamin/Supplement,Monsoon,1.1352699157617512,1.16796875,1.1249502940005276,87,15.333333333333334,0.23988824148756516
MED00413,Vitamin/Supplement,Post-Monsoon,0.887317038078533,0.9394531250000001,0.8858300297316529,31,12.333333333333334,0.027730744363760433
MED00413,Vitamin/Supplement,Summer,1.1557127222502366,1.078125,1.1596329075962475,53,14.153846153846153,0.04809576716690721
MED00413,Vitamin/Supplement,Winter,0.8568961034212553,0.814453125,0.8589360481040362,46,10.692307692307692,0.04585905197843823
MED00414,Vitamin/Supplement,Monsoon,1.1430178401758058,1.1635058792129416,1.1249502940005276,158,23.952380952380953,0.4686103472619814
MED00414,Vitamin/Supplement,Post-Monsoon,0.88006602535539,0.8149938464732136,0.8858300297316529,49,16.77777777777778,0.08137090553331201
MED00414,Vitamin/Supplement,Summer,1.1655202146829506,1.2031850061535267,1.1596329075962475,102,24.76923076923077,0.13517849384364988
MED00414,Vitamin/Supplement,Winter,0.8538432531060686,0.818315268160318,0.8589360481040362,73,16.846153846153847,0.12537413129496577
MED00415,Vitamin/Supplement,Monsoon,1.1375081231319089,1.176384035313592,1.1249502940005276,80,13.666666666666666,0.2441554670298013
MED00415,Vitamin/Supplement,Post-Monsoon,0.8811988844957191,0.6981791429096927,0.8858300297316529,22,8.11111111111111,0.024679580866184547
MED00415,Vitamin/Supplement,Summer,1.1635297135386449,1.2381828214088653,1.1596329075962475,50,14.384615384615385,0.04960929622015109
MED00415,Vitamin/Supplement,Winter,0.8601796713636919,0.88725400036785,0.8589360481040362,36,10.307692307692308,0.043916426162100966
MED00416,Vitamin/Supplement,Monsoon,1.1762427571115694,1.2385560104205433,1.1249502940005276,166,24.38095238095238,0.4514954416678009
MED00416,Vitamin/Supplement,Post-Monsoon,0.8757571650027965,0.745068850018608,0.8858300297316529,43,14.666666666666666,0.07155996240860497
MED00416,Vitamin/Supplement,Summer,1.1490481163106765,1.0746185336806846,1.1596329075962475,100,21.153846153846153,0.12450590174414519
MED00416,Vitamin/Supplement,Winter,0.8684336188411532,0.9417566058801637,0.8589360481040362,70,18.53846153846154,0.11467648844855478
MED00417,Vitamin/Supplement,Monsoon,1.0780045643641343,0.8997919176431936,1.1249502940005276,47,7.523809523809524,0.20850092453095723
MED00417,Vitamin/Supplement,Post-Monsoon,0.8977442692234774,1.3155185631365678,0.8858300297316529,28,11.0,0.027727617950179535
MED00417,Vitamin/Supplement,Summer,1.160856027020542,1.1867265359763444,1.1596329075962475,39,9.923076923076923,0.04514417216975376
MED00417,Vitamin/Supplement,Winter,0.8496720310664487,0.5979629832438944,0.8589360481040362,23,5.0,0.035497981535190994
MED00418,Gastrointestinal,Monsoon,1.1049826405685614,1.1193829042963495,1.1011190804939468,49,7.619047619047619,0.21154168570693552
MED00418,Gastrointestinal,Post-Monsoon,0.9311920230057389,1.061081711364248,0.9284752389141901,16,7.222222222222222,0.02048756777367701
MED00418,Gastrointestinal,Summer,1.123380996508566,0.9493228092205579,1.1305949513441962,29,6.461538461538462,0.03979626847852871
MED00418,Gastrointestinal,Winter,0.8611194114594616,0.8702125751188448,0.8607769399760317,24,5.923076923076923,0.03629554113171936
MED00419,Gastrointestinal,Monsoon,1.1161208227989106,1.1803278688524592,1.1011190804939468,63,10.0,0.18939492215261858
MED00419,Gastrointestinal,Post-Monsoon,0.9285285466973534,0.9311475409836066,0.9284752389141901,24,7.888888888888889,0.019948262501204756
MED00419,Gastrointestinal,Summer,1.124314287133413,0.9442622950819674,1.1305949513441962,35,8.0,0.03370672826100994
MED00419,Gastrointestinal,Winter,0.8634851679972813,0.9442622950819674,0.8607769399760317,32,8.0,0.03243955802563363
MED00420,Antiseptic/Disinfectant,Monsoon,1.3912163368941637,1.4555097230406602,1.3436709448398476,195,31.666666666666668,0.42512438725811064
MED00420,Antiseptic/Disinfectant,Post-Monsoon,0.8912698885747657,0.7200942840306424,0.9031634141714151,49,15.666666666666666,0.06496740104409586
MED00420,Antiseptic/Disinfectant,Summer,0.8735093406934807,0.7637006482027108,0.8856146181435395,68,16.615384615384617,0.09929360397281864
MED00420,Antiseptic/Disinfectant,Winter,0.9595775391225779,1.060695344725987,0.9476531198860934,87,23.076923076923077,0.10548641672059815
MED00421,Antiseptic/Disinfectant,Monsoon,1.3369378242898553,1.326435236561997,1.3436709448398476,151,25.904761904761905,0.39064948428286944
MED00421,Antiseptic/Disinfectant,Post-Monsoon,0.9056005426525142,0.9444348926991669,0.9031634141714151,48,18.444444444444443,0.05905115513272363
MED00421,Antiseptic/Disinfectant,Summer,0.8915066590694706,0.9492489723190424,0.8856146181435395,72,18.53846153846154,0.09259213835471465
MED00421,Antiseptic/Disinfectant,Winter,0.9318045242519755,0.779880898419794,0.9476531198860934,78,15.23076923076923,0.09446495668713202
MED00422,Vitamin/Supplement,Monsoon,1.1336065232518309,1.145216217952837,1.1249502940005276,137,21.761904761904763,0.42713222805303697
MED00422,Vitamin/Supplement,Post-Monsoon,0.8884786309677035,0.9238578680203047,0.8858300297316529,46,17.555555555555557,0.06964900860118031
MED00422,Vitamin/Supplement,Summer,1.1584616445176141,1.1496498104478572,1.1596329075962475,95,21.846153846153847,0.11732461992741615
MED00422,Vitamin/Supplement,Winter,0.8506965311816823,0.7812761035790015,0.8589360481040362,63,14.846153846153847,0.10609738357072561
MED00423,Gastrointestinal,Monsoon,1.056162884193072,0.9449753837242978,1.1011190804939468,76,11.952380952380953,0.28791553697615124
MED00423,Gastrointestinal,Post-Monsoon,0.9333494801684186,1.0541558065450334,0.9284752389141901,33,13.333333333333334,0.038782775620057476
MED00423,Gastrointestinal,Summer,1.1193229482783325,0.9548218940052129,1.1305949513441962,51,12.076923076923077,0.06412816182701629
MED00423,Gastrointestinal,Winter,0.8722478199431586,1.0460469157254562,0.8607769399760317,46,13.23076923076923,0.06191440313373348
MED00424,Neuro/Psychiatric,Monsoon,1.0626420980643867,1.072549655076624,1.0563104535157373,114,99.0,0.3898987597949122
MED00424,Neuro/Psychiatric,Post-Monsoon,0.9785447767253929,0.8931894995138665,0.984048218776047,42,82.44444444444444,0.06057142446366056
MED00424,Neuro/Psychiatric,Summer,0.9483408567076466,0.9517107273484884,0.9479820344320362,64,87.84615384615384,0.09623272381243902
MED00424,Neuro/Psychiatric,Winter,1.028051666077427,1.0825501180610215,1.0220411260830145,72,99.92307692307692,0.09933300486309748
