medicine_id,h,week,season,bias,margin,prediction
MED00001,1,2026-08-31,Monsoon,2.020286,2.641419,14.033105
MED00002,1,2026-08-31,Monsoon,2.020286,-2.463246,0.085158
MED00003,1,2026-08-31,Monsoon,2.020286,-1.237692,0.290053
MED00004,1,2026-08-31,Monsoon,2.020286,-0.067303,0.934912
MED00005,1,2026-08-31,Monsoon,2.020286,0.894667,2.446521
MED00006,1,2026-08-31,Monsoon,2.020286,0.542284,1.719931
MED00007,1,2026-08-31,Monsoon,2.020286,1.224366,3.402008
MED00008,1,2026-08-31,Monsoon,2.020286,-0.358239,0.698906
MED00009,1,2026-08-31,Monsoon,2.020286,1.232427,3.429543
MED00010,1,2026-08-31,Monsoon,2.020286,1.41293,4.107974
MED00011,1,2026-08-31,Monsoon,2.020286,2.955558,19.21245
MED00012,1,2026-08-31,Monsoon,2.020286,0.819986,2.270467
MED00013,1,2026-08-31,Monsoon,2.020286,1.565551,4.785312
MED00014,1,2026-08-31,Monsoon,2.020286,2.919924,18.539879
MED00015,1,2026-08-31,Monsoon,2.020286,-0.618695,0.538647
MED00016,1,2026-08-31,Monsoon,2.020286,0.779617,2.180637
MED00017,1,2026-08-31,Monsoon,2.020286,0.68968,1.993077
MED00018,1,2026-08-31,Monsoon,2.020286,4.319072,75.118866
MED00019,1,2026-08-31,Monsoon,2.020286,3.87701,48.27967
MED00020,1,2026-08-31,Monsoon,2.020286,2.267645,9.656636
MED00021,1,2026-08-31,Monsoon,2.020286,1.50368,4.498214
MED00022,1,2026-08-31,Monsoon,2.020286,1.135,3.111172
MED00023,1,2026-08-31,Monsoon,2.020286,0.401483,1.494039
MED00024,1,2026-08-31,Monsoon,2.020286,1.259513,3.523706
MED00025,1,2026-08-31,Monsoon,2.020286,-2.430496,0.087993
MED00026,1,2026-08-31,Monsoon,2.020286,-0.997151,0.368929
MED00027,1,2026-08-31,Monsoon,2.020286,-1.293556,0.274294
MED00028,1,2026-08-31,Monsoon,2.020286,-0.675715,0.508792
MED00029,1,2026-08-31,Monsoon,2.020286,2.668328,14.415854
MED00030,1,2026-08-31,Monsoon,2.020286,1.747006,5.737402
MED00031,1,2026-08-31,Monsoon,2.020286,1.158567,3.185366
MED00032,1,2026-08-31,Monsoon,2.020286,1.027925,2.795258
MED00033,1,2026-08-31,Monsoon,2.020286,0.026819,1.027182
MED00034,1,2026-08-31,Monsoon,2.020286,2.935542,18.831718
MED00035,1,2026-08-31,Monsoon,2.020286,-0.878453,0.415425
MED00036,1,2026-08-31,Monsoon,2.020286,0.500614,1.649734
MED00037,1,2026-08-31,Monsoon,2.020286,1.617745,5.04171
MED00038,1,2026-08-31,Monsoon,2.020286,2.943752,18.986948
MED00039,1,2026-08-31,Monsoon,2.020286,-0.040378,0.960426
MED00040,1,2026-08-31,Monsoon,2.020286,-0.541303,0.581989
MED00041,1,2026-08-31,Monsoon,2.020286,-1.078515,0.3401
MED00042,1,2026-08-31,Monsoon,2.020286,1.318948,3.739485
MED00043,1,2026-08-31,Monsoon,2.020286,-0.901605,0.405917
MED00044,1,2026-08-31,Monsoon,2.020286,0.845632,2.329448
MED00045,1,2026-08-31,Monsoon,2.020286,0.56441,1.758409
MED00046,1,2026-08-31,Monsoon,2.020286,0.931338,2.537902
MED00047,1,2026-08-31,Monsoon,2.020286,1.95545,7.067102
MED00048,1,2026-08-31,Monsoon,2.020286,2.557072,12.897999
MED00049,1,2026-08-31,Monsoon,2.020286,-1.953396,0.141792
MED00050,1,2026-08-31,Monsoon,2.020286,1.167339,3.21343
MED00051,1,2026-08-31,Monsoon,2.020286,-2.463745,0.085116
MED00052,1,2026-08-31,Monsoon,2.020286,-0.817189,0.441671
MED00053,1,2026-08-31,Monsoon,2.020286,2.19771,9.004366
MED00054,1,2026-08-31,Monsoon,2.020286,2.179894,8.845368
MED00055,1,2026-08-31,Monsoon,2.020286,-0.025436,0.974885
MED00056,1,2026-08-31,Monsoon,2.020286,-0.496147,0.608872
MED00057,1,2026-08-31,Monsoon,2.020286,-0.79047,0.453632
MED00058,1,2026-08-31,Monsoon,2.020286,0.551512,1.735876
MED00059,1,2026-08-31,Monsoon,2.020286,2.373783,10.737938
MED00060,1,2026-08-31,Monsoon,2.020286,1.89554,6.65614
MED00061,1,2026-08-31,Monsoon,2.020286,-0.43546,0.646967
MED00062,1,2026-08-31,Monsoon,2.020286,2.645461,14.08994
MED00063,1,2026-08-31,Monsoon,2.020286,-2.465366,0.084978
MED00064,1,2026-08-31,Monsoon,2.020286,3.153237,23.411722
MED00065,1,2026-08-31,Monsoon,2.020286,4.145398,63.142788
MED00066,1,2026-08-31,Monsoon,2.020286,-0.83772,0.432696
MED00067,1,2026-08-31,Monsoon,2.020286,0.766275,2.151736
MED00068,1,2026-08-31,Monsoon,2.020286,1.464158,4.323901
MED00069,1,2026-08-31,Monsoon,2.020286,0.679842,1.973567
MED00070,1,2026-08-31,Monsoon,2.020286,2.718783,15.161861
MED00071,1,2026-08-31,Monsoon,2.020286,0.884145,2.420914
MED00072,1,2026-08-31,Monsoon,2.020286,1.03019,2.801598
MED00073,1,2026-08-31,Monsoon,2.020286,1.409326,4.093197
MED00074,1,2026-08-31,Monsoon,2.020286,1.355188,3.877492
MED00075,1,2026-08-31,Monsoon,2.020286,1.470727,4.352398
MED00076,1,2026-08-31,Monsoon,2.020286,-1.716173,0.179753
MED00077,1,2026-08-31,Monsoon,2.020286,1.818729,6.164019
MED00078,1,2026-08-31,Monsoon,2.020286,1.259164,3.522477
MED00079,1,2026-08-31,Monsoon,2.020286,3.02112,20.514256
MED00080,1,2026-08-31,Monsoon,2.020286,1.554808,4.734176
MED00081,1,2026-08-31,Monsoon,2.020286,-1.206645,0.299199
MED00082,1,2026-08-31,Monsoon,2.020286,1.213729,3.366012
MED00083,1,2026-08-31,Monsoon,2.020286,1.3289,3.776886
MED00084,1,2026-08-31,Monsoon,2.020286,3.78783,44.16046
MED00085,1,2026-08-31,Monsoon,2.020286,0.797783,2.220612
MED00086,1,2026-08-31,Monsoon,2.020286,-0.94108,0.390206
MED00087,1,2026-08-31,Monsoon,2.020286,0.596019,1.814879
MED00088,1,2026-08-31,Monsoon,2.020286,3.217964,24.977224
MED00089,1,2026-08-31,Monsoon,2.020286,2.701974,14.909125
MED00090,1,2026-08-31,Monsoon,2.020286,1.395028,4.03509
MED00091,1,2026-08-31,Monsoon,2.020286,1.075381,2.93111
MED00092,1,2026-08-31,Monsoon,2.020286,0.434331,1.543929
MED00093,1,2026-08-31,Monsoon,2.020286,-1.258795,0.283996
MED00094,1,2026-08-31,Monsoon,2.020286,-0.45433,0.634873
MED00095,1,2026-08-31,Monsoon,2.020286,1.216641,3.375829
MED00096,1,2026-08-31,Monsoon,2.020286,2.79441,16.352985
MED00097,1,2026-08-31,Monsoon,2.020286,-0.886544,0.412077
MED00098,1,2026-08-31,Monsoon,2.020286,2.243595,9.427164
MED00099,1,2026-08-31,Monsoon,2.020286,-1.204465,0.299852
MED00100,1,2026-08-31,Monsoon,2.020286,-2.095084,0.12306
MED00101,1,2026-08-31,Monsoon,2.020286,1.607621,4.990922
MED00102,1,2026-08-31,Monsoon,2.020286,1.561719,4.76701
MED00103,1,2026-08-31,Monsoon,2.020286,1.18448,3.268986
MED00104,1,2026-08-31,Monsoon,2.020286,2.145273,8.544374
MED00105,1,2026-08-31,Monsoon,2.020286,2.465357,11.76768
MED00106,1,2026-08-31,Monsoon,2.020286,-2.377495,0.092783
MED00107,1,2026-08-31,Monsoon,2.020286,2.21877,9.196015
MED00108,1,2026-08-31,Monsoon,2.020286,1.195151,3.304056
MED00109,1,2026-08-31,Monsoon,2.020286,-0.493423,0.610533
MED00110,1,2026-08-31,Monsoon,2.020286,-0.578258,0.560875
MED00111,1,2026-08-31,Monsoon,2.020286,-0.368825,0.691546
MED00112,1,2026-08-31,Monsoon,2.020286,1.176154,3.24188
MED00113,1,2026-08-31,Monsoon,2.020286,0.691653,1.997015
MED00114,1,2026-08-31,Monsoon,2.020286,2.505524,12.249981
MED00115,1,2026-08-31,Monsoon,2.020286,0.802392,2.23087
MED00116,1,2026-08-31,Monsoon,2.020286,1.93753,6.941582
MED00117,1,2026-08-31,Monsoon,2.020286,0.63176,1.880919
MED00118,1,2026-08-31,Monsoon,2.020286,0.552364,1.737355
MED00119,1,2026-08-31,Monsoon,2.020286,0.775603,2.1719
MED00120,1,2026-08-31,Monsoon,2.020286,2.398176,11.003088
MED00121,1,2026-08-31,Monsoon,2.020286,1.409515,4.093969
MED00122,1,2026-08-31,Monsoon,2.020286,0.926512,2.525684
MED00123,1,2026-08-31,Monsoon,2.020286,-0.170117,0.843566
MED00124,1,2026-08-31,Monsoon,2.020286,2.196729,8.995543
MED00125,1,2026-08-31,Monsoon,2.020286,-1.511184,0.220649
MED00126,1,2026-08-31,Monsoon,2.020286,-0.162046,0.850402
MED00127,1,2026-08-31,Monsoon,2.020286,0.749166,2.115235
MED00128,1,2026-08-31,Monsoon,2.020286,0.830354,2.29413
MED00129,1,2026-08-31,Monsoon,2.020286,0.610682,1.841687
MED00130,1,2026-08-31,Monsoon,2.020286,-1.946623,0.142755
MED00131,1,2026-08-31,Monsoon,2.020286,0.808961,2.245574
MED00132,1,2026-08-31,Monsoon,2.020286,-1.105039,0.331198
MED00133,1,2026-08-31,Monsoon,2.020286,-0.867425,0.420032
MED00134,1,2026-08-31,Monsoon,2.020286,-0.312284,0.731774
MED00135,1,2026-08-31,Monsoon,2.020286,2.475682,11.889813
MED00136,1,2026-08-31,Monsoon,2.020286,0.490488,1.633112
MED00137,1,2026-08-31,Monsoon,2.020286,0.88799,2.430239
MED00138,1,2026-08-31,Monsoon,2.020286,0.816389,2.262316
MED00139,1,2026-08-31,Monsoon,2.020286,1.230359,3.422458
MED00140,1,2026-08-31,Monsoon,2.020286,0.652466,1.920271
MED00141,1,2026-08-31,Monsoon,2.020286,1.754212,5.778892
MED00142,1,2026-08-31,Monsoon,2.020286,-0.833317,0.434605
MED00143,1,2026-08-31,Monsoon,2.020286,0.693736,2.001177
MED00144,1,2026-08-31,Monsoon,2.020286,2.025501,7.579908
MED00145,1,2026-08-31,Monsoon,2.020286,-0.361941,0.696324
MED00146,1,2026-08-31,Monsoon,2.020286,0.477923,1.612722
MED00147,1,2026-08-31,Monsoon,2.020286,0.649722,1.915009
MED00148,1,2026-08-31,Monsoon,2.020286,1.965728,7.140105
MED00149,1,2026-08-31,Monsoon,2.020286,1.51938,4.569392
MED00150,1,2026-08-31,Monsoon,2.020286,0.873686,2.395726
MED00151,1,2026-08-31,Monsoon,2.020286,0.838463,2.31281
MED00152,1,2026-08-31,Monsoon,2.020286,0.91404,2.494379
MED00153,1,2026-08-31,Monsoon,2.020286,0.89283,2.442032
MED00154,1,2026-08-31,Monsoon,2.020286,2.677183,14.544064
MED00155,1,2026-08-31,Monsoon,2.020286,0.779433,2.180235
MED00156,1,2026-08-31,Monsoon,2.020286,1.091929,2.980018
MED00157,1,2026-08-31,Monsoon,2.020286,1.75023,5.755926
MED00158,1,2026-08-31,Monsoon,2.020286,-1.16855,0.310817
MED00159,1,2026-08-31,Monsoon,2.020286,2.346388,10.44777
MED00160,1,2026-08-31,Monsoon,2.020286,1.534725,4.640051
MED00161,1,2026-08-31,Monsoon,2.020286,2.041957,7.705674
MED00162,1,2026-08-31,Monsoon,2.020286,0.860128,2.363462
MED00163,1,2026-08-31,Monsoon,2.020286,-1.085876,0.337606
MED00164,1,2026-08-31,Monsoon,2.020286,0.756419,2.130633
MED00165,1,2026-08-31,Monsoon,2.020286,2.339939,10.3806
MED00166,1,2026-08-31,Monsoon,2.020286,0.839137,2.314369
MED00167,1,2026-08-31,Monsoon,2.020286,0.626924,1.871844
MED00168,1,2026-08-31,Monsoon,2.020286,0.773878,2.168158
MED00169,1,2026-08-31,Monsoon,2.020286,0.642659,1.90153
MED00170,1,2026-08-31,Monsoon,2.020286,0.690602,1.994917
MED00171,1,2026-08-31,Monsoon,2.020286,0.903364,2.467891
MED00172,1,2026-08-31,Monsoon,2.020286,1.006864,2.737005
MED00173,1,2026-08-31,Monsoon,2.020286,0.861328,2.366302
MED00174,1,2026-08-31,Monsoon,2.020286,1.920259,6.822724
MED00175,1,2026-08-31,Monsoon,2.020286,0.259641,1.296464
MED00176,1,2026-08-31,Monsoon,2.020286,2.439757,11.470252
MED00177,1,2026-08-31,Monsoon,2.020286,-1.437136,0.237607
MED00178,1,2026-08-31,Monsoon,2.020286,0.669311,1.952892
MED00179,1,2026-08-31,Monsoon,2.020286,-0.474492,0.622201
MED00180,1,2026-08-31,Monsoon,2.020286,0.801916,2.229808
MED00181,1,2026-08-31,Monsoon,2.020286,1.268818,3.556646
MED00182,1,2026-08-31,Monsoon,2.020286,-1.12161,0.325755
MED00183,1,2026-08-31,Monsoon,2.020286,2.769973,15.958207
MED00184,1,2026-08-31,Monsoon,2.020286,1.961754,7.111788
MED00185,1,2026-08-31,Monsoon,2.020286,0.980945,2.666976
MED00186,1,2026-08-31,Monsoon,2.020286,0.723164,2.060943
MED00187,1,2026-08-31,Monsoon,2.020286,0.954101,2.596334
MED00188,1,2026-08-31,Monsoon,2.020286,1.361554,3.902254
MED00189,1,2026-08-31,Monsoon,2.020286,-1.796558,0.165869
MED00190,1,2026-08-31,Monsoon,2.020286,0.831357,2.296434
MED00191,1,2026-08-31,Monsoon,2.020286,2.455863,11.656488
MED00192,1,2026-08-31,Monsoon,2.020286,-1.970845,0.139339
MED00193,1,2026-08-31,Monsoon,2.020286,-2.570063,0.076531
MED00194,1,2026-08-31,Monsoon,2.020286,2.109814,8.246703
MED00195,1,2026-08-31,Monsoon,2.020286,2.069826,7.923444
MED00196,1,2026-08-31,Monsoon,2.020286,2.093697,8.114864
MED00197,1,2026-08-31,Monsoon,2.020286,2.162766,8.695151
MED00198,1,2026-08-31,Monsoon,2.020286,0.595052,1.813126
MED00199,1,2026-08-31,Monsoon,2.020286,0.670058,1.95435
MED00200,1,2026-08-31,Monsoon,2.020286,0.660104,1.934994
MED00201,1,2026-08-31,Monsoon,2.020286,2.282616,9.802284
MED00202,1,2026-08-31,Monsoon,2.020286,0.675864,1.96573
MED00203,1,2026-08-31,Monsoon,2.020286,1.086338,2.963402
MED00204,1,2026-08-31,Monsoon,2.020286,0.835921,2.306937
MED00205,1,2026-08-31,Monsoon,2.020286,2.510405,12.309913
MED00206,1,2026-08-31,Monsoon,2.020286,0.339518,1.40427
MED00207,1,2026-08-31,Monsoon,2.020286,0.711971,2.038004
MED00208,1,2026-08-31,Monsoon,2.020286,2.470376,11.826893
MED00209,1,2026-08-31,Monsoon,2.020286,0.935753,2.549132
MED00210,1,2026-08-31,Monsoon,2.020286,0.258732,1.295287
MED00211,1,2026-08-31,Monsoon,2.020286,0.862524,2.369134
MED00212,1,2026-08-31,Monsoon,2.020286,0.726605,2.068048
MED00213,1,2026-08-31,Monsoon,2.020286,0.420227,1.522307
MED00214,1,2026-08-31,Monsoon,2.020286,2.368007,10.676093
MED00215,1,2026-08-31,Monsoon,2.020286,0.905677,2.473606
MED00216,1,2026-08-31,Monsoon,2.020286,-2.90733,0.054621
MED00217,1,2026-08-31,Monsoon,2.020286,-1.661509,0.189852
MED00218,1,2026-08-31,Monsoon,2.020286,1.730686,5.644523
MED00219,1,2026-08-31,Monsoon,2.020286,2.582382,13.228607
MED00220,1,2026-08-31,Monsoon,2.020286,0.792258,2.208376
MED00221,1,2026-08-31,Monsoon,2.020286,1.263392,3.5374
MED00222,1,2026-08-31,Monsoon,2.020286,-0.784651,0.456279
MED00223,1,2026-08-31,Monsoon,2.020286,2.100434,8.16972
MED00224,1,2026-08-31,Monsoon,2.020286,0.646727,1.909281
MED00225,1,2026-08-31,Monsoon,2.020286,1.574874,4.83013
MED00226,1,2026-08-31,Monsoon,2.020286,0.988941,2.688386
MED00227,1,2026-08-31,Monsoon,2.020286,2.72958,15.326447
MED00228,1,2026-08-31,Monsoon,2.020286,0.652465,1.920269
MED00229,1,2026-08-31,Monsoon,2.020286,-0.475819,0.621376
MED00230,1,2026-08-31,Monsoon,2.020286,2.527708,12.52477
MED00231,1,2026-08-31,Monsoon,2.020286,0.539944,1.715912
MED00232,1,2026-08-31,Monsoon,2.020286,1.192004,3.293674
MED00233,1,2026-08-31,Monsoon,2.020286,-0.877745,0.415719
MED00234,1,2026-08-31,Monsoon,2.020286,0.64162,1.899556
MED00235,1,2026-08-31,Monsoon,2.020286,4.278444,72.12814
MED00236,1,2026-08-31,Monsoon,2.020286,0.832811,2.299774
MED00237,1,2026-08-31,Monsoon,2.020286,1.731246,5.64769
MED00238,1,2026-08-31,Monsoon,2.020286,0.709784,2.033552
MED00239,1,2026-08-31,Monsoon,2.020286,1.405166,4.076202
MED00240,1,2026-08-31,Monsoon,2.020286,1.652813,5.221649
MED00241,1,2026-08-31,Monsoon,2.020286,1.034441,2.813532
MED00242,1,2026-08-31,Monsoon,2.020286,2.281976,9.796022
MED00243,1,2026-08-31,Monsoon,2.020286,-2.26658,0.103666
MED00244,1,2026-08-31,Monsoon,2.020286,0.821479,2.273861
MED00245,1,2026-08-31,Monsoon,2.020286,4.279838,72.22871
MED00246,1,2026-08-31,Monsoon,2.020286,1.895481,6.655751
MED00247,1,2026-08-31,Monsoon,2.020286,2.489353,12.053477
MED00248,1,2026-08-31,Monsoon,2.020286,0.791991,2.207788
MED00249,1,2026-08-31,Monsoon,2.020286,3.021808,20.528376
MED00250,1,2026-08-31,Monsoon,2.020286,2.755424,15.727712
MED00251,1,2026-08-31,Monsoon,2.020286,0.650971,1.917402
MED00252,1,2026-08-31,Monsoon,2.020286,-0.75921,0.468036
MED00253,1,2026-08-31,Monsoon,2.020286,1.486684,4.422407
MED00254,1,2026-08-31,Monsoon,2.020286,-0.978981,0.375694
MED00255,1,2026-08-31,Monsoon,2.020286,1.83235,6.24855
MED00256,1,2026-08-31,Monsoon,2.020286,0.865624,2.376488
MED00257,1,2026-08-31,Monsoon,2.020286,1.722765,5.599993
MED00258,1,2026-08-31,Monsoon,2.020286,0.814612,2.258299
MED00259,1,2026-08-31,Monsoon,2.020286,0.863653,2.37181
MED00260,1,2026-08-31,Monsoon,2.020286,-0.591188,0.553669
MED00261,1,2026-08-31,Monsoon,2.020286,-0.287974,0.749781
MED00262,1,2026-08-31,Monsoon,2.020286,1.362912,3.907554
MED00263,1,2026-08-31,Monsoon,2.020286,1.2268,3.4103
MED00264,1,2026-08-31,Monsoon,2.020286,-0.947367,0.387761
MED00265,1,2026-08-31,Monsoon,2.020286,2.043483,7.717442
MED00266,1,2026-08-31,Monsoon,2.020286,2.569548,13.059921
MED00267,1,2026-08-31,Monsoon,2.020286,1.734093,5.663789
MED00268,1,2026-08-31,Monsoon,2.020286,0.825931,2.284006
MED00269,1,2026-08-31,Monsoon,2.020286,0.88252,2.416982
MED00270,1,2026-08-31,Monsoon,2.020286,0.932369,2.540521
MED00271,1,2026-08-31,Monsoon,2.020286,1.039078,2.82661
MED00272,1,2026-08-31,Monsoon,2.020286,1.464945,4.327304
MED00273,1,2026-08-31,Monsoon,2.020286,1.28802,3.625602
MED00274,1,2026-08-31,Monsoon,2.020286,-1.05064,0.349714
MED00275,1,2026-08-31,Monsoon,2.020286,2.54054,12.686522
MED00276,1,2026-08-31,Monsoon,2.020286,0.719394,2.053188
MED00277,1,2026-08-31,Monsoon,2.020286,-1.796558,0.165869
MED00278,1,2026-08-31,Monsoon,2.020286,2.2171,9.18067
MED00279,1,2026-08-31,Monsoon,2.020286,2.956572,19.231932
MED00280,1,2026-08-31,Monsoon,2.020286,-1.735898,0.176242
MED00281,1,2026-08-31,Monsoon,2.020286,2.664981,14.367679
MED00282,1,2026-08-31,Monsoon,2.020286,1.288388,3.626934
MED00283,1,2026-08-31,Monsoon,2.020286,0.839478,2.315158
MED00284,1,2026-08-31,Monsoon,2.020286,0.513983,1.671937
MED00285,1,2026-08-31,Monsoon,2.020286,1.919851,6.81994
MED00286,1,2026-08-31,Monsoon,2.020286,1.678026,5.354976
MED00287,1,2026-08-31,Monsoon,2.020286,1.2862,3.61901
MED00288,1,2026-08-31,Monsoon,2.020286,3.67773,39.556503
MED00289,1,2026-08-31,Monsoon,2.020286,1.789416,5.985958
MED00290,1,2026-08-31,Monsoon,2.020286,0.643473,1.90308
MED00291,1,2026-08-31,Monsoon,2.020286,2.192656,8.958977
MED00292,1,2026-08-31,Monsoon,2.020286,0.556474,1.74451
MED00293,1,2026-08-31,Monsoon,2.020286,1.869751,6.486682
MED00294,1,2026-08-31,Monsoon,2.020286,0.074277,1.077105
MED00295,1,2026-08-31,Monsoon,2.020286,-1.108301,0.33012
MED00296,1,2026-08-31,Monsoon,2.020286,1.577954,4.84503
MED00297,1,2026-08-31,Monsoon,2.020286,2.018634,7.528039
MED00298,1,2026-08-31,Monsoon,2.020286,0.840486,2.317494
MED00299,1,2026-08-31,Monsoon,2.020286,-0.956629,0.384186
MED00300,1,2026-08-31,Monsoon,2.020286,0.712309,2.038693
MED00301,1,2026-08-31,Monsoon,2.020286,1.855369,6.394058
MED00302,1,2026-08-31,Monsoon,2.020286,2.199386,9.01947
MED00303,1,2026-08-31,Monsoon,2.020286,1.060804,2.888692
MED00304,1,2026-08-31,Monsoon,2.020286,1.616162,5.033736
MED00305,1,2026-08-31,Monsoon,2.020286,0.68609,1.985935
MED00306,1,2026-08-31,Monsoon,2.020286,-0.868962,0.419387
MED00307,1,2026-08-31,Monsoon,2.020286,3.248804,25.759497
MED00308,1,2026-08-31,Monsoon,2.020286,-0.352004,0.703278
MED00309,1,2026-08-31,Monsoon,2.020286,1.355636,3.879228
MED00310,1,2026-08-31,Monsoon,2.020286,1.34178,3.825849
MED00311,1,2026-08-31,Monsoon,2.020286,1.333648,3.794863
MED00312,1,2026-08-31,Monsoon,2.020286,-1.033146,0.355886
MED00313,1,2026-08-31,Monsoon,2.020286,-0.590817,0.553875
MED00314,1,2026-08-31,Monsoon,2.020286,2.209481,9.110985
MED00315,1,2026-08-31,Monsoon,2.020286,2.32764,10.25371
MED00316,1,2026-08-31,Monsoon,2.020286,1.161538,3.194842
MED00317,1,2026-08-31,Monsoon,2.020286,0.855818,2.353298
MED00318,1,2026-08-31,Monsoon,2.020286,1.124119,3.077503
MED00319,1,2026-08-31,Monsoon,2.020286,2.473014,11.858127
MED00320,1,2026-08-31,Monsoon,2.020286,1.842611,6.313002
MED00321,1,2026-08-31,Monsoon,2.020286,-0.263565,0.768308
MED00322,1,2026-08-31,Monsoon,2.020286,-1.932712,0.144755
MED00323,1,2026-08-31,Monsoon,2.020286,-0.056472,0.945093
MED00324,1,2026-08-31,Monsoon,2.020286,0.336549,1.400108
MED00325,1,2026-08-31,Monsoon,2.020286,2.108014,8.231872
MED00326,1,2026-08-31,Monsoon,2.020286,2.317959,10.154927
MED00327,1,2026-08-31,Monsoon,2.020286,1.236147,3.442326
MED00328,1,2026-08-31,Monsoon,2.020286,1.609583,5.000727
MED00329,1,2026-08-31,Monsoon,2.020286,2.4587,11.689599
MED00330,1,2026-08-31,Monsoon,2.020286,1.647605,5.194526
MED00331,1,2026-08-31,Monsoon,2.020286,0.67656,1.967099
MED00332,1,2026-08-31,Monsoon,2.020286,1.171704,3.227486
MED00333,1,2026-08-31,Monsoon,2.020286,1.105964,3.022137
MED00334,1,2026-08-31,Monsoon,2.020286,2.315606,10.131057
MED00335,1,2026-08-31,Monsoon,2.020286,1.84482,6.32696
MED00336,1,2026-08-31,Monsoon,2.020286,2.325399,10.230758
MED00337,1,2026-08-31,Monsoon,2.020286,4.170613,64.75515
MED00338,1,2026-08-31,Monsoon,2.020286,2.135082,8.457744
MED00339,1,2026-08-31,Monsoon,2.020286,0.526112,1.69234
MED00340,1,2026-08-31,Monsoon,2.020286,0.604338,1.83004
MED00341,1,2026-08-31,Monsoon,2.020286,1.885731,6.591171
MED00342,1,2026-08-31,Monsoon,2.020286,0.825829,2.283772
MED00343,1,2026-08-31,Monsoon,2.020286,2.400488,11.028551
MED00344,1,2026-08-31,Monsoon,2.020286,1.696826,5.456603
MED00345,1,2026-08-31,Monsoon,2.020286,-1.894921,0.15033
MED00346,1,2026-08-31,Monsoon,2.020286,1.288275,3.626524
MED00347,1,2026-08-31,Monsoon,2.020286,-2.079938,0.124938
MED00348,1,2026-08-31,Monsoon,2.020286,0.606456,1.83392
MED00349,1,2026-08-31,Monsoon,2.020286,0.940127,2.560306
MED00350,1,2026-08-31,Monsoon,2.020286,0.153617,1.166044
MED00351,1,2026-08-31,Monsoon,2.020286,-0.312581,0.731556
MED00352,1,2026-08-31,Monsoon,2.020286,-1.457722,0.232766
MED00353,1,2026-08-31,Monsoon,2.020286,0.006144,1.006163
MED00354,1,2026-08-31,Monsoon,2.020286,-0.159067,0.852939
MED00355,1,2026-08-31,Monsoon,2.020286,2.554044,12.859007
MED00356,1,2026-08-31,Monsoon,2.020286,0.740951,2.097929
MED00357,1,2026-08-31,Monsoon,2.020286,-1.72831,0.177584
MED00358,1,2026-08-31,Monsoon,2.020286,1.750009,5.754656
MED00359,1,2026-08-31,Monsoon,2.020286,0.836901,2.309201
MED00360,1,2026-08-31,Monsoon,2.020286,1.128293,3.090378
MED00361,1,2026-08-31,Monsoon,2.020286,0.864504,2.373829
MED00362,1,2026-08-31,Monsoon,2.020286,0.950297,2.586478
MED00363,1,2026-08-31,Monsoon,2.020286,0.612361,1.844782
MED00364,1,2026-08-31,Monsoon,2.020286,-2.096248,0.122917
MED00365,1,2026-08-31,Monsoon,2.020286,0.886825,2.42741
MED00366,1,2026-08-31,Monsoon,2.020286,2.345483,10.438316
MED00367,1,2026-08-31,Monsoon,2.020286,0.873327,2.394865
MED00368,1,2026-08-31,Monsoon,2.020286,1.156005,3.177214
MED00369,1,2026-08-31,Monsoon,2.020286,1.658475,5.251298
MED00370,1,2026-08-31,Monsoon,2.020286,-0.927003,0.395738
MED00371,1,2026-08-31,Monsoon,2.020286,2.706955,14.983577
MED00372,1,2026-08-31,Monsoon,2.020286,-1.664278,0.189327
MED00373,1,2026-08-31,Monsoon,2.020286,-0.403211,0.668171
MED00374,1,2026-08-31,Monsoon,2.020286,0.755678,2.129055
MED00375,1,2026-08-31,Monsoon,2.020286,2.722086,15.212021
MED00376,1,2026-08-31,Monsoon,2.020286,0.820169,2.270884
MED00377,1,2026-08-31,Monsoon,2.020286,-0.648069,0.523055
MED00378,1,2026-08-31,Monsoon,2.020286,0.893946,2.444757
MED00379,1,2026-08-31,Monsoon,2.020286,-0.371499,0.6897
MED00380,1,2026-08-31,Monsoon,2.020286,-0.313715,0.730727
MED00381,1,2026-08-31,Monsoon,2.020286,0.347876,1.416057
MED00382,1,2026-08-31,Monsoon,2.020286,0.880634,2.412428
MED00383,1,2026-08-31,Monsoon,2.020286,2.06547,7.889001
MED00384,1,2026-08-31,Monsoon,2.020286,0.789359,2.201985
MED00385,1,2026-08-31,Monsoon,2.020286,2.981223,19.711903
MED00386,1,2026-08-31,Monsoon,2.020286,2.725808,15.268738
MED00387,1,2026-08-31,Monsoon,2.020286,3.019599,20.48308
MED00388,1,2026-08-31,Monsoon,2.020286,4.278614,72.14039
MED00389,1,2026-08-31,Monsoon,2.020286,2.609061,13.58629
MED00390,1,2026-08-31,Monsoon,2.020286,3.238619,25.498486
MED00391,1,2026-08-31,Monsoon,2.020286,3.085064,21.868864
MED00392,1,2026-08-31,Monsoon,2.020286,3.034226,20.784874
MED00393,1,2026-08-31,Monsoon,2.020286,2.5642,12.990258
MED00394,1,2026-08-31,Monsoon,2.020286,2.698196,14.852919
MED00395,1,2026-08-31,Monsoon,2.020286,2.93916,18.899952
MED00396,1,2026-08-31,Monsoon,2.020286,3.961092,52.514664
MED00397,1,2026-08-31,Monsoon,2.020286,3.837017,46.38691
MED00398,1,2026-08-31,Monsoon,2.020286,4.711138,111.178635
MED00399,1,2026-08-31,Monsoon,2.020286,4.537814,93.48618
MED00400,1,2026-08-31,Monsoon,2.020286,4.296845,73.46764
MED00401,1,2026-08-31,Monsoon,2.020286,3.01509,20.390936
MED00402,1,2026-08-31,Monsoon,2.020286,3.297171,27.036049
MED00403,1,2026-08-31,Monsoon,2.020286,2.49255,12.092073
MED00404,1,2026-08-31,Monsoon,2.020286,1.80223,6.063152
MED00405,1,2026-08-31,Monsoon,2.020286,2.153926,8.618628
MED00406,1,2026-08-31,Monsoon,2.020286,3.118707,22.61712
MED00407,1,2026-08-31,Monsoon,2.020286,3.277864,26.51908
MED00408,1,2026-08-31,Monsoon,2.020286,2.43418,11.406467
MED00409,1,2026-08-31,Monsoon,2.020286,2.568372,13.044564
MED00410,1,2026-08-31,Monsoon,2.020286,2.552893,12.844204
MED00411,1,2026-08-31,Monsoon,2.020286,3.072073,21.58661
MED00412,1,2026-08-31,Monsoon,2.020286,2.602095,13.491976
MED00413,1,2026-08-31,Monsoon,2.020286,2.618468,13.71469
MED00414,1,2026-08-31,Monsoon,2.020286,3.110292,22.427586
MED00415,1,2026-08-31,Monsoon,2.020286,2.622621,13.771773
MED00416,1,2026-08-31,Monsoon,2.020286,3.074135,21.631159
MED00417,1,2026-08-31,Monsoon,2.020286,2.137067,8.474544
MED00418,1,2026-08-31,Monsoon,2.020286,2.132288,8.434146
MED00419,1,2026-08-31,Monsoon,2.020286,2.311107,10.08558
MED00420,1,2026-08-31,Monsoon,2.020286,3.301464,27.15237
MED00421,1,2026-08-31,Monsoon,2.020286,3.366754,28.984291
MED00422,1,2026-08-31,Monsoon,2.020286,3.075842,21.668127
MED00423,1,2026-08-31,Monsoon,2.020286,2.57359,13.112816
MED00424,1,2026-08-31,Monsoon,2.020286,4.24438,69.712555
MED00001,2,2026-09-07,Monsoon,2.020286,2.725153,15.258748
MED00002,2,2026-09-07,Monsoon,2.020286,-2.378472,0.092692
MED00003,2,2026-09-07,Monsoon,2.020286,-1.211598,0.297721
MED00004,2,2026-09-07,Monsoon,2.020286,-0.13417,0.874441
MED00005,2,2026-09-07,Monsoon,2.020286,0.928536,2.530802
MED00006,2,2026-09-07,Monsoon,2.020286,0.540196,1.716343
MED00007,2,2026-09-07,Monsoon,2.020286,1.266276,3.547616
MED00008,2,2026-09-07,Monsoon,2.020286,-0.375512,0.686937
MED00009,2,2026-09-07,Monsoon,2.020286,1.315139,3.72527
MED00010,2,2026-09-07,Monsoon,2.020286,1.506711,4.511866
MED00011,2,2026-09-07,Monsoon,2.020286,3.136722,23.028269
MED00012,2,2026-09-07,Monsoon,2.020286,0.835705,2.30644
MED00013,2,2026-09-07,Monsoon,2.020286,1.581211,4.860837
MED00014,2,2026-09-07,Monsoon,2.020286,2.916429,18.4752
MED00015,2,2026-09-07,Monsoon,2.020286,-0.600734,0.548409
MED00016,2,2026-09-07,Monsoon,2.020286,0.778682,2.178599
MED00017,2,2026-09-07,Monsoon,2.020286,0.684122,1.98203
MED00018,2,2026-09-07,Monsoon,2.020286,4.307444,74.250435
MED00019,2,2026-09-07,Monsoon,2.020286,3.883172,48.578075
MED00020,2,2026-09-07,Monsoon,2.020286,2.404312,11.070815
MED00021,2,2026-09-07,Monsoon,2.020286,1.554051,4.730596
MED00022,2,2026-09-07,Monsoon,2.020286,1.16631,3.210125
MED00023,2,2026-09-07,Monsoon,2.020286,0.382837,1.466439
MED00024,2,2026-09-07,Monsoon,2.020286,1.304182,3.684674
MED00025,2,2026-09-07,Monsoon,2.020286,-2.354957,0.094898
MED00026,2,2026-09-07,Monsoon,2.020286,-1.00134,0.367387
MED00027,2,2026-09-07,Monsoon,2.020286,-1.297744,0.273147
MED00028,2,2026-09-07,Monsoon,2.020286,-0.646067,0.524103
MED00029,2,2026-09-07,Monsoon,2.020286,2.744862,15.562464
MED00030,2,2026-09-07,Monsoon,2.020286,1.809401,6.106789
MED00031,2,2026-09-07,Monsoon,2.020286,1.224453,3.402303
MED00032,2,2026-09-07,Monsoon,2.020286,1.030295,2.801893
MED00033,2,2026-09-07,Monsoon,2.020286,0.040514,1.041346
MED00034,2,2026-09-07,Monsoon,2.020286,3.02929,20.682547
MED00035,2,2026-09-07,Monsoon,2.020286,-0.809551,0.445058
MED00036,2,2026-09-07,Monsoon,2.020286,0.549537,1.73245
MED00037,2,2026-09-07,Monsoon,2.020286,1.546841,4.69661
MED00038,2,2026-09-07,Monsoon,2.020286,2.986257,19.811396
MED00039,2,2026-09-07,Monsoon,2.020286,-0.014527,0.985578
MED00040,2,2026-09-07,Monsoon,2.020286,-0.576581,0.561816
MED00041,2,2026-09-07,Monsoon,2.020286,-1.039515,0.353626
MED00042,2,2026-09-07,Monsoon,2.020286,1.380466,3.976752
MED00043,2,2026-09-07,Monsoon,2.020286,-0.903119,0.405304
MED00044,2,2026-09-07,Monsoon,2.020286,0.876892,2.403417
MED00045,2,2026-09-07,Monsoon,2.020286,0.564708,1.758934
MED00046,2,2026-09-07,Monsoon,2.020286,0.985452,2.679023
MED00047,2,2026-09-07,Monsoon,2.020286,1.957946,7.084761
MED00048,2,2026-09-07,Monsoon,2.020286,2.554294,12.862217
MED00049,2,2026-09-07,Monsoon,2.020286,-1.927302,0.14554
MED00050,2,2026-09-07,Monsoon,2.020286,1.174885,3.237771
MED00051,2,2026-09-07,Monsoon,2.020286,-2.443606,0.086847
MED00052,2,2026-09-07,Monsoon,2.020286,-0.793285,0.452356
MED00053,2,2026-09-07,Monsoon,2.020286,2.293468,9.909248
MED00054,2,2026-09-07,Monsoon,2.020286,2.313073,10.105433
MED00055,2,2026-09-07,Monsoon,2.020286,-0.027775,0.972608
MED00056,2,2026-09-07,Monsoon,2.020286,-0.538167,0.583817
MED00057,2,2026-09-07,Monsoon,2.020286,-0.756717,0.469204
MED00058,2,2026-09-07,Monsoon,2.020286,0.550321,1.73381
MED00059,2,2026-09-07,Monsoon,2.020286,2.390264,10.916376
MED00060,2,2026-09-07,Monsoon,2.020286,1.91123,6.761398
MED00061,2,2026-09-07,Monsoon,2.020286,-0.480506,0.61847
MED00062,2,2026-09-07,Monsoon,2.020286,2.65087,14.166366
MED00063,2,2026-09-07,Monsoon,2.020286,-2.421178,0.088817
MED00064,2,2026-09-07,Monsoon,2.020286,3.133627,22.957098
MED00065,2,2026-09-07,Monsoon,2.020286,4.111734,61.052456
MED00066,2,2026-09-07,Monsoon,2.020286,-0.788028,0.454741
MED00067,2,2026-09-07,Monsoon,2.020286,0.766983,2.153261
MED00068,2,2026-09-07,Monsoon,2.020286,1.50332,4.496595
MED00069,2,2026-09-07,Monsoon,2.020286,0.713049,2.040202
MED00070,2,2026-09-07,Monsoon,2.020286,2.760335,15.805137
MED00071,2,2026-09-07,Monsoon,2.020286,0.921885,2.514026
MED00072,2,2026-09-07,Monsoon,2.020286,1.050507,2.8591
MED00073,2,2026-09-07,Monsoon,2.020286,1.44482,4.24109
MED00074,2,2026-09-07,Monsoon,2.020286,1.423627,4.152152
MED00075,2,2026-09-07,Monsoon,2.020286,1.513663,4.543342
MED00076,2,2026-09-07,Monsoon,2.020286,-1.696575,0.18331
MED00077,2,2026-09-07,Monsoon,2.020286,1.895951,6.658876
MED00078,2,2026-09-07,Monsoon,2.020286,1.410219,4.096853
MED00079,2,2026-09-07,Monsoon,2.020286,3.141035,23.127794
MED00080,2,2026-09-07,Monsoon,2.020286,1.594217,4.92447
MED00081,2,2026-09-07,Monsoon,2.020286,-1.181707,0.306755
MED00082,2,2026-09-07,Monsoon,2.020286,1.295452,3.652645
MED00083,2,2026-09-07,Monsoon,2.020286,1.381955,3.98268
MED00084,2,2026-09-07,Monsoon,2.020286,3.793056,44.391876
MED00085,2,2026-09-07,Monsoon,2.020286,0.795904,2.216444
MED00086,2,2026-09-07,Monsoon,2.020286,-0.933463,0.39319
MED00087,2,2026-09-07,Monsoon,2.020286,0.606304,1.833642
MED00088,2,2026-09-07,Monsoon,2.020286,3.205188,24.660143
MED00089,2,2026-09-07,Monsoon,2.020286,2.806895,16.55842
MED00090,2,2026-09-07,Monsoon,2.020286,1.389767,4.013914
MED00091,2,2026-09-07,Monsoon,2.020286,1.051834,2.862898
MED00092,2,2026-09-07,Monsoon,2.020286,0.439035,1.551209
MED00093,2,2026-09-07,Monsoon,2.020286,-1.268812,0.281166
MED00094,2,2026-09-07,Monsoon,2.020286,-0.519816,0.59463
MED00095,2,2026-09-07,Monsoon,2.020286,1.22535,3.405357
MED00096,2,2026-09-07,Monsoon,2.020286,2.781498,16.143185
MED00097,2,2026-09-07,Monsoon,2.020286,-0.887785,0.411566
MED00098,2,2026-09-07,Monsoon,2.020286,2.241164,9.404276
MED00099,2,2026-09-07,Monsoon,2.020286,-1.20767,0.298893
MED00100,2,2026-09-07,Monsoon,2.020286,-2.047755,0.129024
MED00101,2,2026-09-07,Monsoon,2.020286,1.680352,5.367446
MED00102,2,2026-09-07,Monsoon,2.020286,1.506207,4.509593
MED00103,2,2026-09-07,Monsoon,2.020286,1.197046,3.310324
MED00104,2,2026-09-07,Monsoon,2.020286,2.146737,8.556894
MED00105,2,2026-09-07,Monsoon,2.020286,2.470214,11.824976
MED00106,2,2026-09-07,Monsoon,2.020286,-2.333315,0.096974
MED00107,2,2026-09-07,Monsoon,2.020286,2.215829,9.16901
MED00108,2,2026-09-07,Monsoon,2.020286,1.199663,3.318999
MED00109,2,2026-09-07,Monsoon,2.020286,-0.508754,0.601244
MED00110,2,2026-09-07,Monsoon,2.020286,-0.558651,0.57198
MED00111,2,2026-09-07,Monsoon,2.020286,-0.395448,0.673378
MED00112,2,2026-09-07,Monsoon,2.020286,1.18296,3.264022
MED00113,2,2026-09-07,Monsoon,2.020286,0.694818,2.003344
MED00114,2,2026-09-07,Monsoon,2.020286,2.640828,14.024814
MED00115,2,2026-09-07,Monsoon,2.020286,0.807572,2.242456
MED00116,2,2026-09-07,Monsoon,2.020286,1.942389,6.975394
MED00117,2,2026-09-07,Monsoon,2.020286,0.697438,2.008599
MED00118,2,2026-09-07,Monsoon,2.020286,0.550445,1.734024
MED00119,2,2026-09-07,Monsoon,2.020286,0.773835,2.168064
MED00120,2,2026-09-07,Monsoon,2.020286,2.448212,11.567644
MED00121,2,2026-09-07,Monsoon,2.020286,1.416968,4.124596
MED00122,2,2026-09-07,Monsoon,2.020286,0.932385,2.540562
MED00123,2,2026-09-07,Monsoon,2.020286,-0.146625,0.863618
MED00124,2,2026-09-07,Monsoon,2.020286,2.194436,8.974938
MED00125,2,2026-09-07,Monsoon,2.020286,-1.49024,0.225319
MED00126,2,2026-09-07,Monsoon,2.020286,-0.195526,0.822402
MED00127,2,2026-09-07,Monsoon,2.020286,0.797174,2.219261
MED00128,2,2026-09-07,Monsoon,2.020286,0.828027,2.288798
MED00129,2,2026-09-07,Monsoon,2.020286,0.712583,2.039252
MED00130,2,2026-09-07,Monsoon,2.020286,-1.916543,0.147115
MED00131,2,2026-09-07,Monsoon,2.020286,0.8084,2.244315
MED00132,2,2026-09-07,Monsoon,2.020286,-1.06933,0.343238
MED00133,2,2026-09-07,Monsoon,2.020286,-0.822832,0.439186
MED00134,2,2026-09-07,Monsoon,2.020286,-0.322398,0.724409
MED00135,2,2026-09-07,Monsoon,2.020286,2.554766,12.868294
MED00136,2,2026-09-07,Monsoon,2.020286,0.585002,1.794995
MED00137,2,2026-09-07,Monsoon,2.020286,0.905562,2.473322
MED00138,2,2026-09-07,Monsoon,2.020286,0.81625,2.262002
MED00139,2,2026-09-07,Monsoon,2.020286,1.270932,3.564174
MED00140,2,2026-09-07,Monsoon,2.020286,0.648426,1.912529
MED00141,2,2026-09-07,Monsoon,2.020286,1.79917,6.044632
MED00142,2,2026-09-07,Monsoon,2.020286,-0.82478,0.438331
MED00143,2,2026-09-07,Monsoon,2.020286,0.685155,1.98408
MED00144,2,2026-09-07,Monsoon,2.020286,2.028595,7.603396
MED00145,2,2026-09-07,Monsoon,2.020286,-0.378854,0.684646
MED00146,2,2026-09-07,Monsoon,2.020286,0.540496,1.716857
MED00147,2,2026-09-07,Monsoon,2.020286,0.659229,1.933301
MED00148,2,2026-09-07,Monsoon,2.020286,1.976653,7.218544
MED00149,2,2026-09-07,Monsoon,2.020286,1.600311,4.954572
MED00150,2,2026-09-07,Monsoon,2.020286,0.848587,2.336343
MED00151,2,2026-09-07,Monsoon,2.020286,0.836136,2.307434
MED00152,2,2026-09-07,Monsoon,2.020286,0.90667,2.476062
MED00153,2,2026-09-07,Monsoon,2.020286,0.897464,2.453373
MED00154,2,2026-09-07,Monsoon,2.020286,2.673769,14.494493
MED00155,2,2026-09-07,Monsoon,2.020286,0.77812,2.177376
MED00156,2,2026-09-07,Monsoon,2.020286,1.099857,3.003738
MED00157,2,2026-09-07,Monsoon,2.020286,1.76246,5.826752
MED00158,2,2026-09-07,Monsoon,2.020286,-1.172738,0.309518
MED00159,2,2026-09-07,Monsoon,2.020286,2.392639,10.942332
MED00160,2,2026-09-07,Monsoon,2.020286,1.536325,4.647478
MED00161,2,2026-09-07,Monsoon,2.020286,2.072263,7.942775
MED00162,2,2026-09-07,Monsoon,2.020286,0.869469,2.385644
MED00163,2,2026-09-07,Monsoon,2.020286,-1.057265,0.347405
MED00164,2,2026-09-07,Monsoon,2.020286,0.788033,2.199066
MED00165,2,2026-09-07,Monsoon,2.020286,2.447987,11.565041
MED00166,2,2026-09-07,Monsoon,2.020286,0.848479,2.33609
MED00167,2,2026-09-07,Monsoon,2.020286,0.625949,1.870019
MED00168,2,2026-09-07,Monsoon,2.020286,0.785541,2.193594
MED00169,2,2026-09-07,Monsoon,2.020286,0.673397,1.960887
MED00170,2,2026-09-07,Monsoon,2.020286,0.68899,1.991702
MED00171,2,2026-09-07,Monsoon,2.020286,0.900093,2.459832
MED00172,2,2026-09-07,Monsoon,2.020286,1.038813,2.825861
MED00173,2,2026-09-07,Monsoon,2.020286,0.867851,2.381788
MED00174,2,2026-09-07,Monsoon,2.020286,1.919425,6.817036
MED00175,2,2026-09-07,Monsoon,2.020286,0.252004,1.286601
MED00176,2,2026-09-07,Monsoon,2.020286,2.620118,13.737336
MED00177,2,2026-09-07,Monsoon,2.020286,-1.375459,0.252724
MED00178,2,2026-09-07,Monsoon,2.020286,0.682943,1.979696
MED00179,2,2026-09-07,Monsoon,2.020286,-0.457932,0.632591
MED00180,2,2026-09-07,Monsoon,2.020286,0.813745,2.256341
MED00181,2,2026-09-07,Monsoon,2.020286,1.279881,3.596212
MED00182,2,2026-09-07,Monsoon,2.020286,-1.125799,0.324393
MED00183,2,2026-09-07,Monsoon,2.020286,2.882462,17.858194
MED00184,2,2026-09-07,Monsoon,2.020286,2.081527,8.0167
MED00185,2,2026-09-07,Monsoon,2.020286,1.057736,2.879844
MED00186,2,2026-09-07,Monsoon,2.020286,0.729428,2.073894
MED00187,2,2026-09-07,Monsoon,2.020286,1.011836,2.750648
MED00188,2,2026-09-07,Monsoon,2.020286,1.365056,3.915942
MED00189,2,2026-09-07,Monsoon,2.020286,-1.77162,0.170057
MED00190,2,2026-09-07,Monsoon,2.020286,0.838932,2.313893
MED00191,2,2026-09-07,Monsoon,2.020286,2.540121,12.681207
MED00192,2,2026-09-07,Monsoon,2.020286,-1.973704,0.138941
MED00193,2,2026-09-07,Monsoon,2.020286,-2.470911,0.084508
MED00194,2,2026-09-07,Monsoon,2.020286,2.19928,9.018516
MED00195,2,2026-09-07,Monsoon,2.020286,2.188598,8.922692
MED00196,2,2026-09-07,Monsoon,2.020286,2.193556,8.967044
MED00197,2,2026-09-07,Monsoon,2.020286,2.23762,9.371003
MED00198,2,2026-09-07,Monsoon,2.020286,0.591012,1.805816
MED00199,2,2026-09-07,Monsoon,2.020286,0.733526,2.08241
MED00200,2,2026-09-07,Monsoon,2.020286,0.675245,1.964515
MED00201,2,2026-09-07,Monsoon,2.020286,2.298726,9.961484
MED00202,2,2026-09-07,Monsoon,2.020286,0.686049,1.985854
MED00203,2,2026-09-07,Monsoon,2.020286,1.103343,3.014225
MED00204,2,2026-09-07,Monsoon,2.020286,0.847389,2.333547
MED00205,2,2026-09-07,Monsoon,2.020286,2.509586,12.299829
MED00206,2,2026-09-07,Monsoon,2.020286,0.318292,1.374778
MED00207,2,2026-09-07,Monsoon,2.020286,0.712957,2.040014
MED00208,2,2026-09-07,Monsoon,2.020286,2.475243,11.884599
MED00209,2,2026-09-07,Monsoon,2.020286,0.978814,2.661298
MED00210,2,2026-09-07,Monsoon,2.020286,0.265909,1.304616
MED00211,2,2026-09-07,Monsoon,2.020286,0.869687,2.386165
MED00212,2,2026-09-07,Monsoon,2.020286,0.814682,2.258457
MED00213,2,2026-09-07,Monsoon,2.020286,0.334386,1.397082
MED00214,2,2026-09-07,Monsoon,2.020286,2.398509,11.006751
MED00215,2,2026-09-07,Monsoon,2.020286,0.908686,2.481062
MED00216,2,2026-09-07,Monsoon,2.020286,-2.855016,0.057555
MED00217,2,2026-09-07,Monsoon,2.020286,-1.641717,0.193647
MED00218,2,2026-09-07,Monsoon,2.020286,1.759378,5.808822
MED00219,2,2026-09-07,Monsoon,2.020286,2.560422,12.941271
MED00220,2,2026-09-07,Monsoon,2.020286,0.804415,2.235389
MED00221,2,2026-09-07,Monsoon,2.020286,1.320731,3.746159
MED00222,2,2026-09-07,Monsoon,2.020286,-0.775239,0.460594
MED00223,2,2026-09-07,Monsoon,2.020286,2.242334,9.415277
MED00224,2,2026-09-07,Monsoon,2.020286,0.645536,1.907009
MED00225,2,2026-09-07,Monsoon,2.020286,1.575762,4.834422
MED00226,2,2026-09-07,Monsoon,2.020286,1.049976,2.857582
MED00227,2,2026-09-07,Monsoon,2.020286,2.716342,15.124893
MED00228,2,2026-09-07,Monsoon,2.020286,0.694188,2.002083
MED00229,2,2026-09-07,Monsoon,2.020286,-0.496072,0.608918
MED00230,2,2026-09-07,Monsoon,2.020286,2.56628,13.017315
MED00231,2,2026-09-07,Monsoon,2.020286,0.542932,1.721046
MED00232,2,2026-09-07,Monsoon,2.020286,1.20417,3.33399
MED00233,2,2026-09-07,Monsoon,2.020286,-0.828324,0.436781
MED00234,2,2026-09-07,Monsoon,2.020286,0.639906,1.896303
MED00235,2,2026-09-07,Monsoon,2.020286,4.29939,73.6548
MED00236,2,2026-09-07,Monsoon,2.020286,0.860711,2.36484
MED00237,2,2026-09-07,Monsoon,2.020286,1.791586,5.99896
MED00238,2,2026-09-07,Monsoon,2.020286,0.802268,2.230594
MED00239,2,2026-09-07,Monsoon,2.020286,1.408068,4.08805
MED00240,2,2026-09-07,Monsoon,2.020286,1.690918,5.424455
MED00241,2,2026-09-07,Monsoon,2.020286,1.044861,2.843003
MED00242,2,2026-09-07,Monsoon,2.020286,2.38956,10.908688
MED00243,2,2026-09-07,Monsoon,2.020286,-2.182319,0.11278
MED00244,2,2026-09-07,Monsoon,2.020286,0.821057,2.272901
MED00245,2,2026-09-07,Monsoon,2.020286,4.362751,78.47272
MED00246,2,2026-09-07,Monsoon,2.020286,1.881916,6.566073
MED00247,2,2026-09-07,Monsoon,2.020286,2.48669,12.02142
MED00248,2,2026-09-07,Monsoon,2.020286,0.82171,2.274386
MED00249,2,2026-09-07,Monsoon,2.020286,3.122528,22.7037
MED00250,2,2026-09-07,Monsoon,2.020286,2.796976,16.394995
MED00251,2,2026-09-07,Monsoon,2.020286,0.643601,1.903322
MED00252,2,2026-09-07,Monsoon,2.020286,-0.756257,0.46942
MED00253,2,2026-09-07,Monsoon,2.020286,1.499223,4.478207
MED00254,2,2026-09-07,Monsoon,2.020286,-0.875366,0.416709
MED00255,2,2026-09-07,Monsoon,2.020286,1.926314,6.86416
MED00256,2,2026-09-07,Monsoon,2.020286,0.858768,2.360251
MED00257,2,2026-09-07,Monsoon,2.020286,1.759814,5.811355
MED00258,2,2026-09-07,Monsoon,2.020286,0.811057,2.250286
MED00259,2,2026-09-07,Monsoon,2.020286,0.865999,2.377379
MED00260,2,2026-09-07,Monsoon,2.020286,-0.537866,0.583993
MED00261,2,2026-09-07,Monsoon,2.020286,-0.244606,0.783013
MED00262,2,2026-09-07,Monsoon,2.020286,1.401367,4.060748
MED00263,2,2026-09-07,Monsoon,2.020286,1.233056,3.431699
MED00264,2,2026-09-07,Monsoon,2.020286,-0.962699,0.381861
MED00265,2,2026-09-07,Monsoon,2.020286,2.05396,7.798726
MED00266,2,2026-09-07,Monsoon,2.020286,2.628255,13.849576
MED00267,2,2026-09-07,Monsoon,2.020286,1.718897,5.578372
MED00268,2,2026-09-07,Monsoon,2.020286,0.829763,2.292776
MED00269,2,2026-09-07,Monsoon,2.020286,0.875196,2.399346
MED00270,2,2026-09-07,Monsoon,2.020286,0.93049,2.535752
MED00271,2,2026-09-07,Monsoon,2.020286,0.995946,2.707283
MED00272,2,2026-09-07,Monsoon,2.020286,1.547218,4.698384
MED00273,2,2026-09-07,Monsoon,2.020286,1.37166,3.941888
MED00274,2,2026-09-07,Monsoon,2.020286,-0.874796,0.416947
MED00275,2,2026-09-07,Monsoon,2.020286,2.626168,13.820704
MED00276,2,2026-09-07,Monsoon,2.020286,0.712336,2.038748
MED00277,2,2026-09-07,Monsoon,2.020286,-1.77162,0.170057
MED00278,2,2026-09-07,Monsoon,2.020286,2.254644,9.531903
MED00279,2,2026-09-07,Monsoon,2.020286,3.10535,22.317028
MED00280,2,2026-09-07,Monsoon,2.020286,-1.712111,0.180484
MED00281,2,2026-09-07,Monsoon,2.020286,2.75961,15.793677
MED00282,2,2026-09-07,Monsoon,2.020286,1.365307,3.916924
MED00283,2,2026-09-07,Monsoon,2.020286,0.85701,2.356106
MED00284,2,2026-09-07,Monsoon,2.020286,0.543349,1.721764
MED00285,2,2026-09-07,Monsoon,2.020286,1.911572,6.763712
MED00286,2,2026-09-07,Monsoon,2.020286,1.693606,5.439059
MED00287,2,2026-09-07,Monsoon,2.020286,1.285154,3.615224
MED00288,2,2026-09-07,Monsoon,2.020286,3.633698,37.852554
MED00289,2,2026-09-07,Monsoon,2.020286,1.860251,6.425348
MED00290,2,2026-09-07,Monsoon,2.020286,0.634893,1.886821
MED00291,2,2026-09-07,Monsoon,2.020286,2.283677,9.812696
MED00292,2,2026-09-07,Monsoon,2.020286,0.603716,1.828902
MED00293,2,2026-09-07,Monsoon,2.020286,1.852076,6.373038
MED00294,2,2026-09-07,Monsoon,2.020286,0.117743,1.124955
MED00295,2,2026-09-07,Monsoon,2.020286,-1.112489,0.32874
MED00296,2,2026-09-07,Monsoon,2.020286,1.582627,4.867727
MED00297,2,2026-09-07,Monsoon,2.020286,2.023246,7.562833
MED00298,2,2026-09-07,Monsoon,2.020286,0.839552,2.315328
MED00299,2,2026-09-07,Monsoon,2.020286,-0.964663,0.381112
MED00300,2,2026-09-07,Monsoon,2.020286,0.722495,2.059565
MED00301,2,2026-09-07,Monsoon,2.020286,1.871116,6.495545
MED00302,2,2026-09-07,Monsoon,2.020286,2.250799,9.495317
MED00303,2,2026-09-07,Monsoon,2.020286,1.123524,3.075674
MED00304,2,2026-09-07,Monsoon,2.020286,1.64321,5.171746
MED00305,2,2026-09-07,Monsoon,2.020286,0.701606,2.01699
MED00306,2,2026-09-07,Monsoon,2.020286,-0.84903,0.42783
MED00307,2,2026-09-07,Monsoon,2.020286,3.504898,33.27806
MED00308,2,2026-09-07,Monsoon,2.020286,-0.305148,0.737014
MED00309,2,2026-09-07,Monsoon,2.020286,1.40348,4.069336
MED00310,2,2026-09-07,Monsoon,2.020286,1.362982,3.907827
MED00311,2,2026-09-07,Monsoon,2.020286,1.412841,4.10761
MED00312,2,2026-09-07,Monsoon,2.020286,-0.99193,0.37086
MED00313,2,2026-09-07,Monsoon,2.020286,-0.561152,0.570552
MED00314,2,2026-09-07,Monsoon,2.020286,2.214797,9.159552
MED00315,2,2026-09-07,Monsoon,2.020286,2.328912,10.266763
MED00316,2,2026-09-07,Monsoon,2.020286,1.165031,3.206024
MED00317,2,2026-09-07,Monsoon,2.020286,0.861563,2.366856
MED00318,2,2026-09-07,Monsoon,2.020286,1.14892,3.154784
MED00319,2,2026-09-07,Monsoon,2.020286,2.469628,11.818048
MED00320,2,2026-09-07,Monsoon,2.020286,1.852251,6.374149
MED00321,2,2026-09-07,Monsoon,2.020286,-0.305733,0.736583
MED00322,2,2026-09-07,Monsoon,2.020286,-1.920124,0.146589
MED00323,2,2026-09-07,Monsoon,2.020286,-0.03298,0.967558
MED00324,2,2026-09-07,Monsoon,2.020286,0.400737,1.492924
MED00325,2,2026-09-07,Monsoon,2.020286,2.130643,8.420277
MED00326,2,2026-09-07,Monsoon,2.020286,2.310957,10.084072
MED00327,2,2026-09-07,Monsoon,2.020286,1.235152,3.4389
MED00328,2,2026-09-07,Monsoon,2.020286,1.588335,4.895592
MED00329,2,2026-09-07,Monsoon,2.020286,2.454873,11.644953
MED00330,2,2026-09-07,Monsoon,2.020286,1.65836,5.250694
MED00331,2,2026-09-07,Monsoon,2.020286,0.674641,1.963328
MED00332,2,2026-09-07,Monsoon,2.020286,1.180412,3.255717
MED00333,2,2026-09-07,Monsoon,2.020286,1.206746,3.34259
MED00334,2,2026-09-07,Monsoon,2.020286,2.303102,10.005173
MED00335,2,2026-09-07,Monsoon,2.020286,1.904028,6.712878
MED00336,2,2026-09-07,Monsoon,2.020286,2.405714,11.086346
MED00337,2,2026-09-07,Monsoon,2.020286,4.303131,73.93091
MED00338,2,2026-09-07,Monsoon,2.020286,2.150732,8.591147
MED00339,2,2026-09-07,Monsoon,2.020286,0.572738,1.773115
MED00340,2,2026-09-07,Monsoon,2.020286,0.646224,1.908321
MED00341,2,2026-09-07,Monsoon,2.020286,1.882104,6.56731
MED00342,2,2026-09-07,Monsoon,2.020286,0.825012,2.281908
MED00343,2,2026-09-07,Monsoon,2.020286,2.391501,10.92989
MED00344,2,2026-09-07,Monsoon,2.020286,1.628589,5.096678
MED00345,2,2026-09-07,Monsoon,2.020286,-1.872822,0.153689
MED00346,2,2026-09-07,Monsoon,2.020286,1.301589,3.675133
MED00347,2,2026-09-07,Monsoon,2.020286,-2.040294,0.129991
MED00348,2,2026-09-07,Monsoon,2.020286,0.655987,1.927043
MED00349,2,2026-09-07,Monsoon,2.020286,0.9337,2.543905
MED00350,2,2026-09-07,Monsoon,2.020286,0.145282,1.156366
MED00351,2,2026-09-07,Monsoon,2.020286,-0.319308,0.726652
MED00352,2,2026-09-07,Monsoon,2.020286,-1.486338,0.2262
MED00353,2,2026-09-07,Monsoon,2.020286,-0.045703,0.955326
MED00354,2,2026-09-07,Monsoon,2.020286,-0.154612,0.856748
MED00355,2,2026-09-07,Monsoon,2.020286,2.55535,12.875806
MED00356,2,2026-09-07,Monsoon,2.020286,0.743171,2.102593
MED00357,2,2026-09-07,Monsoon,2.020286,-1.71242,0.180429
MED00358,2,2026-09-07,Monsoon,2.020286,1.7695,5.867922
MED00359,2,2026-09-07,Monsoon,2.020286,0.851118,2.342264
MED00360,2,2026-09-07,Monsoon,2.020286,1.086098,2.962691
MED00361,2,2026-09-07,Monsoon,2.020286,0.861862,2.367566
MED00362,2,2026-09-07,Monsoon,2.020286,0.93836,2.555787
MED00363,2,2026-09-07,Monsoon,2.020286,0.600156,1.822403
MED00364,2,2026-09-07,Monsoon,2.020286,-2.055447,0.128036
MED00365,2,2026-09-07,Monsoon,2.020286,0.884498,2.421767
MED00366,2,2026-09-07,Monsoon,2.020286,2.34942,10.479496
MED00367,2,2026-09-07,Monsoon,2.020286,0.883336,2.418955
MED00368,2,2026-09-07,Monsoon,2.020286,1.17018,3.222571
MED00369,2,2026-09-07,Monsoon,2.020286,1.690504,5.422212
MED00370,2,2026-09-07,Monsoon,2.020286,-0.848175,0.428196
MED00371,2,2026-09-07,Monsoon,2.020286,2.780337,16.12446
MED00372,2,2026-09-07,Monsoon,2.020286,-1.642178,0.193558
MED00373,2,2026-09-07,Monsoon,2.020286,-0.449136,0.638179
MED00374,2,2026-09-07,Monsoon,2.020286,0.766409,2.152024
MED00375,2,2026-09-07,Monsoon,2.020286,2.784864,16.197607
MED00376,2,2026-09-07,Monsoon,2.020286,0.820691,2.272069
MED00377,2,2026-09-07,Monsoon,2.020286,-0.629911,0.532639
MED00378,2,2026-09-07,Monsoon,2.020286,0.92877,2.531394
MED00379,2,2026-09-07,Monsoon,2.020286,-0.410569,0.663273
MED00380,2,2026-09-07,Monsoon,2.020286,-0.331497,0.717848
MED00381,2,2026-09-07,Monsoon,2.020286,0.308742,1.361711
MED00382,2,2026-09-07,Monsoon,2.020286,0.909734,2.483661
MED00383,2,2026-09-07,Monsoon,2.020286,2.069348,7.919658
MED00384,2,2026-09-07,Monsoon,2.020286,0.792248,2.208354
MED00385,2,2026-09-07,Monsoon,2.020286,2.97604,19.609995
MED00386,2,2026-09-07,Monsoon,2.020286,2.721874,15.2088
MED00387,2,2026-09-07,Monsoon,2.020286,3.067416,21.4863
MED00388,2,2026-09-07,Monsoon,2.020286,4.062107,58.096596
MED00389,2,2026-09-07,Monsoon,2.020286,2.631098,13.889006
MED00390,2,2026-09-07,Monsoon,2.020286,3.283939,26.680672
MED00391,2,2026-09-07,Monsoon,2.020286,3.165199,23.693455
MED00392,2,2026-09-07,Monsoon,2.020286,3.11235,22.473806
MED00393,2,2026-09-07,Monsoon,2.020286,2.638702,13.995022
MED00394,2,2026-09-07,Monsoon,2.020286,2.745962,15.579593
MED00395,2,2026-09-07,Monsoon,2.020286,2.970588,19.503387
MED00396,2,2026-09-07,Monsoon,2.020286,4.074638,58.829147
MED00397,2,2026-09-07,Monsoon,2.020286,4.002576,54.738968
MED00398,2,2026-09-07,Monsoon,2.020286,4.733328,113.673164
MED00399,2,2026-09-07,Monsoon,2.020286,4.584714,97.97511
MED00400,2,2026-09-07,Monsoon,2.020286,4.333418,76.20434
MED00401,2,2026-09-07,Monsoon,2.020286,3.158151,23.527046
MED00402,2,2026-09-07,Monsoon,2.020286,3.341278,28.255203
MED00403,2,2026-09-07,Monsoon,2.020286,2.539938,12.67889
MED00404,2,2026-09-07,Monsoon,2.020286,1.837616,6.281543
MED00405,2,2026-09-07,Monsoon,2.020286,2.162522,8.693039
MED00406,2,2026-09-07,Monsoon,2.020286,3.165875,23.709486
MED00407,2,2026-09-07,Monsoon,2.020286,3.329642,27.928337
MED00408,2,2026-09-07,Monsoon,2.020286,2.469853,11.820705
MED00409,2,2026-09-07,Monsoon,2.020286,2.654955,14.224344
MED00410,2,2026-09-07,Monsoon,2.020286,2.611005,13.612722
MED00411,2,2026-09-07,Monsoon,2.020286,3.082196,21.806236
MED00412,2,2026-09-07,Monsoon,2.020286,2.613772,13.650439
MED00413,2,2026-09-07,Monsoon,2.020286,2.677128,14.543273
MED00414,2,2026-09-07,Monsoon,2.020286,3.108506,22.387583
MED00415,2,2026-09-07,Monsoon,2.020286,2.648594,14.134161
MED00416,2,2026-09-07,Monsoon,2.020286,3.083717,21.839436
MED00417,2,2026-09-07,Monsoon,2.020286,2.151788,8.600225
MED00418,2,2026-09-07,Monsoon,2.020286,2.168075,8.741439
MED00419,2,2026-09-07,Monsoon,2.020286,2.34915,10.476663
MED00420,2,2026-09-07,Monsoon,2.020286,3.410261,30.27315
MED00421,2,2026-09-07,Monsoon,2.020286,3.444664,31.332747
MED00422,2,2026-09-07,Monsoon,2.020286,3.1014,22.229042
MED00423,2,2026-09-07,Monsoon,2.020286,2.664977,14.367617
MED00424,2,2026-09-07,Monsoon,2.020286,4.115207,61.264877
MED00001,3,2026-09-14,Monsoon,2.020286,2.721927,15.209599
MED00002,3,2026-09-14,Monsoon,2.020286,-2.302523,0.100006
MED00003,3,2026-09-14,Monsoon,2.020286,-1.175323,0.308719
MED00004,3,2026-09-14,Monsoon,2.020286,-0.223807,0.79947
MED00005,3,2026-09-14,Monsoon,2.020286,0.917993,2.504259
MED00006,3,2026-09-14,Monsoon,2.020286,0.574559,1.776348
MED00007,3,2026-09-14,Monsoon,2.020286,1.249857,3.489844
MED00008,3,2026-09-14,Monsoon,2.020286,-0.411367,0.662744
MED00009,3,2026-09-14,Monsoon,2.020286,1.302226,3.677476
MED00010,3,2026-09-14,Monsoon,2.020286,1.546783,4.696339
MED00011,3,2026-09-14,Monsoon,2.020286,3.182036,24.095772
MED00012,3,2026-09-14,Monsoon,2.020286,0.885975,2.425347
MED00013,3,2026-09-14,Monsoon,2.020286,1.580808,4.85888
MED00014,3,2026-09-14,Monsoon,2.020286,2.90736,18.30841
MED00015,3,2026-09-14,Monsoon,2.020286,-0.603132,0.547095
MED00016,3,2026-09-14,Monsoon,2.020286,0.77328,2.166862
MED00017,3,2026-09-14,Monsoon,2.020286,0.682984,1.979777
MED00018,3,2026-09-14,Monsoon,2.020286,4.304157,74.00678
MED00019,3,2026-09-14,Monsoon,2.020286,3.882226,48.532116
MED00020,3,2026-09-14,Monsoon,2.020286,2.417142,11.213766
MED00021,3,2026-09-14,Monsoon,2.020286,1.558385,4.751142
MED00022,3,2026-09-14,Monsoon,2.020286,1.16563,3.207944
MED00023,3,2026-09-14,Monsoon,2.020286,0.376358,1.456968
MED00024,3,2026-09-14,Monsoon,2.020286,1.307665,3.697531
MED00025,3,2026-09-14,Monsoon,2.020286,-2.254694,0.104906
MED00026,3,2026-09-14,Monsoon,2.020286,-0.994933,0.369748
MED00027,3,2026-09-14,Monsoon,2.020286,-1.267709,0.281476
MED00028,3,2026-09-14,Monsoon,2.020286,-0.676805,0.508238
MED00029,3,2026-09-14,Monsoon,2.020286,2.832891,16.994524
MED00030,3,2026-09-14,Monsoon,2.020286,1.819907,6.171286
MED00031,3,2026-09-14,Monsoon,2.020286,1.252185,3.497978
MED00032,3,2026-09-14,Monsoon,2.020286,1.033499,2.810883
MED00033,3,2026-09-14,Monsoon,2.020286,0.043891,1.044868
MED00034,3,2026-09-14,Monsoon,2.020286,3.022634,20.545338
MED00035,3,2026-09-14,Monsoon,2.020286,-0.792053,0.452914
MED00036,3,2026-09-14,Monsoon,2.020286,0.584282,1.793702
MED00037,3,2026-09-14,Monsoon,2.020286,1.532828,4.631256
MED00038,3,2026-09-14,Monsoon,2.020286,2.991995,19.92539
MED00039,3,2026-09-14,Monsoon,2.020286,0.026346,1.026696
MED00040,3,2026-09-14,Monsoon,2.020286,-0.59599,0.551017
MED00041,3,2026-09-14,Monsoon,2.020286,-1.007253,0.365221
MED00042,3,2026-09-14,Monsoon,2.020286,1.460006,4.305983
MED00043,3,2026-09-14,Monsoon,2.020286,-0.901542,0.405943
MED00044,3,2026-09-14,Monsoon,2.020286,0.888536,2.431567
MED00045,3,2026-09-14,Monsoon,2.020286,0.597966,1.818416
MED00046,3,2026-09-14,Monsoon,2.020286,1.043736,2.839806
MED00047,3,2026-09-14,Monsoon,2.020286,1.959037,7.09249
MED00048,3,2026-09-14,Monsoon,2.020286,2.5604,12.940992
MED00049,3,2026-09-14,Monsoon,2.020286,-1.788027,0.16729
MED00050,3,2026-09-14,Monsoon,2.020286,1.203407,3.331449
MED00051,3,2026-09-14,Monsoon,2.020286,-2.149156,0.116582
MED00052,3,2026-09-14,Monsoon,2.020286,-0.829871,0.436106
MED00053,3,2026-09-14,Monsoon,2.020286,2.325186,10.22858
MED00054,3,2026-09-14,Monsoon,2.020286,2.347338,10.457689
MED00055,3,2026-09-14,Monsoon,2.020286,-0.050679,0.950583
MED00056,3,2026-09-14,Monsoon,2.020286,-0.555995,0.573502
MED00057,3,2026-09-14,Monsoon,2.020286,-0.733739,0.480111
MED00058,3,2026-09-14,Monsoon,2.020286,0.584685,1.794425
MED00059,3,2026-09-14,Monsoon,2.020286,2.406138,11.091044
MED00060,3,2026-09-14,Monsoon,2.020286,1.915445,6.78996
MED00061,3,2026-09-14,Monsoon,2.020286,-0.488356,0.613634
MED00062,3,2026-09-14,Monsoon,2.020286,2.662363,14.330112
MED00063,3,2026-09-14,Monsoon,2.020286,-2.065349,0.126774
MED00064,3,2026-09-14,Monsoon,2.020286,3.153711,23.422827
MED00065,3,2026-09-14,Monsoon,2.020286,4.110977,61.0063
MED00066,3,2026-09-14,Monsoon,2.020286,-0.821901,0.439595
MED00067,3,2026-09-14,Monsoon,2.020286,0.76734,2.154028
MED00068,3,2026-09-14,Monsoon,2.020286,1.491344,4.443062
MED00069,3,2026-09-14,Monsoon,2.020286,0.728739,2.072465
MED00070,3,2026-09-14,Monsoon,2.020286,2.770546,15.967341
MED00071,3,2026-09-14,Monsoon,2.020286,0.934086,2.544886
MED00072,3,2026-09-14,Monsoon,2.020286,1.05878,2.882853
MED00073,3,2026-09-14,Monsoon,2.020286,1.448457,4.256542
MED00074,3,2026-09-14,Monsoon,2.020286,1.389718,4.01372
MED00075,3,2026-09-14,Monsoon,2.020286,1.545714,4.691321
MED00076,3,2026-09-14,Monsoon,2.020286,-1.604756,0.200938
MED00077,3,2026-09-14,Monsoon,2.020286,1.913316,6.775522
MED00078,3,2026-09-14,Monsoon,2.020286,1.482746,4.405023
MED00079,3,2026-09-14,Monsoon,2.020286,3.136824,23.030619
MED00080,3,2026-09-14,Monsoon,2.020286,1.589645,4.902009
MED00081,3,2026-09-14,Monsoon,2.020286,-1.160864,0.313216
MED00082,3,2026-09-14,Monsoon,2.020286,1.274356,3.576396
MED00083,3,2026-09-14,Monsoon,2.020286,1.384565,3.993088
MED00084,3,2026-09-14,Monsoon,2.020286,3.872746,48.074226
MED00085,3,2026-09-14,Monsoon,2.020286,0.794767,2.213924
MED00086,3,2026-09-14,Monsoon,2.020286,-0.869957,0.418969
MED00087,3,2026-09-14,Monsoon,2.020286,0.639056,1.894691
MED00088,3,2026-09-14,Monsoon,2.020286,3.221096,25.055567
MED00089,3,2026-09-14,Monsoon,2.020286,2.800783,16.457523
MED00090,3,2026-09-14,Monsoon,2.020286,1.377021,3.963078
MED00091,3,2026-09-14,Monsoon,2.020286,1.07229,2.922064
MED00092,3,2026-09-14,Monsoon,2.020286,0.438834,1.550898
MED00093,3,2026-09-14,Monsoon,2.020286,-1.26927,0.281037
MED00094,3,2026-09-14,Monsoon,2.020286,-0.528266,0.589626
MED00095,3,2026-09-14,Monsoon,2.020286,1.221088,3.390877
MED00096,3,2026-09-14,Monsoon,2.020286,2.772429,15.997448
MED00097,3,2026-09-14,Monsoon,2.020286,-0.8582,0.423924
MED00098,3,2026-09-14,Monsoon,2.020286,2.245243,9.442708
MED00099,3,2026-09-14,Monsoon,2.020286,-1.213598,0.297126
MED00100,3,2026-09-14,Monsoon,2.020286,-1.757099,0.172545
MED00101,3,2026-09-14,Monsoon,2.020286,1.678776,5.358992
MED00102,3,2026-09-14,Monsoon,2.020286,1.491957,4.445786
MED00103,3,2026-09-14,Monsoon,2.020286,1.226674,3.409869
MED00104,3,2026-09-14,Monsoon,2.020286,2.152614,8.607326
MED00105,3,2026-09-14,Monsoon,2.020286,2.487903,12.036012
MED00106,3,2026-09-14,Monsoon,2.020286,-1.96666,0.139923
MED00107,3,2026-09-14,Monsoon,2.020286,2.221706,9.223049
MED00108,3,2026-09-14,Monsoon,2.020286,1.195402,3.304886
MED00109,3,2026-09-14,Monsoon,2.020286,-0.563586,0.569164
MED00110,3,2026-09-14,Monsoon,2.020286,-0.547403,0.57845
MED00111,3,2026-09-14,Monsoon,2.020286,-0.362418,0.695991
MED00112,3,2026-09-14,Monsoon,2.020286,1.178699,3.250142
MED00113,3,2026-09-14,Monsoon,2.020286,0.69368,2.001066
MED00114,3,2026-09-14,Monsoon,2.020286,2.642907,14.053994
MED00115,3,2026-09-14,Monsoon,2.020286,0.807893,2.243176
MED00116,3,2026-09-14,Monsoon,2.020286,1.974837,7.205447
MED00117,3,2026-09-14,Monsoon,2.020286,0.712907,2.039913
MED00118,3,2026-09-14,Monsoon,2.020286,0.549307,1.732053
MED00119,3,2026-09-14,Monsoon,2.020286,0.772697,2.165599
MED00120,3,2026-09-14,Monsoon,2.020286,2.466593,11.78224
MED00121,3,2026-09-14,Monsoon,2.020286,1.413747,4.111332
MED00122,3,2026-09-14,Monsoon,2.020286,0.931097,2.537291
MED00123,3,2026-09-14,Monsoon,2.020286,-0.138639,0.870542
MED00124,3,2026-09-14,Monsoon,2.020286,2.200312,9.027833
MED00125,3,2026-09-14,Monsoon,2.020286,-1.413379,0.24332
MED00126,3,2026-09-14,Monsoon,2.020286,-0.229601,0.794851
MED00127,3,2026-09-14,Monsoon,2.020286,0.79539,2.215305
MED00128,3,2026-09-14,Monsoon,2.020286,0.825986,2.284131
MED00129,3,2026-09-14,Monsoon,2.020286,0.717463,2.049228
MED00130,3,2026-09-14,Monsoon,2.020286,-1.782814,0.168164
MED00131,3,2026-09-14,Monsoon,2.020286,0.821455,2.273805
MED00132,3,2026-09-14,Monsoon,2.020286,-1.046625,0.351121
MED00133,3,2026-09-14,Monsoon,2.020286,-0.731282,0.481292
MED00134,3,2026-09-14,Monsoon,2.020286,-0.358846,0.698482
MED00135,3,2026-09-14,Monsoon,2.020286,2.584209,13.252805
MED00136,3,2026-09-14,Monsoon,2.020286,0.613527,1.846935
MED00137,3,2026-09-14,Monsoon,2.020286,0.936508,2.551058
MED00138,3,2026-09-14,Monsoon,2.020286,0.815669,2.260688
MED00139,3,2026-09-14,Monsoon,2.020286,1.299455,3.667296
MED00140,3,2026-09-14,Monsoon,2.020286,0.647289,1.910355
MED00141,3,2026-09-14,Monsoon,2.020286,1.775312,5.902121
MED00142,3,2026-09-14,Monsoon,2.020286,-0.796266,0.45101
MED00143,3,2026-09-14,Monsoon,2.020286,0.684018,1.981824
MED00144,3,2026-09-14,Monsoon,2.020286,2.044055,7.72186
MED00145,3,2026-09-14,Monsoon,2.020286,-0.394604,0.673947
MED00146,3,2026-09-14,Monsoon,2.020286,0.520183,1.682336
MED00147,3,2026-09-14,Monsoon,2.020286,0.69339,2.000485
MED00148,3,2026-09-14,Monsoon,2.020286,1.977875,7.227367
MED00149,3,2026-09-14,Monsoon,2.020286,1.619264,5.049374
MED00150,3,2026-09-14,Monsoon,2.020286,0.837459,2.31049
MED00151,3,2026-09-14,Monsoon,2.020286,0.835555,2.306094
MED00152,3,2026-09-14,Monsoon,2.020286,0.906135,2.474739
MED00153,3,2026-09-14,Monsoon,2.020286,0.912056,2.489435
MED00154,3,2026-09-14,Monsoon,2.020286,2.66451,14.360908
MED00155,3,2026-09-14,Monsoon,2.020286,0.777539,2.176111
MED00156,3,2026-09-14,Monsoon,2.020286,1.097685,2.997218
MED00157,3,2026-09-14,Monsoon,2.020286,1.758436,5.803352
MED00158,3,2026-09-14,Monsoon,2.020286,-1.142387,0.319057
MED00159,3,2026-09-14,Monsoon,2.020286,2.422788,11.277255
MED00160,3,2026-09-14,Monsoon,2.020286,1.523272,4.587208
MED00161,3,2026-09-14,Monsoon,2.020286,2.071116,7.933676
MED00162,3,2026-09-14,Monsoon,2.020286,0.902777,2.466444
MED00163,3,2026-09-14,Monsoon,2.020286,-1.039326,0.353693
MED00164,3,2026-09-14,Monsoon,2.020286,0.821023,2.272824
MED00165,3,2026-09-14,Monsoon,2.020286,2.468235,11.801599
MED00166,3,2026-09-14,Monsoon,2.020286,0.898748,2.456526
MED00167,3,2026-09-14,Monsoon,2.020286,0.624811,1.867893
MED00168,3,2026-09-14,Monsoon,2.020286,0.817187,2.264122
MED00169,3,2026-09-14,Monsoon,2.020286,0.682799,1.979411
MED00170,3,2026-09-14,Monsoon,2.020286,0.687852,1.989438
MED00171,3,2026-09-14,Monsoon,2.020286,0.899512,2.458403
MED00172,3,2026-09-14,Monsoon,2.020286,1.012528,2.75255
MED00173,3,2026-09-14,Monsoon,2.020286,0.895943,2.449646
MED00174,3,2026-09-14,Monsoon,2.020286,1.915486,6.790238
MED00175,3,2026-09-14,Monsoon,2.020286,0.165379,1.17984
MED00176,3,2026-09-14,Monsoon,2.020286,2.637269,13.974986
MED00177,3,2026-09-14,Monsoon,2.020286,-1.18123,0.306901
MED00178,3,2026-09-14,Monsoon,2.020286,0.670654,1.955515
MED00179,3,2026-09-14,Monsoon,2.020286,-0.448469,0.638605
MED00180,3,2026-09-14,Monsoon,2.020286,0.836834,2.309045
MED00181,3,2026-09-14,Monsoon,2.020286,1.303432,3.68191
MED00182,3,2026-09-14,Monsoon,2.020286,-1.122715,0.325395
MED00183,3,2026-09-14,Monsoon,2.020286,2.874,17.707718
MED00184,3,2026-09-14,Monsoon,2.020286,2.159776,8.669191
MED00185,3,2026-09-14,Monsoon,2.020286,1.091048,2.977391
MED00186,3,2026-09-14,Monsoon,2.020286,0.729193,2.073406
MED00187,3,2026-09-14,Monsoon,2.020286,1.066391,2.904878
MED00188,3,2026-09-14,Monsoon,2.020286,1.350249,3.858384
MED00189,3,2026-09-14,Monsoon,2.020286,-1.666773,0.188856
MED00190,3,2026-09-14,Monsoon,2.020286,0.853524,2.347905
MED00191,3,2026-09-14,Monsoon,2.020286,2.544474,12.736534
MED00192,3,2026-09-14,Monsoon,2.020286,-1.902133,0.14925
MED00193,3,2026-09-14,Monsoon,2.020286,-2.398139,0.090887
MED00194,3,2026-09-14,Monsoon,2.020286,2.220696,9.213743
MED00195,3,2026-09-14,Monsoon,2.020286,2.209077,9.107309
MED00196,3,2026-09-14,Monsoon,2.020286,2.232041,9.31887
MED00197,3,2026-09-14,Monsoon,2.020286,2.236273,9.358388
MED00198,3,2026-09-14,Monsoon,2.020286,0.589875,1.803763
MED00199,3,2026-09-14,Monsoon,2.020286,0.737073,2.08981
MED00200,3,2026-09-14,Monsoon,2.020286,0.707084,2.02807
MED00201,3,2026-09-14,Monsoon,2.020286,2.297802,9.952283
MED00202,3,2026-09-14,Monsoon,2.020286,0.709139,2.03224
MED00203,3,2026-09-14,Monsoon,2.020286,1.115058,3.049744
MED00204,3,2026-09-14,Monsoon,2.020286,0.897113,2.452512
MED00205,3,2026-09-14,Monsoon,2.020286,2.515847,12.377085
MED00206,3,2026-09-14,Monsoon,2.020286,0.290925,1.337664
MED00207,3,2026-09-14,Monsoon,2.020286,0.708779,2.03151
MED00208,3,2026-09-14,Monsoon,2.020286,2.482098,11.966348
MED00209,3,2026-09-14,Monsoon,2.020286,0.977616,2.658113
MED00210,3,2026-09-14,Monsoon,2.020286,0.239336,1.270406
MED00211,3,2026-09-14,Monsoon,2.020286,0.902995,2.466982
MED00212,3,2026-09-14,Monsoon,2.020286,0.811931,2.252252
MED00213,3,2026-09-14,Monsoon,2.020286,0.290317,1.336851
MED00214,3,2026-09-14,Monsoon,2.020286,2.405457,11.083497
MED00215,3,2026-09-14,Monsoon,2.020286,0.920578,2.510742
MED00216,3,2026-09-14,Monsoon,2.020286,-2.604984,0.073904
MED00217,3,2026-09-14,Monsoon,2.020286,-1.560766,0.209975
MED00218,3,2026-09-14,Monsoon,2.020286,1.746324,5.73349
MED00219,3,2026-09-14,Monsoon,2.020286,2.550475,12.813193
MED00220,3,2026-09-14,Monsoon,2.020286,0.854685,2.350634
MED00221,3,2026-09-14,Monsoon,2.020286,1.364405,3.913394
MED00222,3,2026-09-14,Monsoon,2.020286,-0.771696,0.462228
MED00223,3,2026-09-14,Monsoon,2.020286,2.292792,9.90255
MED00224,3,2026-09-14,Monsoon,2.020286,0.679899,1.973679
MED00225,3,2026-09-14,Monsoon,2.020286,1.567086,4.792663
MED00226,3,2026-09-14,Monsoon,2.020286,1.078106,2.939109
MED00227,3,2026-09-14,Monsoon,2.020286,2.707083,14.985498
MED00228,3,2026-09-14,Monsoon,2.020286,0.684577,1.982933
MED00229,3,2026-09-14,Monsoon,2.020286,-0.511535,0.599575
MED00230,3,2026-09-14,Monsoon,2.020286,2.543362,12.72238
MED00231,3,2026-09-14,Monsoon,2.020286,0.541795,1.71909
MED00232,3,2026-09-14,Monsoon,2.020286,1.232692,3.430452
MED00233,3,2026-09-14,Monsoon,2.020286,-0.771477,0.46233
MED00234,3,2026-09-14,Monsoon,2.020286,0.638062,1.892808
MED00235,3,2026-09-14,Monsoon,2.020286,4.297487,73.5148
MED00236,3,2026-09-14,Monsoon,2.020286,0.880793,2.412812
MED00237,3,2026-09-14,Monsoon,2.020286,1.804678,6.078014
MED00238,3,2026-09-14,Monsoon,2.020286,0.80113,2.228058
MED00239,3,2026-09-14,Monsoon,2.020286,1.400474,4.057122
MED00240,3,2026-09-14,Monsoon,2.020286,1.68462,5.3904
MED00241,3,2026-09-14,Monsoon,2.020286,1.058381,2.8817
MED00242,3,2026-09-14,Monsoon,2.020286,2.393553,10.952336
MED00243,3,2026-09-14,Monsoon,2.020286,-2.067872,0.126455
MED00244,3,2026-09-14,Monsoon,2.020286,0.854365,2.349882
MED00245,3,2026-09-14,Monsoon,2.020286,4.370428,79.07744
MED00246,3,2026-09-14,Monsoon,2.020286,1.883006,6.573236
MED00247,3,2026-09-14,Monsoon,2.020286,2.493638,12.105241
MED00248,3,2026-09-14,Monsoon,2.020286,0.812478,2.253484
MED00249,3,2026-09-14,Monsoon,2.020286,3.072995,21.60651
MED00250,3,2026-09-14,Monsoon,2.020286,2.806577,16.55316
MED00251,3,2026-09-14,Monsoon,2.020286,0.642463,1.901158
MED00252,3,2026-09-14,Monsoon,2.020286,-0.753073,0.470917
MED00253,3,2026-09-14,Monsoon,2.020286,1.484371,4.412191
MED00254,3,2026-09-14,Monsoon,2.020286,-0.872182,0.418038
MED00255,3,2026-09-14,Monsoon,2.020286,1.907485,6.736126
MED00256,3,2026-09-14,Monsoon,2.020286,0.848752,2.336729
MED00257,3,2026-09-14,Monsoon,2.020286,1.753522,5.774904
MED00258,3,2026-09-14,Monsoon,2.020286,0.814122,2.257193
MED00259,3,2026-09-14,Monsoon,2.020286,0.865418,2.375998
MED00260,3,2026-09-14,Monsoon,2.020286,-0.526947,0.590404
MED00261,3,2026-09-14,Monsoon,2.020286,-0.23559,0.790105
MED00262,3,2026-09-14,Monsoon,2.020286,1.393757,4.029962
MED00263,3,2026-09-14,Monsoon,2.020286,1.226544,3.409427
MED00264,3,2026-09-14,Monsoon,2.020286,-1.09367,0.334985
MED00265,3,2026-09-14,Monsoon,2.020286,2.059837,7.844688
MED00266,3,2026-09-14,Monsoon,2.020286,2.646636,14.106508
MED00267,3,2026-09-14,Monsoon,2.020286,1.717244,5.569156
MED00268,3,2026-09-14,Monsoon,2.020286,0.829182,2.291443
MED00269,3,2026-09-14,Monsoon,2.020286,0.874615,2.397952
MED00270,3,2026-09-14,Monsoon,2.020286,0.930694,2.536269
MED00271,3,2026-09-14,Monsoon,2.020286,0.971004,2.640596
MED00272,3,2026-09-14,Monsoon,2.020286,1.534913,4.64092
MED00273,3,2026-09-14,Monsoon,2.020286,1.362886,3.907456
MED00274,3,2026-09-14,Monsoon,2.020286,-0.832144,0.435115
MED00275,3,2026-09-14,Monsoon,2.020286,2.61141,13.618244
MED00276,3,2026-09-14,Monsoon,2.020286,0.711198,2.03643
MED00277,3,2026-09-14,Monsoon,2.020286,-1.666773,0.188856
MED00278,3,2026-09-14,Monsoon,2.020286,2.25233,9.509867
MED00279,3,2026-09-14,Monsoon,2.020286,3.109199,22.4031
MED00280,3,2026-09-14,Monsoon,2.020286,-1.622521,0.1974
MED00281,3,2026-09-14,Monsoon,2.020286,2.759879,15.797926
MED00282,3,2026-09-14,Monsoon,2.020286,1.360025,3.896292
MED00283,3,2026-09-14,Monsoon,2.020286,0.872346,2.392518
MED00284,3,2026-09-14,Monsoon,2.020286,0.552723,1.73798
MED00285,3,2026-09-14,Monsoon,2.020286,1.909918,6.752538
MED00286,3,2026-09-14,Monsoon,2.020286,1.704267,5.497354
MED00287,3,2026-09-14,Monsoon,2.020286,1.280892,3.599851
MED00288,3,2026-09-14,Monsoon,2.020286,3.63912,38.058353
MED00289,3,2026-09-14,Monsoon,2.020286,1.84952,6.356766
MED00290,3,2026-09-14,Monsoon,2.020286,0.633756,1.884676
MED00291,3,2026-09-14,Monsoon,2.020286,2.384169,10.850041
MED00292,3,2026-09-14,Monsoon,2.020286,0.623015,1.86454
MED00293,3,2026-09-14,Monsoon,2.020286,1.8361,6.272026
MED00294,3,2026-09-14,Monsoon,2.020286,0.176376,1.192887
MED00295,3,2026-09-14,Monsoon,2.020286,-1.094682,0.334646
MED00296,3,2026-09-14,Monsoon,2.020286,1.591141,4.909346
MED00297,3,2026-09-14,Monsoon,2.020286,2.021108,7.546684
MED00298,3,2026-09-14,Monsoon,2.020286,0.837605,2.310825
MED00299,3,2026-09-14,Monsoon,2.020286,-0.967722,0.379948
MED00300,3,2026-09-14,Monsoon,2.020286,0.745584,2.107672
MED00301,3,2026-09-14,Monsoon,2.020286,1.87916,6.548004
MED00302,3,2026-09-14,Monsoon,2.020286,2.294016,9.914674
MED00303,3,2026-09-14,Monsoon,2.020286,1.177197,3.245264
MED00304,3,2026-09-14,Monsoon,2.020286,1.659471,5.256531
MED00305,3,2026-09-14,Monsoon,2.020286,0.734358,2.084143
MED00306,3,2026-09-14,Monsoon,2.020286,-0.805257,0.446973
MED00307,3,2026-09-14,Monsoon,2.020286,3.511832,33.509617
MED00308,3,2026-09-14,Monsoon,2.020286,-0.294229,0.745106
MED00309,3,2026-09-14,Monsoon,2.020286,1.405092,4.075904
MED00310,3,2026-09-14,Monsoon,2.020286,1.364166,3.912458
MED00311,3,2026-09-14,Monsoon,2.020286,1.444383,4.239236
MED00312,3,2026-09-14,Monsoon,2.020286,-0.90985,0.402584
MED00313,3,2026-09-14,Monsoon,2.020286,-0.6014,0.548044
MED00314,3,2026-09-14,Monsoon,2.020286,2.183988,8.88165
MED00315,3,2026-09-14,Monsoon,2.020286,2.33586,10.338349
MED00316,3,2026-09-14,Monsoon,2.020286,1.16077,3.192391
MED00317,3,2026-09-14,Monsoon,2.020286,0.894871,2.44702
MED00318,3,2026-09-14,Monsoon,2.020286,1.151743,3.163703
MED00319,3,2026-09-14,Monsoon,2.020286,2.476576,11.900452
MED00320,3,2026-09-14,Monsoon,2.020286,1.884934,6.585917
MED00321,3,2026-09-14,Monsoon,2.020286,-0.415909,0.65974
MED00322,3,2026-09-14,Monsoon,2.020286,-1.781922,0.168314
MED00323,3,2026-09-14,Monsoon,2.020286,-0.0376,0.963098
MED00324,3,2026-09-14,Monsoon,2.020286,0.389319,1.475976
MED00325,3,2026-09-14,Monsoon,2.020286,2.136519,8.469902
MED00326,3,2026-09-14,Monsoon,2.020286,2.317906,10.154386
MED00327,3,2026-09-14,Monsoon,2.020286,1.23089,3.424277
MED00328,3,2026-09-14,Monsoon,2.020286,1.584311,4.875931
MED00329,3,2026-09-14,Monsoon,2.020286,2.461821,11.72615
MED00330,3,2026-09-14,Monsoon,2.020286,1.632054,5.11437
MED00331,3,2026-09-14,Monsoon,2.020286,0.673503,1.961096
MED00332,3,2026-09-14,Monsoon,2.020286,1.17811,3.248228
MED00333,3,2026-09-14,Monsoon,2.020286,1.150776,3.160643
MED00334,3,2026-09-14,Monsoon,2.020286,2.318954,10.165036
MED00335,3,2026-09-14,Monsoon,2.020286,1.923889,6.847534
MED00336,3,2026-09-14,Monsoon,2.020286,2.478912,11.928281
MED00337,3,2026-09-14,Monsoon,2.020286,4.260166,70.821754
MED00338,3,2026-09-14,Monsoon,2.020286,2.188272,8.919782
MED00339,3,2026-09-14,Monsoon,2.020286,0.626752,1.871522
MED00340,3,2026-09-14,Monsoon,2.020286,0.618397,1.85595
MED00341,3,2026-09-14,Monsoon,2.020286,1.880451,6.556461
MED00342,3,2026-09-14,Monsoon,2.020286,0.824776,2.281371
MED00343,3,2026-09-14,Monsoon,2.020286,2.39845,11.0061
MED00344,3,2026-09-14,Monsoon,2.020286,1.619691,5.051528
MED00345,3,2026-09-14,Monsoon,2.020286,-1.742186,0.175137
MED00346,3,2026-09-14,Monsoon,2.020286,1.298276,3.662978
MED00347,3,2026-09-14,Monsoon,2.020286,-1.749198,0.173913
MED00348,3,2026-09-14,Monsoon,2.020286,0.686856,1.987457
MED00349,3,2026-09-14,Monsoon,2.020286,0.933119,2.542427
MED00350,3,2026-09-14,Monsoon,2.020286,0.115506,1.122441
MED00351,3,2026-09-14,Monsoon,2.020286,-0.355196,0.701036
MED00352,3,2026-09-14,Monsoon,2.020286,-1.501801,0.222729
MED00353,3,2026-09-14,Monsoon,2.020286,-0.147582,0.862792
MED00354,3,2026-09-14,Monsoon,2.020286,-0.157993,0.853856
MED00355,3,2026-09-14,Monsoon,2.020286,2.558819,12.920547
MED00356,3,2026-09-14,Monsoon,2.020286,0.743992,2.10432
MED00357,3,2026-09-14,Monsoon,2.020286,-1.61392,0.199106
MED00358,3,2026-09-14,Monsoon,2.020286,1.787564,5.97488
MED00359,3,2026-09-14,Monsoon,2.020286,0.901434,2.463133
MED00360,3,2026-09-14,Monsoon,2.020286,1.071138,2.9187
MED00361,3,2026-09-14,Monsoon,2.020286,0.858227,2.358976
MED00362,3,2026-09-14,Monsoon,2.020286,0.928901,2.531726
MED00363,3,2026-09-14,Monsoon,2.020286,0.599018,1.820331
MED00364,3,2026-09-14,Monsoon,2.020286,-1.785261,0.167753
MED00365,3,2026-09-14,Monsoon,2.020286,0.883916,2.42036
MED00366,3,2026-09-14,Monsoon,2.020286,2.356369,10.552566
MED00367,3,2026-09-14,Monsoon,2.020286,0.9325,2.540853
MED00368,3,2026-09-14,Monsoon,2.020286,1.16057,3.191752
MED00369,3,2026-09-14,Monsoon,2.020286,1.65231,5.219023
MED00370,3,2026-09-14,Monsoon,2.020286,-0.789102,0.454253
MED00371,3,2026-09-14,Monsoon,2.020286,2.768024,15.927123
MED00372,3,2026-09-14,Monsoon,2.020286,-1.561392,0.209844
MED00373,3,2026-09-14,Monsoon,2.020286,-0.454841,0.634549
MED00374,3,2026-09-14,Monsoon,2.020286,0.769665,2.159042
MED00375,3,2026-09-14,Monsoon,2.020286,2.799333,16.43368
MED00376,3,2026-09-14,Monsoon,2.020286,0.853999,2.349022
MED00377,3,2026-09-14,Monsoon,2.020286,-0.663936,0.514821
MED00378,3,2026-09-14,Monsoon,2.020286,0.928189,2.529923
MED00379,3,2026-09-14,Monsoon,2.020286,-0.473622,0.622743
MED00380,3,2026-09-14,Monsoon,2.020286,-0.326326,0.72157
MED00381,3,2026-09-14,Monsoon,2.020286,0.297589,1.346608
MED00382,3,2026-09-14,Monsoon,2.020286,0.941747,2.564458
MED00383,3,2026-09-14,Monsoon,2.020286,2.071794,7.93905
MED00384,3,2026-09-14,Monsoon,2.020286,0.79111,2.205844
MED00385,3,2026-09-14,Monsoon,2.020286,2.980502,19.6977
MED00386,3,2026-09-14,Monsoon,2.020286,2.72565,15.266328
MED00387,3,2026-09-14,Monsoon,2.020286,3.071769,21.580038
MED00388,3,2026-09-14,Monsoon,2.020286,4.266376,71.26288
MED00389,3,2026-09-14,Monsoon,2.020286,2.645287,14.087491
MED00390,3,2026-09-14,Monsoon,2.020286,3.299574,27.101109
MED00391,3,2026-09-14,Monsoon,2.020286,3.162576,23.631386
MED00392,3,2026-09-14,Monsoon,2.020286,3.105829,22.327726
MED00393,3,2026-09-14,Monsoon,2.020286,2.626401,13.823931
MED00394,3,2026-09-14,Monsoon,2.020286,2.744812,15.561685
MED00395,3,2026-09-14,Monsoon,2.020286,2.985027,19.787039
MED00396,3,2026-09-14,Monsoon,2.020286,4.07407,58.795803
MED00397,3,2026-09-14,Monsoon,2.020286,3.964448,52.691162
MED00398,3,2026-09-14,Monsoon,2.020286,4.764289,117.24771
MED00399,3,2026-09-14,Monsoon,2.020286,4.61195,100.680275
MED00400,3,2026-09-14,Monsoon,2.020286,4.314024,74.74068
MED00401,3,2026-09-14,Monsoon,2.020286,3.169182,23.78802
MED00402,3,2026-09-14,Monsoon,2.020286,3.362576,28.863447
MED00403,3,2026-09-14,Monsoon,2.020286,2.538209,12.656984
MED00404,3,2026-09-14,Monsoon,2.020286,1.840506,6.299725
MED00405,3,2026-09-14,Monsoon,2.020286,2.16257,8.693456
MED00406,3,2026-09-14,Monsoon,2.020286,3.173986,23.902575
MED00407,3,2026-09-14,Monsoon,2.020286,3.336644,28.12458
MED00408,3,2026-09-14,Monsoon,2.020286,2.463294,11.743431
MED00409,3,2026-09-14,Monsoon,2.020286,2.689208,14.72001
MED00410,3,2026-09-14,Monsoon,2.020286,2.684451,14.650154
MED00411,3,2026-09-14,Monsoon,2.020286,3.082174,21.805758
MED00412,3,2026-09-14,Monsoon,2.020286,2.62395,13.79008
MED00413,3,2026-09-14,Monsoon,2.020286,2.678895,14.568989
MED00414,3,2026-09-14,Monsoon,2.020286,3.110876,22.440685
MED00415,3,2026-09-14,Monsoon,2.020286,2.660087,14.297535
MED00416,3,2026-09-14,Monsoon,2.020286,3.093957,22.064207
MED00417,3,2026-09-14,Monsoon,2.020286,2.159465,8.6665
MED00418,3,2026-09-14,Monsoon,2.020286,2.161137,8.681001
MED00419,3,2026-09-14,Monsoon,2.020286,2.346375,10.447628
MED00420,3,2026-09-14,Monsoon,2.020286,3.442134,31.253572
MED00421,3,2026-09-14,Monsoon,2.020286,3.462331,31.891222
MED00422,3,2026-09-14,Monsoon,2.020286,3.110002,22.421085
MED00423,3,2026-09-14,Monsoon,2.020286,2.658746,14.278373
MED00424,3,2026-09-14,Monsoon,2.020286,4.238608,69.311325
MED00001,4,2026-09-21,Monsoon,2.020286,2.682951,14.628194
MED00002,4,2026-09-21,Monsoon,2.020286,-2.234062,0.107092
MED00003,4,2026-09-21,Monsoon,2.020286,-1.200768,0.300963
MED00004,4,2026-09-21,Monsoon,2.020286,-0.310514,0.73307
MED00005,4,2026-09-21,Monsoon,2.020286,0.882613,2.417208
MED00006,4,2026-09-21,Monsoon,2.020286,0.590981,1.805758
MED00007,4,2026-09-21,Monsoon,2.020286,1.258974,3.521805
MED00008,4,2026-09-21,Monsoon,2.020286,-0.38694,0.679132
MED00009,4,2026-09-21,Monsoon,2.020286,1.281652,3.602585
MED00010,4,2026-09-21,Monsoon,2.020286,1.523952,4.590328
MED00011,4,2026-09-21,Monsoon,2.020286,3.365801,28.956692
MED00012,4,2026-09-21,Monsoon,2.020286,0.901011,2.462092
MED00013,4,2026-09-21,Monsoon,2.020286,1.567224,4.793321
MED00014,4,2026-09-21,Monsoon,2.020286,2.905673,18.27754
MED00015,4,2026-09-21,Monsoon,2.020286,-0.639543,0.527533
MED00016,4,2026-09-21,Monsoon,2.020286,0.769168,2.15797
MED00017,4,2026-09-21,Monsoon,2.020286,0.682447,1.978715
MED00018,4,2026-09-21,Monsoon,2.020286,4.287126,72.757034
MED00019,4,2026-09-21,Monsoon,2.020286,3.884306,48.63318
MED00020,4,2026-09-21,Monsoon,2.020286,2.407414,11.105203
MED00021,4,2026-09-21,Monsoon,2.020286,1.565258,4.783907
MED00022,4,2026-09-21,Monsoon,2.020286,1.150918,3.161094
MED00023,4,2026-09-21,Monsoon,2.020286,0.378761,1.460474
MED00024,4,2026-09-21,Monsoon,2.020286,1.286847,3.621349
MED00025,4,2026-09-21,Monsoon,2.020286,-2.275321,0.102764
MED00026,4,2026-09-21,Monsoon,2.020286,-1.012519,0.363303
MED00027,4,2026-09-21,Monsoon,2.020286,-1.244287,0.288146
MED00028,4,2026-09-21,Monsoon,2.020286,-0.630539,0.532305
MED00029,4,2026-09-21,Monsoon,2.020286,2.812917,16.658436
MED00030,4,2026-09-21,Monsoon,2.020286,1.776318,5.908064
MED00031,4,2026-09-21,Monsoon,2.020286,1.248777,3.486078
MED00032,4,2026-09-21,Monsoon,2.020286,1.034083,2.812526
MED00033,4,2026-09-21,Monsoon,2.020286,-0.003138,0.996866
MED00034,4,2026-09-21,Monsoon,2.020286,3.073074,21.608236
MED00035,4,2026-09-21,Monsoon,2.020286,-0.829672,0.436192
MED00036,4,2026-09-21,Monsoon,2.020286,0.578684,1.78369
MED00037,4,2026-09-21,Monsoon,2.020286,1.504363,4.501286
MED00038,4,2026-09-21,Monsoon,2.020286,2.972661,19.543852
MED00039,4,2026-09-21,Monsoon,2.020286,0.139678,1.149904
MED00040,4,2026-09-21,Monsoon,2.020286,-0.512521,0.598984
MED00041,4,2026-09-21,Monsoon,2.020286,-0.994853,0.369778
MED00042,4,2026-09-21,Monsoon,2.020286,1.509306,4.523589
MED00043,4,2026-09-21,Monsoon,2.020286,-0.907302,0.403612
MED00044,4,2026-09-21,Monsoon,2.020286,0.873508,2.395299
MED00045,4,2026-09-21,Monsoon,2.020286,0.61245,1.844946
MED00046,4,2026-09-21,Monsoon,2.020286,1.056714,2.876901
MED00047,4,2026-09-21,Monsoon,2.020286,1.959037,7.09249
MED00048,4,2026-09-21,Monsoon,2.020286,2.559574,12.930306
MED00049,4,2026-09-21,Monsoon,2.020286,-1.662565,0.189652
MED00050,4,2026-09-21,Monsoon,2.020286,1.284308,3.612166
MED00051,4,2026-09-21,Monsoon,2.020286,-2.201034,0.110689
MED00052,4,2026-09-21,Monsoon,2.020286,-0.813588,0.443265
MED00053,4,2026-09-21,Monsoon,2.020286,2.291309,9.887869
MED00054,4,2026-09-21,Monsoon,2.020286,2.404045,11.067854
MED00055,4,2026-09-21,Monsoon,2.020286,-0.058739,0.942953
MED00056,4,2026-09-21,Monsoon,2.020286,-0.537706,0.584087
MED00057,4,2026-09-21,Monsoon,2.020286,-0.773224,0.461523
MED00058,4,2026-09-21,Monsoon,2.020286,0.605847,1.832804
MED00059,4,2026-09-21,Monsoon,2.020286,2.436911,11.437651
MED00060,4,2026-09-21,Monsoon,2.020286,1.914912,6.786344
MED00061,4,2026-09-21,Monsoon,2.020286,-0.558716,0.571943
MED00062,4,2026-09-21,Monsoon,2.020286,2.687868,14.700296
MED00063,4,2026-09-21,Monsoon,2.020286,-1.921042,0.146454
MED00064,4,2026-09-21,Monsoon,2.020286,3.247736,25.732027
MED00065,4,2026-09-21,Monsoon,2.020286,4.092512,59.890125
MED00066,4,2026-09-21,Monsoon,2.020286,-0.829827,0.436125
MED00067,4,2026-09-21,Monsoon,2.020286,0.765696,2.150491
MED00068,4,2026-09-21,Monsoon,2.020286,1.456045,4.288964
MED00069,4,2026-09-21,Monsoon,2.020286,0.740176,2.096304
MED00070,4,2026-09-21,Monsoon,2.020286,2.780276,16.12348
MED00071,4,2026-09-21,Monsoon,2.020286,0.919374,2.50772
MED00072,4,2026-09-21,Monsoon,2.020286,1.044068,2.840751
MED00073,4,2026-09-21,Monsoon,2.020286,1.41326,4.109329
MED00074,4,2026-09-21,Monsoon,2.020286,1.356148,3.881212
MED00075,4,2026-09-21,Monsoon,2.020286,1.525222,4.596162
MED00076,4,2026-09-21,Monsoon,2.020286,-1.593224,0.203269
MED00077,4,2026-09-21,Monsoon,2.020286,1.852746,6.377308
MED00078,4,2026-09-21,Monsoon,2.020286,1.565293,4.784076
MED00079,4,2026-09-21,Monsoon,2.020286,3.282928,26.6537
MED00080,4,2026-09-21,Monsoon,2.020286,1.550822,4.715343
MED00081,4,2026-09-21,Monsoon,2.020286,-1.204881,0.299728
MED00082,4,2026-09-21,Monsoon,2.020286,1.303369,3.681679
MED00083,4,2026-09-21,Monsoon,2.020286,1.348056,3.849934
MED00084,4,2026-09-21,Monsoon,2.020286,3.911192,49.95845
MED00085,4,2026-09-21,Monsoon,2.020286,0.794767,2.213924
MED00086,4,2026-09-21,Monsoon,2.020286,-0.789699,0.453982
MED00087,4,2026-09-21,Monsoon,2.020286,0.654092,1.923396
MED00088,4,2026-09-21,Monsoon,2.020286,3.234758,25.40022
MED00089,4,2026-09-21,Monsoon,2.020286,2.9232,18.600725
MED00090,4,2026-09-21,Monsoon,2.020286,1.365873,3.919144
MED00091,4,2026-09-21,Monsoon,2.020286,1.080285,2.945518
MED00092,4,2026-09-21,Monsoon,2.020286,0.438834,1.550898
MED00093,4,2026-09-21,Monsoon,2.020286,-1.285452,0.276526
MED00094,4,2026-09-21,Monsoon,2.020286,-0.602496,0.547444
MED00095,4,2026-09-21,Monsoon,2.020286,1.210737,3.355957
MED00096,4,2026-09-21,Monsoon,2.020286,2.769925,15.957439
MED00097,4,2026-09-21,Monsoon,2.020286,-0.777942,0.45935
MED00098,4,2026-09-21,Monsoon,2.020286,2.252553,9.511992
MED00099,4,2026-09-21,Monsoon,2.020286,-1.177746,0.307972
MED00100,4,2026-09-21,Monsoon,2.020286,-1.814581,0.162906
MED00101,4,2026-09-21,Monsoon,2.020286,1.698834,5.467566
MED00102,4,2026-09-21,Monsoon,2.020286,1.463492,4.321022
MED00103,4,2026-09-21,Monsoon,2.020286,1.235814,3.441177
MED00104,4,2026-09-21,Monsoon,2.020286,2.152614,8.607326
MED00105,4,2026-09-21,Monsoon,2.020286,2.484787,11.998567
MED00106,4,2026-09-21,Monsoon,2.020286,-1.75414,0.173056
MED00107,4,2026-09-21,Monsoon,2.020286,2.221169,9.218101
MED00108,4,2026-09-21,Monsoon,2.020286,1.18505,3.270851
MED00109,4,2026-09-21,Monsoon,2.020286,-0.588737,0.555028
MED00110,4,2026-09-21,Monsoon,2.020286,-0.594459,0.551861
MED00111,4,2026-09-21,Monsoon,2.020286,-0.255098,0.77484
MED00112,4,2026-09-21,Monsoon,2.020286,1.16781,3.214946
MED00113,4,2026-09-21,Monsoon,2.020286,0.69368,2.001066
MED00114,4,2026-09-21,Monsoon,2.020286,2.588728,13.312819
MED00115,4,2026-09-21,Monsoon,2.020286,0.823906,2.279385
MED00116,4,2026-09-21,Monsoon,2.020286,2.069762,7.922934
MED00117,4,2026-09-21,Monsoon,2.020286,0.675974,1.965947
MED00118,4,2026-09-21,Monsoon,2.020286,0.549307,1.732053
MED00119,4,2026-09-21,Monsoon,2.020286,0.77216,2.164437
MED00120,4,2026-09-21,Monsoon,2.020286,2.528593,12.535853
MED00121,4,2026-09-21,Monsoon,2.020286,1.403395,4.068992
MED00122,4,2026-09-21,Monsoon,2.020286,0.927484,2.52814
MED00123,4,2026-09-21,Monsoon,2.020286,-0.14187,0.867734
MED00124,4,2026-09-21,Monsoon,2.020286,2.199569,9.021125
MED00125,4,2026-09-21,Monsoon,2.020286,-1.452623,0.233956
MED00126,4,2026-09-21,Monsoon,2.020286,-0.318211,0.727449
MED00127,4,2026-09-21,Monsoon,2.020286,0.820204,2.270963
MED00128,4,2026-09-21,Monsoon,2.020286,0.825453,2.282915
MED00129,4,2026-09-21,Monsoon,2.020286,0.660038,1.934866
MED00130,4,2026-09-21,Monsoon,2.020286,-1.663457,0.189483
MED00131,4,2026-09-21,Monsoon,2.020286,0.805503,2.237822
MED00132,4,2026-09-21,Monsoon,2.020286,-1.034225,0.355502
MED00133,4,2026-09-21,Monsoon,2.020286,-0.727094,0.483311
MED00134,4,2026-09-21,Monsoon,2.020286,-0.447456,0.639252
MED00135,4,2026-09-21,Monsoon,2.020286,2.657967,14.267256
MED00136,4,2026-09-21,Monsoon,2.020286,0.91015,2.484696
MED00137,4,2026-09-21,Monsoon,2.020286,0.947535,2.579343
MED00138,4,2026-09-21,Monsoon,2.020286,0.810113,2.248161
MED00139,4,2026-09-21,Monsoon,2.020286,1.368139,3.928033
MED00140,4,2026-09-21,Monsoon,2.020286,0.647289,1.910355
MED00141,4,2026-09-21,Monsoon,2.020286,1.743395,5.716717
MED00142,4,2026-09-21,Monsoon,2.020286,-0.82546,0.438033
MED00143,4,2026-09-21,Monsoon,2.020286,0.683481,1.980761
MED00144,4,2026-09-21,Monsoon,2.020286,2.058524,7.8344
MED00145,4,2026-09-21,Monsoon,2.020286,-0.428679,0.651369
MED00146,4,2026-09-21,Monsoon,2.020286,0.547484,1.728897
MED00147,4,2026-09-21,Monsoon,2.020286,0.722143,2.058842
MED00148,4,2026-09-21,Monsoon,2.020286,1.975154,7.207728
MED00149,4,2026-09-21,Monsoon,2.020286,1.605143,4.978572
MED00150,4,2026-09-21,Monsoon,2.020286,0.850358,2.340484
MED00151,4,2026-09-21,Monsoon,2.020286,0.832455,2.298956
MED00152,4,2026-09-21,Monsoon,2.020286,0.905598,2.473411
MED00153,4,2026-09-21,Monsoon,2.020286,0.914083,2.494488
MED00154,4,2026-09-21,Monsoon,2.020286,2.669076,14.42664
MED00155,4,2026-09-21,Monsoon,2.020286,0.777539,2.176111
MED00156,4,2026-09-21,Monsoon,2.020286,1.097685,2.997218
MED00157,4,2026-09-21,Monsoon,2.020286,1.758436,5.803352
MED00158,4,2026-09-21,Monsoon,2.020286,-1.1833,0.306267
MED00159,4,2026-09-21,Monsoon,2.020286,2.466829,11.785021
MED00160,4,2026-09-21,Monsoon,2.020286,1.514392,4.546656
MED00161,4,2026-09-21,Monsoon,2.020286,2.042607,7.710682
MED00162,4,2026-09-21,Monsoon,2.020286,0.915021,2.496827
MED00163,4,2026-09-21,Monsoon,2.020286,-0.990806,0.371278
MED00164,4,2026-09-21,Monsoon,2.020286,0.838704,2.313367
MED00165,4,2026-09-21,Monsoon,2.020286,2.462973,11.739657
MED00166,4,2026-09-21,Monsoon,2.020286,0.913785,2.493743
MED00167,4,2026-09-21,Monsoon,2.020286,0.621209,1.861176
MED00168,4,2026-09-21,Monsoon,2.020286,0.846823,2.332226
MED00169,4,2026-09-21,Monsoon,2.020286,0.645938,1.907776
MED00170,4,2026-09-21,Monsoon,2.020286,0.687852,1.989438
MED00171,4,2026-09-21,Monsoon,2.020286,0.897332,2.453049
MED00172,4,2026-09-21,Monsoon,2.020286,1.012528,2.75255
MED00173,4,2026-09-21,Monsoon,2.020286,0.940878,2.562231
MED00174,4,2026-09-21,Monsoon,2.020286,1.91952,6.817685
MED00175,4,2026-09-21,Monsoon,2.020286,0.161646,1.175445
MED00176,4,2026-09-21,Monsoon,2.020286,2.585298,13.267246
MED00177,4,2026-09-21,Monsoon,2.020286,-1.260423,0.283534
MED00178,4,2026-09-21,Monsoon,2.020286,0.675491,1.964998
MED00179,4,2026-09-21,Monsoon,2.020286,-0.446864,0.639631
MED00180,4,2026-09-21,Monsoon,2.020286,0.850773,2.341456
MED00181,4,2026-09-21,Monsoon,2.020286,1.323923,3.758136
MED00182,4,2026-09-21,Monsoon,2.020286,-1.067361,0.343915
MED00183,4,2026-09-21,Monsoon,2.020286,3.130676,22.889442
MED00184,4,2026-09-21,Monsoon,2.020286,2.108628,8.236934
MED00185,4,2026-09-21,Monsoon,2.020286,1.077018,2.935911
MED00186,4,2026-09-21,Monsoon,2.020286,0.73643,2.088466
MED00187,4,2026-09-21,Monsoon,2.020286,1.091564,2.978928
MED00188,4,2026-09-21,Monsoon,2.020286,1.339897,3.81865
MED00189,4,2026-09-21,Monsoon,2.020286,-1.654327,0.191221
MED00190,4,2026-09-21,Monsoon,2.020286,0.865215,2.375518
MED00191,4,2026-09-21,Monsoon,2.020286,2.522586,12.460786
MED00192,4,2026-09-21,Monsoon,2.020286,-1.894649,0.150371
MED00193,4,2026-09-21,Monsoon,2.020286,-2.300836,0.100175
MED00194,4,2026-09-21,Monsoon,2.020286,2.1784,8.832164
MED00195,4,2026-09-21,Monsoon,2.020286,2.170538,8.762997
MED00196,4,2026-09-21,Monsoon,2.020286,2.190427,8.939032
MED00197,4,2026-09-21,Monsoon,2.020286,2.218284,9.19155
MED00198,4,2026-09-21,Monsoon,2.020286,0.589338,1.802795
MED00199,4,2026-09-21,Monsoon,2.020286,0.737455,2.090608
MED00200,4,2026-09-21,Monsoon,2.020286,0.736568,2.088754
MED00201,4,2026-09-21,Monsoon,2.020286,2.291894,9.893654
MED00202,4,2026-09-21,Monsoon,2.020286,0.723077,2.060765
MED00203,4,2026-09-21,Monsoon,2.020286,1.1007,3.006271
MED00204,4,2026-09-21,Monsoon,2.020286,0.91159,2.488276
MED00205,4,2026-09-21,Monsoon,2.020286,2.515314,12.370494
MED00206,4,2026-09-21,Monsoon,2.020286,0.287129,1.332596
MED00207,4,2026-09-21,Monsoon,2.020286,0.705299,2.024451
MED00208,4,2026-09-21,Monsoon,2.020286,2.483205,11.979599
MED00209,4,2026-09-21,Monsoon,2.020286,0.97616,2.654246
MED00210,4,2026-09-21,Monsoon,2.020286,0.253992,1.289161
MED00211,4,2026-09-21,Monsoon,2.020286,0.947889,2.580257
MED00212,4,2026-09-21,Monsoon,2.020286,0.813842,2.256561
MED00213,4,2026-09-21,Monsoon,2.020286,0.205124,1.227678
MED00214,4,2026-09-21,Monsoon,2.020286,2.40475,11.075665
MED00215,4,2026-09-21,Monsoon,2.020286,0.92782,2.528989
MED00216,4,2026-09-21,Monsoon,2.020286,-2.409031,0.089902
MED00217,4,2026-09-21,Monsoon,2.020286,-1.618912,0.198114
MED00218,4,2026-09-21,Monsoon,2.020286,1.745581,5.72923
MED00219,4,2026-09-21,Monsoon,2.020286,2.552606,12.840521
MED00220,4,2026-09-21,Monsoon,2.020286,0.868078,2.382328
MED00221,4,2026-09-21,Monsoon,2.020286,1.398079,4.047417
MED00222,4,2026-09-21,Monsoon,2.020286,-0.801887,0.448482
MED00223,4,2026-09-21,Monsoon,2.020286,2.258086,9.564769
MED00224,4,2026-09-21,Monsoon,2.020286,0.693838,2.001382
MED00225,4,2026-09-21,Monsoon,2.020286,1.552083,4.721293
MED00226,4,2026-09-21,Monsoon,2.020286,1.116263,3.053423
MED00227,4,2026-09-21,Monsoon,2.020286,2.709831,15.026739
MED00228,4,2026-09-21,Monsoon,2.020286,0.664852,1.944203
MED00229,4,2026-09-21,Monsoon,2.020286,-0.556122,0.573428
MED00230,4,2026-09-21,Monsoon,2.020286,2.546338,12.760284
MED00231,4,2026-09-21,Monsoon,2.020286,0.541795,1.71909
MED00232,4,2026-09-21,Monsoon,2.020286,1.33644,3.805473
MED00233,4,2026-09-21,Monsoon,2.020286,-0.767195,0.464314
MED00234,4,2026-09-21,Monsoon,2.020286,0.638062,1.892808
MED00235,4,2026-09-21,Monsoon,2.020286,4.293879,73.25006
MED00236,4,2026-09-21,Monsoon,2.020286,0.830834,2.295232
MED00237,4,2026-09-21,Monsoon,2.020286,1.780567,5.933219
MED00238,4,2026-09-21,Monsoon,2.020286,0.758985,2.136107
MED00239,4,2026-09-21,Monsoon,2.020286,1.370997,3.939276
MED00240,4,2026-09-21,Monsoon,2.020286,1.647123,5.192022
MED00241,4,2026-09-21,Monsoon,2.020286,1.088322,2.969288
MED00242,4,2026-09-21,Monsoon,2.020286,2.355013,10.53827
MED00243,4,2026-09-21,Monsoon,2.020286,-2.000923,0.13521
MED00244,4,2026-09-21,Monsoon,2.020286,0.868304,2.382865
MED00245,4,2026-09-21,Monsoon,2.020286,4.308832,74.35364
MED00246,4,2026-09-21,Monsoon,2.020286,1.884565,6.583491
MED00247,4,2026-09-21,Monsoon,2.020286,2.493638,12.105241
MED00248,4,2026-09-21,Monsoon,2.020286,0.787962,2.198911
MED00249,4,2026-09-21,Monsoon,2.020286,3.047938,21.071846
MED00250,4,2026-09-21,Monsoon,2.020286,2.812142,16.645529
MED00251,4,2026-09-21,Monsoon,2.020286,0.641926,1.900138
MED00252,4,2026-09-21,Monsoon,2.020286,-0.733225,0.480357
MED00253,4,2026-09-21,Monsoon,2.020286,1.489922,4.436752
MED00254,4,2026-09-21,Monsoon,2.020286,-0.853127,0.42608
MED00255,4,2026-09-21,Monsoon,2.020286,1.888217,6.607579
MED00256,4,2026-09-21,Monsoon,2.020286,0.846608,2.331724
MED00257,4,2026-09-21,Monsoon,2.020286,1.71485,5.555844
MED00258,4,2026-09-21,Monsoon,2.020286,0.851793,2.343845
MED00259,4,2026-09-21,Monsoon,2.020286,0.862364,2.368753
MED00260,4,2026-09-21,Monsoon,2.020286,-0.509354,0.600883
MED00261,4,2026-09-21,Monsoon,2.020286,-0.249925,0.77886
MED00262,4,2026-09-21,Monsoon,2.020286,1.361799,3.903208
MED00263,4,2026-09-21,Monsoon,2.020286,1.216193,3.374316
MED00264,4,2026-09-21,Monsoon,2.020286,-1.181721,0.30675
MED00265,4,2026-09-21,Monsoon,2.020286,2.059294,7.84043
MED00266,4,2026-09-21,Monsoon,2.020286,2.739706,15.48243
MED00267,4,2026-09-21,Monsoon,2.020286,1.716711,5.566191
MED00268,4,2026-09-21,Monsoon,2.020286,0.829182,2.291443
MED00269,4,2026-09-21,Monsoon,2.020286,0.874078,2.396664
MED00270,4,2026-09-21,Monsoon,2.020286,0.92766,2.528584
MED00271,4,2026-09-21,Monsoon,2.020286,0.969424,2.636426
MED00272,4,2026-09-21,Monsoon,2.020286,1.53981,4.663702
MED00273,4,2026-09-21,Monsoon,2.020286,1.346535,3.844082
MED00274,4,2026-09-21,Monsoon,2.020286,-0.780918,0.457985
MED00275,4,2026-09-21,Monsoon,2.020286,2.572967,13.104649
MED00276,4,2026-09-21,Monsoon,2.020286,0.710661,2.035337
MED00277,4,2026-09-21,Monsoon,2.020286,-1.673277,0.187631
MED00278,4,2026-09-21,Monsoon,2.020286,2.25233,9.509867
MED00279,4,2026-09-21,Monsoon,2.020286,3.044112,20.991377
MED00280,4,2026-09-21,Monsoon,2.020286,-1.652183,0.191631
MED00281,4,2026-09-21,Monsoon,2.020286,2.721435,15.202127
MED00282,4,2026-09-21,Monsoon,2.020286,1.330696,3.783678
MED00283,4,2026-09-21,Monsoon,2.020286,0.884821,2.422552
MED00284,4,2026-09-21,Monsoon,2.020286,0.539073,1.714416
MED00285,4,2026-09-21,Monsoon,2.020286,1.909918,6.752538
MED00286,4,2026-09-21,Monsoon,2.020286,1.714358,5.553108
MED00287,4,2026-09-21,Monsoon,2.020286,1.270541,3.562779
MED00288,4,2026-09-21,Monsoon,2.020286,3.654297,38.640335
MED00289,4,2026-09-21,Monsoon,2.020286,1.82503,6.202982
MED00290,4,2026-09-21,Monsoon,2.020286,0.633223,1.883672
MED00291,4,2026-09-21,Monsoon,2.020286,2.528662,12.53672
MED00292,4,2026-09-21,Monsoon,2.020286,0.572661,1.772978
MED00293,4,2026-09-21,Monsoon,2.020286,1.810374,6.112731
MED00294,4,2026-09-21,Monsoon,2.020286,0.189354,1.208469
MED00295,4,2026-09-21,Monsoon,2.020286,-1.039328,0.353692
MED00296,4,2026-09-21,Monsoon,2.020286,1.605921,4.982446
MED00297,4,2026-09-21,Monsoon,2.020286,2.020572,7.542636
MED00298,4,2026-09-21,Monsoon,2.020286,0.833809,2.30207
MED00299,4,2026-09-21,Monsoon,2.020286,-1.070937,0.342687
MED00300,4,2026-09-21,Monsoon,2.020286,0.759523,2.137256
MED00301,4,2026-09-21,Monsoon,2.020286,1.878628,6.544518
MED00302,4,2026-09-21,Monsoon,2.020286,2.318923,10.164723
MED00303,4,2026-09-21,Monsoon,2.020286,1.223716,3.399797
MED00304,4,2026-09-21,Monsoon,2.020286,1.681696,5.374662
MED00305,4,2026-09-21,Monsoon,2.020286,0.749394,2.115718
MED00306,4,2026-09-21,Monsoon,2.020286,-0.849909,0.427454
MED00307,4,2026-09-21,Monsoon,2.020286,3.459212,31.791931
MED00308,4,2026-09-21,Monsoon,2.020286,-0.252591,0.776786
MED00309,4,2026-09-21,Monsoon,2.020286,1.400832,4.058575
MED00310,4,2026-09-21,Monsoon,2.020286,1.38975,4.013846
MED00311,4,2026-09-21,Monsoon,2.020286,1.404678,4.074212
MED00312,4,2026-09-21,Monsoon,2.020286,-0.90588,0.404186
MED00313,4,2026-09-21,Monsoon,2.020286,-0.73989,0.477166
MED00314,4,2026-09-21,Monsoon,2.020286,2.224078,9.24495
MED00315,4,2026-09-21,Monsoon,2.020286,2.33586,10.338349
MED00316,4,2026-09-21,Monsoon,2.020286,1.166641,3.211187
MED00317,4,2026-09-21,Monsoon,2.020286,0.90735,2.477747
MED00318,4,2026-09-21,Monsoon,2.020286,1.161593,3.195019
MED00319,4,2026-09-21,Monsoon,2.020286,2.475833,11.891608
MED00320,4,2026-09-21,Monsoon,2.020286,1.980897,7.249244
MED00321,4,2026-09-21,Monsoon,2.020286,-0.455244,0.634293
MED00322,4,2026-09-21,Monsoon,2.020286,-1.68036,0.186307
MED00323,4,2026-09-21,Monsoon,2.020286,0.046955,1.048075
MED00324,4,2026-09-21,Monsoon,2.020286,0.382554,1.466025
MED00325,4,2026-09-21,Monsoon,2.020286,2.142184,8.518017
MED00326,4,2026-09-21,Monsoon,2.020286,2.317369,10.148937
MED00327,4,2026-09-21,Monsoon,2.020286,1.208204,3.347468
MED00328,4,2026-09-21,Monsoon,2.020286,1.573329,4.822676
MED00329,4,2026-09-21,Monsoon,2.020286,2.461285,11.719857
MED00330,4,2026-09-21,Monsoon,2.020286,1.639681,5.153526
MED00331,4,2026-09-21,Monsoon,2.020286,0.673503,1.961096
MED00332,4,2026-09-21,Monsoon,2.020286,1.167758,3.214778
MED00333,4,2026-09-21,Monsoon,2.020286,1.116015,3.052666
MED00334,4,2026-09-21,Monsoon,2.020286,2.327508,10.252356
MED00335,4,2026-09-21,Monsoon,2.020286,1.933712,6.91513
MED00336,4,2026-09-21,Monsoon,2.020286,2.626026,13.81875
MED00337,4,2026-09-21,Monsoon,2.020286,4.162906,64.257996
MED00338,4,2026-09-21,Monsoon,2.020286,2.242463,9.416494
MED00339,4,2026-09-21,Monsoon,2.020286,0.637629,1.89199
MED00340,4,2026-09-21,Monsoon,2.020286,0.584711,1.794473
MED00341,4,2026-09-21,Monsoon,2.020286,1.879918,6.55297
MED00342,4,2026-09-21,Monsoon,2.020286,0.830916,2.29542
MED00343,4,2026-09-21,Monsoon,2.020286,2.39845,11.0061
MED00344,4,2026-09-21,Monsoon,2.020286,1.616932,5.037612
MED00345,4,2026-09-21,Monsoon,2.020286,-1.646819,0.192662
MED00346,4,2026-09-21,Monsoon,2.020286,1.31005,3.706357
MED00347,4,2026-09-21,Monsoon,2.020286,-1.776223,0.169276
MED00348,4,2026-09-21,Monsoon,2.020286,0.658608,1.932101
MED00349,4,2026-09-21,Monsoon,2.020286,0.932582,2.541062
MED00350,4,2026-09-21,Monsoon,2.020286,0.077572,1.08066
MED00351,4,2026-09-21,Monsoon,2.020286,-0.439125,0.6446
MED00352,4,2026-09-21,Monsoon,2.020286,-1.552475,0.211723
MED00353,4,2026-09-21,Monsoon,2.020286,-0.231357,0.793456
MED00354,4,2026-09-21,Monsoon,2.020286,-0.183704,0.832182
MED00355,4,2026-09-21,Monsoon,2.020286,2.551122,12.821478
MED00356,4,2026-09-21,Monsoon,2.020286,0.743992,2.10432
MED00357,4,2026-09-21,Monsoon,2.020286,-1.443801,0.236029
MED00358,4,2026-09-21,Monsoon,2.020286,1.837793,6.282657
MED00359,4,2026-09-21,Monsoon,2.020286,0.916471,2.50045
MED00360,4,2026-09-21,Monsoon,2.020286,1.064118,2.89828
MED00361,4,2026-09-21,Monsoon,2.020286,0.858227,2.358976
MED00362,4,2026-09-21,Monsoon,2.020286,0.926397,2.525394
MED00363,4,2026-09-21,Monsoon,2.020286,0.59515,1.813303
MED00364,4,2026-09-21,Monsoon,2.020286,-1.812287,0.16328
MED00365,4,2026-09-21,Monsoon,2.020286,0.882673,2.417352
MED00366,4,2026-09-21,Monsoon,2.020286,2.356369,10.552566
MED00367,4,2026-09-21,Monsoon,2.020286,0.94506,2.572968
MED00368,4,2026-09-21,Monsoon,2.020286,1.150218,3.158882
MED00369,4,2026-09-21,Monsoon,2.020286,1.622799,5.067253
MED00370,4,2026-09-21,Monsoon,2.020286,-0.73388,0.480043
MED00371,4,2026-09-21,Monsoon,2.020286,3.02734,20.642244
MED00372,4,2026-09-21,Monsoon,2.020286,-1.580558,0.20586
MED00373,4,2026-09-21,Monsoon,2.020286,-0.479803,0.618905
MED00374,4,2026-09-21,Monsoon,2.020286,0.763529,2.145836
MED00375,4,2026-09-21,Monsoon,2.020286,2.801654,16.471863
MED00376,4,2026-09-21,Monsoon,2.020286,0.867938,2.381993
MED00377,4,2026-09-21,Monsoon,2.020286,-0.732681,0.480619
MED00378,4,2026-09-21,Monsoon,2.020286,0.939739,2.559314
MED00379,4,2026-09-21,Monsoon,2.020286,-0.517543,0.595983
MED00380,4,2026-09-21,Monsoon,2.020286,-0.38203,0.682475
MED00381,4,2026-09-21,Monsoon,2.020286,0.282848,1.326904
MED00382,4,2026-09-21,Monsoon,2.020286,0.968298,2.633459
MED00383,4,2026-09-21,Monsoon,2.020286,2.07105,7.93315
MED00384,4,2026-09-21,Monsoon,2.020286,0.79111,2.205844
MED00385,4,2026-09-21,Monsoon,2.020286,2.978362,19.655586
MED00386,4,2026-09-21,Monsoon,2.020286,2.72702,15.287256
MED00387,4,2026-09-21,Monsoon,2.020286,3.050117,21.11782
MED00388,4,2026-09-21,Monsoon,2.020286,4.395869,81.115074
MED00389,4,2026-09-21,Monsoon,2.020286,2.643308,14.059638
MED00390,4,2026-09-21,Monsoon,2.020286,3.264556,26.1685
MED00391,4,2026-09-21,Monsoon,2.020286,3.137528,23.046818
MED00392,4,2026-09-21,Monsoon,2.020286,3.079136,21.7396
MED00393,4,2026-09-21,Monsoon,2.020286,2.707564,14.992718
MED00394,4,2026-09-21,Monsoon,2.020286,2.708106,15.000837
MED00395,4,2026-09-21,Monsoon,2.020286,2.955416,19.209717
MED00396,4,2026-09-21,Monsoon,2.020286,4.02388,55.917618
MED00397,4,2026-09-21,Monsoon,2.020286,3.916664,50.23261
MED00398,4,2026-09-21,Monsoon,2.020286,4.665696,106.23946
MED00399,4,2026-09-21,Monsoon,2.020286,4.52238,92.05446
MED00400,4,2026-09-21,Monsoon,2.020286,4.302152,73.85858
MED00401,4,2026-09-21,Monsoon,2.020286,3.113514,22.49997
MED00402,4,2026-09-21,Monsoon,2.020286,3.328986,27.910019
MED00403,4,2026-09-21,Monsoon,2.020286,2.529146,12.542795
MED00404,4,2026-09-21,Monsoon,2.020286,1.818854,6.16479
MED00405,4,2026-09-21,Monsoon,2.020286,2.140923,8.507286
MED00406,4,2026-09-21,Monsoon,2.020286,3.139241,23.086338
MED00407,4,2026-09-21,Monsoon,2.020286,3.305796,27.270224
MED00408,4,2026-09-21,Monsoon,2.020286,2.475099,11.882884
MED00409,4,2026-09-21,Monsoon,2.020286,2.610705,13.608644
MED00410,4,2026-09-21,Monsoon,2.020286,2.65117,14.170606
MED00411,4,2026-09-21,Monsoon,2.020286,3.081642,21.794147
MED00412,4,2026-09-21,Monsoon,2.020286,2.625011,13.804726
MED00413,4,2026-09-21,Monsoon,2.020286,2.742064,15.518991
MED00414,4,2026-09-21,Monsoon,2.020286,3.08612,21.891975
MED00415,4,2026-09-21,Monsoon,2.020286,2.661148,14.312718
MED00416,4,2026-09-21,Monsoon,2.020286,3.074334,21.635456
MED00417,4,2026-09-21,Monsoon,2.020286,2.15276,8.608583
MED00418,4,2026-09-21,Monsoon,2.020286,2.136622,8.470771
MED00419,4,2026-09-21,Monsoon,2.020286,2.321327,10.189186
MED00420,4,2026-09-21,Monsoon,2.020286,3.410695,30.286282
MED00421,4,2026-09-21,Monsoon,2.020286,3.409406,30.247278
MED00422,4,2026-09-21,Monsoon,2.020286,3.10786,22.373121
MED00423,4,2026-09-21,Monsoon,2.020286,2.633698,13.92517
MED00424,4,2026-09-21,Monsoon,2.020286,4.168426,64.6137
MED00001,5,2026-09-28,Post-Monsoon,2.020286,2.614786,13.664284
MED00002,5,2026-09-28,Post-Monsoon,2.020286,-2.294931,0.100768
MED00003,5,2026-09-28,Post-Monsoon,2.020286,-1.207398,0.298974
MED00004,5,2026-09-28,Post-Monsoon,2.020286,-0.387046,0.67906
MED00005,5,2026-09-28,Post-Monsoon,2.020286,0.802668,2.231488
MED00006,5,2026-09-28,Post-Monsoon,2.020286,0.556882,1.745222
MED00007,5,2026-09-28,Post-Monsoon,2.020286,1.286186,3.618956
MED00008,5,2026-09-28,Post-Monsoon,2.020286,-0.421553,0.656027
MED00009,5,2026-09-28,Post-Monsoon,2.020286,1.217891,3.380052
MED00010,5,2026-09-28,Post-Monsoon,2.020286,1.419404,4.134656
MED00011,5,2026-09-28,Post-Monsoon,2.020286,3.328353,27.89237
MED00012,5,2026-09-28,Post-Monsoon,2.020286,0.795677,2.215942
MED00013,5,2026-09-28,Post-Monsoon,2.020286,1.389595,4.013226
MED00014,5,2026-09-28,Post-Monsoon,2.020286,2.791673,16.308279
MED00015,5,2026-09-28,Post-Monsoon,2.020286,-0.625501,0.534993
MED00016,5,2026-09-28,Post-Monsoon,2.020286,0.713523,2.041169
MED00017,5,2026-09-28,Post-Monsoon,2.020286,0.618705,1.856523
MED00018,5,2026-09-28,Post-Monsoon,2.020286,4.28952,72.93141
MED00019,5,2026-09-28,Post-Monsoon,2.020286,3.847726,46.886326
MED00020,5,2026-09-28,Post-Monsoon,2.020286,2.421481,11.262528
MED00021,5,2026-09-28,Post-Monsoon,2.020286,1.363416,3.909524
MED00022,5,2026-09-28,Post-Monsoon,2.020286,0.856954,2.355974
MED00023,5,2026-09-28,Post-Monsoon,2.020286,0.197638,1.218521
MED00024,5,2026-09-28,Post-Monsoon,2.020286,1.046322,2.847159
MED00025,5,2026-09-28,Post-Monsoon,2.020286,-2.320112,0.098263
MED00026,5,2026-09-28,Post-Monsoon,2.020286,-1.142852,0.318908
MED00027,5,2026-09-28,Post-Monsoon,2.020286,-1.667884,0.188646
MED00028,5,2026-09-28,Post-Monsoon,2.020286,-0.632137,0.531455
MED00029,5,2026-09-28,Post-Monsoon,2.020286,2.512258,12.332744
MED00030,5,2026-09-28,Post-Monsoon,2.020286,1.379416,3.972583
MED00031,5,2026-09-28,Post-Monsoon,2.020286,1.118764,3.061067
MED00032,5,2026-09-28,Post-Monsoon,2.020286,0.844286,2.326316
MED00033,5,2026-09-28,Post-Monsoon,2.020286,0.001303,1.001304
MED00034,5,2026-09-28,Post-Monsoon,2.020286,3.093467,22.0534
MED00035,5,2026-09-28,Post-Monsoon,2.020286,-0.857224,0.424338
MED00036,5,2026-09-28,Post-Monsoon,2.020286,0.517842,1.678402
MED00037,5,2026-09-28,Post-Monsoon,2.020286,1.36008,3.896506
MED00038,5,2026-09-28,Post-Monsoon,2.020286,2.58217,13.225807
MED00039,5,2026-09-28,Post-Monsoon,2.020286,0.122347,1.130146
MED00040,5,2026-09-28,Post-Monsoon,2.020286,-0.626473,0.534474
MED00041,5,2026-09-28,Post-Monsoon,2.020286,-0.572301,0.564226
MED00042,5,2026-09-28,Post-Monsoon,2.020286,1.398618,4.049602
MED00043,5,2026-09-28,Post-Monsoon,2.020286,-0.843028,0.430405
MED00044,5,2026-09-28,Post-Monsoon,2.020286,0.679507,1.972905
MED00045,5,2026-09-28,Post-Monsoon,2.020286,0.572846,1.773307
MED00046,5,2026-09-28,Post-Monsoon,2.020286,0.917623,2.503333
MED00047,5,2026-09-28,Post-Monsoon,2.020286,1.6948,5.445558
MED00048,5,2026-09-28,Post-Monsoon,2.020286,2.515314,12.370488
MED00049,5,2026-09-28,Post-Monsoon,2.020286,-1.770646,0.170223
MED00050,5,2026-09-28,Post-Monsoon,2.020286,1.091221,2.977909
MED00051,5,2026-09-28,Post-Monsoon,2.020286,-2.054784,0.12812
MED00052,5,2026-09-28,Post-Monsoon,2.020286,-0.786551,0.455413
MED00053,5,2026-09-28,Post-Monsoon,2.020286,1.792018,6.001553
MED00054,5,2026-09-28,Post-Monsoon,2.020286,1.90997,6.752889
MED00055,5,2026-09-28,Post-Monsoon,2.020286,-0.140894,0.868581
MED00056,5,2026-09-28,Post-Monsoon,2.020286,-0.525901,0.591023
MED00057,5,2026-09-28,Post-Monsoon,2.020286,-0.765999,0.464869
MED00058,5,2026-09-28,Post-Monsoon,2.020286,0.557244,1.745854
MED00059,5,2026-09-28,Post-Monsoon,2.020286,2.099969,8.165916
MED00060,5,2026-09-28,Post-Monsoon,2.020286,1.760493,5.815305
MED00061,5,2026-09-28,Post-Monsoon,2.020286,-0.509729,0.600658
MED00062,5,2026-09-28,Post-Monsoon,2.020286,2.585775,13.273574
MED00063,5,2026-09-28,Post-Monsoon,2.020286,-1.963857,0.140316
MED00064,5,2026-09-28,Post-Monsoon,2.020286,3.234362,25.390177
MED00065,5,2026-09-28,Post-Monsoon,2.020286,4.07928,59.102924
MED00066,5,2026-09-28,Post-Monsoon,2.020286,-0.756965,0.469088
MED00067,5,2026-09-28,Post-Monsoon,2.020286,0.707977,2.029882
MED00068,5,2026-09-28,Post-Monsoon,2.020286,1.164794,3.205264
MED00069,5,2026-09-28,Post-Monsoon,2.020286,0.615943,1.851401
MED00070,5,2026-09-28,Post-Monsoon,2.020286,2.4782,11.919786
MED00071,5,2026-09-28,Post-Monsoon,2.020286,0.746822,2.110283
MED00072,5,2026-09-28,Post-Monsoon,2.020286,0.777633,2.176315
MED00073,5,2026-09-28,Post-Monsoon,2.020286,1.14451,3.140901
MED00074,5,2026-09-28,Post-Monsoon,2.020286,1.03895,2.826246
MED00075,5,2026-09-28,Post-Monsoon,2.020286,1.165445,3.20735
MED00076,5,2026-09-28,Post-Monsoon,2.020286,-1.498587,0.223446
MED00077,5,2026-09-28,Post-Monsoon,2.020286,1.355891,3.880217
MED00078,5,2026-09-28,Post-Monsoon,2.020286,1.23536,3.439617
MED00079,5,2026-09-28,Post-Monsoon,2.020286,3.290962,26.868698
MED00080,5,2026-09-28,Post-Monsoon,2.020286,1.172532,3.23016
MED00081,5,2026-09-28,Post-Monsoon,2.020286,-1.152415,0.315873
MED00082,5,2026-09-28,Post-Monsoon,2.020286,1.060691,2.888365
MED00083,5,2026-09-28,Post-Monsoon,2.020286,1.124168,3.077654
MED00084,5,2026-09-28,Post-Monsoon,2.020286,3.891982,49.007915
MED00085,5,2026-09-28,Post-Monsoon,2.020286,0.728412,2.071787
MED00086,5,2026-09-28,Post-Monsoon,2.020286,-0.905661,0.404275
MED00087,5,2026-09-28,Post-Monsoon,2.020286,0.599561,1.821318
MED00088,5,2026-09-28,Post-Monsoon,2.020286,3.282946,26.654182
MED00089,5,2026-09-28,Post-Monsoon,2.020286,2.986053,19.807343
MED00090,5,2026-09-28,Post-Monsoon,2.020286,0.953906,2.59583
MED00091,5,2026-09-28,Post-Monsoon,2.020286,0.762281,2.143158
MED00092,5,2026-09-28,Post-Monsoon,2.020286,0.418162,1.519167
MED00093,5,2026-09-28,Post-Monsoon,2.020286,-1.306,0.270901
MED00094,5,2026-09-28,Post-Monsoon,2.020286,-0.585425,0.556869
MED00095,5,2026-09-28,Post-Monsoon,2.020286,1.086036,2.962508
MED00096,5,2026-09-28,Post-Monsoon,2.020286,2.650226,14.157229
MED00097,5,2026-09-28,Post-Monsoon,2.020286,-0.824258,0.43856
MED00098,5,2026-09-28,Post-Monsoon,2.020286,2.085169,8.045948
MED00099,5,2026-09-28,Post-Monsoon,2.020286,-1.531598,0.21619
MED00100,5,2026-09-28,Post-Monsoon,2.020286,-1.704996,0.181773
MED00101,5,2026-09-28,Post-Monsoon,2.020286,1.517471,4.560677
MED00102,5,2026-09-28,Post-Monsoon,2.020286,1.385049,3.995021
MED00103,5,2026-09-28,Post-Monsoon,2.020286,1.092586,2.981976
MED00104,5,2026-09-28,Post-Monsoon,2.020286,1.99117,7.324101
MED00105,5,2026-09-28,Post-Monsoon,2.020286,2.430682,11.366626
MED00106,5,2026-09-28,Post-Monsoon,2.020286,-1.83302,0.15993
MED00107,5,2026-09-28,Post-Monsoon,2.020286,2.056596,7.819312
MED00108,5,2026-09-28,Post-Monsoon,2.020286,1.056705,2.876877
MED00109,5,2026-09-28,Post-Monsoon,2.020286,-0.726895,0.483407
MED00110,5,2026-09-28,Post-Monsoon,2.020286,-0.89028,0.410541
MED00111,5,2026-09-28,Post-Monsoon,2.020286,-0.381137,0.683084
MED00112,5,2026-09-28,Post-Monsoon,2.020286,1.009818,2.745101
MED00113,5,2026-09-28,Post-Monsoon,2.020286,0.63525,1.887494
MED00114,5,2026-09-28,Post-Monsoon,2.020286,2.543767,12.727528
MED00115,5,2026-09-28,Post-Monsoon,2.020286,0.721531,2.05758
MED00116,5,2026-09-28,Post-Monsoon,2.020286,2.171586,8.772186
MED00117,5,2026-09-28,Post-Monsoon,2.020286,0.604631,1.830577
MED00118,5,2026-09-28,Post-Monsoon,2.020286,0.527493,1.694679
MED00119,5,2026-09-28,Post-Monsoon,2.020286,0.706858,2.027611
MED00120,5,2026-09-28,Post-Monsoon,2.020286,2.572865,13.103312
MED00121,5,2026-09-28,Post-Monsoon,2.020286,1.21517,3.370866
MED00122,5,2026-09-28,Post-Monsoon,2.020286,0.856032,2.353801
MED00123,5,2026-09-28,Post-Monsoon,2.020286,-0.050996,0.950282
MED00124,5,2026-09-28,Post-Monsoon,2.020286,2.031293,7.623937
MED00125,5,2026-09-28,Post-Monsoon,2.020286,-1.393432,0.248222
MED00126,5,2026-09-28,Post-Monsoon,2.020286,-0.420638,0.656628
MED00127,5,2026-09-28,Post-Monsoon,2.020286,0.800544,2.226751
MED00128,5,2026-09-28,Post-Monsoon,2.020286,0.722878,2.060355
MED00129,5,2026-09-28,Post-Monsoon,2.020286,0.556106,1.743868
MED00130,5,2026-09-28,Post-Monsoon,2.020286,-1.756281,0.172686
MED00131,5,2026-09-28,Post-Monsoon,2.020286,0.764538,2.148003
MED00132,5,2026-09-28,Post-Monsoon,2.020286,-0.564182,0.568825
MED00133,5,2026-09-28,Post-Monsoon,2.020286,-0.436545,0.646265
MED00134,5,2026-09-28,Post-Monsoon,2.020286,-0.832836,0.434814
MED00135,5,2026-09-28,Post-Monsoon,2.020286,2.759342,15.789446
MED00136,5,2026-09-28,Post-Monsoon,2.020286,0.599225,1.820707
MED00137,5,2026-09-28,Post-Monsoon,2.020286,0.890873,2.437256
MED00138,5,2026-09-28,Post-Monsoon,2.020286,0.723923,2.062509
MED00139,5,2026-09-28,Post-Monsoon,2.020286,1.255526,3.509686
MED00140,5,2026-09-28,Post-Monsoon,2.020286,0.610571,1.841482
MED00141,5,2026-09-28,Post-Monsoon,2.020286,1.468378,4.342187
MED00142,5,2026-09-28,Post-Monsoon,2.020286,-0.828731,0.436603
MED00143,5,2026-09-28,Post-Monsoon,2.020286,0.620981,1.860753
MED00144,5,2026-09-28,Post-Monsoon,2.020286,1.826147,6.209916
MED00145,5,2026-09-28,Post-Monsoon,2.020286,-0.41174,0.662497
MED00146,5,2026-09-28,Post-Monsoon,2.020286,0.462944,1.588745
MED00147,5,2026-09-28,Post-Monsoon,2.020286,0.701939,2.017662
MED00148,5,2026-09-28,Post-Monsoon,2.020286,1.794029,6.013634
MED00149,5,2026-09-28,Post-Monsoon,2.020286,1.424606,4.156222
MED00150,5,2026-09-28,Post-Monsoon,2.020286,0.467641,1.596224
MED00151,5,2026-09-28,Post-Monsoon,2.020286,0.736387,2.088376
MED00152,5,2026-09-28,Post-Monsoon,2.020286,0.792684,2.209318
MED00153,5,2026-09-28,Post-Monsoon,2.020286,0.812498,2.25353
MED00154,5,2026-09-28,Post-Monsoon,2.020286,2.681738,14.610463
MED00155,5,2026-09-28,Post-Monsoon,2.020286,0.686055,1.985865
MED00156,5,2026-09-28,Post-Monsoon,2.020286,0.926087,2.524612
MED00157,5,2026-09-28,Post-Monsoon,2.020286,1.520524,4.574622
MED00158,5,2026-09-28,Post-Monsoon,2.020286,-1.34594,0.260295
MED00159,5,2026-09-28,Post-Monsoon,2.020286,2.490008,12.061365
MED00160,5,2026-09-28,Post-Monsoon,2.020286,1.301559,3.675022
MED00161,5,2026-09-28,Post-Monsoon,2.020286,1.809904,6.109862
MED00162,5,2026-09-28,Post-Monsoon,2.020286,0.804201,2.23491
MED00163,5,2026-09-28,Post-Monsoon,2.020286,-1.052402,0.349098
MED00164,5,2026-09-28,Post-Monsoon,2.020286,0.739267,2.0944
MED00165,5,2026-09-28,Post-Monsoon,2.020286,2.419175,11.236587
MED00166,5,2026-09-28,Post-Monsoon,2.020286,0.799388,2.224179
MED00167,5,2026-09-28,Post-Monsoon,2.020286,0.586488,1.797665
MED00168,5,2026-09-28,Post-Monsoon,2.020286,0.754679,2.126929
MED00169,5,2026-09-28,Post-Monsoon,2.020286,0.601672,1.825167
MED00170,5,2026-09-28,Post-Monsoon,2.020286,0.642187,1.900633
MED00171,5,2026-09-28,Post-Monsoon,2.020286,0.7943,2.21289
MED00172,5,2026-09-28,Post-Monsoon,2.020286,0.563225,1.756328
MED00173,5,2026-09-28,Post-Monsoon,2.020286,0.854064,2.349175
MED00174,5,2026-09-28,Post-Monsoon,2.020286,1.772703,5.886746
MED00175,5,2026-09-28,Post-Monsoon,2.020286,0.097486,1.102396
MED00176,5,2026-09-28,Post-Monsoon,2.020286,2.751787,15.670613
MED00177,5,2026-09-28,Post-Monsoon,2.020286,-1.367225,0.254813
MED00178,5,2026-09-28,Post-Monsoon,2.020286,0.746234,2.109042
MED00179,5,2026-09-28,Post-Monsoon,2.020286,-0.695416,0.498867
MED00180,5,2026-09-28,Post-Monsoon,2.020286,0.749506,2.115955
MED00181,5,2026-09-28,Post-Monsoon,2.020286,1.134711,3.110276
MED00182,5,2026-09-28,Post-Monsoon,2.020286,-1.402178,0.24606
MED00183,5,2026-09-28,Post-Monsoon,2.020286,3.134562,22.978558
MED00184,5,2026-09-28,Post-Monsoon,2.020286,2.001543,7.400468
MED00185,5,2026-09-28,Post-Monsoon,2.020286,0.63453,1.886136
MED00186,5,2026-09-28,Post-Monsoon,2.020286,0.656941,1.928882
MED00187,5,2026-09-28,Post-Monsoon,2.020286,1.037644,2.82256
MED00188,5,2026-09-28,Post-Monsoon,2.020286,1.185428,3.272088
MED00189,5,2026-09-28,Post-Monsoon,2.020286,-1.643549,0.193293
MED00190,5,2026-09-28,Post-Monsoon,2.020286,0.790065,2.203539
MED00191,5,2026-09-28,Post-Monsoon,2.020286,2.474136,11.871448
MED00192,5,2026-09-28,Post-Monsoon,2.020286,-1.820745,0.161905
MED00193,5,2026-09-28,Post-Monsoon,2.020286,-2.404992,0.090266
MED00194,5,2026-09-28,Post-Monsoon,2.020286,1.980876,7.249092
MED00195,5,2026-09-28,Post-Monsoon,2.020286,1.914437,6.783119
MED00196,5,2026-09-28,Post-Monsoon,2.020286,2.004373,7.42144
MED00197,5,2026-09-28,Post-Monsoon,2.020286,1.973523,7.195986
MED00198,5,2026-09-28,Post-Monsoon,2.020286,0.539154,1.714555
MED00199,5,2026-09-28,Post-Monsoon,2.020286,0.43675,1.547668
MED00200,5,2026-09-28,Post-Monsoon,2.020286,0.677722,1.969385
MED00201,5,2026-09-28,Post-Monsoon,2.020286,2.136192,8.46713
MED00202,5,2026-09-28,Post-Monsoon,2.020286,0.663218,1.941029
MED00203,5,2026-09-28,Post-Monsoon,2.020286,0.759612,2.137448
MED00204,5,2026-09-28,Post-Monsoon,2.020286,0.793644,2.21144
MED00205,5,2026-09-28,Post-Monsoon,2.020286,2.456069,11.658893
MED00206,5,2026-09-28,Post-Monsoon,2.020286,0.002839,1.002843
MED00207,5,2026-09-28,Post-Monsoon,2.020286,0.636976,1.890755
MED00208,5,2026-09-28,Post-Monsoon,2.020286,2.438345,11.454065
MED00209,5,2026-09-28,Post-Monsoon,2.020286,1.00421,2.72975
MED00210,5,2026-09-28,Post-Monsoon,2.020286,0.213161,1.237584
MED00211,5,2026-09-28,Post-Monsoon,2.020286,0.843148,2.323672
MED00212,5,2026-09-28,Post-Monsoon,2.020286,0.789966,2.203321
MED00213,5,2026-09-28,Post-Monsoon,2.020286,0.110419,1.116745
MED00214,5,2026-09-28,Post-Monsoon,2.020286,2.334718,10.326545
MED00215,5,2026-09-28,Post-Monsoon,2.020286,0.832391,2.298808
MED00216,5,2026-09-28,Post-Monsoon,2.020286,-2.360606,0.094363
MED00217,5,2026-09-28,Post-Monsoon,2.020286,-1.501403,0.222817
MED00218,5,2026-09-28,Post-Monsoon,2.020286,1.496202,4.4647
MED00219,5,2026-09-28,Post-Monsoon,2.020286,2.60251,13.497578
MED00220,5,2026-09-28,Post-Monsoon,2.020286,0.755446,2.128562
MED00221,5,2026-09-28,Post-Monsoon,2.020286,1.14779,3.15122
MED00222,5,2026-09-28,Post-Monsoon,2.020286,-0.775116,0.460651
MED00223,5,2026-09-28,Post-Monsoon,2.020286,2.400158,11.024912
MED00224,5,2026-09-28,Post-Monsoon,2.020286,0.641951,1.900184
MED00225,5,2026-09-28,Post-Monsoon,2.020286,1.371119,3.939757
MED00226,5,2026-09-28,Post-Monsoon,2.020286,0.888484,2.43144
MED00227,5,2026-09-28,Post-Monsoon,2.020286,2.731713,15.359172
MED00228,5,2026-09-28,Post-Monsoon,2.020286,0.595375,1.813711
MED00229,5,2026-09-28,Post-Monsoon,2.020286,-0.67023,0.511591
MED00230,5,2026-09-28,Post-Monsoon,2.020286,2.540377,12.684451
MED00231,5,2026-09-28,Post-Monsoon,2.020286,0.500504,1.649553
MED00232,5,2026-09-28,Post-Monsoon,2.020286,1.139298,3.124573
MED00233,5,2026-09-28,Post-Monsoon,2.020286,-0.486387,0.614844
MED00234,5,2026-09-28,Post-Monsoon,2.020286,0.595175,1.813348
MED00235,5,2026-09-28,Post-Monsoon,2.020286,4.281938,72.380615
MED00236,5,2026-09-28,Post-Monsoon,2.020286,0.775951,2.172658
MED00237,5,2026-09-28,Post-Monsoon,2.020286,1.352802,3.868248
MED00238,5,2026-09-28,Post-Monsoon,2.020286,0.657662,1.930274
MED00239,5,2026-09-28,Post-Monsoon,2.020286,1.196287,3.307814
MED00240,5,2026-09-28,Post-Monsoon,2.020286,1.364195,3.912572
MED00241,5,2026-09-28,Post-Monsoon,2.020286,0.944009,2.570264
MED00242,5,2026-09-28,Post-Monsoon,2.020286,2.282726,9.803369
MED00243,5,2026-09-28,Post-Monsoon,2.020286,-2.056503,0.1279
MED00244,5,2026-09-28,Post-Monsoon,2.020286,0.775548,2.171781
MED00245,5,2026-09-28,Post-Monsoon,2.020286,4.30411,74.00333
MED00246,5,2026-09-28,Post-Monsoon,2.020286,1.636175,5.13549
MED00247,5,2026-09-28,Post-Monsoon,2.020286,2.44164,11.491865
MED00248,5,2026-09-28,Post-Monsoon,2.020286,0.758873,2.135867
MED00249,5,2026-09-28,Post-Monsoon,2.020286,3.017078,20.43151
MED00250,5,2026-09-28,Post-Monsoon,2.020286,2.395237,10.970795
MED00251,5,2026-09-28,Post-Monsoon,2.020286,0.586876,1.798362
MED00252,5,2026-09-28,Post-Monsoon,2.020286,-0.745698,0.474403
MED00253,5,2026-09-28,Post-Monsoon,2.020286,1.304801,3.686955
MED00254,5,2026-09-28,Post-Monsoon,2.020286,-0.871472,0.418335
MED00255,5,2026-09-28,Post-Monsoon,2.020286,1.572263,4.81754
MED00256,5,2026-09-28,Post-Monsoon,2.020286,0.771251,2.16247
MED00257,5,2026-09-28,Post-Monsoon,2.020286,1.420344,4.138544
MED00258,5,2026-09-28,Post-Monsoon,2.020286,0.788773,2.200695
MED00259,5,2026-09-28,Post-Monsoon,2.020286,0.772401,2.164959
MED00260,5,2026-09-28,Post-Monsoon,2.020286,-0.774657,0.460862
MED00261,5,2026-09-28,Post-Monsoon,2.020286,-0.35757,0.699374
MED00262,5,2026-09-28,Post-Monsoon,2.020286,1.118578,3.060498
MED00263,5,2026-09-28,Post-Monsoon,2.020286,1.060805,2.888695
MED00264,5,2026-09-28,Post-Monsoon,2.020286,-1.420655,0.241556
MED00265,5,2026-09-28,Post-Monsoon,2.020286,1.840541,6.299948
MED00266,5,2026-09-28,Post-Monsoon,2.020286,2.823374,16.83356
MED00267,5,2026-09-28,Post-Monsoon,2.020286,1.47739,4.381494
MED00268,5,2026-09-28,Post-Monsoon,2.020286,0.781167,2.184019
MED00269,5,2026-09-28,Post-Monsoon,2.020286,0.775417,2.171497
MED00270,5,2026-09-28,Post-Monsoon,2.020286,0.850239,2.340206
MED00271,5,2026-09-28,Post-Monsoon,2.020286,0.436452,1.547207
MED00272,5,2026-09-28,Post-Monsoon,2.020286,1.437536,4.210309
MED00273,5,2026-09-28,Post-Monsoon,2.020286,1.227358,3.412201
MED00274,5,2026-09-28,Post-Monsoon,2.020286,-0.434235,0.64776
MED00275,5,2026-09-28,Post-Monsoon,2.020286,2.471009,11.834385
MED00276,5,2026-09-28,Post-Monsoon,2.020286,0.635817,1.888564
MED00277,5,2026-09-28,Post-Monsoon,2.020286,-1.644704,0.19307
MED00278,5,2026-09-28,Post-Monsoon,2.020286,2.105633,8.2123
MED00279,5,2026-09-28,Post-Monsoon,2.020286,2.998312,20.051657
MED00280,5,2026-09-28,Post-Monsoon,2.020286,-1.555946,0.21099
MED00281,5,2026-09-28,Post-Monsoon,2.020286,2.678089,14.55725
MED00282,5,2026-09-28,Post-Monsoon,2.020286,1.267645,3.552476
MED00283,5,2026-09-28,Post-Monsoon,2.020286,0.798637,2.22251
MED00284,5,2026-09-28,Post-Monsoon,2.020286,0.320876,1.378335
MED00285,5,2026-09-28,Post-Monsoon,2.020286,1.62572,5.082074
MED00286,5,2026-09-28,Post-Monsoon,2.020286,1.442186,4.229931
MED00287,5,2026-09-28,Post-Monsoon,2.020286,1.113376,3.044619
MED00288,5,2026-09-28,Post-Monsoon,2.020286,3.660107,38.865505
MED00289,5,2026-09-28,Post-Monsoon,2.020286,1.431984,4.186998
MED00290,5,2026-09-28,Post-Monsoon,2.020286,0.589965,1.803925
MED00291,5,2026-09-28,Post-Monsoon,2.020286,2.576831,13.155377
MED00292,5,2026-09-28,Post-Monsoon,2.020286,0.505276,1.657442
MED00293,5,2026-09-28,Post-Monsoon,2.020286,1.480148,4.393595
MED00294,5,2026-09-28,Post-Monsoon,2.020286,0.318221,1.37468
MED00295,5,2026-09-28,Post-Monsoon,2.020286,-1.357353,0.257341
MED00296,5,2026-09-28,Post-Monsoon,2.020286,1.39597,4.038892
MED00297,5,2026-09-28,Post-Monsoon,2.020286,1.785934,5.965148
MED00298,5,2026-09-28,Post-Monsoon,2.020286,0.759888,2.138036
MED00299,5,2026-09-28,Post-Monsoon,2.020286,-1.032497,0.356117
MED00300,5,2026-09-28,Post-Monsoon,2.020286,0.691481,1.99667
MED00301,5,2026-09-28,Post-Monsoon,2.020286,1.576165,4.836374
MED00302,5,2026-09-28,Post-Monsoon,2.020286,2.242298,9.414939
MED00303,5,2026-09-28,Post-Monsoon,2.020286,1.080234,2.94537
MED00304,5,2026-09-28,Post-Monsoon,2.020286,1.371619,3.941727
MED00305,5,2026-09-28,Post-Monsoon,2.020286,0.661822,1.93832
MED00306,5,2026-09-28,Post-Monsoon,2.020286,-1.068653,0.343471
MED00307,5,2026-09-28,Post-Monsoon,2.020286,3.445946,31.372948
MED00308,5,2026-09-28,Post-Monsoon,2.020286,-0.302903,0.738671
MED00309,5,2026-09-28,Post-Monsoon,2.020286,1.050031,2.857739
MED00310,5,2026-09-28,Post-Monsoon,2.020286,1.290903,3.636068
MED00311,5,2026-09-28,Post-Monsoon,2.020286,1.10474,3.018441
MED00312,5,2026-09-28,Post-Monsoon,2.020286,-0.502466,0.605037
MED00313,5,2026-09-28,Post-Monsoon,2.020286,-0.868367,0.419636
MED00314,5,2026-09-28,Post-Monsoon,2.020286,2.485014,12.00129
MED00315,5,2026-09-28,Post-Monsoon,2.020286,2.23924,9.386192
MED00316,5,2026-09-28,Post-Monsoon,2.020286,1.038696,2.825531
MED00317,5,2026-09-28,Post-Monsoon,2.020286,0.815824,2.261037
MED00318,5,2026-09-28,Post-Monsoon,2.020286,0.939831,2.55955
MED00319,5,2026-09-28,Post-Monsoon,2.020286,2.405812,11.087424
MED00320,5,2026-09-28,Post-Monsoon,2.020286,1.919641,6.818511
MED00321,5,2026-09-28,Post-Monsoon,2.020286,-0.51802,0.595699
MED00322,5,2026-09-28,Post-Monsoon,2.020286,-1.764541,0.171265
MED00323,5,2026-09-28,Post-Monsoon,2.020286,0.096252,1.101036
MED00324,5,2026-09-28,Post-Monsoon,2.020286,0.359533,1.43266
MED00325,5,2026-09-28,Post-Monsoon,2.020286,1.916122,6.794557
MED00326,5,2026-09-28,Post-Monsoon,2.020286,2.196453,8.993059
MED00327,5,2026-09-28,Post-Monsoon,2.020286,1.070025,2.915453
MED00328,5,2026-09-28,Post-Monsoon,2.020286,1.382253,3.983866
MED00329,5,2026-09-28,Post-Monsoon,2.020286,2.389508,10.908129
MED00330,5,2026-09-28,Post-Monsoon,2.020286,1.436516,4.206018
MED00331,5,2026-09-28,Post-Monsoon,2.020286,0.639485,1.895505
MED00332,5,2026-09-28,Post-Monsoon,2.020286,1.056644,2.876701
MED00333,5,2026-09-28,Post-Monsoon,2.020286,0.920398,2.51029
MED00334,5,2026-09-28,Post-Monsoon,2.020286,2.314944,10.124361
MED00335,5,2026-09-28,Post-Monsoon,2.020286,1.753968,5.777482
MED00336,5,2026-09-28,Post-Monsoon,2.020286,2.550303,12.810987
MED00337,5,2026-09-28,Post-Monsoon,2.020286,4.165942,64.453384
MED00338,5,2026-09-28,Post-Monsoon,2.020286,2.442624,11.503179
MED00339,5,2026-09-28,Post-Monsoon,2.020286,0.637859,1.892426
MED00340,5,2026-09-28,Post-Monsoon,2.020286,0.548807,1.731187
MED00341,5,2026-09-28,Post-Monsoon,2.020286,1.61274,5.016536
MED00342,5,2026-09-28,Post-Monsoon,2.020286,0.75429,2.126101
MED00343,5,2026-09-28,Post-Monsoon,2.020286,2.321502,10.190969
MED00344,5,2026-09-28,Post-Monsoon,2.020286,1.351429,3.86294
MED00345,5,2026-09-28,Post-Monsoon,2.020286,-1.72847,0.177556
MED00346,5,2026-09-28,Post-Monsoon,2.020286,1.156937,3.180178
MED00347,5,2026-09-28,Post-Monsoon,2.020286,-1.664829,0.189223
MED00348,5,2026-09-28,Post-Monsoon,2.020286,0.607468,1.835778
MED00349,5,2026-09-28,Post-Monsoon,2.020286,0.829189,2.29146
MED00350,5,2026-09-28,Post-Monsoon,2.020286,0.048872,1.050086
MED00351,5,2026-09-28,Post-Monsoon,2.020286,-0.629195,0.533021
MED00352,5,2026-09-28,Post-Monsoon,2.020286,-1.803705,0.164688
MED00353,5,2026-09-28,Post-Monsoon,2.020286,-0.309527,0.733794
MED00354,5,2026-09-28,Post-Monsoon,2.020286,-0.20961,0.8109
MED00355,5,2026-09-28,Post-Monsoon,2.020286,2.225445,9.257602
MED00356,5,2026-09-28,Post-Monsoon,2.020286,0.689709,1.993135
MED00357,5,2026-09-28,Post-Monsoon,2.020286,-1.554729,0.211247
MED00358,5,2026-09-28,Post-Monsoon,2.020286,1.669718,5.310672
MED00359,5,2026-09-28,Post-Monsoon,2.020286,0.802003,2.230002
MED00360,5,2026-09-28,Post-Monsoon,2.020286,0.868047,2.382253
MED00361,5,2026-09-28,Post-Monsoon,2.020286,0.795142,2.214755
MED00362,5,2026-09-28,Post-Monsoon,2.020286,0.845866,2.329995
MED00363,5,2026-09-28,Post-Monsoon,2.020286,0.5417,1.718926
MED00364,5,2026-09-28,Post-Monsoon,2.020286,-1.722127,0.178686
MED00365,5,2026-09-28,Post-Monsoon,2.020286,0.775742,2.172204
MED00366,5,2026-09-28,Post-Monsoon,2.020286,2.270658,9.68577
MED00367,5,2026-09-28,Post-Monsoon,2.020286,0.825549,2.283134
MED00368,5,2026-09-28,Post-Monsoon,2.020286,1.016036,2.762225
MED00369,5,2026-09-28,Post-Monsoon,2.020286,1.264106,3.539928
MED00370,5,2026-09-28,Post-Monsoon,2.020286,-0.686259,0.503456
MED00371,5,2026-09-28,Post-Monsoon,2.020286,3.113668,22.503447
MED00372,5,2026-09-28,Post-Monsoon,2.020286,-1.56083,0.209962
MED00373,5,2026-09-28,Post-Monsoon,2.020286,-0.482661,0.617139
MED00374,5,2026-09-28,Post-Monsoon,2.020286,0.674446,1.962946
MED00375,5,2026-09-28,Post-Monsoon,2.020286,2.805437,16.534298
MED00376,5,2026-09-28,Post-Monsoon,2.020286,0.781637,2.185046
MED00377,5,2026-09-28,Post-Monsoon,2.020286,-0.778995,0.458867
MED00378,5,2026-09-28,Post-Monsoon,2.020286,0.82875,2.290455
MED00379,5,2026-09-28,Post-Monsoon,2.020286,-0.636935,0.528911
MED00380,5,2026-09-28,Post-Monsoon,2.020286,-0.562028,0.570052
MED00381,5,2026-09-28,Post-Monsoon,2.020286,0.292592,1.339896
MED00382,5,2026-09-28,Post-Monsoon,2.020286,0.858479,2.35957
MED00383,5,2026-09-28,Post-Monsoon,2.020286,1.878532,6.543888
MED00384,5,2026-09-28,Post-Monsoon,2.020286,0.716776,2.04782
MED00385,5,2026-09-28,Post-Monsoon,2.020286,2.8817,17.84458
MED00386,5,2026-09-28,Post-Monsoon,2.020286,2.647114,14.113256
MED00387,5,2026-09-28,Post-Monsoon,2.020286,2.923144,18.599674
MED00388,5,2026-09-28,Post-Monsoon,2.020286,4.68217,108.00423
MED00389,5,2026-09-28,Post-Monsoon,2.020286,2.187136,8.909661
MED00390,5,2026-09-28,Post-Monsoon,2.020286,2.96254,19.347054
MED00391,5,2026-09-28,Post-Monsoon,2.020286,2.891388,18.018305
MED00392,5,2026-09-28,Post-Monsoon,2.020286,2.892437,18.037209
MED00393,5,2026-09-28,Post-Monsoon,2.020286,2.576823,13.15528
MED00394,5,2026-09-28,Post-Monsoon,2.020286,2.641463,14.033717
MED00395,5,2026-09-28,Post-Monsoon,2.020286,2.858041,17.427355
MED00396,5,2026-09-28,Post-Monsoon,2.020286,4.006404,54.94894
MED00397,5,2026-09-28,Post-Monsoon,2.020286,3.895179,49.164867
MED00398,5,2026-09-28,Post-Monsoon,2.020286,4.65722,105.34276
MED00399,5,2026-09-28,Post-Monsoon,2.020286,4.521572,91.98004
MED00400,5,2026-09-28,Post-Monsoon,2.020286,4.28108,72.31852
MED00401,5,2026-09-28,Post-Monsoon,2.020286,2.581318,13.214539
MED00402,5,2026-09-28,Post-Monsoon,2.020286,2.897077,18.121101
MED00403,5,2026-09-28,Post-Monsoon,2.020286,2.518712,12.412597
MED00404,5,2026-09-28,Post-Monsoon,2.020286,1.549506,4.709141
MED00405,5,2026-09-28,Post-Monsoon,2.020286,1.951642,7.040235
MED00406,5,2026-09-28,Post-Monsoon,2.020286,3.012388,20.335909
MED00407,5,2026-09-28,Post-Monsoon,2.020286,2.87922,17.800379
MED00408,5,2026-09-28,Post-Monsoon,2.020286,1.913907,6.779522
MED00409,5,2026-09-28,Post-Monsoon,2.020286,2.2847,9.822742
MED00410,5,2026-09-28,Post-Monsoon,2.020286,2.214372,9.155659
MED00411,5,2026-09-28,Post-Monsoon,2.020286,2.884439,17.893526
MED00412,5,2026-09-28,Post-Monsoon,2.020286,2.533356,12.595706
MED00413,5,2026-09-28,Post-Monsoon,2.020286,2.511338,12.321399
MED00414,5,2026-09-28,Post-Monsoon,2.020286,2.895368,18.090155
MED00415,5,2026-09-28,Post-Monsoon,2.020286,2.584624,13.25831
MED00416,5,2026-09-28,Post-Monsoon,2.020286,2.82061,16.787096
MED00417,5,2026-09-28,Post-Monsoon,2.020286,1.97511,7.207412
MED00418,5,2026-09-28,Post-Monsoon,2.020286,1.968737,7.161625
MED00419,5,2026-09-28,Post-Monsoon,2.020286,2.139252,8.493084
MED00420,5,2026-09-28,Post-Monsoon,2.020286,3.015508,20.399445
MED00421,5,2026-09-28,Post-Monsoon,2.020286,3.015317,20.39556
MED00422,5,2026-09-28,Post-Monsoon,2.020286,2.830404,16.952316
MED00423,5,2026-09-28,Post-Monsoon,2.020286,2.546692,12.764807
MED00424,5,2026-09-28,Post-Monsoon,2.020286,4.116526,61.345764
MED00001,6,2026-10-05,Post-Monsoon,2.020286,2.646928,14.110625
MED00002,6,2026-10-05,Post-Monsoon,2.020286,-2.287789,0.101491
MED00003,6,2026-10-05,Post-Monsoon,2.020286,-1.207474,0.298951
MED00004,6,2026-10-05,Post-Monsoon,2.020286,-0.29649,0.743423
MED00005,6,2026-10-05,Post-Monsoon,2.020286,0.82711,2.286701
MED00006,6,2026-10-05,Post-Monsoon,2.020286,0.499205,1.647412
MED00007,6,2026-10-05,Post-Monsoon,2.020286,1.291314,3.637562
MED00008,6,2026-10-05,Post-Monsoon,2.020286,-0.421815,0.655855
MED00009,6,2026-10-05,Post-Monsoon,2.020286,1.229785,3.420493
MED00010,6,2026-10-05,Post-Monsoon,2.020286,1.508957,4.522011
MED00011,6,2026-10-05,Post-Monsoon,2.020286,3.062516,21.381285
MED00012,6,2026-10-05,Post-Monsoon,2.020286,0.739482,2.094849
MED00013,6,2026-10-05,Post-Monsoon,2.020286,1.382619,3.985325
MED00014,6,2026-10-05,Post-Monsoon,2.020286,2.789402,16.27129
MED00015,6,2026-10-05,Post-Monsoon,2.020286,-0.621081,0.537363
MED00016,6,2026-10-05,Post-Monsoon,2.020286,0.709787,2.033559
MED00017,6,2026-10-05,Post-Monsoon,2.020286,0.620177,1.859258
MED00018,6,2026-10-05,Post-Monsoon,2.020286,4.281916,72.379
MED00019,6,2026-10-05,Post-Monsoon,2.020286,3.855357,47.245476
MED00020,6,2026-10-05,Post-Monsoon,2.020286,2.419272,11.237672
MED00021,6,2026-10-05,Post-Monsoon,2.020286,1.328982,3.777195
MED00022,6,2026-10-05,Post-Monsoon,2.020286,0.856976,2.356025
MED00023,6,2026-10-05,Post-Monsoon,2.020286,0.159518,1.172945
MED00024,6,2026-10-05,Post-Monsoon,2.020286,1.038322,2.824474
MED00025,6,2026-10-05,Post-Monsoon,2.020286,-2.441325,0.087045
MED00026,6,2026-10-05,Post-Monsoon,2.020286,-1.043772,0.352124
MED00027,6,2026-10-05,Post-Monsoon,2.020286,-1.614652,0.19896
MED00028,6,2026-10-05,Post-Monsoon,2.020286,-0.627717,0.533809
MED00029,6,2026-10-05,Post-Monsoon,2.020286,2.479587,11.936335
MED00030,6,2026-10-05,Post-Monsoon,2.020286,1.392308,4.024129
MED00031,6,2026-10-05,Post-Monsoon,2.020286,1.134399,3.109305
MED00032,6,2026-10-05,Post-Monsoon,2.020286,0.83932,2.314792
MED00033,6,2026-10-05,Post-Monsoon,2.020286,0.001329,1.00133
MED00034,6,2026-10-05,Post-Monsoon,2.020286,3.015106,20.391262
MED00035,6,2026-10-05,Post-Monsoon,2.020286,-0.859341,0.423441
MED00036,6,2026-10-05,Post-Monsoon,2.020286,0.551302,1.735511
MED00037,6,2026-10-05,Post-Monsoon,2.020286,1.37939,3.972477
MED00038,6,2026-10-05,Post-Monsoon,2.020286,2.58954,13.323638
MED00039,6,2026-10-05,Post-Monsoon,2.020286,0.072096,1.074758
MED00040,6,2026-10-05,Post-Monsoon,2.020286,-0.603422,0.546937
MED00041,6,2026-10-05,Post-Monsoon,2.020286,-0.535979,0.585096
MED00042,6,2026-10-05,Post-Monsoon,2.020286,1.236566,3.443769
MED00043,6,2026-10-05,Post-Monsoon,2.020286,-0.838363,0.432418
MED00044,6,2026-10-05,Post-Monsoon,2.020286,0.683631,1.981058
MED00045,6,2026-10-05,Post-Monsoon,2.020286,0.519682,1.681493
MED00046,6,2026-10-05,Post-Monsoon,2.020286,0.884254,2.421178
MED00047,6,2026-10-05,Post-Monsoon,2.020286,1.681866,5.375576
MED00048,6,2026-10-05,Post-Monsoon,2.020286,2.506439,12.261192
MED00049,6,2026-10-05,Post-Monsoon,2.020286,-1.766351,0.170956
MED00050,6,2026-10-05,Post-Monsoon,2.020286,0.990711,2.69315
MED00051,6,2026-10-05,Post-Monsoon,2.020286,-2.290566,0.101209
MED00052,6,2026-10-05,Post-Monsoon,2.020286,-0.782131,0.45743
MED00053,6,2026-10-05,Post-Monsoon,2.020286,1.799061,6.043968
MED00054,6,2026-10-05,Post-Monsoon,2.020286,1.880938,6.559658
MED00055,6,2026-10-05,Post-Monsoon,2.020286,-0.129383,0.878638
MED00056,6,2026-10-05,Post-Monsoon,2.020286,-0.515549,0.597172
MED00057,6,2026-10-05,Post-Monsoon,2.020286,-0.770891,0.462601
MED00058,6,2026-10-05,Post-Monsoon,2.020286,0.499568,1.648009
MED00059,6,2026-10-05,Post-Monsoon,2.020286,2.075996,7.972481
MED00060,6,2026-10-05,Post-Monsoon,2.020286,1.74444,5.722696
MED00061,6,2026-10-05,Post-Monsoon,2.020286,-0.505309,0.603319
MED00062,6,2026-10-05,Post-Monsoon,2.020286,2.549547,12.8013
MED00063,6,2026-10-05,Post-Monsoon,2.020286,-2.278079,0.102481
MED00064,6,2026-10-05,Post-Monsoon,2.020286,3.10218,22.246386
MED00065,6,2026-10-05,Post-Monsoon,2.020286,4.097151,60.16861
MED00066,6,2026-10-05,Post-Monsoon,2.020286,-0.752545,0.471166
MED00067,6,2026-10-05,Post-Monsoon,2.020286,0.69913,2.012002
MED00068,6,2026-10-05,Post-Monsoon,2.020286,1.173988,3.234868
MED00069,6,2026-10-05,Post-Monsoon,2.020286,0.576037,1.778974
MED00070,6,2026-10-05,Post-Monsoon,2.020286,2.462469,11.73375
MED00071,6,2026-10-05,Post-Monsoon,2.020286,0.750653,2.118382
MED00072,6,2026-10-05,Post-Monsoon,2.020286,0.773107,2.166487
MED00073,6,2026-10-05,Post-Monsoon,2.020286,1.146833,3.148206
MED00074,6,2026-10-05,Post-Monsoon,2.020286,1.088567,2.970014
MED00075,6,2026-10-05,Post-Monsoon,2.020286,1.171258,3.226048
MED00076,6,2026-10-05,Post-Monsoon,2.020286,-1.491445,0.225047
MED00077,6,2026-10-05,Post-Monsoon,2.020286,1.353029,3.869128
MED00078,6,2026-10-05,Post-Monsoon,2.020286,1.177803,3.247232
MED00079,6,2026-10-05,Post-Monsoon,2.020286,3.128028,22.828926
MED00080,6,2026-10-05,Post-Monsoon,2.020286,1.176283,3.242299
MED00081,6,2026-10-05,Post-Monsoon,2.020286,-1.155378,0.314938
MED00082,6,2026-10-05,Post-Monsoon,2.020286,1.030453,2.802336
MED00083,6,2026-10-05,Post-Monsoon,2.020286,1.123384,3.075243
MED00084,6,2026-10-05,Post-Monsoon,2.020286,3.789479,44.233337
MED00085,6,2026-10-05,Post-Monsoon,2.020286,0.724676,2.064062
MED00086,6,2026-10-05,Post-Monsoon,2.020286,-0.993844,0.370151
MED00087,6,2026-10-05,Post-Monsoon,2.020286,0.544375,1.723531
MED00088,6,2026-10-05,Post-Monsoon,2.020286,3.296371,27.014418
MED00089,6,2026-10-05,Post-Monsoon,2.020286,2.796256,16.383198
MED00090,6,2026-10-05,Post-Monsoon,2.020286,0.956039,2.601372
MED00091,6,2026-10-05,Post-Monsoon,2.020286,0.758913,2.135953
MED00092,6,2026-10-05,Post-Monsoon,2.020286,0.411479,1.509048
MED00093,6,2026-10-05,Post-Monsoon,2.020286,-1.284683,0.276738
MED00094,6,2026-10-05,Post-Monsoon,2.020286,-0.54984,0.577042
MED00095,6,2026-10-05,Post-Monsoon,2.020286,1.076252,2.933664
MED00096,6,2026-10-05,Post-Monsoon,2.020286,2.647195,14.114397
MED00097,6,2026-10-05,Post-Monsoon,2.020286,-0.887696,0.411603
MED00098,6,2026-10-05,Post-Monsoon,2.020286,2.067566,7.905555
MED00099,6,2026-10-05,Post-Monsoon,2.020286,-1.466058,0.230834
MED00100,6,2026-10-05,Post-Monsoon,2.020286,-1.911938,0.147794
MED00101,6,2026-10-05,Post-Monsoon,2.020286,1.461277,4.311462
MED00102,6,2026-10-05,Post-Monsoon,2.020286,1.407102,4.084104
MED00103,6,2026-10-05,Post-Monsoon,2.020286,1.032653,2.808507
MED00104,6,2026-10-05,Post-Monsoon,2.020286,1.979612,7.239935
MED00105,6,2026-10-05,Post-Monsoon,2.020286,2.419958,11.245394
MED00106,6,2026-10-05,Post-Monsoon,2.020286,-2.132947,0.118488
MED00107,6,2026-10-05,Post-Monsoon,2.020286,2.04371,7.719194
MED00108,6,2026-10-05,Post-Monsoon,2.020286,1.050714,2.859693
MED00109,6,2026-10-05,Post-Monsoon,2.020286,-0.737795,0.478167
MED00110,6,2026-10-05,Post-Monsoon,2.020286,-0.899089,0.40694
MED00111,6,2026-10-05,Post-Monsoon,2.020286,-0.392528,0.675348
MED00112,6,2026-10-05,Post-Monsoon,2.020286,1.004507,2.730562
MED00113,6,2026-10-05,Post-Monsoon,2.020286,0.631515,1.880457
MED00114,6,2026-10-05,Post-Monsoon,2.020286,2.641366,14.032359
MED00115,6,2026-10-05,Post-Monsoon,2.020286,0.698209,2.01015
MED00116,6,2026-10-05,Post-Monsoon,2.020286,2.004607,7.423176
MED00117,6,2026-10-05,Post-Monsoon,2.020286,0.620899,1.8606
MED00118,6,2026-10-05,Post-Monsoon,2.020286,0.522114,1.685588
MED00119,6,2026-10-05,Post-Monsoon,2.020286,0.695818,2.005349
MED00120,6,2026-10-05,Post-Monsoon,2.020286,2.448363,11.569393
MED00121,6,2026-10-05,Post-Monsoon,2.020286,1.211141,3.357314
MED00122,6,2026-10-05,Post-Monsoon,2.020286,0.852003,2.344338
MED00123,6,2026-10-05,Post-Monsoon,2.020286,-0.072138,0.930402
MED00124,6,2026-10-05,Post-Monsoon,2.020286,2.019735,7.536328
MED00125,6,2026-10-05,Post-Monsoon,2.020286,-1.386045,0.250062
MED00126,6,2026-10-05,Post-Monsoon,2.020286,-0.336998,0.713911
MED00127,6,2026-10-05,Post-Monsoon,2.020286,0.783621,2.189386
MED00128,6,2026-10-05,Post-Monsoon,2.020286,0.715486,2.045181
MED00129,6,2026-10-05,Post-Monsoon,2.020286,0.560338,1.751265
MED00130,6,2026-10-05,Post-Monsoon,2.020286,-1.751986,0.173429
MED00131,6,2026-10-05,Post-Monsoon,2.020286,0.773964,2.168344
MED00132,6,2026-10-05,Post-Monsoon,2.020286,-0.57036,0.565322
MED00133,6,2026-10-05,Post-Monsoon,2.020286,-0.436622,0.646215
MED00134,6,2026-10-05,Post-Monsoon,2.020286,-0.749754,0.472483
MED00135,6,2026-10-05,Post-Monsoon,2.020286,2.621182,13.751968
MED00136,6,2026-10-05,Post-Monsoon,2.020286,0.567991,1.764718
MED00137,6,2026-10-05,Post-Monsoon,2.020286,0.881975,2.415666
MED00138,6,2026-10-05,Post-Monsoon,2.020286,0.719895,2.054217
MED00139,6,2026-10-05,Post-Monsoon,2.020286,1.17143,3.226603
MED00140,6,2026-10-05,Post-Monsoon,2.020286,0.606836,1.834616
MED00141,6,2026-10-05,Post-Monsoon,2.020286,1.523646,4.588928
MED00142,6,2026-10-05,Post-Monsoon,2.020286,-0.872964,0.417711
MED00143,6,2026-10-05,Post-Monsoon,2.020286,0.624184,1.866722
MED00144,6,2026-10-05,Post-Monsoon,2.020286,1.782341,5.943755
MED00145,6,2026-10-05,Post-Monsoon,2.020286,-0.40732,0.665431
MED00146,6,2026-10-05,Post-Monsoon,2.020286,0.506115,1.658834
MED00147,6,2026-10-05,Post-Monsoon,2.020286,0.635229,1.887454
MED00148,6,2026-10-05,Post-Monsoon,2.020286,1.7863,5.967332
MED00149,6,2026-10-05,Post-Monsoon,2.020286,1.374712,3.95394
MED00150,6,2026-10-05,Post-Monsoon,2.020286,0.43887,1.550954
MED00151,6,2026-10-05,Post-Monsoon,2.020286,0.731641,2.078488
MED00152,6,2026-10-05,Post-Monsoon,2.020286,0.788655,2.200436
MED00153,6,2026-10-05,Post-Monsoon,2.020286,0.778598,2.178416
MED00154,6,2026-10-05,Post-Monsoon,2.020286,2.679658,14.580098
MED00155,6,2026-10-05,Post-Monsoon,2.020286,0.682026,1.977882
MED00156,6,2026-10-05,Post-Monsoon,2.020286,0.922893,2.51656
MED00157,6,2026-10-05,Post-Monsoon,2.020286,1.50855,4.520172
MED00158,6,2026-10-05,Post-Monsoon,2.020286,-1.286776,0.27616
MED00159,6,2026-10-05,Post-Monsoon,2.020286,2.469608,11.817817
MED00160,6,2026-10-05,Post-Monsoon,2.020286,1.294842,3.650418
MED00161,6,2026-10-05,Post-Monsoon,2.020286,1.773369,5.890664
MED00162,6,2026-10-05,Post-Monsoon,2.020286,0.755956,2.129646
MED00163,6,2026-10-05,Post-Monsoon,2.020286,-1.043366,0.352267
MED00164,6,2026-10-05,Post-Monsoon,2.020286,0.691642,1.996993
MED00165,6,2026-10-05,Post-Monsoon,2.020286,2.37518,10.752949
MED00166,6,2026-10-05,Post-Monsoon,2.020286,0.74391,2.104146
MED00167,6,2026-10-05,Post-Monsoon,2.020286,0.582753,1.790962
MED00168,6,2026-10-05,Post-Monsoon,2.020286,0.687286,1.988312
MED00169,6,2026-10-05,Post-Monsoon,2.020286,0.61806,1.855325
MED00170,6,2026-10-05,Post-Monsoon,2.020286,0.638452,1.893547
MED00171,6,2026-10-05,Post-Monsoon,2.020286,0.787651,2.198227
MED00172,6,2026-10-05,Post-Monsoon,2.020286,0.559327,1.749495
MED00173,6,2026-10-05,Post-Monsoon,2.020286,0.771113,2.162171
MED00174,6,2026-10-05,Post-Monsoon,2.020286,1.759471,5.809362
MED00175,6,2026-10-05,Post-Monsoon,2.020286,0.152035,1.164201
MED00176,6,2026-10-05,Post-Monsoon,2.020286,2.759531,15.792435
MED00177,6,2026-10-05,Post-Monsoon,2.020286,-1.437047,0.237628
MED00178,6,2026-10-05,Post-Monsoon,2.020286,0.775996,2.172756
MED00179,6,2026-10-05,Post-Monsoon,2.020286,-0.651091,0.521477
MED00180,6,2026-10-05,Post-Monsoon,2.020286,0.705081,2.02401
MED00181,6,2026-10-05,Post-Monsoon,2.020286,1.102143,3.01061
MED00182,6,2026-10-05,Post-Monsoon,2.020286,-1.330766,0.264275
MED00183,6,2026-10-05,Post-Monsoon,2.020286,2.823196,16.830563
MED00184,6,2026-10-05,Post-Monsoon,2.020286,2.058356,7.833082
MED00185,6,2026-10-05,Post-Monsoon,2.020286,0.604168,1.829729
MED00186,6,2026-10-05,Post-Monsoon,2.020286,0.641604,1.899525
MED00187,6,2026-10-05,Post-Monsoon,2.020286,1.00705,2.737513
MED00188,6,2026-10-05,Post-Monsoon,2.020286,1.183154,3.264655
MED00189,6,2026-10-05,Post-Monsoon,2.020286,-1.642058,0.193581
MED00190,6,2026-10-05,Post-Monsoon,2.020286,0.751597,2.120384
MED00191,6,2026-10-05,Post-Monsoon,2.020286,2.473516,11.86409
MED00192,6,2026-10-05,Post-Monsoon,2.020286,-1.821261,0.161822
MED00193,6,2026-10-05,Post-Monsoon,2.020286,-2.407169,0.09007
MED00194,6,2026-10-05,Post-Monsoon,2.020286,1.995112,7.353024
MED00195,6,2026-10-05,Post-Monsoon,2.020286,1.895266,6.654314
MED00196,6,2026-10-05,Post-Monsoon,2.020286,2.010741,7.468848
MED00197,6,2026-10-05,Post-Monsoon,2.020286,1.990678,7.320498
MED00198,6,2026-10-05,Post-Monsoon,2.020286,0.535418,1.708162
MED00199,6,2026-10-05,Post-Monsoon,2.020286,0.457796,1.580587
MED00200,6,2026-10-05,Post-Monsoon,2.020286,0.606234,1.833513
MED00201,6,2026-10-05,Post-Monsoon,2.020286,2.13269,8.437537
MED00202,6,2026-10-05,Post-Monsoon,2.020286,0.619796,1.85855
MED00203,6,2026-10-05,Post-Monsoon,2.020286,0.762046,2.142655
MED00204,6,2026-10-05,Post-Monsoon,2.020286,0.740701,2.097406
MED00205,6,2026-10-05,Post-Monsoon,2.020286,2.445198,11.532839
MED00206,6,2026-10-05,Post-Monsoon,2.020286,0.025179,1.025498
MED00207,6,2026-10-05,Post-Monsoon,2.020286,0.632477,1.882268
MED00208,6,2026-10-05,Post-Monsoon,2.020286,2.427622,11.331901
MED00209,6,2026-10-05,Post-Monsoon,2.020286,1.017593,2.766527
MED00210,6,2026-10-05,Post-Monsoon,2.020286,0.231746,1.2608
MED00211,6,2026-10-05,Post-Monsoon,2.020286,0.759099,2.136351
MED00212,6,2026-10-05,Post-Monsoon,2.020286,0.796115,2.216911
MED00213,6,2026-10-05,Post-Monsoon,2.020286,0.177035,1.193673
MED00214,6,2026-10-05,Post-Monsoon,2.020286,2.32316,10.20788
MED00215,6,2026-10-05,Post-Monsoon,2.020286,0.806437,2.239912
MED00216,6,2026-10-05,Post-Monsoon,2.020286,-2.586776,0.075262
MED00217,6,2026-10-05,Post-Monsoon,2.020286,-1.494261,0.224414
MED00218,6,2026-10-05,Post-Monsoon,2.020286,1.485568,4.417472
MED00219,6,2026-10-05,Post-Monsoon,2.020286,2.607758,13.5686
MED00220,6,2026-10-05,Post-Monsoon,2.020286,0.694017,2.00174
MED00221,6,2026-10-05,Post-Monsoon,2.020286,1.149128,3.15544
MED00222,6,2026-10-05,Post-Monsoon,2.020286,-0.812512,0.443742
MED00223,6,2026-10-05,Post-Monsoon,2.020286,2.331812,10.296581
MED00224,6,2026-10-05,Post-Monsoon,2.020286,0.586251,1.797238
MED00225,6,2026-10-05,Post-Monsoon,2.020286,1.367091,3.923918
MED00226,6,2026-10-05,Post-Monsoon,2.020286,0.840658,2.317891
MED00227,6,2026-10-05,Post-Monsoon,2.020286,2.729632,15.327251
MED00228,6,2026-10-05,Post-Monsoon,2.020286,0.615866,1.85126
MED00229,6,2026-10-05,Post-Monsoon,2.020286,-0.635775,0.529525
MED00230,6,2026-10-05,Post-Monsoon,2.020286,2.565366,13.005415
MED00231,6,2026-10-05,Post-Monsoon,2.020286,0.496769,1.643403
MED00232,6,2026-10-05,Post-Monsoon,2.020286,1.062305,2.893032
MED00233,6,2026-10-05,Post-Monsoon,2.020286,-0.46427,0.628594
MED00234,6,2026-10-05,Post-Monsoon,2.020286,0.591439,1.806587
MED00235,6,2026-10-05,Post-Monsoon,2.020286,4.289248,72.91158
MED00236,6,2026-10-05,Post-Monsoon,2.020286,0.8004,2.226432
MED00237,6,2026-10-05,Post-Monsoon,2.020286,1.367477,3.925434
MED00238,6,2026-10-05,Post-Monsoon,2.020286,0.653648,1.922541
MED00239,6,2026-10-05,Post-Monsoon,2.020286,1.190787,3.289668
MED00240,6,2026-10-05,Post-Monsoon,2.020286,1.369262,3.932447
MED00241,6,2026-10-05,Post-Monsoon,2.020286,0.892014,2.440038
MED00242,6,2026-10-05,Post-Monsoon,2.020286,2.33357,10.314699
MED00243,6,2026-10-05,Post-Monsoon,2.020286,-2.04983,0.128757
MED00244,6,2026-10-05,Post-Monsoon,2.020286,0.718992,2.052363
MED00245,6,2026-10-05,Post-Monsoon,2.020286,4.332974,76.17044
MED00246,6,2026-10-05,Post-Monsoon,2.020286,1.623241,5.069492
MED00247,6,2026-10-05,Post-Monsoon,2.020286,2.430082,11.359809
MED00248,6,2026-10-05,Post-Monsoon,2.020286,0.783094,2.188232
MED00249,6,2026-10-05,Post-Monsoon,2.020286,3.071226,21.568327
MED00250,6,2026-10-05,Post-Monsoon,2.020286,2.369798,10.695233
MED00251,6,2026-10-05,Post-Monsoon,2.020286,0.580215,1.786423
MED00252,6,2026-10-05,Post-Monsoon,2.020286,-0.73874,0.477715
MED00253,6,2026-10-05,Post-Monsoon,2.020286,1.282684,3.606306
MED00254,6,2026-10-05,Post-Monsoon,2.020286,-0.864514,0.421256
MED00255,6,2026-10-05,Post-Monsoon,2.020286,1.592303,4.915054
MED00256,6,2026-10-05,Post-Monsoon,2.020286,0.778436,2.178064
MED00257,6,2026-10-05,Post-Monsoon,2.020286,1.431842,4.186402
MED00258,6,2026-10-05,Post-Monsoon,2.020286,0.739078,2.094003
MED00259,6,2026-10-05,Post-Monsoon,2.020286,0.768373,2.156255
MED00260,6,2026-10-05,Post-Monsoon,2.020286,-0.753371,0.470777
MED00261,6,2026-10-05,Post-Monsoon,2.020286,-0.263991,0.76798
MED00262,6,2026-10-05,Post-Monsoon,2.020286,1.138539,3.122204
MED00263,6,2026-10-05,Post-Monsoon,2.020286,1.052811,2.865696
MED00264,6,2026-10-05,Post-Monsoon,2.020286,-1.328852,0.264781
MED00265,6,2026-10-05,Post-Monsoon,2.020286,1.822821,6.189294
MED00266,6,2026-10-05,Post-Monsoon,2.020286,2.646691,14.107282
MED00267,6,2026-10-05,Post-Monsoon,2.020286,1.467199,4.33707
MED00268,6,2026-10-05,Post-Monsoon,2.020286,0.77419,2.168836
MED00269,6,2026-10-05,Post-Monsoon,2.020286,0.770106,2.159996
MED00270,6,2026-10-05,Post-Monsoon,2.020286,0.847085,2.332836
MED00271,6,2026-10-05,Post-Monsoon,2.020286,0.450496,1.56909
MED00272,6,2026-10-05,Post-Monsoon,2.020286,1.421209,4.142126
MED00273,6,2026-10-05,Post-Monsoon,2.020286,1.222675,3.396262
MED00274,6,2026-10-05,Post-Monsoon,2.020286,-0.494728,0.609737
MED00275,6,2026-10-05,Post-Monsoon,2.020286,2.503152,12.220952
MED00276,6,2026-10-05,Post-Monsoon,2.020286,0.632035,1.881435
MED00277,6,2026-10-05,Post-Monsoon,2.020286,-1.642058,0.193581
MED00278,6,2026-10-05,Post-Monsoon,2.020286,2.096819,8.140234
MED00279,6,2026-10-05,Post-Monsoon,2.020286,3.123868,22.734146
MED00280,6,2026-10-05,Post-Monsoon,2.020286,-1.549983,0.212252
MED00281,6,2026-10-05,Post-Monsoon,2.020286,2.70603,14.969723
MED00282,6,2026-10-05,Post-Monsoon,2.020286,1.288521,3.627416
MED00283,6,2026-10-05,Post-Monsoon,2.020286,0.781487,2.184718
MED00284,6,2026-10-05,Post-Monsoon,2.020286,0.324627,1.383515
MED00285,6,2026-10-05,Post-Monsoon,2.020286,1.615529,5.030548
MED00286,6,2026-10-05,Post-Monsoon,2.020286,1.422998,4.149543
MED00287,6,2026-10-05,Post-Monsoon,2.020286,1.106871,3.024879
MED00288,6,2026-10-05,Post-Monsoon,2.020286,3.6312,37.758102
MED00289,6,2026-10-05,Post-Monsoon,2.020286,1.400121,4.05569
MED00290,6,2026-10-05,Post-Monsoon,2.020286,0.589332,1.802784
MED00291,6,2026-10-05,Post-Monsoon,2.020286,2.343898,10.421777
MED00292,6,2026-10-05,Post-Monsoon,2.020286,0.538493,1.713423
MED00293,6,2026-10-05,Post-Monsoon,2.020286,1.493485,4.452586
MED00294,6,2026-10-05,Post-Monsoon,2.020286,0.242688,1.274671
MED00295,6,2026-10-05,Post-Monsoon,2.020286,-1.347073,0.26
MED00296,6,2026-10-05,Post-Monsoon,2.020286,1.343438,3.832196
MED00297,6,2026-10-05,Post-Monsoon,2.020286,1.769675,5.868948
MED00298,6,2026-10-05,Post-Monsoon,2.020286,0.75586,2.129441
MED00299,6,2026-10-05,Post-Monsoon,2.020286,-0.978856,0.375741
MED00300,6,2026-10-05,Post-Monsoon,2.020286,0.640576,1.897574
MED00301,6,2026-10-05,Post-Monsoon,2.020286,1.555435,4.737146
MED00302,6,2026-10-05,Post-Monsoon,2.020286,2.197831,9.005459
MED00303,6,2026-10-05,Post-Monsoon,2.020286,1.038838,2.825932
MED00304,6,2026-10-05,Post-Monsoon,2.020286,1.326082,3.766257
MED00305,6,2026-10-05,Post-Monsoon,2.020286,0.604073,1.829556
MED00306,6,2026-10-05,Post-Monsoon,2.020286,-1.022948,0.359534
MED00307,6,2026-10-05,Post-Monsoon,2.020286,3.481105,32.495613
MED00308,6,2026-10-05,Post-Monsoon,2.020286,-0.281617,0.754563
MED00309,6,2026-10-05,Post-Monsoon,2.020286,1.119951,3.064704
MED00310,6,2026-10-05,Post-Monsoon,2.020286,1.234984,3.438322
MED00311,6,2026-10-05,Post-Monsoon,2.020286,1.113406,3.044712
MED00312,6,2026-10-05,Post-Monsoon,2.020286,-0.543043,0.580978
MED00313,6,2026-10-05,Post-Monsoon,2.020286,-0.849967,0.427429
MED00314,6,2026-10-05,Post-Monsoon,2.020286,2.340204,10.383349
MED00315,6,2026-10-05,Post-Monsoon,2.020286,2.227682,9.278333
MED00316,6,2026-10-05,Post-Monsoon,2.020286,1.018446,2.768888
MED00317,6,2026-10-05,Post-Monsoon,2.020286,0.761443,2.141364
MED00318,6,2026-10-05,Post-Monsoon,2.020286,0.930888,2.53676
MED00319,6,2026-10-05,Post-Monsoon,2.020286,2.394254,10.960016
MED00320,6,2026-10-05,Post-Monsoon,2.020286,1.734318,5.665065
MED00321,6,2026-10-05,Post-Monsoon,2.020286,-0.44371,0.641651
MED00322,6,2026-10-05,Post-Monsoon,2.020286,-1.760246,0.172002
MED00323,6,2026-10-05,Post-Monsoon,2.020286,0.048331,1.049518
MED00324,6,2026-10-05,Post-Monsoon,2.020286,0.366181,1.442216
MED00325,6,2026-10-05,Post-Monsoon,2.020286,1.890398,6.622
MED00326,6,2026-10-05,Post-Monsoon,2.020286,2.182545,8.868848
MED00327,6,2026-10-05,Post-Monsoon,2.020286,1.065997,2.903732
MED00328,6,2026-10-05,Post-Monsoon,2.020286,1.37548,3.956978
MED00329,6,2026-10-05,Post-Monsoon,2.020286,2.37795,10.78278
MED00330,6,2026-10-05,Post-Monsoon,2.020286,1.397303,4.044278
MED00331,6,2026-10-05,Post-Monsoon,2.020286,0.63575,1.888438
MED00332,6,2026-10-05,Post-Monsoon,2.020286,1.050657,2.859529
MED00333,6,2026-10-05,Post-Monsoon,2.020286,0.907013,2.476914
MED00334,6,2026-10-05,Post-Monsoon,2.020286,2.272318,9.701858
MED00335,6,2026-10-05,Post-Monsoon,2.020286,1.751698,5.764381
MED00336,6,2026-10-05,Post-Monsoon,2.020286,2.306471,10.038939
MED00337,6,2026-10-05,Post-Monsoon,2.020286,4.259322,70.76197
MED00338,6,2026-10-05,Post-Monsoon,2.020286,2.273148,9.70992
MED00339,6,2026-10-05,Post-Monsoon,2.020286,0.613392,1.846685
MED00340,6,2026-10-05,Post-Monsoon,2.020286,0.561644,1.753553
MED00341,6,2026-10-05,Post-Monsoon,2.020286,1.602549,4.965674
MED00342,6,2026-10-05,Post-Monsoon,2.020286,0.741648,2.099392
MED00343,6,2026-10-05,Post-Monsoon,2.020286,2.306996,10.04421
MED00344,6,2026-10-05,Post-Monsoon,2.020286,1.36805,3.927682
MED00345,6,2026-10-05,Post-Monsoon,2.020286,-1.724176,0.17832
MED00346,6,2026-10-05,Post-Monsoon,2.020286,1.128064,3.089667
MED00347,6,2026-10-05,Post-Monsoon,2.020286,-1.876513,0.153123
MED00348,6,2026-10-05,Post-Monsoon,2.020286,0.588798,1.80182
MED00349,6,2026-10-05,Post-Monsoon,2.020286,0.825161,2.282248
MED00350,6,2026-10-05,Post-Monsoon,2.020286,0.1014,1.106719
MED00351,6,2026-10-05,Post-Monsoon,2.020286,-0.538999,0.583332
MED00352,6,2026-10-05,Post-Monsoon,2.020286,-1.769809,0.170366
MED00353,6,2026-10-05,Post-Monsoon,2.020286,-0.254816,0.775059
MED00354,6,2026-10-05,Post-Monsoon,2.020286,-0.230594,0.794062
MED00355,6,2026-10-05,Post-Monsoon,2.020286,2.216187,9.172293
MED00356,6,2026-10-05,Post-Monsoon,2.020286,0.684015,1.981819
MED00357,6,2026-10-05,Post-Monsoon,2.020286,-1.547587,0.212761
MED00358,6,2026-10-05,Post-Monsoon,2.020286,1.597116,4.93877
MED00359,6,2026-10-05,Post-Monsoon,2.020286,0.746524,2.109655
MED00360,6,2026-10-05,Post-Monsoon,2.020286,0.894795,2.446833
MED00361,6,2026-10-05,Post-Monsoon,2.020286,0.791113,2.205851
MED00362,6,2026-10-05,Post-Monsoon,2.020286,0.852758,2.346108
MED00363,6,2026-10-05,Post-Monsoon,2.020286,0.536509,1.710026
MED00364,6,2026-10-05,Post-Monsoon,2.020286,-1.933811,0.144596
MED00365,6,2026-10-05,Post-Monsoon,2.020286,0.765475,2.150016
MED00366,6,2026-10-05,Post-Monsoon,2.020286,2.2591,9.574468
MED00367,6,2026-10-05,Post-Monsoon,2.020286,0.767239,2.153812
MED00368,6,2026-10-05,Post-Monsoon,2.020286,1.012882,2.753525
MED00369,6,2026-10-05,Post-Monsoon,2.020286,1.265065,3.543322
MED00370,6,2026-10-05,Post-Monsoon,2.020286,-0.722133,0.485715
MED00371,6,2026-10-05,Post-Monsoon,2.020286,2.7868,16.228994
MED00372,6,2026-10-05,Post-Monsoon,2.020286,-1.553443,0.211518
MED00373,6,2026-10-05,Post-Monsoon,2.020286,-0.482035,0.617525
MED00374,6,2026-10-05,Post-Monsoon,2.020286,0.694292,2.002291
MED00375,6,2026-10-05,Post-Monsoon,2.020286,2.78585,16.21359
MED00376,6,2026-10-05,Post-Monsoon,2.020286,0.724636,2.06398
MED00377,6,2026-10-05,Post-Monsoon,2.020286,-0.681493,0.505861
MED00378,6,2026-10-05,Post-Monsoon,2.020286,0.775515,2.17171
MED00379,6,2026-10-05,Post-Monsoon,2.020286,-0.556139,0.573419
MED00380,6,2026-10-05,Post-Monsoon,2.020286,-0.553471,0.574951
MED00381,6,2026-10-05,Post-Monsoon,2.020286,0.300071,1.349954
MED00382,6,2026-10-05,Post-Monsoon,2.020286,0.789674,2.202678
MED00383,6,2026-10-05,Post-Monsoon,2.020286,1.867079,6.469372
MED00384,6,2026-10-05,Post-Monsoon,2.020286,0.71304,2.040184
MED00385,6,2026-10-05,Post-Monsoon,2.020286,2.893538,18.057077
MED00386,6,2026-10-05,Post-Monsoon,2.020286,2.640314,14.017603
MED00387,6,2026-10-05,Post-Monsoon,2.020286,2.936193,18.843966
MED00388,6,2026-10-05,Post-Monsoon,2.020286,4.293774,73.24237
MED00389,6,2026-10-05,Post-Monsoon,2.020286,2.178223,8.830597
MED00390,6,2026-10-05,Post-Monsoon,2.020286,2.948125,19.070171
MED00391,6,2026-10-05,Post-Monsoon,2.020286,2.910061,18.35792
MED00392,6,2026-10-05,Post-Monsoon,2.020286,2.91697,18.4852
MED00393,6,2026-10-05,Post-Monsoon,2.020286,2.519575,12.423311
MED00394,6,2026-10-05,Post-Monsoon,2.020286,2.66784,14.408813
MED00395,6,2026-10-05,Post-Monsoon,2.020286,2.876564,17.753168
MED00396,6,2026-10-05,Post-Monsoon,2.020286,4.092456,59.886784
MED00397,6,2026-10-05,Post-Monsoon,2.020286,3.972371,53.110313
MED00398,6,2026-10-05,Post-Monsoon,2.020286,4.680918,107.869026
MED00399,6,2026-10-05,Post-Monsoon,2.020286,4.54349,94.0183
MED00400,6,2026-10-05,Post-Monsoon,2.020286,4.296654,73.45366
MED00401,6,2026-10-05,Post-Monsoon,2.020286,2.564356,12.99229
MED00402,6,2026-10-05,Post-Monsoon,2.020286,2.899637,18.167553
MED00403,6,2026-10-05,Post-Monsoon,2.020286,2.501078,12.195632
MED00404,6,2026-10-05,Post-Monsoon,2.020286,1.5555,4.737456
MED00405,6,2026-10-05,Post-Monsoon,2.020286,1.967923,7.155799
MED00406,6,2026-10-05,Post-Monsoon,2.020286,3.024996,20.593924
MED00407,6,2026-10-05,Post-Monsoon,2.020286,2.880247,17.818668
MED00408,6,2026-10-05,Post-Monsoon,2.020286,1.914933,6.786486
MED00409,6,2026-10-05,Post-Monsoon,2.020286,2.343378,10.416369
MED00410,6,2026-10-05,Post-Monsoon,2.020286,2.172093,8.776636
MED00411,6,2026-10-05,Post-Monsoon,2.020286,2.873715,17.702665
MED00412,6,2026-10-05,Post-Monsoon,2.020286,2.521571,12.448133
MED00413,6,2026-10-05,Post-Monsoon,2.020286,2.544731,12.739802
MED00414,6,2026-10-05,Post-Monsoon,2.020286,2.896537,18.111315
MED00415,6,2026-10-05,Post-Monsoon,2.020286,2.572839,13.102975
MED00416,6,2026-10-05,Post-Monsoon,2.020286,2.811263,16.63091
MED00417,6,2026-10-05,Post-Monsoon,2.020286,1.959647,7.096822
MED00418,6,2026-10-05,Post-Monsoon,2.020286,1.988172,7.302174
MED00419,6,2026-10-05,Post-Monsoon,2.020286,2.150874,8.592366
MED00420,6,2026-10-05,Post-Monsoon,2.020286,2.994963,19.984613
MED00421,6,2026-10-05,Post-Monsoon,2.020286,3.008713,20.261303
MED00422,6,2026-10-05,Post-Monsoon,2.020286,2.816759,16.72257
MED00423,6,2026-10-05,Post-Monsoon,2.020286,2.561798,12.959095
MED00424,6,2026-10-05,Post-Monsoon,2.020286,3.983337,53.695904
MED00001,7,2026-10-12,Post-Monsoon,2.020286,2.553424,12.851032
MED00002,7,2026-10-12,Post-Monsoon,2.020286,-2.289888,0.101278
MED00003,7,2026-10-12,Post-Monsoon,2.020286,-1.21072,0.297983
MED00004,7,2026-10-12,Post-Monsoon,2.020286,-0.271358,0.762343
MED00005,7,2026-10-12,Post-Monsoon,2.020286,0.838584,2.31309
MED00006,7,2026-10-12,Post-Monsoon,2.020286,0.503977,1.655291
MED00007,7,2026-10-12,Post-Monsoon,2.020286,1.312638,3.715966
MED00008,7,2026-10-12,Post-Monsoon,2.020286,-0.421667,0.655952
MED00009,7,2026-10-12,Post-Monsoon,2.020286,1.145022,3.14251
MED00010,7,2026-10-12,Post-Monsoon,2.020286,1.420685,4.139956
MED00011,7,2026-10-12,Post-Monsoon,2.020286,2.937858,18.875378
MED00012,7,2026-10-12,Post-Monsoon,2.020286,0.726958,2.068778
MED00013,7,2026-10-12,Post-Monsoon,2.020286,1.374005,3.951142
MED00014,7,2026-10-12,Post-Monsoon,2.020286,2.797424,16.402346
MED00015,7,2026-10-12,Post-Monsoon,2.020286,-0.651143,0.521449
MED00016,7,2026-10-12,Post-Monsoon,2.020286,0.717569,2.049445
MED00017,7,2026-10-12,Post-Monsoon,2.020286,0.627292,1.872532
MED00018,7,2026-10-12,Post-Monsoon,2.020286,4.29928,73.64673
MED00019,7,2026-10-12,Post-Monsoon,2.020286,3.885028,48.66829
MED00020,7,2026-10-12,Post-Monsoon,2.020286,2.259241,9.575817
MED00021,7,2026-10-12,Post-Monsoon,2.020286,1.2795,3.594844
MED00022,7,2026-10-12,Post-Monsoon,2.020286,0.823886,2.279341
MED00023,7,2026-10-12,Post-Monsoon,2.020286,0.168217,1.183194
MED00024,7,2026-10-12,Post-Monsoon,2.020286,0.993362,2.700297
MED00025,7,2026-10-12,Post-Monsoon,2.020286,-2.455053,0.085859
MED00026,7,2026-10-12,Post-Monsoon,2.020286,-0.985846,0.373123
MED00027,7,2026-10-12,Post-Monsoon,2.020286,-1.595773,0.202752
MED00028,7,2026-10-12,Post-Monsoon,2.020286,-0.624427,0.535568
MED00029,7,2026-10-12,Post-Monsoon,2.020286,2.444061,11.519725
MED00030,7,2026-10-12,Post-Monsoon,2.020286,1.327614,3.772032
MED00031,7,2026-10-12,Post-Monsoon,2.020286,1.064273,2.89873
MED00032,7,2026-10-12,Post-Monsoon,2.020286,0.828634,2.290189
MED00033,7,2026-10-12,Post-Monsoon,2.020286,0.007962,1.007994
MED00034,7,2026-10-12,Post-Monsoon,2.020286,2.953022,19.163774
MED00035,7,2026-10-12,Post-Monsoon,2.020286,-0.836117,0.43339
MED00036,7,2026-10-12,Post-Monsoon,2.020286,0.454788,1.57584
MED00037,7,2026-10-12,Post-Monsoon,2.020286,1.42806,4.170599
MED00038,7,2026-10-12,Post-Monsoon,2.020286,2.55242,12.838137
MED00039,7,2026-10-12,Post-Monsoon,2.020286,0.045829,1.046896
MED00040,7,2026-10-12,Post-Monsoon,2.020286,-0.602211,0.547599
MED00041,7,2026-10-12,Post-Monsoon,2.020286,-0.593013,0.55266
MED00042,7,2026-10-12,Post-Monsoon,2.020286,1.174222,3.235626
MED00043,7,2026-10-12,Post-Monsoon,2.020286,-0.859924,0.423194
MED00044,7,2026-10-12,Post-Monsoon,2.020286,0.653479,1.922217
MED00045,7,2026-10-12,Post-Monsoon,2.020286,0.522889,1.686894
MED00046,7,2026-10-12,Post-Monsoon,2.020286,0.83093,2.295453
MED00047,7,2026-10-12,Post-Monsoon,2.020286,1.681991,5.376251
MED00048,7,2026-10-12,Post-Monsoon,2.020286,2.511642,12.325157
MED00049,7,2026-10-12,Post-Monsoon,2.020286,-1.769596,0.170402
MED00050,7,2026-10-12,Post-Monsoon,2.020286,0.990052,2.691374
MED00051,7,2026-10-12,Post-Monsoon,2.020286,-2.23427,0.10707
MED00052,7,2026-10-12,Post-Monsoon,2.020286,-0.786036,0.455647
MED00053,7,2026-10-12,Post-Monsoon,2.020286,1.694842,5.445784
MED00054,7,2026-10-12,Post-Monsoon,2.020286,1.745933,5.731246
MED00055,7,2026-10-12,Post-Monsoon,2.020286,-0.116183,0.890312
MED00056,7,2026-10-12,Post-Monsoon,2.020286,-0.481743,0.617706
MED00057,7,2026-10-12,Post-Monsoon,2.020286,-0.756977,0.469082
MED00058,7,2026-10-12,Post-Monsoon,2.020286,0.503395,1.654329
MED00059,7,2026-10-12,Post-Monsoon,2.020286,2.054288,7.801278
MED00060,7,2026-10-12,Post-Monsoon,2.020286,1.724997,5.612502
MED00061,7,2026-10-12,Post-Monsoon,2.020286,-0.507262,0.602142
MED00062,7,2026-10-12,Post-Monsoon,2.020286,2.535128,12.618044
MED00063,7,2026-10-12,Post-Monsoon,2.020286,-2.233601,0.107142
MED00064,7,2026-10-12,Post-Monsoon,2.020286,3.163472,23.652569
MED00065,7,2026-10-12,Post-Monsoon,2.020286,4.122969,61.742264
MED00066,7,2026-10-12,Post-Monsoon,2.020286,-0.781428,0.457752
MED00067,7,2026-10-12,Post-Monsoon,2.020286,0.704571,2.022979
MED00068,7,2026-10-12,Post-Monsoon,2.020286,1.135842,3.113796
MED00069,7,2026-10-12,Post-Monsoon,2.020286,0.537977,1.712538
MED00070,7,2026-10-12,Post-Monsoon,2.020286,2.434373,11.408665
MED00071,7,2026-10-12,Post-Monsoon,2.020286,0.719677,2.053769
MED00072,7,2026-10-12,Post-Monsoon,2.020286,0.751348,2.119856
MED00073,7,2026-10-12,Post-Monsoon,2.020286,1.107487,3.026743
MED00074,7,2026-10-12,Post-Monsoon,2.020286,1.019995,2.773181
MED00075,7,2026-10-12,Post-Monsoon,2.020286,1.133696,3.10712
MED00076,7,2026-10-12,Post-Monsoon,2.020286,-1.518297,0.219085
MED00077,7,2026-10-12,Post-Monsoon,2.020286,1.279064,3.593274
MED00078,7,2026-10-12,Post-Monsoon,2.020286,1.031393,2.80497
MED00079,7,2026-10-12,Post-Monsoon,2.020286,2.994172,19.968817
MED00080,7,2026-10-12,Post-Monsoon,2.020286,1.136937,3.117206
MED00081,7,2026-10-12,Post-Monsoon,2.020286,-1.158624,0.313918
MED00082,7,2026-10-12,Post-Monsoon,2.020286,0.950546,2.587123
MED00083,7,2026-10-12,Post-Monsoon,2.020286,1.077643,2.937748
MED00084,7,2026-10-12,Post-Monsoon,2.020286,3.795971,44.521442
MED00085,7,2026-10-12,Post-Monsoon,2.020286,0.727416,2.069725
MED00086,7,2026-10-12,Post-Monsoon,2.020286,-0.962047,0.38211
MED00087,7,2026-10-12,Post-Monsoon,2.020286,0.536726,1.710398
MED00088,7,2026-10-12,Post-Monsoon,2.020286,3.344983,28.360104
MED00089,7,2026-10-12,Post-Monsoon,2.020286,2.692487,14.768355
MED00090,7,2026-10-12,Post-Monsoon,2.020286,0.950348,2.586611
MED00091,7,2026-10-12,Post-Monsoon,2.020286,0.73925,2.094365
MED00092,7,2026-10-12,Post-Monsoon,2.020286,0.415915,1.515757
MED00093,7,2026-10-12,Post-Monsoon,2.020286,-1.271018,0.280546
MED00094,7,2026-10-12,Post-Monsoon,2.020286,-0.554985,0.574081
MED00095,7,2026-10-12,Post-Monsoon,2.020286,1.064923,2.900614
MED00096,7,2026-10-12,Post-Monsoon,2.020286,2.667014,14.396921
MED00097,7,2026-10-12,Post-Monsoon,2.020286,-0.85514,0.425224
MED00098,7,2026-10-12,Post-Monsoon,2.020286,2.065866,7.892126
MED00099,7,2026-10-12,Post-Monsoon,2.020286,-1.463948,0.231321
MED00100,7,2026-10-12,Post-Monsoon,2.020286,-1.866038,0.154735
MED00101,7,2026-10-12,Post-Monsoon,2.020286,1.377233,3.963918
MED00102,7,2026-10-12,Post-Monsoon,2.020286,1.441223,4.22586
MED00103,7,2026-10-12,Post-Monsoon,2.020286,1.023283,2.782314
MED00104,7,2026-10-12,Post-Monsoon,2.020286,1.983954,7.271439
MED00105,7,2026-10-12,Post-Monsoon,2.020286,2.419902,11.244753
MED00106,7,2026-10-12,Post-Monsoon,2.020286,-2.091418,0.123512
MED00107,7,2026-10-12,Post-Monsoon,2.020286,2.046477,7.740586
MED00108,7,2026-10-12,Post-Monsoon,2.020286,1.046307,2.847118
MED00109,7,2026-10-12,Post-Monsoon,2.020286,-0.714633,0.489372
MED00110,7,2026-10-12,Post-Monsoon,2.020286,-0.873957,0.417297
MED00111,7,2026-10-12,Post-Monsoon,2.020286,-0.401319,0.669437
MED00112,7,2026-10-12,Post-Monsoon,2.020286,1.000338,2.7192
MED00113,7,2026-10-12,Post-Monsoon,2.020286,0.635197,1.887394
MED00114,7,2026-10-12,Post-Monsoon,2.020286,2.513368,12.346436
MED00115,7,2026-10-12,Post-Monsoon,2.020286,0.696225,2.006164
MED00116,7,2026-10-12,Post-Monsoon,2.020286,1.998248,7.376122
MED00117,7,2026-10-12,Post-Monsoon,2.020286,0.561733,1.753709
MED00118,7,2026-10-12,Post-Monsoon,2.020286,0.528388,1.696196
MED00119,7,2026-10-12,Post-Monsoon,2.020286,0.698833,2.011404
MED00120,7,2026-10-12,Post-Monsoon,2.020286,2.402618,11.052077
MED00121,7,2026-10-12,Post-Monsoon,2.020286,1.214736,3.369405
MED00122,7,2026-10-12,Post-Monsoon,2.020286,0.841901,2.320774
MED00123,7,2026-10-12,Post-Monsoon,2.020286,-0.129172,0.878823
MED00124,7,2026-10-12,Post-Monsoon,2.020286,2.021348,7.548494
MED00125,7,2026-10-12,Post-Monsoon,2.020286,-1.390446,0.248964
MED00126,7,2026-10-12,Post-Monsoon,2.020286,-0.306438,0.736064
MED00127,7,2026-10-12,Post-Monsoon,2.020286,0.720015,2.054464
MED00128,7,2026-10-12,Post-Monsoon,2.020286,0.717952,2.050231
MED00129,7,2026-10-12,Post-Monsoon,2.020286,0.545719,1.725849
MED00130,7,2026-10-12,Post-Monsoon,2.020286,-1.755738,0.17278
MED00131,7,2026-10-12,Post-Monsoon,2.020286,0.734183,2.08378
MED00132,7,2026-10-12,Post-Monsoon,2.020286,-0.627394,0.533982
MED00133,7,2026-10-12,Post-Monsoon,2.020286,-0.460569,0.630925
MED00134,7,2026-10-12,Post-Monsoon,2.020286,-0.724622,0.484508
MED00135,7,2026-10-12,Post-Monsoon,2.020286,2.569698,13.061884
MED00136,7,2026-10-12,Post-Monsoon,2.020286,0.464341,1.590965
MED00137,7,2026-10-12,Post-Monsoon,2.020286,0.836909,2.309219
MED00138,7,2026-10-12,Post-Monsoon,2.020286,0.721754,2.058041
MED00139,7,2026-10-12,Post-Monsoon,2.020286,1.14075,3.129116
MED00140,7,2026-10-12,Post-Monsoon,2.020286,0.611563,1.84331
MED00141,7,2026-10-12,Post-Monsoon,2.020286,1.480622,4.395678
MED00142,7,2026-10-12,Post-Monsoon,2.020286,-0.839533,0.431912
MED00143,7,2026-10-12,Post-Monsoon,2.020286,0.633452,1.884103
MED00144,7,2026-10-12,Post-Monsoon,2.020286,1.780949,5.935488
MED00145,7,2026-10-12,Post-Monsoon,2.020286,-0.434458,0.647616
MED00146,7,2026-10-12,Post-Monsoon,2.020286,0.449834,1.568051
MED00147,7,2026-10-12,Post-Monsoon,2.020286,0.619274,1.857579
MED00148,7,2026-10-12,Post-Monsoon,2.020286,1.76843,5.861646
MED00149,7,2026-10-12,Post-Monsoon,2.020286,1.307553,3.697116
MED00150,7,2026-10-12,Post-Monsoon,2.020286,0.444918,1.560362
MED00151,7,2026-10-12,Post-Monsoon,2.020286,0.731324,2.077831
MED00152,7,2026-10-12,Post-Monsoon,2.020286,0.796667,2.218135
MED00153,7,2026-10-12,Post-Monsoon,2.020286,0.780713,2.183028
MED00154,7,2026-10-12,Post-Monsoon,2.020286,2.685746,14.669136
MED00155,7,2026-10-12,Post-Monsoon,2.020286,0.685985,1.985727
MED00156,7,2026-10-12,Post-Monsoon,2.020286,0.912988,2.491758
MED00157,7,2026-10-12,Post-Monsoon,2.020286,1.510183,4.527559
MED00158,7,2026-10-12,Post-Monsoon,2.020286,-1.267898,0.281423
MED00159,7,2026-10-12,Post-Monsoon,2.020286,2.415048,11.190314
MED00160,7,2026-10-12,Post-Monsoon,2.020286,1.294643,3.649694
MED00161,7,2026-10-12,Post-Monsoon,2.020286,1.764162,5.836676
MED00162,7,2026-10-12,Post-Monsoon,2.020286,0.749251,2.115414
MED00163,7,2026-10-12,Post-Monsoon,2.020286,-1.050284,0.349838
MED00164,7,2026-10-12,Post-Monsoon,2.020286,0.661844,1.938364
MED00165,7,2026-10-12,Post-Monsoon,2.020286,2.295612,9.930508
MED00166,7,2026-10-12,Post-Monsoon,2.020286,0.737205,2.090085
MED00167,7,2026-10-12,Post-Monsoon,2.020286,0.591288,1.806314
MED00168,7,2026-10-12,Post-Monsoon,2.020286,0.679128,1.972158
MED00169,7,2026-10-12,Post-Monsoon,2.020286,0.587315,1.799152
MED00170,7,2026-10-12,Post-Monsoon,2.020286,0.639156,1.894882
MED00171,7,2026-10-12,Post-Monsoon,2.020286,0.79111,2.205844
MED00172,7,2026-10-12,Post-Monsoon,2.020286,0.558141,1.747422
MED00173,7,2026-10-12,Post-Monsoon,2.020286,0.767226,2.153784
MED00174,7,2026-10-12,Post-Monsoon,2.020286,1.757052,5.795329
MED00175,7,2026-10-12,Post-Monsoon,2.020286,0.181726,1.199285
MED00176,7,2026-10-12,Post-Monsoon,2.020286,2.577241,13.16078
MED00177,7,2026-10-12,Post-Monsoon,2.020286,-1.43794,0.237416
MED00178,7,2026-10-12,Post-Monsoon,2.020286,0.732774,2.080845
MED00179,7,2026-10-12,Post-Monsoon,2.020286,-0.683491,0.504852
MED00180,7,2026-10-12,Post-Monsoon,2.020286,0.695888,2.00549
MED00181,7,2026-10-12,Post-Monsoon,2.020286,1.093716,2.985348
MED00182,7,2026-10-12,Post-Monsoon,2.020286,-1.310944,0.269565
MED00183,7,2026-10-12,Post-Monsoon,2.020286,2.711917,15.058113
MED00184,7,2026-10-12,Post-Monsoon,2.020286,1.933356,6.912672
MED00185,7,2026-10-12,Post-Monsoon,2.020286,0.528635,1.696615
MED00186,7,2026-10-12,Post-Monsoon,2.020286,0.63962,1.895759
MED00187,7,2026-10-12,Post-Monsoon,2.020286,0.945786,2.574837
MED00188,7,2026-10-12,Post-Monsoon,2.020286,1.184424,3.268803
MED00189,7,2026-10-12,Post-Monsoon,2.020286,-1.645304,0.192954
MED00190,7,2026-10-12,Post-Monsoon,2.020286,0.742935,2.102096
MED00191,7,2026-10-12,Post-Monsoon,2.020286,2.382052,10.827091
MED00192,7,2026-10-12,Post-Monsoon,2.020286,-1.838637,0.159034
MED00193,7,2026-10-12,Post-Monsoon,2.020286,-2.425919,0.088397
MED00194,7,2026-10-12,Post-Monsoon,2.020286,1.89709,6.666465
MED00195,7,2026-10-12,Post-Monsoon,2.020286,1.803188,6.068962
MED00196,7,2026-10-12,Post-Monsoon,2.020286,1.897544,6.669498
MED00197,7,2026-10-12,Post-Monsoon,2.020286,1.911104,6.76055
MED00198,7,2026-10-12,Post-Monsoon,2.020286,0.540859,1.717482
MED00199,7,2026-10-12,Post-Monsoon,2.020286,0.362547,1.436984
MED00200,7,2026-10-12,Post-Monsoon,2.020286,0.59025,1.80444
MED00201,7,2026-10-12,Post-Monsoon,2.020286,2.117104,8.30705
MED00202,7,2026-10-12,Post-Monsoon,2.020286,0.6093,1.839143
MED00203,7,2026-10-12,Post-Monsoon,2.020286,0.750089,2.117189
MED00204,7,2026-10-12,Post-Monsoon,2.020286,0.732738,2.08077
MED00205,7,2026-10-12,Post-Monsoon,2.020286,2.444975,11.530257
MED00206,7,2026-10-12,Post-Monsoon,2.020286,0.010326,1.01038
MED00207,7,2026-10-12,Post-Monsoon,2.020286,0.633579,1.884343
MED00208,7,2026-10-12,Post-Monsoon,2.020286,2.429222,11.350047
MED00209,7,2026-10-12,Post-Monsoon,2.020286,0.963261,2.620227
MED00210,7,2026-10-12,Post-Monsoon,2.020286,0.256556,1.292471
MED00211,7,2026-10-12,Post-Monsoon,2.020286,0.755442,2.128552
MED00212,7,2026-10-12,Post-Monsoon,2.020286,0.69456,2.002828
MED00213,7,2026-10-12,Post-Monsoon,2.020286,0.188363,1.207272
MED00214,7,2026-10-12,Post-Monsoon,2.020286,2.299257,9.966777
MED00215,7,2026-10-12,Post-Monsoon,2.020286,0.803258,2.232804
MED00216,7,2026-10-12,Post-Monsoon,2.020286,-2.538911,0.078952
MED00217,7,2026-10-12,Post-Monsoon,2.020286,-1.484528,0.226609
MED00218,7,2026-10-12,Post-Monsoon,2.020286,1.460199,4.306815
MED00219,7,2026-10-12,Post-Monsoon,2.020286,2.631327,13.892192
MED00220,7,2026-10-12,Post-Monsoon,2.020286,0.686139,1.986033
MED00221,7,2026-10-12,Post-Monsoon,2.020286,1.093982,2.986141
MED00222,7,2026-10-12,Post-Monsoon,2.020286,-0.780715,0.458078
MED00223,7,2026-10-12,Post-Monsoon,2.020286,2.189936,8.934638
MED00224,7,2026-10-12,Post-Monsoon,2.020286,0.590079,1.804131
MED00225,7,2026-10-12,Post-Monsoon,2.020286,1.372177,3.943928
MED00226,7,2026-10-12,Post-Monsoon,2.020286,0.774429,2.169352
MED00227,7,2026-10-12,Post-Monsoon,2.020286,2.748673,15.621891
MED00228,7,2026-10-12,Post-Monsoon,2.020286,0.55124,1.735404
MED00229,7,2026-10-12,Post-Monsoon,2.020286,-0.590913,0.553821
MED00230,7,2026-10-12,Post-Monsoon,2.020286,2.529378,12.545706
MED00231,7,2026-10-12,Post-Monsoon,2.020286,0.508435,1.662687
MED00232,7,2026-10-12,Post-Monsoon,2.020286,1.080459,2.946032
MED00233,7,2026-10-12,Post-Monsoon,2.020286,-0.509066,0.601057
MED00234,7,2026-10-12,Post-Monsoon,2.020286,0.600707,1.823408
MED00235,7,2026-10-12,Post-Monsoon,2.020286,4.263109,71.03049
MED00236,7,2026-10-12,Post-Monsoon,2.020286,0.773899,2.168204
MED00237,7,2026-10-12,Post-Monsoon,2.020286,1.302782,3.67952
MED00238,7,2026-10-12,Post-Monsoon,2.020286,0.603999,1.82942
MED00239,7,2026-10-12,Post-Monsoon,2.020286,1.186013,3.274002
MED00240,7,2026-10-12,Post-Monsoon,2.020286,1.330867,3.784322
MED00241,7,2026-10-12,Post-Monsoon,2.020286,0.882091,2.415947
MED00242,7,2026-10-12,Post-Monsoon,2.020286,2.205152,9.07163
MED00243,7,2026-10-12,Post-Monsoon,2.020286,-2.051414,0.128553
MED00244,7,2026-10-12,Post-Monsoon,2.020286,0.719463,2.053331
MED00245,7,2026-10-12,Post-Monsoon,2.020286,4.244506,69.72134
MED00246,7,2026-10-12,Post-Monsoon,2.020286,1.616813,5.03701
MED00247,7,2026-10-12,Post-Monsoon,2.020286,2.430598,11.365671
MED00248,7,2026-10-12,Post-Monsoon,2.020286,0.751324,2.119805
MED00249,7,2026-10-12,Post-Monsoon,2.020286,2.991692,19.919365
MED00250,7,2026-10-12,Post-Monsoon,2.020286,2.33466,10.325949
MED00251,7,2026-10-12,Post-Monsoon,2.020286,0.587329,1.799177
MED00252,7,2026-10-12,Post-Monsoon,2.020286,-0.754318,0.470331
MED00253,7,2026-10-12,Post-Monsoon,2.020286,1.274947,3.578513
MED00254,7,2026-10-12,Post-Monsoon,2.020286,-0.980754,0.375028
MED00255,7,2026-10-12,Post-Monsoon,2.020286,1.483358,4.407722
MED00256,7,2026-10-12,Post-Monsoon,2.020286,0.78899,2.201171
MED00257,7,2026-10-12,Post-Monsoon,2.020286,1.395029,4.035092
MED00258,7,2026-10-12,Post-Monsoon,2.020286,0.736544,2.088705
MED00259,7,2026-10-12,Post-Monsoon,2.020286,0.775928,2.172608
MED00260,7,2026-10-12,Post-Monsoon,2.020286,-0.814039,0.443065
MED00261,7,2026-10-12,Post-Monsoon,2.020286,-0.331121,0.718118
MED00262,7,2026-10-12,Post-Monsoon,2.020286,1.100394,3.005349
MED00263,7,2026-10-12,Post-Monsoon,2.020286,1.042954,2.837588
MED00264,7,2026-10-12,Post-Monsoon,2.020286,-1.300433,0.272414
MED00265,7,2026-10-12,Post-Monsoon,2.020286,1.812723,6.127109
MED00266,7,2026-10-12,Post-Monsoon,2.020286,2.572908,13.103877
MED00267,7,2026-10-12,Post-Monsoon,2.020286,1.465846,4.331208
MED00268,7,2026-10-12,Post-Monsoon,2.020286,0.775745,2.172211
MED00269,7,2026-10-12,Post-Monsoon,2.020286,0.778164,2.177472
MED00270,7,2026-10-12,Post-Monsoon,2.020286,0.853223,2.3472
MED00271,7,2026-10-12,Post-Monsoon,2.020286,0.442299,1.55628
MED00272,7,2026-10-12,Post-Monsoon,2.020286,1.322511,3.752833
MED00273,7,2026-10-12,Post-Monsoon,2.020286,1.126467,3.08474
MED00274,7,2026-10-12,Post-Monsoon,2.020286,-0.691511,0.500819
MED00275,7,2026-10-12,Post-Monsoon,2.020286,2.414815,11.187697
MED00276,7,2026-10-12,Post-Monsoon,2.020286,0.640534,1.897493
MED00277,7,2026-10-12,Post-Monsoon,2.020286,-1.645304,0.192954
MED00278,7,2026-10-12,Post-Monsoon,2.020286,2.069575,7.921458
MED00279,7,2026-10-12,Post-Monsoon,2.020286,2.983347,19.75382
MED00280,7,2026-10-12,Post-Monsoon,2.020286,-1.540251,0.214327
MED00281,7,2026-10-12,Post-Monsoon,2.020286,2.608504,13.578719
MED00282,7,2026-10-12,Post-Monsoon,2.020286,1.20371,3.332456
MED00283,7,2026-10-12,Post-Monsoon,2.020286,0.767014,2.153327
MED00284,7,2026-10-12,Post-Monsoon,2.020286,0.294263,1.342137
MED00285,7,2026-10-12,Post-Monsoon,2.020286,1.616553,5.035702
MED00286,7,2026-10-12,Post-Monsoon,2.020286,1.403794,4.070614
MED00287,7,2026-10-12,Post-Monsoon,2.020286,1.102583,3.011936
MED00288,7,2026-10-12,Post-Monsoon,2.020286,3.726076,41.515854
MED00289,7,2026-10-12,Post-Monsoon,2.020286,1.356547,3.882762
MED00290,7,2026-10-12,Post-Monsoon,2.020286,0.5986,1.81957
MED00291,7,2026-10-12,Post-Monsoon,2.020286,2.239725,9.39075
MED00292,7,2026-10-12,Post-Monsoon,2.020286,0.50806,1.662063
MED00293,7,2026-10-12,Post-Monsoon,2.020286,1.507623,4.515984
MED00294,7,2026-10-12,Post-Monsoon,2.020286,0.200881,1.222479
MED00295,7,2026-10-12,Post-Monsoon,2.020286,-1.318361,0.267574
MED00296,7,2026-10-12,Post-Monsoon,2.020286,1.339001,3.815229
MED00297,7,2026-10-12,Post-Monsoon,2.020286,1.758172,5.80182
MED00298,7,2026-10-12,Post-Monsoon,2.020286,0.763641,2.146076
MED00299,7,2026-10-12,Post-Monsoon,2.020286,-0.936119,0.392147
MED00300,7,2026-10-12,Post-Monsoon,2.020286,0.630551,1.878646
MED00301,7,2026-10-12,Post-Monsoon,2.020286,1.553113,4.726158
MED00302,7,2026-10-12,Post-Monsoon,2.020286,2.15235,8.605061
MED00303,7,2026-10-12,Post-Monsoon,2.020286,1.010639,2.747356
MED00304,7,2026-10-12,Post-Monsoon,2.020286,1.291413,3.637923
MED00305,7,2026-10-12,Post-Monsoon,2.020286,0.592425,1.808368
MED00306,7,2026-10-12,Post-Monsoon,2.020286,-1.016686,0.361792
MED00307,7,2026-10-12,Post-Monsoon,2.020286,3.237719,25.475548
MED00308,7,2026-10-12,Post-Monsoon,2.020286,-0.331574,0.717793
MED00309,7,2026-10-12,Post-Monsoon,2.020286,1.070312,2.916288
MED00310,7,2026-10-12,Post-Monsoon,2.020286,1.220089,3.38749
MED00311,7,2026-10-12,Post-Monsoon,2.020286,1.090952,2.977108
MED00312,7,2026-10-12,Post-Monsoon,2.020286,-0.605583,0.545756
MED00313,7,2026-10-12,Post-Monsoon,2.020286,-0.847878,0.428323
MED00314,7,2026-10-12,Post-Monsoon,2.020286,2.339821,10.379377
MED00315,7,2026-10-12,Post-Monsoon,2.020286,2.226464,9.267045
MED00316,7,2026-10-12,Post-Monsoon,2.020286,1.012377,2.752136
MED00317,7,2026-10-12,Post-Monsoon,2.020286,0.755233,2.128108
MED00318,7,2026-10-12,Post-Monsoon,2.020286,0.904999,2.47193
MED00319,7,2026-10-12,Post-Monsoon,2.020286,2.401374,11.038339
MED00320,7,2026-10-12,Post-Monsoon,2.020286,1.721427,5.592501
MED00321,7,2026-10-12,Post-Monsoon,2.020286,-0.479889,0.618852
MED00322,7,2026-10-12,Post-Monsoon,2.020286,-1.764647,0.171247
MED00323,7,2026-10-12,Post-Monsoon,2.020286,0.003348,1.003354
MED00324,7,2026-10-12,Post-Monsoon,2.020286,0.307762,1.360377
MED00325,7,2026-10-12,Post-Monsoon,2.020286,1.857651,6.408666
MED00326,7,2026-10-12,Post-Monsoon,2.020286,2.181885,8.862999
MED00327,7,2026-10-12,Post-Monsoon,2.020286,1.069805,2.914811
MED00328,7,2026-10-12,Post-Monsoon,2.020286,1.372821,3.946468
MED00329,7,2026-10-12,Post-Monsoon,2.020286,2.383938,10.847537
MED00330,7,2026-10-12,Post-Monsoon,2.020286,1.399047,4.051336
MED00331,7,2026-10-12,Post-Monsoon,2.020286,0.644516,1.905064
MED00332,7,2026-10-12,Post-Monsoon,2.020286,1.048795,2.85421
MED00333,7,2026-10-12,Post-Monsoon,2.020286,0.902939,2.466843
MED00334,7,2026-10-12,Post-Monsoon,2.020286,2.288968,9.864751
MED00335,7,2026-10-12,Post-Monsoon,2.020286,1.688761,5.412772
MED00336,7,2026-10-12,Post-Monsoon,2.020286,2.210632,9.121485
MED00337,7,2026-10-12,Post-Monsoon,2.020286,4.109938,60.942917
MED00338,7,2026-10-12,Post-Monsoon,2.020286,2.231929,9.317825
MED00339,7,2026-10-12,Post-Monsoon,2.020286,0.569732,1.767793
MED00340,7,2026-10-12,Post-Monsoon,2.020286,0.593314,1.809977
MED00341,7,2026-10-12,Post-Monsoon,2.020286,1.605874,4.98221
MED00342,7,2026-10-12,Post-Monsoon,2.020286,0.745147,2.106752
MED00343,7,2026-10-12,Post-Monsoon,2.020286,2.310739,10.081873
MED00344,7,2026-10-12,Post-Monsoon,2.020286,1.411797,4.10332
MED00345,7,2026-10-12,Post-Monsoon,2.020286,-1.727421,0.177742
MED00346,7,2026-10-12,Post-Monsoon,2.020286,1.121156,3.068398
MED00347,7,2026-10-12,Post-Monsoon,2.020286,-1.82694,0.160905
MED00348,7,2026-10-12,Post-Monsoon,2.020286,0.547449,1.728837
MED00349,7,2026-10-12,Post-Monsoon,2.020286,0.830815,2.295189
MED00350,7,2026-10-12,Post-Monsoon,2.020286,-0.005289,0.994725
MED00351,7,2026-10-12,Post-Monsoon,2.020286,-0.51631,0.596718
MED00352,7,2026-10-12,Post-Monsoon,2.020286,-1.719269,0.179197
MED00353,7,2026-10-12,Post-Monsoon,2.020286,-0.233357,0.791871
MED00354,7,2026-10-12,Post-Monsoon,2.020286,-0.205462,0.814271
MED00355,7,2026-10-12,Post-Monsoon,2.020286,2.212188,9.135686
MED00356,7,2026-10-12,Post-Monsoon,2.020286,0.688641,1.991008
MED00357,7,2026-10-12,Post-Monsoon,2.020286,-1.574724,0.207065
MED00358,7,2026-10-12,Post-Monsoon,2.020286,1.575029,4.83088
MED00359,7,2026-10-12,Post-Monsoon,2.020286,0.734944,2.085366
MED00360,7,2026-10-12,Post-Monsoon,2.020286,0.937723,2.55416
MED00361,7,2026-10-12,Post-Monsoon,2.020286,0.794501,2.213337
MED00362,7,2026-10-12,Post-Monsoon,2.020286,0.859856,2.36282
MED00363,7,2026-10-12,Post-Monsoon,2.020286,0.541116,1.717923
MED00364,7,2026-10-12,Post-Monsoon,2.020286,-1.884238,0.151945
MED00365,7,2026-10-12,Post-Monsoon,2.020286,0.76849,2.156508
MED00366,7,2026-10-12,Post-Monsoon,2.020286,2.257801,9.562042
MED00367,7,2026-10-12,Post-Monsoon,2.020286,0.758727,2.135556
MED00368,7,2026-10-12,Post-Monsoon,2.020286,1.006855,2.73698
MED00369,7,2026-10-12,Post-Monsoon,2.020286,1.22881,3.417159
MED00370,7,2026-10-12,Post-Monsoon,2.020286,-0.786449,0.455459
MED00371,7,2026-10-12,Post-Monsoon,2.020286,2.721696,15.206085
MED00372,7,2026-10-12,Post-Monsoon,2.020286,-1.556688,0.210833
MED00373,7,2026-10-12,Post-Monsoon,2.020286,-0.501644,0.605534
MED00374,7,2026-10-12,Post-Monsoon,2.020286,0.68052,1.974905
MED00375,7,2026-10-12,Post-Monsoon,2.020286,2.727678,15.297334
MED00376,7,2026-10-12,Post-Monsoon,2.020286,0.726751,2.06835
MED00377,7,2026-10-12,Post-Monsoon,2.020286,-0.70339,0.494905
MED00378,7,2026-10-12,Post-Monsoon,2.020286,0.742826,2.101867
MED00379,7,2026-10-12,Post-Monsoon,2.020286,-0.615171,0.540549
MED00380,7,2026-10-12,Post-Monsoon,2.020286,-0.528339,0.589584
MED00381,7,2026-10-12,Post-Monsoon,2.020286,0.327171,1.387039
MED00382,7,2026-10-12,Post-Monsoon,2.020286,0.7702,2.160198
MED00383,7,2026-10-12,Post-Monsoon,2.020286,1.864622,6.453494
MED00384,7,2026-10-12,Post-Monsoon,2.020286,0.71504,2.044269
MED00385,7,2026-10-12,Post-Monsoon,2.020286,2.881424,17.839663
MED00386,7,2026-10-12,Post-Monsoon,2.020286,2.640541,14.020791
MED00387,7,2026-10-12,Post-Monsoon,2.020286,2.889066,17.976515
MED00388,7,2026-10-12,Post-Monsoon,2.020286,4.592554,98.74636
MED00389,7,2026-10-12,Post-Monsoon,2.020286,2.156911,8.644397
MED00390,7,2026-10-12,Post-Monsoon,2.020286,2.908438,18.328142
MED00391,7,2026-10-12,Post-Monsoon,2.020286,2.823164,16.830008
MED00392,7,2026-10-12,Post-Monsoon,2.020286,2.822095,16.812029
MED00393,7,2026-10-12,Post-Monsoon,2.020286,2.434517,11.410305
MED00394,7,2026-10-12,Post-Monsoon,2.020286,2.620486,13.742408
MED00395,7,2026-10-12,Post-Monsoon,2.020286,2.82921,16.932089
MED00396,7,2026-10-12,Post-Monsoon,2.020286,3.979955,53.514626
MED00397,7,2026-10-12,Post-Monsoon,2.020286,3.824046,45.78907
MED00398,7,2026-10-12,Post-Monsoon,2.020286,4.674231,107.15014
MED00399,7,2026-10-12,Post-Monsoon,2.020286,4.518344,91.68359
MED00400,7,2026-10-12,Post-Monsoon,2.020286,4.275216,71.89564
MED00401,7,2026-10-12,Post-Monsoon,2.020286,2.540758,12.689287
MED00402,7,2026-10-12,Post-Monsoon,2.020286,2.858278,17.431484
MED00403,7,2026-10-12,Post-Monsoon,2.020286,2.45796,11.680957
MED00404,7,2026-10-12,Post-Monsoon,2.020286,1.51679,4.557574
MED00405,7,2026-10-12,Post-Monsoon,2.020286,1.930324,6.891745
MED00406,7,2026-10-12,Post-Monsoon,2.020286,2.97516,19.592756
MED00407,7,2026-10-12,Post-Monsoon,2.020286,2.836172,17.05037
MED00408,7,2026-10-12,Post-Monsoon,2.020286,1.874758,6.519244
MED00409,7,2026-10-12,Post-Monsoon,2.020286,2.229113,9.291622
MED00410,7,2026-10-12,Post-Monsoon,2.020286,2.079149,7.99766
MED00411,7,2026-10-12,Post-Monsoon,2.020286,2.845482,17.209854
MED00412,7,2026-10-12,Post-Monsoon,2.020286,2.505211,12.246147
MED00413,7,2026-10-12,Post-Monsoon,2.020286,2.502214,12.209498
MED00414,7,2026-10-12,Post-Monsoon,2.020286,2.878456,17.786795
MED00415,7,2026-10-12,Post-Monsoon,2.020286,2.553595,12.853232
MED00416,7,2026-10-12,Post-Monsoon,2.020286,2.788579,16.257896
MED00417,7,2026-10-12,Post-Monsoon,2.020286,1.937128,6.938797
MED00418,7,2026-10-12,Post-Monsoon,2.020286,1.952606,7.047027
MED00419,7,2026-10-12,Post-Monsoon,2.020286,2.108696,8.23749
MED00420,7,2026-10-12,Post-Monsoon,2.020286,2.884975,17.90312
MED00421,7,2026-10-12,Post-Monsoon,2.020286,2.930924,18.744946
MED00422,7,2026-10-12,Post-Monsoon,2.020286,2.795136,16.364862
MED00423,7,2026-10-12,Post-Monsoon,2.020286,2.478727,11.926077
MED00424,7,2026-10-12,Post-Monsoon,2.020286,4.244156,69.69687
MED00001,8,2026-10-19,Post-Monsoon,2.020286,2.544914,12.742135
MED00002,8,2026-10-19,Post-Monsoon,2.020286,-2.364705,0.093977
MED00003,8,2026-10-19,Post-Monsoon,2.020286,-1.21072,0.297983
MED00004,8,2026-10-19,Post-Monsoon,2.020286,-0.368869,0.691516
MED00005,8,2026-10-19,Post-Monsoon,2.020286,0.681419,1.976681
MED00006,8,2026-10-19,Post-Monsoon,2.020286,0.502987,1.653653
MED00007,8,2026-10-19,Post-Monsoon,2.020286,1.400492,4.057195
MED00008,8,2026-10-19,Post-Monsoon,2.020286,-0.427616,0.652062
MED00009,8,2026-10-19,Post-Monsoon,2.020286,1.130529,3.097294
MED00010,8,2026-10-19,Post-Monsoon,2.020286,1.430357,4.180192
MED00011,8,2026-10-19,Post-Monsoon,2.020286,2.949908,19.104206
MED00012,8,2026-10-19,Post-Monsoon,2.020286,0.726014,2.066827
MED00013,8,2026-10-19,Post-Monsoon,2.020286,1.371243,3.940246
MED00014,8,2026-10-19,Post-Monsoon,2.020286,2.78195,16.150492
MED00015,8,2026-10-19,Post-Monsoon,2.020286,-0.659598,0.517059
MED00016,8,2026-10-19,Post-Monsoon,2.020286,0.716123,2.046484
MED00017,8,2026-10-19,Post-Monsoon,2.020286,0.624888,1.868037
MED00018,8,2026-10-19,Post-Monsoon,2.020286,4.300736,73.75405
MED00019,8,2026-10-19,Post-Monsoon,2.020286,3.899254,49.365623
MED00020,8,2026-10-19,Post-Monsoon,2.020286,2.258738,9.571008
MED00021,8,2026-10-19,Post-Monsoon,2.020286,1.2795,3.594844
MED00022,8,2026-10-19,Post-Monsoon,2.020286,0.807106,2.241412
MED00023,8,2026-10-19,Post-Monsoon,2.020286,0.173797,1.189814
MED00024,8,2026-10-19,Post-Monsoon,2.020286,0.993362,2.700297
MED00025,8,2026-10-19,Post-Monsoon,2.020286,-2.455053,0.085859
MED00026,8,2026-10-19,Post-Monsoon,2.020286,-0.983234,0.374099
MED00027,8,2026-10-19,Post-Monsoon,2.020286,-1.594848,0.202939
MED00028,8,2026-10-19,Post-Monsoon,2.020286,-0.617107,0.539503
MED00029,8,2026-10-19,Post-Monsoon,2.020286,2.443283,11.51077
MED00030,8,2026-10-19,Post-Monsoon,2.020286,1.327614,3.772032
MED00031,8,2026-10-19,Post-Monsoon,2.020286,1.094652,2.988142
MED00032,8,2026-10-19,Post-Monsoon,2.020286,0.828132,2.289039
MED00033,8,2026-10-19,Post-Monsoon,2.020286,-0.110446,0.895434
MED00034,8,2026-10-19,Post-Monsoon,2.020286,2.950873,19.122648
MED00035,8,2026-10-19,Post-Monsoon,2.020286,-0.910041,0.402508
MED00036,8,2026-10-19,Post-Monsoon,2.020286,0.404605,1.498711
MED00037,8,2026-10-19,Post-Monsoon,2.020286,1.427557,4.168505
MED00038,8,2026-10-19,Post-Monsoon,2.020286,2.553867,12.85673
MED00039,8,2026-10-19,Post-Monsoon,2.020286,-0.018423,0.981746
MED00040,8,2026-10-19,Post-Monsoon,2.020286,-0.611164,0.542719
MED00041,8,2026-10-19,Post-Monsoon,2.020286,-0.668598,0.512426
MED00042,8,2026-10-19,Post-Monsoon,2.020286,1.183894,3.267072
MED00043,8,2026-10-19,Post-Monsoon,2.020286,-0.873641,0.417429
MED00044,8,2026-10-19,Post-Monsoon,2.020286,0.646261,1.908392
MED00045,8,2026-10-19,Post-Monsoon,2.020286,0.54005,1.716093
MED00046,8,2026-10-19,Post-Monsoon,2.020286,0.83093,2.295453
MED00047,8,2026-10-19,Post-Monsoon,2.020286,1.671986,5.322726
MED00048,8,2026-10-19,Post-Monsoon,2.020286,2.50415,12.233152
MED00049,8,2026-10-19,Post-Monsoon,2.020286,-1.770752,0.170205
MED00050,8,2026-10-19,Post-Monsoon,2.020286,0.989108,2.688836
MED00051,8,2026-10-19,Post-Monsoon,2.020286,-2.146452,0.116898
MED00052,8,2026-10-19,Post-Monsoon,2.020286,-0.787098,0.455164
MED00053,8,2026-10-19,Post-Monsoon,2.020286,1.694842,5.445784
MED00054,8,2026-10-19,Post-Monsoon,2.020286,1.74325,5.715888
MED00055,8,2026-10-19,Post-Monsoon,2.020286,-0.190107,0.82687
MED00056,8,2026-10-19,Post-Monsoon,2.020286,-0.54577,0.579395
MED00057,8,2026-10-19,Post-Monsoon,2.020286,-0.829292,0.436358
MED00058,8,2026-10-19,Post-Monsoon,2.020286,0.502452,1.652769
MED00059,8,2026-10-19,Post-Monsoon,2.020286,2.041866,7.704976
MED00060,8,2026-10-19,Post-Monsoon,2.020286,1.728783,5.633792
MED00061,8,2026-10-19,Post-Monsoon,2.020286,-0.507764,0.60184
MED00062,8,2026-10-19,Post-Monsoon,2.020286,2.514059,12.354975
MED00063,8,2026-10-19,Post-Monsoon,2.020286,-2.234756,0.107018
MED00064,8,2026-10-19,Post-Monsoon,2.020286,3.156251,23.48239
MED00065,8,2026-10-19,Post-Monsoon,2.020286,4.135761,62.53715
MED00066,8,2026-10-19,Post-Monsoon,2.020286,-0.789884,0.453898
MED00067,8,2026-10-19,Post-Monsoon,2.020286,0.703126,2.020056
MED00068,8,2026-10-19,Post-Monsoon,2.020286,1.13729,3.118305
MED00069,8,2026-10-19,Post-Monsoon,2.020286,0.537977,1.712538
MED00070,8,2026-10-19,Post-Monsoon,2.020286,2.436175,11.429238
MED00071,8,2026-10-19,Post-Monsoon,2.020286,0.719174,2.052738
MED00072,8,2026-10-19,Post-Monsoon,2.020286,0.750846,2.118792
MED00073,8,2026-10-19,Post-Monsoon,2.020286,1.106985,3.025223
MED00074,8,2026-10-19,Post-Monsoon,2.020286,1.019493,2.771788
MED00075,8,2026-10-19,Post-Monsoon,2.020286,1.121275,3.068763
MED00076,8,2026-10-19,Post-Monsoon,2.020286,-1.534576,0.215547
MED00077,8,2026-10-19,Post-Monsoon,2.020286,1.275451,3.580315
MED00078,8,2026-10-19,Post-Monsoon,2.020286,1.02794,2.795302
MED00079,8,2026-10-19,Post-Monsoon,2.020286,3.03339,20.767527
MED00080,8,2026-10-19,Post-Monsoon,2.020286,1.138384,3.12172
MED00081,8,2026-10-19,Post-Monsoon,2.020286,-1.075812,0.341021
MED00082,8,2026-10-19,Post-Monsoon,2.020286,0.950546,2.587123
MED00083,8,2026-10-19,Post-Monsoon,2.020286,1.077141,2.936272
MED00084,8,2026-10-19,Post-Monsoon,2.020286,3.799601,44.683346
MED00085,8,2026-10-19,Post-Monsoon,2.020286,0.717611,2.049531
MED00086,8,2026-10-19,Post-Monsoon,2.020286,-1.002753,0.366868
MED00087,8,2026-10-19,Post-Monsoon,2.020286,0.532452,1.703103
MED00088,8,2026-10-19,Post-Monsoon,2.020286,3.376852,29.278458
MED00089,8,2026-10-19,Post-Monsoon,2.020286,2.701718,14.905314
MED00090,8,2026-10-19,Post-Monsoon,2.020286,0.950348,2.586611
MED00091,8,2026-10-19,Post-Monsoon,2.020286,0.73925,2.094365
MED00092,8,2026-10-19,Post-Monsoon,2.020286,0.414469,1.513567
MED00093,8,2026-10-19,Post-Monsoon,2.020286,-1.2659,0.281985
MED00094,8,2026-10-19,Post-Monsoon,2.020286,-0.538284,0.583749
MED00095,8,2026-10-19,Post-Monsoon,2.020286,1.057454,2.879032
MED00096,8,2026-10-19,Post-Monsoon,2.020286,2.646041,14.098112
MED00097,8,2026-10-19,Post-Monsoon,2.020286,-0.895846,0.408262
MED00098,8,2026-10-19,Post-Monsoon,2.020286,2.064922,7.884684
MED00099,8,2026-10-19,Post-Monsoon,2.020286,-1.476741,0.228381
MED00100,8,2026-10-19,Post-Monsoon,2.020286,-1.868902,0.154293
MED00101,8,2026-10-19,Post-Monsoon,2.020286,1.36103,3.900208
MED00102,8,2026-10-19,Post-Monsoon,2.020286,1.44072,4.223737
MED00103,8,2026-10-19,Post-Monsoon,2.020286,1.021622,2.777696
MED00104,8,2026-10-19,Post-Monsoon,2.020286,1.979158,7.236651
MED00105,8,2026-10-19,Post-Monsoon,2.020286,2.418958,11.234149
MED00106,8,2026-10-19,Post-Monsoon,2.020286,-2.102594,0.122139
MED00107,8,2026-10-19,Post-Monsoon,2.020286,2.042947,7.713306
MED00108,8,2026-10-19,Post-Monsoon,2.020286,1.03214,2.807066
MED00109,8,2026-10-19,Post-Monsoon,2.020286,-0.792578,0.452676
MED00110,8,2026-10-19,Post-Monsoon,2.020286,-0.984122,0.373767
MED00111,8,2026-10-19,Post-Monsoon,2.020286,-0.395092,0.673618
MED00112,8,2026-10-19,Post-Monsoon,2.020286,0.997934,2.712671
MED00113,8,2026-10-19,Post-Monsoon,2.020286,0.617473,1.854237
MED00114,8,2026-10-19,Post-Monsoon,2.020286,2.513368,12.346436
MED00115,8,2026-10-19,Post-Monsoon,2.020286,0.689259,1.992238
MED00116,8,2026-10-19,Post-Monsoon,2.020286,1.998889,7.380852
MED00117,8,2026-10-19,Post-Monsoon,2.020286,0.560789,1.752055
MED00118,8,2026-10-19,Post-Monsoon,2.020286,0.526235,1.692548
MED00119,8,2026-10-19,Post-Monsoon,2.020286,0.697889,2.009507
MED00120,8,2026-10-19,Post-Monsoon,2.020286,2.41229,11.159489
MED00121,8,2026-10-19,Post-Monsoon,2.020286,1.21329,3.364537
MED00122,8,2026-10-19,Post-Monsoon,2.020286,0.834408,2.30345
MED00123,8,2026-10-19,Post-Monsoon,2.020286,-0.190053,0.826915
MED00124,8,2026-10-19,Post-Monsoon,2.020286,2.020243,7.540158
MED00125,8,2026-10-19,Post-Monsoon,2.020286,-1.390446,0.248964
MED00126,8,2026-10-19,Post-Monsoon,2.020286,-0.416602,0.659283
MED00127,8,2026-10-19,Post-Monsoon,2.020286,0.719071,2.052526
MED00128,8,2026-10-19,Post-Monsoon,2.020286,0.717009,2.048297
MED00129,8,2026-10-19,Post-Monsoon,2.020286,0.566794,1.762608
MED00130,8,2026-10-19,Post-Monsoon,2.020286,-1.766208,0.17098
MED00131,8,2026-10-19,Post-Monsoon,2.020286,0.733681,2.082733
MED00132,8,2026-10-19,Post-Monsoon,2.020286,-0.698404,0.497379
MED00133,8,2026-10-19,Post-Monsoon,2.020286,-0.536991,0.584504
MED00134,8,2026-10-19,Post-Monsoon,2.020286,-0.848732,0.427957
MED00135,8,2026-10-19,Post-Monsoon,2.020286,2.608386,13.577117
MED00136,8,2026-10-19,Post-Monsoon,2.020286,0.451687,1.57096
MED00137,8,2026-10-19,Post-Monsoon,2.020286,0.836909,2.309219
MED00138,8,2026-10-19,Post-Monsoon,2.020286,0.720309,2.055067
MED00139,8,2026-10-19,Post-Monsoon,2.020286,1.139807,3.126165
MED00140,8,2026-10-19,Post-Monsoon,2.020286,0.610117,1.840647
MED00141,8,2026-10-19,Post-Monsoon,2.020286,1.480622,4.395678
MED00142,8,2026-10-19,Post-Monsoon,2.020286,-0.854193,0.425626
MED00143,8,2026-10-19,Post-Monsoon,2.020286,0.632006,1.881381
MED00144,8,2026-10-19,Post-Monsoon,2.020286,1.75757,5.79833
MED00145,8,2026-10-19,Post-Monsoon,2.020286,-0.456685,0.63338
MED00146,8,2026-10-19,Post-Monsoon,2.020286,0.488848,1.630437
MED00147,8,2026-10-19,Post-Monsoon,2.020286,0.619274,1.857579
MED00148,8,2026-10-19,Post-Monsoon,2.020286,1.76843,5.861646
MED00149,8,2026-10-19,Post-Monsoon,2.020286,1.300764,3.672102
MED00150,8,2026-10-19,Post-Monsoon,2.020286,0.444918,1.560362
MED00151,8,2026-10-19,Post-Monsoon,2.020286,0.729879,2.074829
MED00152,8,2026-10-19,Post-Monsoon,2.020286,0.795221,2.21493
MED00153,8,2026-10-19,Post-Monsoon,2.020286,0.779769,2.180969
MED00154,8,2026-10-19,Post-Monsoon,2.020286,2.696412,14.826437
MED00155,8,2026-10-19,Post-Monsoon,2.020286,0.684493,1.982766
MED00156,8,2026-10-19,Post-Monsoon,2.020286,0.912486,2.490506
MED00157,8,2026-10-19,Post-Monsoon,2.020286,1.506422,4.510564
MED00158,8,2026-10-19,Post-Monsoon,2.020286,-1.266973,0.281683
MED00159,8,2026-10-19,Post-Monsoon,2.020286,2.415048,11.190314
MED00160,8,2026-10-19,Post-Monsoon,2.020286,1.291239,3.63729
MED00161,8,2026-10-19,Post-Monsoon,2.020286,1.762428,5.826566
MED00162,8,2026-10-19,Post-Monsoon,2.020286,0.746086,2.108729
MED00163,8,2026-10-19,Post-Monsoon,2.020286,-1.037934,0.354186
MED00164,8,2026-10-19,Post-Monsoon,2.020286,0.661844,1.938364
MED00165,8,2026-10-19,Post-Monsoon,2.020286,2.280165,9.778296
MED00166,8,2026-10-19,Post-Monsoon,2.020286,0.736261,2.088114
MED00167,8,2026-10-19,Post-Monsoon,2.020286,0.589843,1.803704
MED00168,8,2026-10-19,Post-Monsoon,2.020286,0.678185,1.970298
MED00169,8,2026-10-19,Post-Monsoon,2.020286,0.585869,1.796552
MED00170,8,2026-10-19,Post-Monsoon,2.020286,0.621432,1.861593
MED00171,8,2026-10-19,Post-Monsoon,2.020286,0.790608,2.204736
MED00172,8,2026-10-19,Post-Monsoon,2.020286,0.552094,1.736886
MED00173,8,2026-10-19,Post-Monsoon,2.020286,0.766283,2.151753
MED00174,8,2026-10-19,Post-Monsoon,2.020286,1.757052,5.795329
MED00175,8,2026-10-19,Post-Monsoon,2.020286,0.08383,1.087444
MED00176,8,2026-10-19,Post-Monsoon,2.020286,2.576739,13.15417
MED00177,8,2026-10-19,Post-Monsoon,2.020286,-1.427861,0.239821
MED00178,8,2026-10-19,Post-Monsoon,2.020286,0.631505,1.880439
MED00179,8,2026-10-19,Post-Monsoon,2.020286,-0.763736,0.465922
MED00180,8,2026-10-19,Post-Monsoon,2.020286,0.691614,1.996936
MED00181,8,2026-10-19,Post-Monsoon,2.020286,1.092773,2.982534
MED00182,8,2026-10-19,Post-Monsoon,2.020286,-1.312061,0.269264
MED00183,8,2026-10-19,Post-Monsoon,2.020286,2.721589,15.204461
MED00184,8,2026-10-19,Post-Monsoon,2.020286,1.93176,6.901647
MED00185,8,2026-10-19,Post-Monsoon,2.020286,0.527094,1.694002
MED00186,8,2026-10-19,Post-Monsoon,2.020286,0.636113,1.889123
MED00187,8,2026-10-19,Post-Monsoon,2.020286,0.945786,2.574837
MED00188,8,2026-10-19,Post-Monsoon,2.020286,1.181963,3.260768
MED00189,8,2026-10-19,Post-Monsoon,2.020286,-1.645304,0.192954
MED00190,8,2026-10-19,Post-Monsoon,2.020286,0.73866,2.09313
MED00191,8,2026-10-19,Post-Monsoon,2.020286,2.381337,10.819358
MED00192,8,2026-10-19,Post-Monsoon,2.020286,-1.769818,0.170364
MED00193,8,2026-10-19,Post-Monsoon,2.020286,-2.484629,0.083356
MED00194,8,2026-10-19,Post-Monsoon,2.020286,1.897261,6.667608
MED00195,8,2026-10-19,Post-Monsoon,2.020286,1.802428,6.064356
MED00196,8,2026-10-19,Post-Monsoon,2.020286,1.896059,6.659598
MED00197,8,2026-10-19,Post-Monsoon,2.020286,1.907697,6.737556
MED00198,8,2026-10-19,Post-Monsoon,2.020286,0.539413,1.715
MED00199,8,2026-10-19,Post-Monsoon,2.020286,0.362547,1.436984
MED00200,8,2026-10-19,Post-Monsoon,2.020286,0.589307,1.802738
MED00201,8,2026-10-19,Post-Monsoon,2.020286,2.117104,8.30705
MED00202,8,2026-10-19,Post-Monsoon,2.020286,0.60442,1.830191
MED00203,8,2026-10-19,Post-Monsoon,2.020286,0.749587,2.116126
MED00204,8,2026-10-19,Post-Monsoon,2.020286,0.731795,2.078808
MED00205,8,2026-10-19,Post-Monsoon,2.020286,2.443529,11.513599
MED00206,8,2026-10-19,Post-Monsoon,2.020286,-0.021311,0.978915
MED00207,8,2026-10-19,Post-Monsoon,2.020286,0.632636,1.882566
MED00208,8,2026-10-19,Post-Monsoon,2.020286,2.428278,11.339344
MED00209,8,2026-10-19,Post-Monsoon,2.020286,0.875325,2.399655
MED00210,8,2026-10-19,Post-Monsoon,2.020286,0.196435,1.217056
MED00211,8,2026-10-19,Post-Monsoon,2.020286,0.754498,2.126544
MED00212,8,2026-10-19,Post-Monsoon,2.020286,0.693617,2.00094
MED00213,8,2026-10-19,Post-Monsoon,2.020286,0.078198,1.081337
MED00214,8,2026-10-19,Post-Monsoon,2.020286,2.287421,9.849501
MED00215,8,2026-10-19,Post-Monsoon,2.020286,0.799679,2.224827
MED00216,8,2026-10-19,Post-Monsoon,2.020286,-2.540066,0.078861
MED00217,8,2026-10-19,Post-Monsoon,2.020286,-1.500807,0.22295
MED00218,8,2026-10-19,Post-Monsoon,2.020286,1.456442,4.290666
MED00219,8,2026-10-19,Post-Monsoon,2.020286,2.656868,14.25159
MED00220,8,2026-10-19,Post-Monsoon,2.020286,0.682248,1.978319
MED00221,8,2026-10-19,Post-Monsoon,2.020286,1.093982,2.986141
MED00222,8,2026-10-19,Post-Monsoon,2.020286,-0.806873,0.446251
MED00223,8,2026-10-19,Post-Monsoon,2.020286,2.189936,8.934638
MED00224,8,2026-10-19,Post-Monsoon,2.020286,0.589135,1.802429
MED00225,8,2026-10-19,Post-Monsoon,2.020286,1.364684,3.914487
MED00226,8,2026-10-19,Post-Monsoon,2.020286,0.774429,2.169352
MED00227,8,2026-10-19,Post-Monsoon,2.020286,2.748673,15.621891
MED00228,8,2026-10-19,Post-Monsoon,2.020286,0.546143,1.72658
MED00229,8,2026-10-19,Post-Monsoon,2.020286,-0.701078,0.49605
MED00230,8,2026-10-19,Post-Monsoon,2.020286,2.538448,12.660011
MED00231,8,2026-10-19,Post-Monsoon,2.020286,0.506989,1.660284
MED00232,8,2026-10-19,Post-Monsoon,2.020286,1.081992,2.95055
MED00233,8,2026-10-19,Post-Monsoon,2.020286,-0.569947,0.565555
MED00234,8,2026-10-19,Post-Monsoon,2.020286,0.599261,1.820773
MED00235,8,2026-10-19,Post-Monsoon,2.020286,4.248844,70.02445
MED00236,8,2026-10-19,Post-Monsoon,2.020286,0.772956,2.16616
MED00237,8,2026-10-19,Post-Monsoon,2.020286,1.296735,3.657336
MED00238,8,2026-10-19,Post-Monsoon,2.020286,0.636962,1.890729
MED00239,8,2026-10-19,Post-Monsoon,2.020286,1.184568,3.269272
MED00240,8,2026-10-19,Post-Monsoon,2.020286,1.330867,3.784322
MED00241,8,2026-10-19,Post-Monsoon,2.020286,0.874,2.396477
MED00242,8,2026-10-19,Post-Monsoon,2.020286,2.239002,9.383959
MED00243,8,2026-10-19,Post-Monsoon,2.020286,-2.12623,0.119286
MED00244,8,2026-10-19,Post-Monsoon,2.020286,0.715956,2.046143
MED00245,8,2026-10-19,Post-Monsoon,2.020286,4.257147,70.60824
MED00246,8,2026-10-19,Post-Monsoon,2.020286,1.615367,5.029732
MED00247,8,2026-10-19,Post-Monsoon,2.020286,2.423334,11.283412
MED00248,8,2026-10-19,Post-Monsoon,2.020286,0.73773,2.091183
MED00249,8,2026-10-19,Post-Monsoon,2.020286,2.989544,19.876616
MED00250,8,2026-10-19,Post-Monsoon,2.020286,2.334158,10.320764
MED00251,8,2026-10-19,Post-Monsoon,2.020286,0.581567,1.788839
MED00252,8,2026-10-19,Post-Monsoon,2.020286,-0.778649,0.459026
MED00253,8,2026-10-19,Post-Monsoon,2.020286,1.2651,3.543445
MED00254,8,2026-10-19,Post-Monsoon,2.020286,-1.015547,0.362204
MED00255,8,2026-10-19,Post-Monsoon,2.020286,1.483358,4.407722
MED00256,8,2026-10-19,Post-Monsoon,2.020286,0.788046,2.199096
MED00257,8,2026-10-19,Post-Monsoon,2.020286,1.396476,4.040935
MED00258,8,2026-10-19,Post-Monsoon,2.020286,0.735601,2.086736
MED00259,8,2026-10-19,Post-Monsoon,2.020286,0.771534,2.163083
MED00260,8,2026-10-19,Post-Monsoon,2.020286,-0.888486,0.411278
MED00261,8,2026-10-19,Post-Monsoon,2.020286,-0.387655,0.678647
MED00262,8,2026-10-19,Post-Monsoon,2.020286,1.101841,3.0097
MED00263,8,2026-10-19,Post-Monsoon,2.020286,1.038455,2.824849
MED00264,8,2026-10-19,Post-Monsoon,2.020286,-1.377435,0.252225
MED00265,8,2026-10-19,Post-Monsoon,2.020286,1.809772,6.109054
MED00266,8,2026-10-19,Post-Monsoon,2.020286,2.58258,13.231232
MED00267,8,2026-10-19,Post-Monsoon,2.020286,1.464903,4.327124
MED00268,8,2026-10-19,Post-Monsoon,2.020286,0.7743,2.169072
MED00269,8,2026-10-19,Post-Monsoon,2.020286,0.777174,2.175317
MED00270,8,2026-10-19,Post-Monsoon,2.020286,0.836416,2.308081
MED00271,8,2026-10-19,Post-Monsoon,2.020286,0.42136,1.524033
MED00272,8,2026-10-19,Post-Monsoon,2.020286,1.322511,3.752833
MED00273,8,2026-10-19,Post-Monsoon,2.020286,1.125641,3.082192
MED00274,8,2026-10-19,Post-Monsoon,2.020286,-0.734859,0.479573
MED00275,8,2026-10-19,Post-Monsoon,2.020286,2.398111,11.002369
MED00276,8,2026-10-19,Post-Monsoon,2.020286,0.630606,1.878749
MED00277,8,2026-10-19,Post-Monsoon,2.020286,-1.645304,0.192954
MED00278,8,2026-10-19,Post-Monsoon,2.020286,2.06347,7.873244
MED00279,8,2026-10-19,Post-Monsoon,2.020286,2.981198,19.711428
MED00280,8,2026-10-19,Post-Monsoon,2.020286,-1.556529,0.210867
MED00281,8,2026-10-19,Post-Monsoon,2.020286,2.572456,13.097955
MED00282,8,2026-10-19,Post-Monsoon,2.020286,1.202766,3.329314
MED00283,8,2026-10-19,Post-Monsoon,2.020286,0.766071,2.151296
MED00284,8,2026-10-19,Post-Monsoon,2.020286,0.293761,1.341463
MED00285,8,2026-10-19,Post-Monsoon,2.020286,1.61506,5.028192
MED00286,8,2026-10-19,Post-Monsoon,2.020286,1.391372,4.020362
MED00287,8,2026-10-19,Post-Monsoon,2.020286,1.101137,3.007584
MED00288,8,2026-10-19,Post-Monsoon,2.020286,3.738692,42.042953
MED00289,8,2026-10-19,Post-Monsoon,2.020286,1.357994,3.888384
MED00290,8,2026-10-19,Post-Monsoon,2.020286,0.597154,1.816941
MED00291,8,2026-10-19,Post-Monsoon,2.020286,2.23325,9.330146
MED00292,8,2026-10-19,Post-Monsoon,2.020286,0.512885,1.670102
MED00293,8,2026-10-19,Post-Monsoon,2.020286,1.494973,4.459215
MED00294,8,2026-10-19,Post-Monsoon,2.020286,0.200881,1.222479
MED00295,8,2026-10-19,Post-Monsoon,2.020286,-1.332078,0.263928
MED00296,8,2026-10-19,Post-Monsoon,2.020286,1.338057,3.811632
MED00297,8,2026-10-19,Post-Monsoon,2.020286,1.744407,5.722508
MED00298,8,2026-10-19,Post-Monsoon,2.020286,0.762195,2.142976
MED00299,8,2026-10-19,Post-Monsoon,2.020286,-0.922844,0.397387
MED00300,8,2026-10-19,Post-Monsoon,2.020286,0.629608,1.876874
MED00301,8,2026-10-19,Post-Monsoon,2.020286,1.551667,4.719331
MED00302,8,2026-10-19,Post-Monsoon,2.020286,2.15235,8.605061
MED00303,8,2026-10-19,Post-Monsoon,2.020286,1.010639,2.747356
MED00304,8,2026-10-19,Post-Monsoon,2.020286,1.291413,3.637923
MED00305,8,2026-10-19,Post-Monsoon,2.020286,0.591481,1.806663
MED00306,8,2026-10-19,Post-Monsoon,2.020286,-1.09061,0.336011
MED00307,8,2026-10-19,Post-Monsoon,2.020286,3.237217,25.462753
MED00308,8,2026-10-19,Post-Monsoon,2.020286,-0.378038,0.685205
MED00309,8,2026-10-19,Post-Monsoon,2.020286,1.070312,2.916288
MED00310,8,2026-10-19,Post-Monsoon,2.020286,1.220089,3.38749
MED00311,8,2026-10-19,Post-Monsoon,2.020286,1.077909,2.938529
MED00312,8,2026-10-19,Post-Monsoon,2.020286,-0.680409,0.50641
MED00313,8,2026-10-19,Post-Monsoon,2.020286,-0.979485,0.375505
MED00314,8,2026-10-19,Post-Monsoon,2.020286,2.349493,10.480252
MED00315,8,2026-10-19,Post-Monsoon,2.020286,2.218972,9.197868
MED00316,8,2026-10-19,Post-Monsoon,2.020286,1.010932,2.74816
MED00317,8,2026-10-19,Post-Monsoon,2.020286,0.75429,2.126102
MED00318,8,2026-10-19,Post-Monsoon,2.020286,0.904497,2.470688
MED00319,8,2026-10-19,Post-Monsoon,2.020286,2.399929,11.022391
MED00320,8,2026-10-19,Post-Monsoon,2.020286,1.722186,5.59675
MED00321,8,2026-10-19,Post-Monsoon,2.020286,-0.611537,0.542516
MED00322,8,2026-10-19,Post-Monsoon,2.020286,-1.752296,0.173375
MED00323,8,2026-10-19,Post-Monsoon,2.020286,-0.057533,0.944091
MED00324,8,2026-10-19,Post-Monsoon,2.020286,0.307762,1.360377
MED00325,8,2026-10-19,Post-Monsoon,2.020286,1.85376,6.383776
MED00326,8,2026-10-19,Post-Monsoon,2.020286,2.18044,8.850195
MED00327,8,2026-10-19,Post-Monsoon,2.020286,1.065772,2.903079
MED00328,8,2026-10-19,Post-Monsoon,2.020286,1.365328,3.917007
MED00329,8,2026-10-19,Post-Monsoon,2.020286,2.383436,10.84209
MED00330,8,2026-10-19,Post-Monsoon,2.020286,1.397759,4.046122
MED00331,8,2026-10-19,Post-Monsoon,2.020286,0.626792,1.871596
MED00332,8,2026-10-19,Post-Monsoon,2.020286,1.046596,2.84794
MED00333,8,2026-10-19,Post-Monsoon,2.020286,0.937385,2.553296
MED00334,8,2026-10-19,Post-Monsoon,2.020286,2.277799,9.755187
MED00335,8,2026-10-19,Post-Monsoon,2.020286,1.700846,5.478583
MED00336,8,2026-10-19,Post-Monsoon,2.020286,2.209689,9.112884
MED00337,8,2026-10-19,Post-Monsoon,2.020286,4.124096,61.81193
MED00338,8,2026-10-19,Post-Monsoon,2.020286,2.241601,9.408382
MED00339,8,2026-10-19,Post-Monsoon,2.020286,0.569732,1.767793
MED00340,8,2026-10-19,Post-Monsoon,2.020286,0.499367,1.647678
MED00341,8,2026-10-19,Post-Monsoon,2.020286,1.604428,4.975012
MED00342,8,2026-10-19,Post-Monsoon,2.020286,0.741617,2.099327
MED00343,8,2026-10-19,Post-Monsoon,2.020286,2.303246,10.006614
MED00344,8,2026-10-19,Post-Monsoon,2.020286,1.411294,4.10126
MED00345,8,2026-10-19,Post-Monsoon,2.020286,-1.728576,0.177537
MED00346,8,2026-10-19,Post-Monsoon,2.020286,1.117264,3.056481
MED00347,8,2026-10-19,Post-Monsoon,2.020286,-1.828096,0.160719
MED00348,8,2026-10-19,Post-Monsoon,2.020286,0.546505,1.727206
MED00349,8,2026-10-19,Post-Monsoon,2.020286,0.829373,2.291882
MED00350,8,2026-10-19,Post-Monsoon,2.020286,-0.147346,0.862996
MED00351,8,2026-10-19,Post-Monsoon,2.020286,-0.64042,0.527071
MED00352,8,2026-10-19,Post-Monsoon,2.020286,-1.682194,0.185966
MED00353,8,2026-10-19,Post-Monsoon,2.020286,-0.343522,0.709268
MED00354,8,2026-10-19,Post-Monsoon,2.020286,-0.315627,0.729332
MED00355,8,2026-10-19,Post-Monsoon,2.020286,2.212188,9.135686
MED00356,8,2026-10-19,Post-Monsoon,2.020286,0.670917,1.956031
MED00357,8,2026-10-19,Post-Monsoon,2.020286,-1.60472,0.200946
MED00358,8,2026-10-19,Post-Monsoon,2.020286,1.578911,4.84967
MED00359,8,2026-10-19,Post-Monsoon,2.020286,0.734001,2.0834
MED00360,8,2026-10-19,Post-Monsoon,2.020286,0.925073,2.522052
MED00361,8,2026-10-19,Post-Monsoon,2.020286,0.793055,2.210139
MED00362,8,2026-10-19,Post-Monsoon,2.020286,0.858912,2.360592
MED00363,8,2026-10-19,Post-Monsoon,2.020286,0.53967,1.715441
MED00364,8,2026-10-19,Post-Monsoon,2.020286,-1.885393,0.151769
MED00365,8,2026-10-19,Post-Monsoon,2.020286,0.764215,2.147309
MED00366,8,2026-10-19,Post-Monsoon,2.020286,2.250308,9.490664
MED00367,8,2026-10-19,Post-Monsoon,2.020286,0.756365,2.130517
MED00368,8,2026-10-19,Post-Monsoon,2.020286,0.96955,2.636758
MED00369,8,2026-10-19,Post-Monsoon,2.020286,1.229766,3.42043
MED00370,8,2026-10-19,Post-Monsoon,2.020286,-0.860065,0.423135
MED00371,8,2026-10-19,Post-Monsoon,2.020286,2.743173,15.536198
MED00372,8,2026-10-19,Post-Monsoon,2.020286,-1.571561,0.207721
MED00373,8,2026-10-19,Post-Monsoon,2.020286,-0.515361,0.597285
MED00374,8,2026-10-19,Post-Monsoon,2.020286,0.680018,1.973913
MED00375,8,2026-10-19,Post-Monsoon,2.020286,2.732901,15.37743
MED00376,8,2026-10-19,Post-Monsoon,2.020286,0.725808,2.066399
MED00377,8,2026-10-19,Post-Monsoon,2.020286,-0.697962,0.497598
MED00378,8,2026-10-19,Post-Monsoon,2.020286,0.740265,2.096491
MED00379,8,2026-10-19,Post-Monsoon,2.020286,-0.75899,0.468139
MED00380,8,2026-10-19,Post-Monsoon,2.020286,-0.652449,0.520769
MED00381,8,2026-10-19,Post-Monsoon,2.020286,0.228454,1.256656
MED00382,8,2026-10-19,Post-Monsoon,2.020286,0.76709,2.15349
MED00383,8,2026-10-19,Post-Monsoon,2.020286,1.862471,6.439627
MED00384,8,2026-10-19,Post-Monsoon,2.020286,0.713594,2.041316
MED00385,8,2026-10-19,Post-Monsoon,2.020286,2.88427,17.890507
MED00386,8,2026-10-19,Post-Monsoon,2.020286,2.620299,13.739833
MED00387,8,2026-10-19,Post-Monsoon,2.020286,2.892856,18.044765
MED00388,8,2026-10-19,Post-Monsoon,2.020286,4.564812,96.04451
MED00389,8,2026-10-19,Post-Monsoon,2.020286,2.158358,8.656917
MED00390,8,2026-10-19,Post-Monsoon,2.020286,2.896782,18.115763
MED00391,8,2026-10-19,Post-Monsoon,2.020286,2.804579,16.520124
MED00392,8,2026-10-19,Post-Monsoon,2.020286,2.805579,16.536652
MED00393,8,2026-10-19,Post-Monsoon,2.020286,2.410936,11.144381
MED00394,8,2026-10-19,Post-Monsoon,2.020286,2.600479,13.470187
MED00395,8,2026-10-19,Post-Monsoon,2.020286,2.810352,16.615763
MED00396,8,2026-10-19,Post-Monsoon,2.020286,3.968508,52.905537
MED00397,8,2026-10-19,Post-Monsoon,2.020286,3.823906,45.782673
MED00398,8,2026-10-19,Post-Monsoon,2.020286,4.676604,107.404686
MED00399,8,2026-10-19,Post-Monsoon,2.020286,4.522619,92.07641
MED00400,8,2026-10-19,Post-Monsoon,2.020286,4.285719,72.65476
MED00401,8,2026-10-19,Post-Monsoon,2.020286,2.525664,12.499185
MED00402,8,2026-10-19,Post-Monsoon,2.020286,2.849821,17.284689
MED00403,8,2026-10-19,Post-Monsoon,2.020286,2.457016,11.669942
MED00404,8,2026-10-19,Post-Monsoon,2.020286,1.515851,4.553295
MED00405,8,2026-10-19,Post-Monsoon,2.020286,1.929381,6.885246
MED00406,8,2026-10-19,Post-Monsoon,2.020286,2.965222,19.399021
MED00407,8,2026-10-19,Post-Monsoon,2.020286,2.832492,16.98774
MED00408,8,2026-10-19,Post-Monsoon,2.020286,1.862337,6.438765
MED00409,8,2026-10-19,Post-Monsoon,2.020286,2.226003,9.262766
MED00410,8,2026-10-19,Post-Monsoon,2.020286,2.076039,7.972822
MED00411,8,2026-10-19,Post-Monsoon,2.020286,2.839328,17.104277
MED00412,8,2026-10-19,Post-Monsoon,2.020286,2.49658,12.140897
MED00413,8,2026-10-19,Post-Monsoon,2.020286,2.480844,11.951347
MED00414,8,2026-10-19,Post-Monsoon,2.020286,2.857727,17.421879
MED00415,8,2026-10-19,Post-Monsoon,2.020286,2.533672,12.599691
MED00416,8,2026-10-19,Post-Monsoon,2.020286,2.76809,15.928179
MED00417,8,2026-10-19,Post-Monsoon,2.020286,1.944102,6.987357
MED00418,8,2026-10-19,Post-Monsoon,2.020286,1.941017,6.965832
MED00419,8,2026-10-19,Post-Monsoon,2.020286,2.111434,8.260076
MED00420,8,2026-10-19,Post-Monsoon,2.020286,2.869616,17.630247
MED00421,8,2026-10-19,Post-Monsoon,2.020286,2.911592,18.386042
MED00422,8,2026-10-19,Post-Monsoon,2.020286,2.778322,16.092003
MED00423,8,2026-10-19,Post-Monsoon,2.020286,2.457278,11.672997
MED00424,8,2026-10-19,Post-Monsoon,2.020286,4.410836,82.338326
MED00001,9,2026-10-26,Post-Monsoon,2.020286,2.535062,12.61722
MED00002,9,2026-10-26,Post-Monsoon,2.020286,-2.338381,0.096484
MED00003,9,2026-10-26,Post-Monsoon,2.020286,-1.213747,0.297082
MED00004,9,2026-10-26,Post-Monsoon,2.020286,-0.302263,0.739144
MED00005,9,2026-10-26,Post-Monsoon,2.020286,0.706524,2.026934
MED00006,9,2026-10-26,Post-Monsoon,2.020286,0.474066,1.606513
MED00007,9,2026-10-26,Post-Monsoon,2.020286,1.397667,4.04575
MED00008,9,2026-10-26,Post-Monsoon,2.020286,-0.409429,0.664029
MED00009,9,2026-10-26,Post-Monsoon,2.020286,1.105076,3.019455
MED00010,9,2026-10-26,Post-Monsoon,2.020286,1.407442,4.085492
MED00011,9,2026-10-26,Post-Monsoon,2.020286,2.934391,18.81005
MED00012,9,2026-10-26,Post-Monsoon,2.020286,0.694635,2.002977
MED00013,9,2026-10-26,Post-Monsoon,2.020286,1.344934,3.837933
MED00014,9,2026-10-26,Post-Monsoon,2.020286,2.774736,16.034399
MED00015,9,2026-10-26,Post-Monsoon,2.020286,-0.661938,0.515851
MED00016,9,2026-10-26,Post-Monsoon,2.020286,0.720033,2.054501
MED00017,9,2026-10-26,Post-Monsoon,2.020286,0.615133,1.849903
MED00018,9,2026-10-26,Post-Monsoon,2.020286,4.323004,75.41482
MED00019,9,2026-10-26,Post-Monsoon,2.020286,3.920956,50.448647
MED00020,9,2026-10-26,Post-Monsoon,2.020286,2.256265,9.54736
MED00021,9,2026-10-26,Post-Monsoon,2.020286,1.274406,3.576576
MED00022,9,2026-10-26,Post-Monsoon,2.020286,0.808573,2.244704
MED00023,9,2026-10-26,Post-Monsoon,2.020286,0.16609,1.18068
MED00024,9,2026-10-26,Post-Monsoon,2.020286,0.986558,2.681986
MED00025,9,2026-10-26,Post-Monsoon,2.020286,-2.401297,0.0906
MED00026,9,2026-10-26,Post-Monsoon,2.020286,-0.970705,0.378816
MED00027,9,2026-10-26,Post-Monsoon,2.020286,-1.522854,0.218088
MED00028,9,2026-10-26,Post-Monsoon,2.020286,-0.602671,0.547348
MED00029,9,2026-10-26,Post-Monsoon,2.020286,2.433127,11.394456
MED00030,9,2026-10-26,Post-Monsoon,2.020286,1.316847,3.731638
MED00031,9,2026-10-26,Post-Monsoon,2.020286,1.098748,3.000407
MED00032,9,2026-10-26,Post-Monsoon,2.020286,0.811214,2.250639
MED00033,9,2026-10-26,Post-Monsoon,2.020286,-0.091259,0.912781
MED00034,9,2026-10-26,Post-Monsoon,2.020286,3.024475,20.583193
MED00035,9,2026-10-26,Post-Monsoon,2.020286,-0.832221,0.435082
MED00036,9,2026-10-26,Post-Monsoon,2.020286,0.398165,1.48909
MED00037,9,2026-10-26,Post-Monsoon,2.020286,1.375278,3.956178
MED00038,9,2026-10-26,Post-Monsoon,2.020286,2.541818,12.702751
MED00039,9,2026-10-26,Post-Monsoon,2.020286,0.013552,1.013644
MED00040,9,2026-10-26,Post-Monsoon,2.020286,-0.584976,0.557119
MED00041,9,2026-10-26,Post-Monsoon,2.020286,-0.627707,0.533814
MED00042,9,2026-10-26,Post-Monsoon,2.020286,1.214786,3.369574
MED00043,9,2026-10-26,Post-Monsoon,2.020286,-0.876871,0.416083
MED00044,9,2026-10-26,Post-Monsoon,2.020286,0.65029,1.916096
MED00045,9,2026-10-26,Post-Monsoon,2.020286,0.53409,1.705894
MED00046,9,2026-10-26,Post-Monsoon,2.020286,0.828854,2.290692
MED00047,9,2026-10-26,Post-Monsoon,2.020286,1.641098,5.160834
MED00048,9,2026-10-26,Post-Monsoon,2.020286,2.490879,12.071883
MED00049,9,2026-10-26,Post-Monsoon,2.020286,-1.711041,0.180678
MED00050,9,2026-10-26,Post-Monsoon,2.020286,0.978634,2.660819
MED00051,9,2026-10-26,Post-Monsoon,2.020286,-2.095069,0.123062
MED00052,9,2026-10-26,Post-Monsoon,2.020286,-0.789662,0.453998
MED00053,9,2026-10-26,Post-Monsoon,2.020286,1.646046,5.186433
MED00054,9,2026-10-26,Post-Monsoon,2.020286,1.684947,5.392164
MED00055,9,2026-10-26,Post-Monsoon,2.020286,-0.174352,0.840001
MED00056,9,2026-10-26,Post-Monsoon,2.020286,-0.556731,0.57308
MED00057,9,2026-10-26,Post-Monsoon,2.020286,-0.855811,0.424938
MED00058,9,2026-10-26,Post-Monsoon,2.020286,0.495898,1.641971
MED00059,9,2026-10-26,Post-Monsoon,2.020286,2.033991,7.644538
MED00060,9,2026-10-26,Post-Monsoon,2.020286,1.686213,5.398997
MED00061,9,2026-10-26,Post-Monsoon,2.020286,-0.510328,0.600298
MED00062,9,2026-10-26,Post-Monsoon,2.020286,2.474721,11.878392
MED00063,9,2026-10-26,Post-Monsoon,2.020286,-2.15734,0.115632
MED00064,9,2026-10-26,Post-Monsoon,2.020286,3.178131,24.001848
MED00065,9,2026-10-26,Post-Monsoon,2.020286,4.128888,62.10883
MED00066,9,2026-10-26,Post-Monsoon,2.020286,-0.775448,0.460497
MED00067,9,2026-10-26,Post-Monsoon,2.020286,0.692367,1.998441
MED00068,9,2026-10-26,Post-Monsoon,2.020286,1.124742,3.079422
MED00069,9,2026-10-26,Post-Monsoon,2.020286,0.5359,1.708986
MED00070,9,2026-10-26,Post-Monsoon,2.020286,2.413643,11.174598
MED00071,9,2026-10-26,Post-Monsoon,2.020286,0.717954,2.050234
MED00072,9,2026-10-26,Post-Monsoon,2.020286,0.754413,2.126362
MED00073,9,2026-10-26,Post-Monsoon,2.020286,1.098872,3.000781
MED00074,9,2026-10-26,Post-Monsoon,2.020286,1.010997,2.748339
MED00075,9,2026-10-26,Post-Monsoon,2.020286,1.07878,2.94109
MED00076,9,2026-10-26,Post-Monsoon,2.020286,-1.487109,0.226025
MED00077,9,2026-10-26,Post-Monsoon,2.020286,1.239596,3.454216
MED00078,9,2026-10-26,Post-Monsoon,2.020286,1.035346,2.816082
MED00079,9,2026-10-26,Post-Monsoon,2.020286,3.021752,20.527231
MED00080,9,2026-10-26,Post-Monsoon,2.020286,1.131346,3.099826
MED00081,9,2026-10-26,Post-Monsoon,2.020286,-1.085418,0.337761
MED00082,9,2026-10-26,Post-Monsoon,2.020286,0.949532,2.584499
MED00083,9,2026-10-26,Post-Monsoon,2.020286,1.077718,2.937968
MED00084,9,2026-10-26,Post-Monsoon,2.020286,3.762544,43.057842
MED00085,9,2026-10-26,Post-Monsoon,2.020286,0.706853,2.0276
MED00086,9,2026-10-26,Post-Monsoon,2.020286,-0.935321,0.39246
MED00087,9,2026-10-26,Post-Monsoon,2.020286,0.526697,1.69333
MED00088,9,2026-10-26,Post-Monsoon,2.020286,3.359277,28.768377
MED00089,9,2026-10-26,Post-Monsoon,2.020286,2.719967,15.179823
MED00090,9,2026-10-26,Post-Monsoon,2.020286,0.965054,2.624929
MED00091,9,2026-10-26,Post-Monsoon,2.020286,0.743279,2.10282
MED00092,9,2026-10-26,Post-Monsoon,2.020286,0.41951,1.521215
MED00093,9,2026-10-26,Post-Monsoon,2.020286,-1.229049,0.292571
MED00094,9,2026-10-26,Post-Monsoon,2.020286,-0.486675,0.614667
MED00095,9,2026-10-26,Post-Monsoon,2.020286,1.041771,2.834232
MED00096,9,2026-10-26,Post-Monsoon,2.020286,2.636468,13.963789
MED00097,9,2026-10-26,Post-Monsoon,2.020286,-0.830044,0.43603
MED00098,9,2026-10-26,Post-Monsoon,2.020286,2.051821,7.782061
MED00099,9,2026-10-26,Post-Monsoon,2.020286,-1.397176,0.247294
MED00100,9,2026-10-26,Post-Monsoon,2.020286,-1.803835,0.164666
MED00101,9,2026-10-26,Post-Monsoon,2.020286,1.36016,3.896819
MED00102,9,2026-10-26,Post-Monsoon,2.020286,1.40961,4.09436
MED00103,9,2026-10-26,Post-Monsoon,2.020286,1.008336,2.741035
MED00104,9,2026-10-26,Post-Monsoon,2.020286,1.962689,7.11844
MED00105,9,2026-10-26,Post-Monsoon,2.020286,2.405728,11.086494
MED00106,9,2026-10-26,Post-Monsoon,2.020286,-2.037528,0.130351
MED00107,9,2026-10-26,Post-Monsoon,2.020286,2.020028,7.538538
MED00108,9,2026-10-26,Post-Monsoon,2.020286,1.015515,2.760784
MED00109,9,2026-10-26,Post-Monsoon,2.020286,-0.760281,0.467535
MED00110,9,2026-10-26,Post-Monsoon,2.020286,-0.957633,0.3838
MED00111,9,2026-10-26,Post-Monsoon,2.020286,-0.382882,0.681893
MED00112,9,2026-10-26,Post-Monsoon,2.020286,0.982123,2.670119
MED00113,9,2026-10-26,Post-Monsoon,2.020286,0.607846,1.836471
MED00114,9,2026-10-26,Post-Monsoon,2.020286,2.51568,12.375028
MED00115,9,2026-10-26,Post-Monsoon,2.020286,0.682373,1.978568
MED00116,9,2026-10-26,Post-Monsoon,2.020286,2.013854,7.492136
MED00117,9,2026-10-26,Post-Monsoon,2.020286,0.569148,1.766761
MED00118,9,2026-10-26,Post-Monsoon,2.020286,0.516608,1.676331
MED00119,9,2026-10-26,Post-Monsoon,2.020286,0.66714,1.948655
MED00120,9,2026-10-26,Post-Monsoon,2.020286,2.407424,11.105311
MED00121,9,2026-10-26,Post-Monsoon,2.020286,1.193346,3.298098
MED00122,9,2026-10-26,Post-Monsoon,2.020286,0.824196,2.280047
MED00123,9,2026-10-26,Post-Monsoon,2.020286,-0.152682,0.858403
MED00124,9,2026-10-26,Post-Monsoon,2.020286,1.999666,7.386588
MED00125,9,2026-10-26,Post-Monsoon,2.020286,-1.329724,0.26455
MED00126,9,2026-10-26,Post-Monsoon,2.020286,-0.394003,0.674352
MED00127,9,2026-10-26,Post-Monsoon,2.020286,0.705871,2.02561
MED00128,9,2026-10-26,Post-Monsoon,2.020286,0.706119,2.026113
MED00129,9,2026-10-26,Post-Monsoon,2.020286,0.562388,1.754859
MED00130,9,2026-10-26,Post-Monsoon,2.020286,-1.718847,0.179273
MED00131,9,2026-10-26,Post-Monsoon,2.020286,0.733548,2.082457
MED00132,9,2026-10-26,Post-Monsoon,2.020286,-0.657513,0.518138
MED00133,9,2026-10-26,Post-Monsoon,2.020286,-0.512871,0.598774
MED00134,9,2026-10-26,Post-Monsoon,2.020286,-0.822244,0.439444
MED00135,9,2026-10-26,Post-Monsoon,2.020286,2.646044,14.098163
MED00136,9,2026-10-26,Post-Monsoon,2.020286,0.519876,1.68182
MED00137,9,2026-10-26,Post-Monsoon,2.020286,0.82534,2.282658
MED00138,9,2026-10-26,Post-Monsoon,2.020286,0.712826,2.039747
MED00139,9,2026-10-26,Post-Monsoon,2.020286,1.117468,3.057104
MED00140,9,2026-10-26,Post-Monsoon,2.020286,0.603278,1.828102
MED00141,9,2026-10-26,Post-Monsoon,2.020286,1.472151,4.358599
MED00142,9,2026-10-26,Post-Monsoon,2.020286,-0.797273,0.450556
MED00143,9,2026-10-26,Post-Monsoon,2.020286,0.62043,1.859727
MED00144,9,2026-10-26,Post-Monsoon,2.020286,1.738833,5.690701
MED00145,9,2026-10-26,Post-Monsoon,2.020286,-0.459249,0.631758
MED00146,9,2026-10-26,Post-Monsoon,2.020286,0.488758,1.630291
MED00147,9,2026-10-26,Post-Monsoon,2.020286,0.612837,1.84566
MED00148,9,2026-10-26,Post-Monsoon,2.020286,1.730686,5.644526
MED00149,9,2026-10-26,Post-Monsoon,2.020286,1.280162,3.597221
MED00150,9,2026-10-26,Post-Monsoon,2.020286,0.460465,1.58481
MED00151,9,2026-10-26,Post-Monsoon,2.020286,0.717726,2.049766
MED00152,9,2026-10-26,Post-Monsoon,2.020286,0.787472,2.197833
MED00153,9,2026-10-26,Post-Monsoon,2.020286,0.770624,2.161115
MED00154,9,2026-10-26,Post-Monsoon,2.020286,2.707716,14.994987
MED00155,9,2026-10-26,Post-Monsoon,2.020286,0.682144,1.978115
MED00156,9,2026-10-26,Post-Monsoon,2.020286,0.893136,2.442779
MED00157,9,2026-10-26,Post-Monsoon,2.020286,1.487618,4.426541
MED00158,9,2026-10-26,Post-Monsoon,2.020286,-1.237769,0.290031
MED00159,9,2026-10-26,Post-Monsoon,2.020286,2.432608,11.388552
MED00160,9,2026-10-26,Post-Monsoon,2.020286,1.262297,3.533529
MED00161,9,2026-10-26,Post-Monsoon,2.020286,1.743691,5.718412
MED00162,9,2026-10-26,Post-Monsoon,2.020286,0.7392,2.09426
MED00163,9,2026-10-26,Post-Monsoon,2.020286,-1.04354,0.352206
MED00164,9,2026-10-26,Post-Monsoon,2.020286,0.665755,1.945959
MED00165,9,2026-10-26,Post-Monsoon,2.020286,2.248846,9.476794
MED00166,9,2026-10-26,Post-Monsoon,2.020286,0.724613,2.063933
MED00167,9,2026-10-26,Post-Monsoon,2.020286,0.581103,1.788009
MED00168,9,2026-10-26,Post-Monsoon,2.020286,0.672224,1.958589
MED00169,9,2026-10-26,Post-Monsoon,2.020286,0.576242,1.779339
MED00170,9,2026-10-26,Post-Monsoon,2.020286,0.612605,1.845231
MED00171,9,2026-10-26,Post-Monsoon,2.020286,0.782059,2.185968
MED00172,9,2026-10-26,Post-Monsoon,2.020286,0.542998,1.72116
MED00173,9,2026-10-26,Post-Monsoon,2.020286,0.759191,2.136548
MED00174,9,2026-10-26,Post-Monsoon,2.020286,1.782521,5.944826
MED00175,9,2026-10-26,Post-Monsoon,2.020286,0.155266,1.167968
MED00176,9,2026-10-26,Post-Monsoon,2.020286,2.585571,13.270868
MED00177,9,2026-10-26,Post-Monsoon,2.020286,-1.38483,0.250366
MED00178,9,2026-10-26,Post-Monsoon,2.020286,0.630329,1.878228
MED00179,9,2026-10-26,Post-Monsoon,2.020286,-0.748489,0.473081
MED00180,9,2026-10-26,Post-Monsoon,2.020286,0.660374,1.935517
MED00181,9,2026-10-26,Post-Monsoon,2.020286,1.08132,2.948568
MED00182,9,2026-10-26,Post-Monsoon,2.020286,-1.250945,0.286234
MED00183,9,2026-10-26,Post-Monsoon,2.020286,2.715748,15.115921
MED00184,9,2026-10-26,Post-Monsoon,2.020286,1.941806,6.971328
MED00185,9,2026-10-26,Post-Monsoon,2.020286,0.523373,1.68771
MED00186,9,2026-10-26,Post-Monsoon,2.020286,0.628455,1.874712
MED00187,9,2026-10-26,Post-Monsoon,2.020286,0.958152,2.606873
MED00188,9,2026-10-26,Post-Monsoon,2.020286,1.159488,3.188302
MED00189,9,2026-10-26,Post-Monsoon,2.020286,-1.597944,0.202312
MED00190,9,2026-10-26,Post-Monsoon,2.020286,0.724987,2.064705
MED00191,9,2026-10-26,Post-Monsoon,2.020286,2.38196,10.826103
MED00192,9,2026-10-26,Post-Monsoon,2.020286,-1.722458,0.178627
MED00193,9,2026-10-26,Post-Monsoon,2.020286,-2.44606,0.086634
MED00194,9,2026-10-26,Post-Monsoon,2.020286,1.921427,6.830698
MED00195,9,2026-10-26,Post-Monsoon,2.020286,1.794276,6.015121
MED00196,9,2026-10-26,Post-Monsoon,2.020286,1.930143,6.890495
MED00197,9,2026-10-26,Post-Monsoon,2.020286,1.936855,6.936902
MED00198,9,2026-10-26,Post-Monsoon,2.020286,0.531995,1.702325
MED00199,9,2026-10-26,Post-Monsoon,2.020286,0.357895,1.430315
MED00200,9,2026-10-26,Post-Monsoon,2.020286,0.583346,1.792025
MED00201,9,2026-10-26,Post-Monsoon,2.020286,2.097974,8.149641
MED00202,9,2026-10-26,Post-Monsoon,2.020286,0.576875,1.780466
MED00203,9,2026-10-26,Post-Monsoon,2.020286,0.753154,2.123687
MED00204,9,2026-10-26,Post-Monsoon,2.020286,0.700415,2.014588
MED00205,9,2026-10-26,Post-Monsoon,2.020286,2.432045,11.382132
MED00206,9,2026-10-26,Post-Monsoon,2.020286,-0.026319,0.974024
MED00207,9,2026-10-26,Post-Monsoon,2.020286,0.621746,1.862177
MED00208,9,2026-10-26,Post-Monsoon,2.020286,2.411067,11.145847
MED00209,9,2026-10-26,Post-Monsoon,2.020286,0.831442,2.296628
MED00210,9,2026-10-26,Post-Monsoon,2.020286,0.168006,1.182943
MED00211,9,2026-10-26,Post-Monsoon,2.020286,0.747407,2.111518
MED00212,9,2026-10-26,Post-Monsoon,2.020286,0.68392,1.981631
MED00213,9,2026-10-26,Post-Monsoon,2.020286,0.096944,1.101798
MED00214,9,2026-10-26,Post-Monsoon,2.020286,2.26518,9.632853
MED00215,9,2026-10-26,Post-Monsoon,2.020286,0.792588,2.209106
MED00216,9,2026-10-26,Post-Monsoon,2.020286,-2.46869,0.084696
MED00217,9,2026-10-26,Post-Monsoon,2.020286,-1.45334,0.233788
MED00218,9,2026-10-26,Post-Monsoon,2.020286,1.429654,4.177252
MED00219,9,2026-10-26,Post-Monsoon,2.020286,2.717965,15.149456
MED00220,9,2026-10-26,Post-Monsoon,2.020286,0.667923,1.950182
MED00221,9,2026-10-26,Post-Monsoon,2.020286,1.095736,2.991384
MED00222,9,2026-10-26,Post-Monsoon,2.020286,-0.74522,0.47463
MED00223,9,2026-10-26,Post-Monsoon,2.020286,2.191913,8.952324
MED00224,9,2026-10-26,Post-Monsoon,2.020286,0.559114,1.749122
MED00225,9,2026-10-26,Post-Monsoon,2.020286,1.343421,3.83213
MED00226,9,2026-10-26,Post-Monsoon,2.020286,0.772352,2.164853
MED00227,9,2026-10-26,Post-Monsoon,2.020286,2.755271,15.725305
MED00228,9,2026-10-26,Post-Monsoon,2.020286,0.549331,1.732094
MED00229,9,2026-10-26,Post-Monsoon,2.020286,-0.279116,0.756452
MED00230,9,2026-10-26,Post-Monsoon,2.020286,2.550642,12.815323
MED00231,9,2026-10-26,Post-Monsoon,2.020286,0.497362,1.644377
MED00232,9,2026-10-26,Post-Monsoon,2.020286,1.064964,2.900736
MED00233,9,2026-10-26,Post-Monsoon,2.020286,-0.540623,0.582386
MED00234,9,2026-10-26,Post-Monsoon,2.020286,0.589634,1.803328
MED00235,9,2026-10-26,Post-Monsoon,2.020286,4.267339,71.33155
MED00236,9,2026-10-26,Post-Monsoon,2.020286,0.780184,2.181873
MED00237,9,2026-10-26,Post-Monsoon,2.020286,1.317171,3.732847
MED00238,9,2026-10-26,Post-Monsoon,2.020286,0.621736,1.862158
MED00239,9,2026-10-26,Post-Monsoon,2.020286,1.171217,3.225916
MED00240,9,2026-10-26,Post-Monsoon,2.020286,1.319763,3.742535
MED00241,9,2026-10-26,Post-Monsoon,2.020286,0.863611,2.371709
MED00242,9,2026-10-26,Post-Monsoon,2.020286,2.251806,9.504884
MED00243,9,2026-10-26,Post-Monsoon,2.020286,-2.099907,0.122468
MED00244,9,2026-10-26,Post-Monsoon,2.020286,0.705651,2.025165
MED00245,9,2026-10-26,Post-Monsoon,2.020286,4.303341,73.94643
MED00246,9,2026-10-26,Post-Monsoon,2.020286,1.598351,4.94487
MED00247,9,2026-10-26,Post-Monsoon,2.020286,2.412175,11.158206
MED00248,9,2026-10-26,Post-Monsoon,2.020286,0.723927,2.062517
MED00249,9,2026-10-26,Post-Monsoon,2.020286,2.954152,19.185448
MED00250,9,2026-10-26,Post-Monsoon,2.020286,2.309681,10.071208
MED00251,9,2026-10-26,Post-Monsoon,2.020286,0.567569,1.763974
MED00252,9,2026-10-26,Post-Monsoon,2.020286,-0.751226,0.471788
MED00253,9,2026-10-26,Post-Monsoon,2.020286,1.245937,3.476191
MED00254,9,2026-10-26,Post-Monsoon,2.020286,-1.031686,0.356406
MED00255,9,2026-10-26,Post-Monsoon,2.020286,1.471695,4.356614
MED00256,9,2026-10-26,Post-Monsoon,2.020286,0.74847,2.113764
MED00257,9,2026-10-26,Post-Monsoon,2.020286,1.384612,3.993277
MED00258,9,2026-10-26,Post-Monsoon,2.020286,0.72654,2.067913
MED00259,9,2026-10-26,Post-Monsoon,2.020286,0.760776,2.139937
MED00260,9,2026-10-26,Post-Monsoon,2.020286,-0.890136,0.4106
MED00261,9,2026-10-26,Post-Monsoon,2.020286,-0.370142,0.690636
MED00262,9,2026-10-26,Post-Monsoon,2.020286,1.090993,2.977229
MED00263,9,2026-10-26,Post-Monsoon,2.020286,1.034963,2.815003
MED00264,9,2026-10-26,Post-Monsoon,2.020286,-1.34678,0.260076
MED00265,9,2026-10-26,Post-Monsoon,2.020286,1.794102,6.014069
MED00266,9,2026-10-26,Post-Monsoon,2.020286,2.606252,13.54818
MED00267,9,2026-10-26,Post-Monsoon,2.020286,1.449682,4.26176
MED00268,9,2026-10-26,Post-Monsoon,2.020286,0.761192,2.140827
MED00269,9,2026-10-26,Post-Monsoon,2.020286,0.762277,2.143151
MED00270,9,2026-10-26,Post-Monsoon,2.020286,0.837112,2.309686
MED00271,9,2026-10-26,Post-Monsoon,2.020286,0.415221,1.514706
MED00272,9,2026-10-26,Post-Monsoon,2.020286,1.307914,3.69845
MED00273,9,2026-10-26,Post-Monsoon,2.020286,1.110878,3.037022
MED00274,9,2026-10-26,Post-Monsoon,2.020286,-0.698559,0.497301
MED00275,9,2026-10-26,Post-Monsoon,2.020286,2.380686,10.812316
MED00276,9,2026-10-26,Post-Monsoon,2.020286,0.621285,1.861319
MED00277,9,2026-10-26,Post-Monsoon,2.020286,-1.597944,0.202312
MED00278,9,2026-10-26,Post-Monsoon,2.020286,2.046999,7.744626
MED00279,9,2026-10-26,Post-Monsoon,2.020286,2.960211,19.30205
MED00280,9,2026-10-26,Post-Monsoon,2.020286,-1.509062,0.221117
MED00281,9,2026-10-26,Post-Monsoon,2.020286,2.563139,12.976489
MED00282,9,2026-10-26,Post-Monsoon,2.020286,1.184415,3.268774
MED00283,9,2026-10-26,Post-Monsoon,2.020286,0.755345,2.128345
MED00284,9,2026-10-26,Post-Monsoon,2.020286,0.292079,1.339209
MED00285,9,2026-10-26,Post-Monsoon,2.020286,1.597741,4.941855
MED00286,9,2026-10-26,Post-Monsoon,2.020286,1.382717,3.985715
MED00287,9,2026-10-26,Post-Monsoon,2.020286,1.086783,2.96472
MED00288,9,2026-10-26,Post-Monsoon,2.020286,3.729927,41.67606
MED00289,9,2026-10-26,Post-Monsoon,2.020286,1.372521,3.945286
MED00290,9,2026-10-26,Post-Monsoon,2.020286,0.589736,1.803513
MED00291,9,2026-10-26,Post-Monsoon,2.020286,2.224577,9.249569
MED00292,9,2026-10-26,Post-Monsoon,2.020286,0.481137,1.617912
MED00293,9,2026-10-26,Post-Monsoon,2.020286,1.483926,4.410225
MED00294,9,2026-10-26,Post-Monsoon,2.020286,0.206112,1.228891
MED00295,9,2026-10-26,Post-Monsoon,2.020286,-1.268739,0.281186
MED00296,9,2026-10-26,Post-Monsoon,2.020286,1.325684,3.764762
MED00297,9,2026-10-26,Post-Monsoon,2.020286,1.721237,5.59144
MED00298,9,2026-10-26,Post-Monsoon,2.020286,0.751437,2.120045
MED00299,9,2026-10-26,Post-Monsoon,2.020286,-0.894813,0.408684
MED00300,9,2026-10-26,Post-Monsoon,2.020286,0.601028,1.823994
MED00301,9,2026-10-26,Post-Monsoon,2.020286,1.53139,4.624602
MED00302,9,2026-10-26,Post-Monsoon,2.020286,2.151463,8.597429
MED00303,9,2026-10-26,Post-Monsoon,2.020286,1.016298,2.762947
MED00304,9,2026-10-26,Post-Monsoon,2.020286,1.290042,3.632939
MED00305,9,2026-10-26,Post-Monsoon,2.020286,0.584927,1.79486
MED00306,9,2026-10-26,Post-Monsoon,2.020286,-1.013999,0.362765
MED00307,9,2026-10-26,Post-Monsoon,2.020286,3.222496,25.090658
MED00308,9,2026-10-26,Post-Monsoon,2.020286,-0.430892,0.649929
MED00309,9,2026-10-26,Post-Monsoon,2.020286,1.065573,2.902502
MED00310,9,2026-10-26,Post-Monsoon,2.020286,1.177742,3.247034
MED00311,9,2026-10-26,Post-Monsoon,2.020286,1.072913,2.923884
MED00312,9,2026-10-26,Post-Monsoon,2.020286,-0.639518,0.527547
MED00313,9,2026-10-26,Post-Monsoon,2.020286,-0.99605,0.369335
MED00314,9,2026-10-26,Post-Monsoon,2.020286,2.402263,11.048146
MED00315,9,2026-10-26,Post-Monsoon,2.020286,2.2033,9.05485
MED00316,9,2026-10-26,Post-Monsoon,2.020286,0.995682,2.70657
MED00317,9,2026-10-26,Post-Monsoon,2.020286,0.746605,2.109825
MED00318,9,2026-10-26,Post-Monsoon,2.020286,0.909217,2.482378
MED00319,9,2026-10-26,Post-Monsoon,2.020286,2.383351,10.841169
MED00320,9,2026-10-26,Post-Monsoon,2.020286,1.729976,5.640521
MED00321,9,2026-10-26,Post-Monsoon,2.020286,-0.581857,0.558859
MED00322,9,2026-10-26,Post-Monsoon,2.020286,-1.704936,0.181784
MED00323,9,2026-10-26,Post-Monsoon,2.020286,-0.024449,0.975847
MED00324,9,2026-10-26,Post-Monsoon,2.020286,0.260192,1.297179
MED00325,9,2026-10-26,Post-Monsoon,2.020286,1.838393,6.286428
MED00326,9,2026-10-26,Post-Monsoon,2.020286,2.164956,8.714215
MED00327,9,2026-10-26,Post-Monsoon,2.020286,1.043417,2.8389
MED00328,9,2026-10-26,Post-Monsoon,2.020286,1.350634,3.859873
MED00329,9,2026-10-26,Post-Monsoon,2.020286,2.372582,10.725045
MED00330,9,2026-10-26,Post-Monsoon,2.020286,1.379616,3.973376
MED00331,9,2026-10-26,Post-Monsoon,2.020286,0.611051,1.842366
MED00332,9,2026-10-26,Post-Monsoon,2.020286,1.02186,2.778359
MED00333,9,2026-10-26,Post-Monsoon,2.020286,0.935168,2.54764
MED00334,9,2026-10-26,Post-Monsoon,2.020286,2.291861,9.893332
MED00335,9,2026-10-26,Post-Monsoon,2.020286,1.690424,5.42178
MED00336,9,2026-10-26,Post-Monsoon,2.020286,2.205216,9.072212
MED00337,9,2026-10-26,Post-Monsoon,2.020286,4.153818,63.676693
MED00338,9,2026-10-26,Post-Monsoon,2.020286,2.310428,10.078739
MED00339,9,2026-10-26,Post-Monsoon,2.020286,0.546224,1.72672
MED00340,9,2026-10-26,Post-Monsoon,2.020286,0.550032,1.733308
MED00341,9,2026-10-26,Post-Monsoon,2.020286,1.588944,4.898576
MED00342,9,2026-10-26,Post-Monsoon,2.020286,0.730244,2.075586
MED00343,9,2026-10-26,Post-Monsoon,2.020286,2.278254,9.759621
MED00344,9,2026-10-26,Post-Monsoon,2.020286,1.374148,3.951707
MED00345,9,2026-10-26,Post-Monsoon,2.020286,-1.668866,0.188461
MED00346,9,2026-10-26,Post-Monsoon,2.020286,1.092338,2.981237
MED00347,9,2026-10-26,Post-Monsoon,2.020286,-1.763029,0.171524
MED00348,9,2026-10-26,Post-Monsoon,2.020286,0.537162,1.711144
MED00349,9,2026-10-26,Post-Monsoon,2.020286,0.820824,2.272372
MED00350,9,2026-10-26,Post-Monsoon,2.020286,-0.136236,0.872637
MED00351,9,2026-10-26,Post-Monsoon,2.020286,-0.524466,0.591871
MED00352,9,2026-10-26,Post-Monsoon,2.020286,-1.643664,0.193271
MED00353,9,2026-10-26,Post-Monsoon,2.020286,-0.280021,0.755768
MED00354,9,2026-10-26,Post-Monsoon,2.020286,-0.2876,0.750062
MED00355,9,2026-10-26,Post-Monsoon,2.020286,2.219374,9.201571
MED00356,9,2026-10-26,Post-Monsoon,2.020286,0.660583,1.93592
MED00357,9,2026-10-26,Post-Monsoon,2.020286,-1.557254,0.210714
MED00358,9,2026-10-26,Post-Monsoon,2.020286,1.553012,4.725684
MED00359,9,2026-10-26,Post-Monsoon,2.020286,0.723689,2.062026
MED00360,9,2026-10-26,Post-Monsoon,2.020286,0.94119,2.563029
MED00361,9,2026-10-26,Post-Monsoon,2.020286,0.783097,2.188238
MED00362,9,2026-10-26,Post-Monsoon,2.020286,0.832003,2.297917
MED00363,9,2026-10-26,Post-Monsoon,2.020286,0.532503,1.70319
MED00364,9,2026-10-26,Post-Monsoon,2.020286,-1.820327,0.161973
MED00365,9,2026-10-26,Post-Monsoon,2.020286,0.753085,2.123542
MED00366,9,2026-10-26,Post-Monsoon,2.020286,2.228067,9.281908
MED00367,9,2026-10-26,Post-Monsoon,2.020286,0.743934,2.104197
MED00368,9,2026-10-26,Post-Monsoon,2.020286,0.964774,2.624194
MED00369,9,2026-10-26,Post-Monsoon,2.020286,1.228052,3.41457
MED00370,9,2026-10-26,Post-Monsoon,2.020286,-0.856732,0.424547
MED00371,9,2026-10-26,Post-Monsoon,2.020286,2.785042,16.20049
MED00372,9,2026-10-26,Post-Monsoon,2.020286,-1.524201,0.217795
MED00373,9,2026-10-26,Post-Monsoon,2.020286,-0.517527,0.595993
MED00374,9,2026-10-26,Post-Monsoon,2.020286,0.600244,1.822564
MED00375,9,2026-10-26,Post-Monsoon,2.020286,2.736073,15.426291
MED00376,9,2026-10-26,Post-Monsoon,2.020286,0.716663,2.047588
MED00377,9,2026-10-26,Post-Monsoon,2.020286,-0.675505,0.5089
MED00378,9,2026-10-26,Post-Monsoon,2.020286,0.748159,2.113107
MED00379,9,2026-10-26,Post-Monsoon,2.020286,-0.690622,0.501264
MED00380,9,2026-10-26,Post-Monsoon,2.020286,-0.624422,0.535571
MED00381,9,2026-10-26,Post-Monsoon,2.020286,0.255909,1.291635
MED00382,9,2026-10-26,Post-Monsoon,2.020286,0.774033,2.168495
MED00383,9,2026-10-26,Post-Monsoon,2.020286,1.83267,6.250552
MED00384,9,2026-10-26,Post-Monsoon,2.020286,0.702836,2.019472
MED00385,9,2026-10-26,Post-Monsoon,2.020286,2.874872,17.723164
MED00386,9,2026-10-26,Post-Monsoon,2.020286,2.612664,13.635324
MED00387,9,2026-10-26,Post-Monsoon,2.020286,2.890278,17.998323
MED00388,9,2026-10-26,Post-Monsoon,2.020286,4.591992,98.69082
MED00389,9,2026-10-26,Post-Monsoon,2.020286,2.153862,8.618079
MED00390,9,2026-10-26,Post-Monsoon,2.020286,2.883297,17.873098
MED00391,9,2026-10-26,Post-Monsoon,2.020286,2.786454,16.223385
MED00392,9,2026-10-26,Post-Monsoon,2.020286,2.791725,16.309124
MED00393,9,2026-10-26,Post-Monsoon,2.020286,2.381253,10.818453
MED00394,9,2026-10-26,Post-Monsoon,2.020286,2.590627,13.338135
MED00395,9,2026-10-26,Post-Monsoon,2.020286,2.793406,16.336563
MED00396,9,2026-10-26,Post-Monsoon,2.020286,4.031032,56.319035
MED00397,9,2026-10-26,Post-Monsoon,2.020286,3.827439,45.944736
MED00398,9,2026-10-26,Post-Monsoon,2.020286,4.741264,114.57898
MED00399,9,2026-10-26,Post-Monsoon,2.020286,4.629613,102.474396
MED00400,9,2026-10-26,Post-Monsoon,2.020286,4.347522,77.286766
MED00401,9,2026-10-26,Post-Monsoon,2.020286,2.490299,12.064883
MED00402,9,2026-10-26,Post-Monsoon,2.020286,2.828139,16.913956
MED00403,9,2026-10-26,Post-Monsoon,2.020286,2.462068,11.72904
MED00404,9,2026-10-26,Post-Monsoon,2.020286,1.512402,4.537617
MED00405,9,2026-10-26,Post-Monsoon,2.020286,1.926804,6.867528
MED00406,9,2026-10-26,Post-Monsoon,2.020286,2.961586,19.328611
MED00407,9,2026-10-26,Post-Monsoon,2.020286,2.823345,16.833067
MED00408,9,2026-10-26,Post-Monsoon,2.020286,1.851496,6.369344
MED00409,9,2026-10-26,Post-Monsoon,2.020286,2.210194,9.117481
MED00410,9,2026-10-26,Post-Monsoon,2.020286,2.058772,7.836342
MED00411,9,2026-10-26,Post-Monsoon,2.020286,2.815848,16.707348
MED00412,9,2026-10-26,Post-Monsoon,2.020286,2.477511,11.911576
MED00413,9,2026-10-26,Post-Monsoon,2.020286,2.472803,11.855636
MED00414,9,2026-10-26,Post-Monsoon,2.020286,2.826404,16.884628
MED00415,9,2026-10-26,Post-Monsoon,2.020286,2.506396,12.260661
MED00416,9,2026-10-26,Post-Monsoon,2.020286,2.744077,15.550254
MED00417,9,2026-10-26,Post-Monsoon,2.020286,1.930288,6.891498
MED00418,9,2026-10-26,Post-Monsoon,2.020286,1.922118,6.835422
MED00419,9,2026-10-26,Post-Monsoon,2.020286,2.100446,8.169815
MED00420,9,2026-10-26,Post-Monsoon,2.020286,2.848997,17.270456
MED00421,9,2026-10-26,Post-Monsoon,2.020286,2.883589,17.878319
MED00422,9,2026-10-26,Post-Monsoon,2.020286,2.759668,15.794589
MED00423,9,2026-10-26,Post-Monsoon,2.020286,2.44771,11.561837
MED00424,9,2026-10-26,Post-Monsoon,2.020286,4.42552,83.5562
MED00001,10,2026-11-02,Post-Monsoon,2.020286,2.523056,12.466634
MED00002,10,2026-11-02,Post-Monsoon,2.020286,-2.338456,0.096476
MED00003,10,2026-11-02,Post-Monsoon,2.020286,-1.155606,0.314867
MED00004,10,2026-11-02,Post-Monsoon,2.020286,0.003728,1.003735
MED00005,10,2026-11-02,Post-Monsoon,2.020286,0.973241,2.646509
MED00006,10,2026-11-02,Post-Monsoon,2.020286,0.469102,1.598558
MED00007,10,2026-11-02,Post-Monsoon,2.020286,1.402657,4.065988
MED00008,10,2026-11-02,Post-Monsoon,2.020286,-0.394121,0.674272
MED00009,10,2026-11-02,Post-Monsoon,2.020286,1.095244,2.989913
MED00010,10,2026-11-02,Post-Monsoon,2.020286,1.373626,3.949647
MED00011,10,2026-11-02,Post-Monsoon,2.020286,2.935144,18.824203
MED00012,10,2026-11-02,Post-Monsoon,2.020286,0.69392,2.001547
MED00013,10,2026-11-02,Post-Monsoon,2.020286,1.32976,3.780135
MED00014,10,2026-11-02,Post-Monsoon,2.020286,2.759042,15.784707
MED00015,10,2026-11-02,Post-Monsoon,2.020286,-0.638491,0.528089
MED00016,10,2026-11-02,Post-Monsoon,2.020286,0.713348,2.040813
MED00017,10,2026-11-02,Post-Monsoon,2.020286,0.610722,1.84176
MED00018,10,2026-11-02,Post-Monsoon,2.020286,4.461608,86.62665
MED00019,10,2026-11-02,Post-Monsoon,2.020286,3.953985,52.142727
MED00020,10,2026-11-02,Post-Monsoon,2.020286,2.251444,9.50145
MED00021,10,2026-11-02,Post-Monsoon,2.020286,1.272495,3.569748
MED00022,10,2026-11-02,Post-Monsoon,2.020286,0.799097,2.223531
MED00023,10,2026-11-02,Post-Monsoon,2.020286,0.274038,1.315265
MED00024,10,2026-11-02,Post-Monsoon,2.020286,0.996591,2.70903
MED00025,10,2026-11-02,Post-Monsoon,2.020286,-2.408156,0.089981
MED00026,10,2026-11-02,Post-Monsoon,2.020286,-0.944935,0.388705
MED00027,10,2026-11-02,Post-Monsoon,2.020286,-1.529588,0.216625
MED00028,10,2026-11-02,Post-Monsoon,2.020286,-0.586128,0.556478
MED00029,10,2026-11-02,Post-Monsoon,2.020286,2.444783,11.528045
MED00030,10,2026-11-02,Post-Monsoon,2.020286,1.338654,3.813904
MED00031,10,2026-11-02,Post-Monsoon,2.020286,1.125375,3.081372
MED00032,10,2026-11-02,Post-Monsoon,2.020286,0.791117,2.205858
MED00033,10,2026-11-02,Post-Monsoon,2.020286,0.187265,1.205946
MED00034,10,2026-11-02,Post-Monsoon,2.020286,3.008198,20.250887
MED00035,10,2026-11-02,Post-Monsoon,2.020286,-0.660109,0.516795
MED00036,10,2026-11-02,Post-Monsoon,2.020286,0.452173,1.571724
MED00037,10,2026-11-02,Post-Monsoon,2.020286,1.32278,3.753843
MED00038,10,2026-11-02,Post-Monsoon,2.020286,2.542264,12.708407
MED00039,10,2026-11-02,Post-Monsoon,2.020286,0.106977,1.112908
MED00040,10,2026-11-02,Post-Monsoon,2.020286,-0.662952,0.515328
MED00041,10,2026-11-02,Post-Monsoon,2.020286,-0.48746,0.614184
MED00042,10,2026-11-02,Post-Monsoon,2.020286,1.194382,3.301517
MED00043,10,2026-11-02,Post-Monsoon,2.020286,-0.797912,0.450268
MED00044,10,2026-11-02,Post-Monsoon,2.020286,0.626253,1.870588
MED00045,10,2026-11-02,Post-Monsoon,2.020286,0.531427,1.701358
MED00046,10,2026-11-02,Post-Monsoon,2.020286,0.819832,2.27012
MED00047,10,2026-11-02,Post-Monsoon,2.020286,1.624879,5.077806
MED00048,10,2026-11-02,Post-Monsoon,2.020286,2.490667,12.069322
MED00049,10,2026-11-02,Post-Monsoon,2.020286,-1.715933,0.179796
MED00050,10,2026-11-02,Post-Monsoon,2.020286,0.970357,2.638886
MED00051,10,2026-11-02,Post-Monsoon,2.020286,-1.997407,0.135687
MED00052,10,2026-11-02,Post-Monsoon,2.020286,-0.742872,0.475745
MED00053,10,2026-11-02,Post-Monsoon,2.020286,1.638947,5.149744
MED00054,10,2026-11-02,Post-Monsoon,2.020286,1.65223,5.218606
MED00055,10,2026-11-02,Post-Monsoon,2.020286,-0.049294,0.951902
MED00056,10,2026-11-02,Post-Monsoon,2.020286,-0.406916,0.6657
MED00057,10,2026-11-02,Post-Monsoon,2.020286,-0.704883,0.494166
MED00058,10,2026-11-02,Post-Monsoon,2.020286,0.49352,1.638073
MED00059,10,2026-11-02,Post-Monsoon,2.020286,2.032614,7.634014
MED00060,10,2026-11-02,Post-Monsoon,2.020286,1.645627,5.184261
MED00061,10,2026-11-02,Post-Monsoon,2.020286,-0.496484,0.608667
MED00062,10,2026-11-02,Post-Monsoon,2.020286,2.434618,11.411464
MED00063,10,2026-11-02,Post-Monsoon,2.020286,-2.053725,0.128256
MED00064,10,2026-11-02,Post-Monsoon,2.020286,3.181634,24.086073
MED00065,10,2026-11-02,Post-Monsoon,2.020286,4.10138,60.423637
MED00066,10,2026-11-02,Post-Monsoon,2.020286,-0.738578,0.477793
MED00067,10,2026-11-02,Post-Monsoon,2.020286,0.686138,1.986031
MED00068,10,2026-11-02,Post-Monsoon,2.020286,1.120785,3.067262
MED00069,10,2026-11-02,Post-Monsoon,2.020286,0.5347,1.706935
MED00070,10,2026-11-02,Post-Monsoon,2.020286,2.39518,10.970172
MED00071,10,2026-11-02,Post-Monsoon,2.020286,0.69132,1.99635
MED00072,10,2026-11-02,Post-Monsoon,2.020286,0.74346,2.103199
MED00073,10,2026-11-02,Post-Monsoon,2.020286,1.093926,2.985975
MED00074,10,2026-11-02,Post-Monsoon,2.020286,1.004813,2.731396
MED00075,10,2026-11-02,Post-Monsoon,2.020286,1.076937,2.935674
MED00076,10,2026-11-02,Post-Monsoon,2.020286,-1.425312,0.240434
MED00077,10,2026-11-02,Post-Monsoon,2.020286,1.234554,3.436846
MED00078,10,2026-11-02,Post-Monsoon,2.020286,1.030745,2.803154
MED00079,10,2026-11-02,Post-Monsoon,2.020286,3.026206,20.618856
MED00080,10,2026-11-02,Post-Monsoon,2.020286,1.121377,3.069077
MED00081,10,2026-11-02,Post-Monsoon,2.020286,-1.022504,0.359693
MED00082,10,2026-11-02,Post-Monsoon,2.020286,0.92523,2.522447
MED00083,10,2026-11-02,Post-Monsoon,2.020286,1.073112,2.924465
MED00084,10,2026-11-02,Post-Monsoon,2.020286,3.795659,44.50755
MED00085,10,2026-11-02,Post-Monsoon,2.020286,0.70164,2.017057
MED00086,10,2026-11-02,Post-Monsoon,2.020286,-0.892923,0.409457
MED00087,10,2026-11-02,Post-Monsoon,2.020286,0.524382,1.689414
MED00088,10,2026-11-02,Post-Monsoon,2.020286,3.373261,29.173506
MED00089,10,2026-11-02,Post-Monsoon,2.020286,2.718207,15.153127
MED00090,10,2026-11-02,Post-Monsoon,2.020286,0.976064,2.653988
MED00091,10,2026-11-02,Post-Monsoon,2.020286,0.737036,2.089733
MED00092,10,2026-11-02,Post-Monsoon,2.020286,0.417562,1.518255
MED00093,10,2026-11-02,Post-Monsoon,2.020286,-1.285536,0.276502
MED00094,10,2026-11-02,Post-Monsoon,2.020286,-0.531285,0.587849
MED00095,10,2026-11-02,Post-Monsoon,2.020286,1.023512,2.782952
MED00096,10,2026-11-02,Post-Monsoon,2.020286,2.622245,13.766596
MED00097,10,2026-11-02,Post-Monsoon,2.020286,-0.749902,0.472413
MED00098,10,2026-11-02,Post-Monsoon,2.020286,2.026583,7.588114
MED00099,10,2026-11-02,Post-Monsoon,2.020286,-1.371519,0.253721
MED00100,10,2026-11-02,Post-Monsoon,2.020286,-1.728043,0.177632
MED00101,10,2026-11-02,Post-Monsoon,2.020286,1.341297,3.823999
MED00102,10,2026-11-02,Post-Monsoon,2.020286,1.356471,3.882466
MED00103,10,2026-11-02,Post-Monsoon,2.020286,1.001945,2.723575
MED00104,10,2026-11-02,Post-Monsoon,2.020286,1.93931,6.953952
MED00105,10,2026-11-02,Post-Monsoon,2.020286,2.394718,10.965107
MED00106,10,2026-11-02,Post-Monsoon,2.020286,-1.941419,0.1435
MED00107,10,2026-11-02,Post-Monsoon,2.020286,1.994681,7.349858
MED00108,10,2026-11-02,Post-Monsoon,2.020286,1.003164,2.726896
MED00109,10,2026-11-02,Post-Monsoon,2.020286,-0.59943,0.549125
MED00110,10,2026-11-02,Post-Monsoon,2.020286,-0.625336,0.535081
MED00111,10,2026-11-02,Post-Monsoon,2.020286,-0.354685,0.701395
MED00112,10,2026-11-02,Post-Monsoon,2.020286,0.975821,2.653345
MED00113,10,2026-11-02,Post-Monsoon,2.020286,0.605898,1.832897
MED00114,10,2026-11-02,Post-Monsoon,2.020286,2.523999,12.478397
MED00115,10,2026-11-02,Post-Monsoon,2.020286,0.67838,1.970682
MED00116,10,2026-11-02,Post-Monsoon,2.020286,1.985164,7.280239
MED00117,10,2026-11-02,Post-Monsoon,2.020286,0.577498,1.781575
MED00118,10,2026-11-02,Post-Monsoon,2.020286,0.509794,1.664948
MED00119,10,2026-11-02,Post-Monsoon,2.020286,0.667082,1.948543
MED00120,10,2026-11-02,Post-Monsoon,2.020286,2.403792,11.065057
MED00121,10,2026-11-02,Post-Monsoon,2.020286,1.176748,3.24381
MED00122,10,2026-11-02,Post-Monsoon,2.020286,0.822555,2.276309
MED00123,10,2026-11-02,Post-Monsoon,2.020286,-0.019914,0.980283
MED00124,10,2026-11-02,Post-Monsoon,2.020286,1.969439,7.166653
MED00125,10,2026-11-02,Post-Monsoon,2.020286,-1.286569,0.276217
MED00126,10,2026-11-02,Post-Monsoon,2.020286,-0.084762,0.918731
MED00127,10,2026-11-02,Post-Monsoon,2.020286,0.698899,2.011536
MED00128,10,2026-11-02,Post-Monsoon,2.020286,0.706062,2.025996
MED00129,10,2026-11-02,Post-Monsoon,2.020286,0.562264,1.75464
MED00130,10,2026-11-02,Post-Monsoon,2.020286,-1.719006,0.179244
MED00131,10,2026-11-02,Post-Monsoon,2.020286,0.732378,2.080022
MED00132,10,2026-11-02,Post-Monsoon,2.020286,-0.475232,0.62174
MED00133,10,2026-11-02,Post-Monsoon,2.020286,-0.355414,0.700883
MED00134,10,2026-11-02,Post-Monsoon,2.020286,-0.53854,0.5836
MED00135,10,2026-11-02,Post-Monsoon,2.020286,2.65312,14.198262
MED00136,10,2026-11-02,Post-Monsoon,2.020286,0.44016,1.552956
MED00137,10,2026-11-02,Post-Monsoon,2.020286,0.775251,2.171138
MED00138,10,2026-11-02,Post-Monsoon,2.020286,0.707979,2.029886
MED00139,10,2026-11-02,Post-Monsoon,2.020286,1.106604,3.024072
MED00140,10,2026-11-02,Post-Monsoon,2.020286,0.600746,1.823478
MED00141,10,2026-11-02,Post-Monsoon,2.020286,1.470262,4.350375
MED00142,10,2026-11-02,Post-Monsoon,2.020286,-0.704034,0.494586
MED00143,10,2026-11-02,Post-Monsoon,2.020286,0.623481,1.865411
MED00144,10,2026-11-02,Post-Monsoon,2.020286,1.718954,5.578689
MED00145,10,2026-11-02,Post-Monsoon,2.020286,-0.454956,0.634476
MED00146,10,2026-11-02,Post-Monsoon,2.020286,0.486959,1.62736
MED00147,10,2026-11-02,Post-Monsoon,2.020286,0.595996,1.814838
MED00148,10,2026-11-02,Post-Monsoon,2.020286,1.707513,5.51523
MED00149,10,2026-11-02,Post-Monsoon,2.020286,1.264868,3.542624
MED00150,10,2026-11-02,Post-Monsoon,2.020286,0.477824,1.612562
MED00151,10,2026-11-02,Post-Monsoon,2.020286,0.716836,2.047944
MED00152,10,2026-11-02,Post-Monsoon,2.020286,0.774955,2.170494
MED00153,10,2026-11-02,Post-Monsoon,2.020286,0.76457,2.148071
MED00154,10,2026-11-02,Post-Monsoon,2.020286,2.704408,14.945462
MED00155,10,2026-11-02,Post-Monsoon,2.020286,0.67473,1.963503
MED00156,10,2026-11-02,Post-Monsoon,2.020286,0.880584,2.412308
MED00157,10,2026-11-02,Post-Monsoon,2.020286,1.475485,4.373158
MED00158,10,2026-11-02,Post-Monsoon,2.020286,-1.225026,0.29375
MED00159,10,2026-11-02,Post-Monsoon,2.020286,2.461847,11.726454
MED00160,10,2026-11-02,Post-Monsoon,2.020286,1.239218,3.452912
MED00161,10,2026-11-02,Post-Monsoon,2.020286,1.722698,5.599613
MED00162,10,2026-11-02,Post-Monsoon,2.020286,0.730079,2.075244
MED00163,10,2026-11-02,Post-Monsoon,2.020286,-1.012702,0.363236
MED00164,10,2026-11-02,Post-Monsoon,2.020286,0.658472,1.931839
MED00165,10,2026-11-02,Post-Monsoon,2.020286,2.167493,8.736356
MED00166,10,2026-11-02,Post-Monsoon,2.020286,0.718079,2.05049
MED00167,10,2026-11-02,Post-Monsoon,2.020286,0.576475,1.779753
MED00168,10,2026-11-02,Post-Monsoon,2.020286,0.66676,1.947915
MED00169,10,2026-11-02,Post-Monsoon,2.020286,0.579316,1.784817
MED00170,10,2026-11-02,Post-Monsoon,2.020286,0.609056,1.838695
MED00171,10,2026-11-02,Post-Monsoon,2.020286,0.774997,2.170586
MED00172,10,2026-11-02,Post-Monsoon,2.020286,0.558867,1.748691
MED00173,10,2026-11-02,Post-Monsoon,2.020286,0.759937,2.138141
MED00174,10,2026-11-02,Post-Monsoon,2.020286,1.74583,5.730656
MED00175,10,2026-11-02,Post-Monsoon,2.020286,0.270573,1.310715
MED00176,10,2026-11-02,Post-Monsoon,2.020286,2.55773,12.90648
MED00177,10,2026-11-02,Post-Monsoon,2.020286,-1.286695,0.276182
MED00178,10,2026-11-02,Post-Monsoon,2.020286,0.733871,2.083129
MED00179,10,2026-11-02,Post-Monsoon,2.020286,-0.717883,0.487784
MED00180,10,2026-11-02,Post-Monsoon,2.020286,0.655195,1.925519
MED00181,10,2026-11-02,Post-Monsoon,2.020286,1.067152,2.90709
MED00182,10,2026-11-02,Post-Monsoon,2.020286,-1.217382,0.296004
MED00183,10,2026-11-02,Post-Monsoon,2.020286,2.715551,15.11293
MED00184,10,2026-11-02,Post-Monsoon,2.020286,1.937606,6.942109
MED00185,10,2026-11-02,Post-Monsoon,2.020286,0.581247,1.788266
MED00186,10,2026-11-02,Post-Monsoon,2.020286,0.623466,1.865381
MED00187,10,2026-11-02,Post-Monsoon,2.020286,0.963383,2.620546
MED00188,10,2026-11-02,Post-Monsoon,2.020286,1.1468,3.148102
MED00189,10,2026-11-02,Post-Monsoon,2.020286,-1.573311,0.207358
MED00190,10,2026-11-02,Post-Monsoon,2.020286,0.718933,2.052242
MED00191,10,2026-11-02,Post-Monsoon,2.020286,2.387003,10.880835
MED00192,10,2026-11-02,Post-Monsoon,2.020286,-1.644572,0.193095
MED00193,10,2026-11-02,Post-Monsoon,2.020286,-2.44847,0.086426
MED00194,10,2026-11-02,Post-Monsoon,2.020286,1.812416,6.125225
MED00195,10,2026-11-02,Post-Monsoon,2.020286,1.733958,5.663022
MED00196,10,2026-11-02,Post-Monsoon,2.020286,1.874749,6.519183
MED00197,10,2026-11-02,Post-Monsoon,2.020286,1.78787,5.976706
MED00198,10,2026-11-02,Post-Monsoon,2.020286,0.528975,1.697192
MED00199,10,2026-11-02,Post-Monsoon,2.020286,0.335988,1.399322
MED00200,10,2026-11-02,Post-Monsoon,2.020286,0.580683,1.787259
MED00201,10,2026-11-02,Post-Monsoon,2.020286,2.069382,7.919923
MED00202,10,2026-11-02,Post-Monsoon,2.020286,0.577848,1.7822
MED00203,10,2026-11-02,Post-Monsoon,2.020286,0.756284,2.130346
MED00204,10,2026-11-02,Post-Monsoon,2.020286,0.69349,2.000686
MED00205,10,2026-11-02,Post-Monsoon,2.020286,2.424008,11.291019
MED00206,10,2026-11-02,Post-Monsoon,2.020286,0.078405,1.08156
MED00207,10,2026-11-02,Post-Monsoon,2.020286,0.623421,1.865298
MED00208,10,2026-11-02,Post-Monsoon,2.020286,2.400058,11.023816
MED00209,10,2026-11-02,Post-Monsoon,2.020286,0.971842,2.642808
MED00210,10,2026-11-02,Post-Monsoon,2.020286,0.303775,1.354965
MED00211,10,2026-11-02,Post-Monsoon,2.020286,0.744195,2.104747
MED00212,10,2026-11-02,Post-Monsoon,2.020286,0.660384,1.935535
MED00213,10,2026-11-02,Post-Monsoon,2.020286,0.386304,1.471533
MED00214,10,2026-11-02,Post-Monsoon,2.020286,2.242491,9.416759
MED00215,10,2026-11-02,Post-Monsoon,2.020286,0.797888,2.220844
MED00216,10,2026-11-02,Post-Monsoon,2.020286,-2.450194,0.086277
MED00217,10,2026-11-02,Post-Monsoon,2.020286,-1.421638,0.241318
MED00218,10,2026-11-02,Post-Monsoon,2.020286,1.411926,4.103851
MED00219,10,2026-11-02,Post-Monsoon,2.020286,2.742981,15.53322
MED00220,10,2026-11-02,Post-Monsoon,2.020286,0.664182,1.942901
MED00221,10,2026-11-02,Post-Monsoon,2.020286,1.074421,2.928298
MED00222,10,2026-11-02,Post-Monsoon,2.020286,-0.663974,0.514801
MED00223,10,2026-11-02,Post-Monsoon,2.020286,2.158777,8.660542
MED00224,10,2026-11-02,Post-Monsoon,2.020286,0.562661,1.755338
MED00225,10,2026-11-02,Post-Monsoon,2.020286,1.336571,3.805972
MED00226,10,2026-11-02,Post-Monsoon,2.020286,0.779596,2.180591
MED00227,10,2026-11-02,Post-Monsoon,2.020286,2.742442,15.524841
MED00228,10,2026-11-02,Post-Monsoon,2.020286,0.549127,1.73174
MED00229,10,2026-11-02,Post-Monsoon,2.020286,-0.368053,0.69208
MED00230,10,2026-11-02,Post-Monsoon,2.020286,2.548771,12.791372
MED00231,10,2026-11-02,Post-Monsoon,2.020286,0.494829,1.640218
MED00232,10,2026-11-02,Post-Monsoon,2.020286,1.056688,2.876826
MED00233,10,2026-11-02,Post-Monsoon,2.020286,-0.41275,0.661828
MED00234,10,2026-11-02,Post-Monsoon,2.020286,0.584914,1.794837
MED00235,10,2026-11-02,Post-Monsoon,2.020286,4.273474,71.770546
MED00236,10,2026-11-02,Post-Monsoon,2.020286,0.794718,2.213817
MED00237,10,2026-11-02,Post-Monsoon,2.020286,1.338978,3.81514
MED00238,10,2026-11-02,Post-Monsoon,2.020286,0.625949,1.870019
MED00239,10,2026-11-02,Post-Monsoon,2.020286,1.168691,3.217778
MED00240,10,2026-11-02,Post-Monsoon,2.020286,1.313755,3.720118
MED00241,10,2026-11-02,Post-Monsoon,2.020286,0.861312,2.366264
MED00242,10,2026-11-02,Post-Monsoon,2.020286,2.128803,8.404802
MED00243,10,2026-11-02,Post-Monsoon,2.020286,-2.093126,0.123301
MED00244,10,2026-11-02,Post-Monsoon,2.020286,0.701465,2.016704
MED00245,10,2026-11-02,Post-Monsoon,2.020286,4.31082,74.501526
MED00246,10,2026-11-02,Post-Monsoon,2.020286,1.580255,4.856192
MED00247,10,2026-11-02,Post-Monsoon,2.020286,2.40172,11.042158
MED00248,10,2026-11-02,Post-Monsoon,2.020286,0.723138,2.06089
MED00249,10,2026-11-02,Post-Monsoon,2.020286,2.964347,19.38205
MED00250,10,2026-11-02,Post-Monsoon,2.020286,2.307842,10.052703
MED00251,10,2026-11-02,Post-Monsoon,2.020286,0.558471,1.747998
MED00252,10,2026-11-02,Post-Monsoon,2.020286,-0.735017,0.479497
MED00253,10,2026-11-02,Post-Monsoon,2.020286,1.21869,3.382755
MED00254,10,2026-11-02,Post-Monsoon,2.020286,-0.977235,0.37635
MED00255,10,2026-11-02,Post-Monsoon,2.020286,1.434683,4.198314
MED00256,10,2026-11-02,Post-Monsoon,2.020286,0.738826,2.093476
MED00257,10,2026-11-02,Post-Monsoon,2.020286,1.37135,3.940667
MED00258,10,2026-11-02,Post-Monsoon,2.020286,0.726482,2.067793
MED00259,10,2026-11-02,Post-Monsoon,2.020286,0.758244,2.134524
MED00260,10,2026-11-02,Post-Monsoon,2.020286,-0.87667,0.416166
MED00261,10,2026-11-02,Post-Monsoon,2.020286,-0.303946,0.737901
MED00262,10,2026-11-02,Post-Monsoon,2.020286,1.078594,2.940542
MED00263,10,2026-11-02,Post-Monsoon,2.020286,1.022392,2.779836
MED00264,10,2026-11-02,Post-Monsoon,2.020286,-1.202154,0.300546
MED00265,10,2026-11-02,Post-Monsoon,2.020286,1.768326,5.861031
MED00266,10,2026-11-02,Post-Monsoon,2.020286,2.639748,14.009671
MED00267,10,2026-11-02,Post-Monsoon,2.020286,1.438586,4.214732
MED00268,10,2026-11-02,Post-Monsoon,2.020286,0.747418,2.111542
MED00269,10,2026-11-02,Post-Monsoon,2.020286,0.749466,2.11587
MED00270,10,2026-11-02,Post-Monsoon,2.020286,0.831774,2.297391
MED00271,10,2026-11-02,Post-Monsoon,2.020286,0.38479,1.469306
MED00272,10,2026-11-02,Post-Monsoon,2.020286,1.298328,3.663169
MED00273,10,2026-11-02,Post-Monsoon,2.020286,1.108271,3.029117
MED00274,10,2026-11-02,Post-Monsoon,2.020286,-0.592867,0.55274
MED00275,10,2026-11-02,Post-Monsoon,2.020286,2.362776,10.620393
MED00276,10,2026-11-02,Post-Monsoon,2.020286,0.617448,1.85419
MED00277,10,2026-11-02,Post-Monsoon,2.020286,-1.536868,0.215054
MED00278,10,2026-11-02,Post-Monsoon,2.020286,2.019042,7.531107
MED00279,10,2026-11-02,Post-Monsoon,2.020286,2.972961,19.549717
MED00280,10,2026-11-02,Post-Monsoon,2.020286,-1.447265,0.235213
MED00281,10,2026-11-02,Post-Monsoon,2.020286,2.552102,12.834047
MED00282,10,2026-11-02,Post-Monsoon,2.020286,1.17866,3.250016
MED00283,10,2026-11-02,Post-Monsoon,2.020286,0.759045,2.136236
MED00284,10,2026-11-02,Post-Monsoon,2.020286,0.320942,1.378426
MED00285,10,2026-11-02,Post-Monsoon,2.020286,1.587757,4.89276
MED00286,10,2026-11-02,Post-Monsoon,2.020286,1.386011,3.998866
MED00287,10,2026-11-02,Post-Monsoon,2.020286,1.08233,2.951548
MED00288,10,2026-11-02,Post-Monsoon,2.020286,3.75423,42.70134
MED00289,10,2026-11-02,Post-Monsoon,2.020286,1.373616,3.949608
MED00290,10,2026-11-02,Post-Monsoon,2.020286,0.591649,1.806965
MED00291,10,2026-11-02,Post-Monsoon,2.020286,2.259076,9.574237
MED00292,10,2026-11-02,Post-Monsoon,2.020286,0.472858,1.604574
MED00293,10,2026-11-02,Post-Monsoon,2.020286,1.455281,4.285688
MED00294,10,2026-11-02,Post-Monsoon,2.020286,0.225508,1.252959
MED00295,10,2026-11-02,Post-Monsoon,2.020286,-1.228188,0.292823
MED00296,10,2026-11-02,Post-Monsoon,2.020286,1.323902,3.758055
MED00297,10,2026-11-02,Post-Monsoon,2.020286,1.700243,5.475278
MED00298,10,2026-11-02,Post-Monsoon,2.020286,0.746224,2.109022
MED00299,10,2026-11-02,Post-Monsoon,2.020286,-0.859181,0.423509
MED00300,10,2026-11-02,Post-Monsoon,2.020286,0.603036,1.827659
MED00301,10,2026-11-02,Post-Monsoon,2.020286,1.530597,4.620934
MED00302,10,2026-11-02,Post-Monsoon,2.020286,2.152058,8.60255
MED00303,10,2026-11-02,Post-Monsoon,2.020286,1.018612,2.769348
MED00304,10,2026-11-02,Post-Monsoon,2.020286,1.266024,3.546722
MED00305,10,2026-11-02,Post-Monsoon,2.020286,0.58074,1.787362
MED00306,10,2026-11-02,Post-Monsoon,2.020286,-0.778823,0.458946
MED00307,10,2026-11-02,Post-Monsoon,2.020286,3.22305,25.104563
MED00308,10,2026-11-02,Post-Monsoon,2.020286,-0.380257,0.683686
MED00309,10,2026-11-02,Post-Monsoon,2.020286,1.06394,2.897766
MED00310,10,2026-11-02,Post-Monsoon,2.020286,1.136789,3.116744
MED00311,10,2026-11-02,Post-Monsoon,2.020286,1.11576,3.051888
MED00312,10,2026-11-02,Post-Monsoon,2.020286,-0.497742,0.607902
MED00313,10,2026-11-02,Post-Monsoon,2.020286,-0.722641,0.485468
MED00314,10,2026-11-02,Post-Monsoon,2.020286,2.41723,11.214755
MED00315,10,2026-11-02,Post-Monsoon,2.020286,2.167734,8.738461
MED00316,10,2026-11-02,Post-Monsoon,2.020286,0.989072,2.68874
MED00317,10,2026-11-02,Post-Monsoon,2.020286,0.744715,2.105841
MED00318,10,2026-11-02,Post-Monsoon,2.020286,0.899155,2.457526
MED00319,10,2026-11-02,Post-Monsoon,2.020286,2.36615,10.656283
MED00320,10,2026-11-02,Post-Monsoon,2.020286,1.703018,5.49049
MED00321,10,2026-11-02,Post-Monsoon,2.020286,-0.389184,0.677609
MED00322,10,2026-11-02,Post-Monsoon,2.020286,-1.686637,0.185141
MED00323,10,2026-11-02,Post-Monsoon,2.020286,0.095257,1.099941
MED00324,10,2026-11-02,Post-Monsoon,2.020286,0.23037,1.259066
MED00325,10,2026-11-02,Post-Monsoon,2.020286,1.803626,6.07162
MED00326,10,2026-11-02,Post-Monsoon,2.020286,2.146128,8.551685
MED00327,10,2026-11-02,Post-Monsoon,2.020286,1.032564,2.808258
MED00328,10,2026-11-02,Post-Monsoon,2.020286,1.346465,3.843815
MED00329,10,2026-11-02,Post-Monsoon,2.020286,2.359751,10.588312
MED00330,10,2026-11-02,Post-Monsoon,2.020286,1.378064,3.967213
MED00331,10,2026-11-02,Post-Monsoon,2.020286,0.604822,1.830926
MED00332,10,2026-11-02,Post-Monsoon,2.020286,1.005308,2.732748
MED00333,10,2026-11-02,Post-Monsoon,2.020286,0.940857,2.562176
MED00334,10,2026-11-02,Post-Monsoon,2.020286,2.295164,9.92606
MED00335,10,2026-11-02,Post-Monsoon,2.020286,1.684637,5.390492
MED00336,10,2026-11-02,Post-Monsoon,2.020286,2.191504,8.948658
MED00337,10,2026-11-02,Post-Monsoon,2.020286,4.14745,63.27242
MED00338,10,2026-11-02,Post-Monsoon,2.020286,2.302941,10.003558
MED00339,10,2026-11-02,Post-Monsoon,2.020286,0.549179,1.73183
MED00340,10,2026-11-02,Post-Monsoon,2.020286,0.659631,1.934079
MED00341,10,2026-11-02,Post-Monsoon,2.020286,1.582462,4.866921
MED00342,10,2026-11-02,Post-Monsoon,2.020286,0.725469,2.0657
MED00343,10,2026-11-02,Post-Monsoon,2.020286,2.260034,9.583421
MED00344,10,2026-11-02,Post-Monsoon,2.020286,1.335986,3.803746
MED00345,10,2026-11-02,Post-Monsoon,2.020286,-1.700009,0.182682
MED00346,10,2026-11-02,Post-Monsoon,2.020286,1.0814,2.948804
MED00347,10,2026-11-02,Post-Monsoon,2.020286,-1.64645,0.192733
MED00348,10,2026-11-02,Post-Monsoon,2.020286,0.541642,1.718828
MED00349,10,2026-11-02,Post-Monsoon,2.020286,0.820827,2.272378
MED00350,10,2026-11-02,Post-Monsoon,2.020286,0.081495,1.084908
MED00351,10,2026-11-02,Post-Monsoon,2.020286,-0.423108,0.655008
MED00352,10,2026-11-02,Post-Monsoon,2.020286,-1.429971,0.239316
MED00353,10,2026-11-02,Post-Monsoon,2.020286,0.034249,1.034842
MED00354,10,2026-11-02,Post-Monsoon,2.020286,0.001157,1.001158
MED00355,10,2026-11-02,Post-Monsoon,2.020286,2.212588,9.139343
MED00356,10,2026-11-02,Post-Monsoon,2.020286,0.650121,1.915772
MED00357,10,2026-11-02,Post-Monsoon,2.020286,-1.504924,0.222034
MED00358,10,2026-11-02,Post-Monsoon,2.020286,1.529867,4.617562
MED00359,10,2026-11-02,Post-Monsoon,2.020286,0.723154,2.060924
MED00360,10,2026-11-02,Post-Monsoon,2.020286,0.934532,2.546022
MED00361,10,2026-11-02,Post-Monsoon,2.020286,0.782041,2.185929
MED00362,10,2026-11-02,Post-Monsoon,2.020286,0.838309,2.312453
MED00363,10,2026-11-02,Post-Monsoon,2.020286,0.531613,1.701676
MED00364,10,2026-11-02,Post-Monsoon,2.020286,-1.769114,0.170484
MED00365,10,2026-11-02,Post-Monsoon,2.020286,0.744374,2.105124
MED00366,10,2026-11-02,Post-Monsoon,2.020286,2.204302,9.063926
MED00367,10,2026-11-02,Post-Monsoon,2.020286,0.738469,2.092729
MED00368,10,2026-11-02,Post-Monsoon,2.020286,0.951407,2.58935
MED00369,10,2026-11-02,Post-Monsoon,2.020286,1.211368,3.358076
MED00370,10,2026-11-02,Post-Monsoon,2.020286,-0.809314,0.445163
MED00371,10,2026-11-02,Post-Monsoon,2.020286,2.782519,16.15967
MED00372,10,2026-11-02,Post-Monsoon,2.020286,-1.440195,0.236881
MED00373,10,2026-11-02,Post-Monsoon,2.020286,-0.457651,0.632768
MED00374,10,2026-11-02,Post-Monsoon,2.020286,0.578504,1.783368
MED00375,10,2026-11-02,Post-Monsoon,2.020286,2.73145,15.35513
MED00376,10,2026-11-02,Post-Monsoon,2.020286,0.710608,2.035229
MED00377,10,2026-11-02,Post-Monsoon,2.020286,-0.664388,0.514588
MED00378,10,2026-11-02,Post-Monsoon,2.020286,0.746538,2.109684
MED00379,10,2026-11-02,Post-Monsoon,2.020286,-0.469736,0.625167
MED00380,10,2026-11-02,Post-Monsoon,2.020286,-0.325604,0.722091
MED00381,10,2026-11-02,Post-Monsoon,2.020286,0.597106,1.816852
MED00382,10,2026-11-02,Post-Monsoon,2.020286,0.753471,2.124361
MED00383,10,2026-11-02,Post-Monsoon,2.020286,1.801647,6.059619
MED00384,10,2026-11-02,Post-Monsoon,2.020286,0.693552,2.000811
MED00385,10,2026-11-02,Post-Monsoon,2.020286,2.891636,18.022778
MED00386,10,2026-11-02,Post-Monsoon,2.020286,2.610847,13.610571
MED00387,10,2026-11-02,Post-Monsoon,2.020286,2.889896,17.991436
MED00388,10,2026-11-02,Post-Monsoon,2.020286,4.793658,120.74221
MED00389,10,2026-11-02,Post-Monsoon,2.020286,2.142061,8.516975
MED00390,10,2026-11-02,Post-Monsoon,2.020286,2.898093,18.139515
MED00391,10,2026-11-02,Post-Monsoon,2.020286,2.778086,16.088194
MED00392,10,2026-11-02,Post-Monsoon,2.020286,2.783749,16.17957
MED00393,10,2026-11-02,Post-Monsoon,2.020286,2.371692,10.715509
MED00394,10,2026-11-02,Post-Monsoon,2.020286,2.588708,13.31256
MED00395,10,2026-11-02,Post-Monsoon,2.020286,2.78824,16.252386
MED00396,10,2026-11-02,Post-Monsoon,2.020286,4.011691,55.240208
MED00397,10,2026-11-02,Post-Monsoon,2.020286,3.836765,46.37521
MED00398,10,2026-11-02,Post-Monsoon,2.020286,4.911256,135.80992
MED00399,10,2026-11-02,Post-Monsoon,2.020286,4.957948,142.30153
MED00400,10,2026-11-02,Post-Monsoon,2.020286,4.358919,78.17259
MED00401,10,2026-11-02,Post-Monsoon,2.020286,2.497009,12.146114
MED00402,10,2026-11-02,Post-Monsoon,2.020286,2.838703,17.09358
MED00403,10,2026-11-02,Post-Monsoon,2.020286,2.480064,11.942034
MED00404,10,2026-11-02,Post-Monsoon,2.020286,1.520418,4.574135
MED00405,10,2026-11-02,Post-Monsoon,2.020286,1.920995,6.82775
MED00406,10,2026-11-02,Post-Monsoon,2.020286,2.972811,19.546791
MED00407,10,2026-11-02,Post-Monsoon,2.020286,2.824,16.844082
MED00408,10,2026-11-02,Post-Monsoon,2.020286,1.83527,6.266828
MED00409,10,2026-11-02,Post-Monsoon,2.020286,2.175744,8.808733
MED00410,10,2026-11-02,Post-Monsoon,2.020286,2.01036,7.466006
MED00411,10,2026-11-02,Post-Monsoon,2.020286,2.811828,16.640303
MED00412,10,2026-11-02,Post-Monsoon,2.020286,2.45695,11.669171
MED00413,10,2026-11-02,Post-Monsoon,2.020286,2.466178,11.777347
MED00414,10,2026-11-02,Post-Monsoon,2.020286,2.811518,16.63515
MED00415,10,2026-11-02,Post-Monsoon,2.020286,2.492845,12.095637
MED00416,10,2026-11-02,Post-Monsoon,2.020286,2.70198,14.909214
MED00417,10,2026-11-02,Post-Monsoon,2.020286,1.898948,6.678868
MED00418,10,2026-11-02,Post-Monsoon,2.020286,1.904451,6.71572
MED00419,10,2026-11-02,Post-Monsoon,2.020286,2.072994,7.948588
MED00420,10,2026-11-02,Post-Monsoon,2.020286,2.858322,17.43225
MED00421,10,2026-11-02,Post-Monsoon,2.020286,2.884235,17.889875
MED00422,10,2026-11-02,Post-Monsoon,2.020286,2.74675,15.591874
MED00423,10,2026-11-02,Post-Monsoon,2.020286,2.439265,11.464614
MED00424,10,2026-11-02,Post-Monsoon,2.020286,4.586698,98.16969
MED00001,11,2026-11-09,Post-Monsoon,2.020286,2.52443,12.483781
MED00002,11,2026-11-09,Post-Monsoon,2.020286,-2.324187,0.097863
MED00003,11,2026-11-09,Post-Monsoon,2.020286,-1.165784,0.311678
MED00004,11,2026-11-09,Post-Monsoon,2.020286,-0.154819,0.85657
MED00005,11,2026-11-09,Post-Monsoon,2.020286,0.78293,2.187874
MED00006,11,2026-11-09,Post-Monsoon,2.020286,0.475769,1.609251
MED00007,11,2026-11-09,Post-Monsoon,2.020286,1.393143,4.02749
MED00008,11,2026-11-09,Post-Monsoon,2.020286,-0.422239,0.655577
MED00009,11,2026-11-09,Post-Monsoon,2.020286,1.142016,3.133077
MED00010,11,2026-11-09,Post-Monsoon,2.020286,1.437476,4.210055
MED00011,11,2026-11-09,Post-Monsoon,2.020286,2.937359,18.865953
MED00012,11,2026-11-09,Post-Monsoon,2.020286,0.68894,1.991604
MED00013,11,2026-11-09,Post-Monsoon,2.020286,1.301928,3.676378
MED00014,11,2026-11-09,Post-Monsoon,2.020286,2.758884,15.782216
MED00015,11,2026-11-09,Post-Monsoon,2.020286,-0.665187,0.514177
MED00016,11,2026-11-09,Post-Monsoon,2.020286,0.711753,2.037561
MED00017,11,2026-11-09,Post-Monsoon,2.020286,0.606891,1.834718
MED00018,11,2026-11-09,Post-Monsoon,2.020286,4.456784,86.20979
MED00019,11,2026-11-09,Post-Monsoon,2.020286,3.887451,48.78637
MED00020,11,2026-11-09,Post-Monsoon,2.020286,2.247578,9.464788
MED00021,11,2026-11-09,Post-Monsoon,2.020286,1.262951,3.535842
MED00022,11,2026-11-09,Post-Monsoon,2.020286,0.800355,2.226332
MED00023,11,2026-11-09,Post-Monsoon,2.020286,0.31036,1.363916
MED00024,11,2026-11-09,Post-Monsoon,2.020286,0.983137,2.672828
MED00025,11,2026-11-09,Post-Monsoon,2.020286,-2.377885,0.092747
MED00026,11,2026-11-09,Post-Monsoon,2.020286,-0.925988,0.39614
MED00027,11,2026-11-09,Post-Monsoon,2.020286,-1.473916,0.229027
MED00028,11,2026-11-09,Post-Monsoon,2.020286,-0.612824,0.541818
MED00029,11,2026-11-09,Post-Monsoon,2.020286,2.343393,10.416521
MED00030,11,2026-11-09,Post-Monsoon,2.020286,1.275505,3.58051
MED00031,11,2026-11-09,Post-Monsoon,2.020286,1.081516,2.949148
MED00032,11,2026-11-09,Post-Monsoon,2.020286,0.792841,2.209666
MED00033,11,2026-11-09,Post-Monsoon,2.020286,0.010297,1.01035
MED00034,11,2026-11-09,Post-Monsoon,2.020286,3.002417,20.134144
MED00035,11,2026-11-09,Post-Monsoon,2.020286,-0.634941,0.529967
MED00036,11,2026-11-09,Post-Monsoon,2.020286,0.51944,1.681086
MED00037,11,2026-11-09,Post-Monsoon,2.020286,1.417022,4.124817
MED00038,11,2026-11-09,Post-Monsoon,2.020286,2.517005,12.391431
MED00039,11,2026-11-09,Post-Monsoon,2.020286,0.155813,1.168607
MED00040,11,2026-11-09,Post-Monsoon,2.020286,-0.654883,0.519503
MED00041,11,2026-11-09,Post-Monsoon,2.020286,-0.513005,0.598694
MED00042,11,2026-11-09,Post-Monsoon,2.020286,1.147363,3.149876
MED00043,11,2026-11-09,Post-Monsoon,2.020286,-0.804074,0.447502
MED00044,11,2026-11-09,Post-Monsoon,2.020286,0.626883,1.871767
MED00045,11,2026-11-09,Post-Monsoon,2.020286,0.538094,1.712739
MED00046,11,2026-11-09,Post-Monsoon,2.020286,0.814318,2.257636
MED00047,11,2026-11-09,Post-Monsoon,2.020286,1.587347,4.890754
MED00048,11,2026-11-09,Post-Monsoon,2.020286,2.4839,11.987927
MED00049,11,2026-11-09,Post-Monsoon,2.020286,-1.695468,0.183513
MED00050,11,2026-11-09,Post-Monsoon,2.020286,0.964589,2.623708
MED00051,11,2026-11-09,Post-Monsoon,2.020286,-1.715739,0.179831
MED00052,11,2026-11-09,Post-Monsoon,2.020286,-0.747198,0.473692
MED00053,11,2026-11-09,Post-Monsoon,2.020286,1.514167,4.545634
MED00054,11,2026-11-09,Post-Monsoon,2.020286,1.559698,4.757384
MED00055,11,2026-11-09,Post-Monsoon,2.020286,0.030991,1.031476
MED00056,11,2026-11-09,Post-Monsoon,2.020286,-0.381609,0.682762
MED00057,11,2026-11-09,Post-Monsoon,2.020286,-0.706184,0.493524
MED00058,11,2026-11-09,Post-Monsoon,2.020286,0.494251,1.63927
MED00059,11,2026-11-09,Post-Monsoon,2.020286,1.994595,7.349222
MED00060,11,2026-11-09,Post-Monsoon,2.020286,1.694811,5.445616
MED00061,11,2026-11-09,Post-Monsoon,2.020286,-0.471939,0.623792
MED00062,11,2026-11-09,Post-Monsoon,2.020286,2.443787,11.51657
MED00063,11,2026-11-09,Post-Monsoon,2.020286,-2.013752,0.133487
MED00064,11,2026-11-09,Post-Monsoon,2.020286,3.167421,23.746172
MED00065,11,2026-11-09,Post-Monsoon,2.020286,4.07209,58.679455
MED00066,11,2026-11-09,Post-Monsoon,2.020286,-0.762917,0.466304
MED00067,11,2026-11-09,Post-Monsoon,2.020286,0.684543,1.982866
MED00068,11,2026-11-09,Post-Monsoon,2.020286,1.10393,3.015996
MED00069,11,2026-11-09,Post-Monsoon,2.020286,0.528557,1.696482
MED00070,11,2026-11-09,Post-Monsoon,2.020286,2.371832,10.717014
MED00071,11,2026-11-09,Post-Monsoon,2.020286,0.69195,1.997608
MED00072,11,2026-11-09,Post-Monsoon,2.020286,0.742763,2.101734
MED00073,11,2026-11-09,Post-Monsoon,2.020286,1.093391,2.984378
MED00074,11,2026-11-09,Post-Monsoon,2.020286,0.987958,2.685745
MED00075,11,2026-11-09,Post-Monsoon,2.020286,1.07906,2.941914
MED00076,11,2026-11-09,Post-Monsoon,2.020286,-1.413617,0.243262
MED00077,11,2026-11-09,Post-Monsoon,2.020286,1.266535,3.548536
MED00078,11,2026-11-09,Post-Monsoon,2.020286,1.038462,2.82487
MED00079,11,2026-11-09,Post-Monsoon,2.020286,3.010554,20.298634
MED00080,11,2026-11-09,Post-Monsoon,2.020286,1.12068,3.06694
MED00081,11,2026-11-09,Post-Monsoon,2.020286,-1.016773,0.36176
MED00082,11,2026-11-09,Post-Monsoon,2.020286,0.917012,2.501804
MED00083,11,2026-11-09,Post-Monsoon,2.020286,1.09064,2.976179
MED00084,11,2026-11-09,Post-Monsoon,2.020286,3.670115,39.25641
MED00085,11,2026-11-09,Post-Monsoon,2.020286,0.704145,2.022117
MED00086,11,2026-11-09,Post-Monsoon,2.020286,-0.898505,0.407178
MED00087,11,2026-11-09,Post-Monsoon,2.020286,0.520551,1.682954
MED00088,11,2026-11-09,Post-Monsoon,2.020286,3.308092,27.332941
MED00089,11,2026-11-09,Post-Monsoon,2.020286,2.709443,15.020908
MED00090,11,2026-11-09,Post-Monsoon,2.020286,0.928831,2.531547
MED00091,11,2026-11-09,Post-Monsoon,2.020286,0.73634,2.088278
MED00092,11,2026-11-09,Post-Monsoon,2.020286,0.433913,1.543284
MED00093,11,2026-11-09,Post-Monsoon,2.020286,-1.257363,0.284403
MED00094,11,2026-11-09,Post-Monsoon,2.020286,-0.490278,0.612456
MED00095,11,2026-11-09,Post-Monsoon,2.020286,1.017246,2.765568
MED00096,11,2026-11-09,Post-Monsoon,2.020286,2.620928,13.74848
MED00097,11,2026-11-09,Post-Monsoon,2.020286,-0.670226,0.511593
MED00098,11,2026-11-09,Post-Monsoon,2.020286,2.018248,7.525132
MED00099,11,2026-11-09,Post-Monsoon,2.020286,-1.316116,0.268175
MED00100,11,2026-11-09,Post-Monsoon,2.020286,-1.715176,0.179932
MED00101,11,2026-11-09,Post-Monsoon,2.020286,1.330566,3.783183
MED00102,11,2026-11-09,Post-Monsoon,2.020286,1.461255,4.311365
MED00103,11,2026-11-09,Post-Monsoon,2.020286,1.002676,2.725566
MED00104,11,2026-11-09,Post-Monsoon,2.020286,1.927685,6.87358
MED00105,11,2026-11-09,Post-Monsoon,2.020286,2.38279,10.835092
MED00106,11,2026-11-09,Post-Monsoon,2.020286,-1.920307,0.146562
MED00107,11,2026-11-09,Post-Monsoon,2.020286,1.982456,7.260551
MED00108,11,2026-11-09,Post-Monsoon,2.020286,0.997395,2.711211
MED00109,11,2026-11-09,Post-Monsoon,2.020286,-0.677288,0.507993
MED00110,11,2026-11-09,Post-Monsoon,2.020286,-0.817086,0.441717
MED00111,11,2026-11-09,Post-Monsoon,2.020286,-0.357463,0.699449
MED00112,11,2026-11-09,Post-Monsoon,2.020286,0.971596,2.642158
MED00113,11,2026-11-09,Post-Monsoon,2.020286,0.606628,1.834237
MED00114,11,2026-11-09,Post-Monsoon,2.020286,2.528188,12.530783
MED00115,11,2026-11-09,Post-Monsoon,2.020286,0.677783,1.969507
MED00116,11,2026-11-09,Post-Monsoon,2.020286,2.017058,7.516179
MED00117,11,2026-11-09,Post-Monsoon,2.020286,0.574848,1.776861
MED00118,11,2026-11-09,Post-Monsoon,2.020286,0.516461,1.676085
MED00119,11,2026-11-09,Post-Monsoon,2.020286,0.667812,1.949967
MED00120,11,2026-11-09,Post-Monsoon,2.020286,2.415152,11.191469
MED00121,11,2026-11-09,Post-Monsoon,2.020286,1.163503,3.201127
MED00122,11,2026-11-09,Post-Monsoon,2.020286,0.820051,2.270616
MED00123,11,2026-11-09,Post-Monsoon,2.020286,-0.05123,0.950061
MED00124,11,2026-11-09,Post-Monsoon,2.020286,1.958313,7.087362
MED00125,11,2026-11-09,Post-Monsoon,2.020286,-1.294648,0.273994
MED00126,11,2026-11-09,Post-Monsoon,2.020286,-0.234137,0.791253
MED00127,11,2026-11-09,Post-Monsoon,2.020286,0.706902,2.0277
MED00128,11,2026-11-09,Post-Monsoon,2.020286,0.706792,2.027477
MED00129,11,2026-11-09,Post-Monsoon,2.020286,0.562995,1.755923
MED00130,11,2026-11-09,Post-Monsoon,2.020286,-1.686543,0.185158
MED00131,11,2026-11-09,Post-Monsoon,2.020286,0.733009,2.081333
MED00132,11,2026-11-09,Post-Monsoon,2.020286,-0.5242,0.592029
MED00133,11,2026-11-09,Post-Monsoon,2.020286,-0.388661,0.677964
MED00134,11,2026-11-09,Post-Monsoon,2.020286,-0.708619,0.492324
MED00135,11,2026-11-09,Post-Monsoon,2.020286,2.655658,14.234343
MED00136,11,2026-11-09,Post-Monsoon,2.020286,0.455327,1.576689
MED00137,11,2026-11-09,Post-Monsoon,2.020286,0.791377,2.206432
MED00138,11,2026-11-09,Post-Monsoon,2.020286,0.70871,2.031369
MED00139,11,2026-11-09,Post-Monsoon,2.020286,1.11213,3.040827
MED00140,11,2026-11-09,Post-Monsoon,2.020286,0.606712,1.83439
MED00141,11,2026-11-09,Post-Monsoon,2.020286,1.462954,4.3187
MED00142,11,2026-11-09,Post-Monsoon,2.020286,-0.716567,0.488426
MED00143,11,2026-11-09,Post-Monsoon,2.020286,0.623213,1.864911
MED00144,11,2026-11-09,Post-Monsoon,2.020286,1.691642,5.428386
MED00145,11,2026-11-09,Post-Monsoon,2.020286,-0.439411,0.644416
MED00146,11,2026-11-09,Post-Monsoon,2.020286,0.470793,1.601263
MED00147,11,2026-11-09,Post-Monsoon,2.020286,0.584326,1.793781
MED00148,11,2026-11-09,Post-Monsoon,2.020286,1.756697,5.79327
MED00149,11,2026-11-09,Post-Monsoon,2.020286,1.254677,3.506707
MED00150,11,2026-11-09,Post-Monsoon,2.020286,0.465664,1.593071
MED00151,11,2026-11-09,Post-Monsoon,2.020286,0.714418,2.042997
MED00152,11,2026-11-09,Post-Monsoon,2.020286,0.771574,2.163168
MED00153,11,2026-11-09,Post-Monsoon,2.020286,0.7622,2.142985
MED00154,11,2026-11-09,Post-Monsoon,2.020286,2.70662,14.978555
MED00155,11,2026-11-09,Post-Monsoon,2.020286,0.672428,1.958988
MED00156,11,2026-11-09,Post-Monsoon,2.020286,0.894579,2.446305
MED00157,11,2026-11-09,Post-Monsoon,2.020286,1.456461,4.290749
MED00158,11,2026-11-09,Post-Monsoon,2.020286,-1.185745,0.305518
MED00159,11,2026-11-09,Post-Monsoon,2.020286,2.510444,12.3104
MED00160,11,2026-11-09,Post-Monsoon,2.020286,1.219689,3.386136
MED00161,11,2026-11-09,Post-Monsoon,2.020286,1.715361,5.55868
MED00162,11,2026-11-09,Post-Monsoon,2.020286,0.726642,2.068123
MED00163,11,2026-11-09,Post-Monsoon,2.020286,-1.000043,0.367864
MED00164,11,2026-11-09,Post-Monsoon,2.020286,0.65233,1.920009
MED00165,11,2026-11-09,Post-Monsoon,2.020286,2.002898,7.410496
MED00166,11,2026-11-09,Post-Monsoon,2.020286,0.714857,2.043895
MED00167,11,2026-11-09,Post-Monsoon,2.020286,0.57488,1.776917
MED00168,11,2026-11-09,Post-Monsoon,2.020286,0.66749,1.949339
MED00169,11,2026-11-09,Post-Monsoon,2.020286,0.582917,1.791255
MED00170,11,2026-11-09,Post-Monsoon,2.020286,0.605205,1.831628
MED00171,11,2026-11-09,Post-Monsoon,2.020286,0.771786,2.163628
MED00172,11,2026-11-09,Post-Monsoon,2.020286,0.511165,1.667232
MED00173,11,2026-11-09,Post-Monsoon,2.020286,0.75934,2.136866
MED00174,11,2026-11-09,Post-Monsoon,2.020286,1.776635,5.909936
MED00175,11,2026-11-09,Post-Monsoon,2.020286,0.371778,1.45031
MED00176,11,2026-11-09,Post-Monsoon,2.020286,2.568596,13.047495
MED00177,11,2026-11-09,Post-Monsoon,2.020286,-1.231451,0.291869
MED00178,11,2026-11-09,Post-Monsoon,2.020286,0.757556,2.133057
MED00179,11,2026-11-09,Post-Monsoon,2.020286,-0.671289,0.511049
MED00180,11,2026-11-09,Post-Monsoon,2.020286,0.651504,1.918424
MED00181,11,2026-11-09,Post-Monsoon,2.020286,1.055118,2.872314
MED00182,11,2026-11-09,Post-Monsoon,2.020286,-1.191784,0.303679
MED00183,11,2026-11-09,Post-Monsoon,2.020286,2.739071,15.47261
MED00184,11,2026-11-09,Post-Monsoon,2.020286,1.934716,6.922076
MED00185,11,2026-11-09,Post-Monsoon,2.020286,0.589172,1.802494
MED00186,11,2026-11-09,Post-Monsoon,2.020286,0.624196,1.866745
MED00187,11,2026-11-09,Post-Monsoon,2.020286,0.965313,2.625609
MED00188,11,2026-11-09,Post-Monsoon,2.020286,1.127537,3.088042
MED00189,11,2026-11-09,Post-Monsoon,2.020286,-1.562292,0.209655
MED00190,11,2026-11-09,Post-Monsoon,2.020286,0.712001,2.038065
MED00191,11,2026-11-09,Post-Monsoon,2.020286,2.372117,10.72006
MED00192,11,2026-11-09,Post-Monsoon,2.020286,-1.623929,0.197123
MED00193,11,2026-11-09,Post-Monsoon,2.020286,-2.429924,0.088043
MED00194,11,2026-11-09,Post-Monsoon,2.020286,1.74131,5.704812
MED00195,11,2026-11-09,Post-Monsoon,2.020286,1.614552,5.025636
MED00196,11,2026-11-09,Post-Monsoon,2.020286,1.713656,5.549216
MED00197,11,2026-11-09,Post-Monsoon,2.020286,1.678221,5.35602
MED00198,11,2026-11-09,Post-Monsoon,2.020286,0.525144,1.690703
MED00199,11,2026-11-09,Post-Monsoon,2.020286,0.301248,1.351545
MED00200,11,2026-11-09,Post-Monsoon,2.020286,0.581414,1.788565
MED00201,11,2026-11-09,Post-Monsoon,2.020286,2.076406,7.975756
MED00202,11,2026-11-09,Post-Monsoon,2.020286,0.575344,1.777742
MED00203,11,2026-11-09,Post-Monsoon,2.020286,0.741503,2.099089
MED00204,11,2026-11-09,Post-Monsoon,2.020286,0.68851,1.990747
MED00205,11,2026-11-09,Post-Monsoon,2.020286,2.417241,11.214873
MED00206,11,2026-11-09,Post-Monsoon,2.020286,0.092846,1.097293
MED00207,11,2026-11-09,Post-Monsoon,2.020286,0.61959,1.858166
MED00208,11,2026-11-09,Post-Monsoon,2.020286,2.38813,10.893105
MED00209,11,2026-11-09,Post-Monsoon,2.020286,0.948632,2.582175
MED00210,11,2026-11-09,Post-Monsoon,2.020286,0.352231,1.422237
MED00211,11,2026-11-09,Post-Monsoon,2.020286,0.743599,2.103492
MED00212,11,2026-11-09,Post-Monsoon,2.020286,0.668716,1.951729
MED00213,11,2026-11-09,Post-Monsoon,2.020286,0.221669,1.248158
MED00214,11,2026-11-09,Post-Monsoon,2.020286,2.231302,9.311985
MED00215,11,2026-11-09,Post-Monsoon,2.020286,0.792396,2.208683
MED00216,11,2026-11-09,Post-Monsoon,2.020286,-2.454126,0.085938
MED00217,11,2026-11-09,Post-Monsoon,2.020286,-1.397989,0.247093
MED00218,11,2026-11-09,Post-Monsoon,2.020286,1.387871,4.006311
MED00219,11,2026-11-09,Post-Monsoon,2.020286,2.653702,14.206537
MED00220,11,2026-11-09,Post-Monsoon,2.020286,0.673719,1.96152
MED00221,11,2026-11-09,Post-Monsoon,2.020286,1.066204,2.904335
MED00222,11,2026-11-09,Post-Monsoon,2.020286,-0.673778,0.509779
MED00223,11,2026-11-09,Post-Monsoon,2.020286,2.203475,9.056428
MED00224,11,2026-11-09,Post-Monsoon,2.020286,0.569328,1.76708
MED00225,11,2026-11-09,Post-Monsoon,2.020286,1.328328,3.774726
MED00226,11,2026-11-09,Post-Monsoon,2.020286,0.772755,2.165724
MED00227,11,2026-11-09,Post-Monsoon,2.020286,2.744965,15.564071
MED00228,11,2026-11-09,Post-Monsoon,2.020286,0.547786,1.72942
MED00229,11,2026-11-09,Post-Monsoon,2.020286,-0.54206,0.581549
MED00230,11,2026-11-09,Post-Monsoon,2.020286,2.54751,12.775247
MED00231,11,2026-11-09,Post-Monsoon,2.020286,0.490493,1.633122
MED00232,11,2026-11-09,Post-Monsoon,2.020286,1.067022,2.90671
MED00233,11,2026-11-09,Post-Monsoon,2.020286,-0.443534,0.641764
MED00234,11,2026-11-09,Post-Monsoon,2.020286,0.585645,1.796149
MED00235,11,2026-11-09,Post-Monsoon,2.020286,4.234946,69.05797
MED00236,11,2026-11-09,Post-Monsoon,2.020286,0.780897,2.18343
MED00237,11,2026-11-09,Post-Monsoon,2.020286,1.293977,3.647262
MED00238,11,2026-11-09,Post-Monsoon,2.020286,0.624777,1.867829
MED00239,11,2026-11-09,Post-Monsoon,2.020286,1.162922,3.19927
MED00240,11,2026-11-09,Post-Monsoon,2.020286,1.312311,3.71475
MED00241,11,2026-11-09,Post-Monsoon,2.020286,0.853496,2.34784
MED00242,11,2026-11-09,Post-Monsoon,2.020286,2.013135,7.486755
MED00243,11,2026-11-09,Post-Monsoon,2.020286,-2.080662,0.124847
MED00244,11,2026-11-09,Post-Monsoon,2.020286,0.694827,2.003362
MED00245,11,2026-11-09,Post-Monsoon,2.020286,4.282332,72.409096
MED00246,11,2026-11-09,Post-Monsoon,2.020286,1.573488,4.823442
MED00247,11,2026-11-09,Post-Monsoon,2.020286,2.39153,10.930207
MED00248,11,2026-11-09,Post-Monsoon,2.020286,0.727409,2.069712
MED00249,11,2026-11-09,Post-Monsoon,2.020286,2.989532,19.87637
MED00250,11,2026-11-09,Post-Monsoon,2.020286,2.288015,9.855359
MED00251,11,2026-11-09,Post-Monsoon,2.020286,0.55318,1.738774
MED00252,11,2026-11-09,Post-Monsoon,2.020286,-0.754184,0.470394
MED00253,11,2026-11-09,Post-Monsoon,2.020286,1.205585,3.338712
MED00254,11,2026-11-09,Post-Monsoon,2.020286,-1.007452,0.365148
MED00255,11,2026-11-09,Post-Monsoon,2.020286,1.39083,4.018185
MED00256,11,2026-11-09,Post-Monsoon,2.020286,0.739557,2.095006
MED00257,11,2026-11-09,Post-Monsoon,2.020286,1.370815,3.93856
MED00258,11,2026-11-09,Post-Monsoon,2.020286,0.724887,2.064498
MED00259,11,2026-11-09,Post-Monsoon,2.020286,0.764632,2.148203
MED00260,11,2026-11-09,Post-Monsoon,2.020286,-0.837217,0.432914
MED00261,11,2026-11-09,Post-Monsoon,2.020286,-0.261665,0.769769
MED00262,11,2026-11-09,Post-Monsoon,2.020286,1.070791,2.917686
MED00263,11,2026-11-09,Post-Monsoon,2.020286,1.015625,2.761088
MED00264,11,2026-11-09,Post-Monsoon,2.020286,-1.30218,0.271938
MED00265,11,2026-11-09,Post-Monsoon,2.020286,1.747344,5.739338
MED00266,11,2026-11-09,Post-Monsoon,2.020286,2.66924,14.428995
MED00267,11,2026-11-09,Post-Monsoon,2.020286,1.433146,4.191866
MED00268,11,2026-11-09,Post-Monsoon,2.020286,0.744915,2.106262
MED00269,11,2026-11-09,Post-Monsoon,2.020286,0.747577,2.111876
MED00270,11,2026-11-09,Post-Monsoon,2.020286,0.831178,2.296021
MED00271,11,2026-11-09,Post-Monsoon,2.020286,0.356492,1.42831
MED00272,11,2026-11-09,Post-Monsoon,2.020286,1.335043,3.800158
MED00273,11,2026-11-09,Post-Monsoon,2.020286,1.146554,3.147327
MED00274,11,2026-11-09,Post-Monsoon,2.020286,-0.623068,0.536297
MED00275,11,2026-11-09,Post-Monsoon,2.020286,2.36415,10.635001
MED00276,11,2026-11-09,Post-Monsoon,2.020286,0.612161,1.844413
MED00277,11,2026-11-09,Post-Monsoon,2.020286,-1.539884,0.214406
MED00278,11,2026-11-09,Post-Monsoon,2.020286,1.998562,7.378437
MED00279,11,2026-11-09,Post-Monsoon,2.020286,2.972549,19.541662
MED00280,11,2026-11-09,Post-Monsoon,2.020286,-1.423969,0.240757
MED00281,11,2026-11-09,Post-Monsoon,2.020286,2.554538,12.865349
MED00282,11,2026-11-09,Post-Monsoon,2.020286,1.215702,3.372661
MED00283,11,2026-11-09,Post-Monsoon,2.020286,0.753333,2.124068
MED00284,11,2026-11-09,Post-Monsoon,2.020286,0.320222,1.377433
MED00285,11,2026-11-09,Post-Monsoon,2.020286,1.550749,4.715
MED00286,11,2026-11-09,Post-Monsoon,2.020286,1.355768,3.879739
MED00287,11,2026-11-09,Post-Monsoon,2.020286,1.062429,2.893391
MED00288,11,2026-11-09,Post-Monsoon,2.020286,3.615147,37.156822
MED00289,11,2026-11-09,Post-Monsoon,2.020286,1.358998,3.89229
MED00290,11,2026-11-09,Post-Monsoon,2.020286,0.592379,1.808286
MED00291,11,2026-11-09,Post-Monsoon,2.020286,2.278407,9.761122
MED00292,11,2026-11-09,Post-Monsoon,2.020286,0.486853,1.627188
MED00293,11,2026-11-09,Post-Monsoon,2.020286,1.430882,4.182384
MED00294,11,2026-11-09,Post-Monsoon,2.020286,0.258335,1.294773
MED00295,11,2026-11-09,Post-Monsoon,2.020286,-1.207748,0.29887
MED00296,11,2026-11-09,Post-Monsoon,2.020286,1.318133,3.73644
MED00297,11,2026-11-09,Post-Monsoon,2.020286,1.695802,5.451014
MED00298,11,2026-11-09,Post-Monsoon,2.020286,0.742393,2.100958
MED00299,11,2026-11-09,Post-Monsoon,2.020286,-0.774467,0.460949
MED00300,11,2026-11-09,Post-Monsoon,2.020286,0.603766,1.828994
MED00301,11,2026-11-09,Post-Monsoon,2.020286,1.524828,4.594355
MED00302,11,2026-11-09,Post-Monsoon,2.020286,2.171662,8.772849
MED00303,11,2026-11-09,Post-Monsoon,2.020286,1.027704,2.794642
MED00304,11,2026-11-09,Post-Monsoon,2.020286,1.25648,3.513034
MED00305,11,2026-11-09,Post-Monsoon,2.020286,0.580011,1.786059
MED00306,11,2026-11-09,Post-Monsoon,2.020286,-0.737097,0.478501
MED00307,11,2026-11-09,Post-Monsoon,2.020286,3.216251,24.934458
MED00308,11,2026-11-09,Post-Monsoon,2.020286,-0.325673,0.722042
MED00309,11,2026-11-09,Post-Monsoon,2.020286,1.055723,2.874053
MED00310,11,2026-11-09,Post-Monsoon,2.020286,1.185972,3.273869
MED00311,11,2026-11-09,Post-Monsoon,2.020286,1.104234,3.016914
MED00312,11,2026-11-09,Post-Monsoon,2.020286,-0.523286,0.59257
MED00313,11,2026-11-09,Post-Monsoon,2.020286,-0.912564,0.401493
MED00314,11,2026-11-09,Post-Monsoon,2.020286,2.448598,11.572113
MED00315,11,2026-11-09,Post-Monsoon,2.020286,2.161966,8.688201
MED00316,11,2026-11-09,Post-Monsoon,2.020286,0.988384,2.68689
MED00317,11,2026-11-09,Post-Monsoon,2.020286,0.740884,2.097789
MED00318,11,2026-11-09,Post-Monsoon,2.020286,0.898459,2.455814
MED00319,11,2026-11-09,Post-Monsoon,2.020286,2.354317,10.530935
MED00320,11,2026-11-09,Post-Monsoon,2.020286,1.750206,5.755788
MED00321,11,2026-11-09,Post-Monsoon,2.020286,-0.507431,0.60204
MED00322,11,2026-11-09,Post-Monsoon,2.020286,-1.666172,0.188969
MED00323,11,2026-11-09,Post-Monsoon,2.020286,0.064573,1.066704
MED00324,11,2026-11-09,Post-Monsoon,2.020286,0.223918,1.250968
MED00325,11,2026-11-09,Post-Monsoon,2.020286,1.796858,6.030672
MED00326,11,2026-11-09,Post-Monsoon,2.020286,2.130107,8.415765
MED00327,11,2026-11-09,Post-Monsoon,2.020286,1.040703,2.831207
MED00328,11,2026-11-09,Post-Monsoon,2.020286,1.339698,3.817892
MED00329,11,2026-11-09,Post-Monsoon,2.020286,2.349727,10.482707
MED00330,11,2026-11-09,Post-Monsoon,2.020286,1.369729,3.934282
MED00331,11,2026-11-09,Post-Monsoon,2.020286,0.604845,1.830969
MED00332,11,2026-11-09,Post-Monsoon,2.020286,1.001178,2.721486
MED00333,11,2026-11-09,Post-Monsoon,2.020286,0.941593,2.564062
MED00334,11,2026-11-09,Post-Monsoon,2.020286,2.301442,9.98858
MED00335,11,2026-11-09,Post-Monsoon,2.020286,1.720342,5.586442
MED00336,11,2026-11-09,Post-Monsoon,2.020286,2.183122,8.873969
MED00337,11,2026-11-09,Post-Monsoon,2.020286,4.034143,56.494484
MED00338,11,2026-11-09,Post-Monsoon,2.020286,2.320463,10.180388
MED00339,11,2026-11-09,Post-Monsoon,2.020286,0.552207,1.737082
MED00340,11,2026-11-09,Post-Monsoon,2.020286,0.679675,1.973237
MED00341,11,2026-11-09,Post-Monsoon,2.020286,1.568297,4.79847
MED00342,11,2026-11-09,Post-Monsoon,2.020286,0.72275,2.06009
MED00343,11,2026-11-09,Post-Monsoon,2.020286,2.253268,9.51879
MED00344,11,2026-11-09,Post-Monsoon,2.020286,1.42902,4.174608
MED00345,11,2026-11-09,Post-Monsoon,2.020286,-1.685785,0.185299
MED00346,11,2026-11-09,Post-Monsoon,2.020286,1.068627,2.91138
MED00347,11,2026-11-09,Post-Monsoon,2.020286,-1.575692,0.206864
MED00348,11,2026-11-09,Post-Monsoon,2.020286,0.542394,1.72012
MED00349,11,2026-11-09,Post-Monsoon,2.020286,0.821558,2.274039
MED00350,11,2026-11-09,Post-Monsoon,2.020286,-0.064389,0.93764
MED00351,11,2026-11-09,Post-Monsoon,2.020286,-0.595591,0.551237
MED00352,11,2026-11-09,Post-Monsoon,2.020286,-1.551034,0.212029
MED00353,11,2026-11-09,Post-Monsoon,2.020286,-0.120885,0.886136
MED00354,11,2026-11-09,Post-Monsoon,2.020286,-0.156442,0.855181
MED00355,11,2026-11-09,Post-Monsoon,2.020286,2.164209,8.70771
MED00356,11,2026-11-09,Post-Monsoon,2.020286,0.647617,1.910982
MED00357,11,2026-11-09,Post-Monsoon,2.020286,-1.489904,0.225394
MED00358,11,2026-11-09,Post-Monsoon,2.020286,1.552699,4.724205
MED00359,11,2026-11-09,Post-Monsoon,2.020286,0.72065,2.05577
MED00360,11,2026-11-09,Post-Monsoon,2.020286,0.93288,2.541819
MED00361,11,2026-11-09,Post-Monsoon,2.020286,0.78177,2.185336
MED00362,11,2026-11-09,Post-Monsoon,2.020286,0.837712,2.311074
MED00363,11,2026-11-09,Post-Monsoon,2.020286,0.527782,1.695169
MED00364,11,2026-11-09,Post-Monsoon,2.020286,-1.719499,0.179156
MED00365,11,2026-11-09,Post-Monsoon,2.020286,0.744106,2.10456
MED00366,11,2026-11-09,Post-Monsoon,2.020286,2.181902,8.863145
MED00367,11,2026-11-09,Post-Monsoon,2.020286,0.735965,2.087496
MED00368,11,2026-11-09,Post-Monsoon,2.020286,0.958995,2.609073
MED00369,11,2026-11-09,Post-Monsoon,2.020286,1.209505,3.351826
MED00370,11,2026-11-09,Post-Monsoon,2.020286,-0.779876,0.458463
MED00371,11,2026-11-09,Post-Monsoon,2.020286,2.768582,15.93603
MED00372,11,2026-11-09,Post-Monsoon,2.020286,-1.451135,0.234304
MED00373,11,2026-11-09,Post-Monsoon,2.020286,-0.455199,0.634322
MED00374,11,2026-11-09,Post-Monsoon,2.020286,0.53914,1.714532
MED00375,11,2026-11-09,Post-Monsoon,2.020286,2.731502,15.355927
MED00376,11,2026-11-09,Post-Monsoon,2.020286,0.703676,2.02117
MED00377,11,2026-11-09,Post-Monsoon,2.020286,-0.63531,0.529771
MED00378,11,2026-11-09,Post-Monsoon,2.020286,0.711781,2.037618
MED00379,11,2026-11-09,Post-Monsoon,2.020286,-0.57182,0.564497
MED00380,11,2026-11-09,Post-Monsoon,2.020286,-0.469466,0.625336
MED00381,11,2026-11-09,Post-Monsoon,2.020286,0.368268,1.44523
MED00382,11,2026-11-09,Post-Monsoon,2.020286,0.763595,2.145977
MED00383,11,2026-11-09,Post-Monsoon,2.020286,1.77291,5.887962
MED00384,11,2026-11-09,Post-Monsoon,2.020286,0.694283,2.002273
MED00385,11,2026-11-09,Post-Monsoon,2.020286,2.894222,18.069443
MED00386,11,2026-11-09,Post-Monsoon,2.020286,2.61051,13.605983
MED00387,11,2026-11-09,Post-Monsoon,2.020286,2.887718,17.9523
MED00388,11,2026-11-09,Post-Monsoon,2.020286,4.79374,120.75211
MED00389,11,2026-11-09,Post-Monsoon,2.020286,2.12835,8.400994
MED00390,11,2026-11-09,Post-Monsoon,2.020286,2.881104,17.833946
MED00391,11,2026-11-09,Post-Monsoon,2.020286,2.7754,16.045038
MED00392,11,2026-11-09,Post-Monsoon,2.020286,2.784796,16.196507
MED00393,11,2026-11-09,Post-Monsoon,2.020286,2.379043,10.794563
MED00394,11,2026-11-09,Post-Monsoon,2.020286,2.590082,13.33087
MED00395,11,2026-11-09,Post-Monsoon,2.020286,2.78249,16.159204
MED00396,11,2026-11-09,Post-Monsoon,2.020286,3.875287,48.196545
MED00397,11,2026-11-09,Post-Monsoon,2.020286,3.748488,42.456837
MED00398,11,2026-11-09,Post-Monsoon,2.020286,4.877549,131.30846
MED00399,11,2026-11-09,Post-Monsoon,2.020286,4.927613,138.04956
MED00400,11,2026-11-09,Post-Monsoon,2.020286,4.34419,77.029594
MED00401,11,2026-11-09,Post-Monsoon,2.020286,2.509262,12.295856
MED00402,11,2026-11-09,Post-Monsoon,2.020286,2.836032,17.047985
MED00403,11,2026-11-09,Post-Monsoon,2.020286,2.459093,11.694199
MED00404,11,2026-11-09,Post-Monsoon,2.020286,1.486501,4.421597
MED00405,11,2026-11-09,Post-Monsoon,2.020286,1.918921,6.813602
MED00406,11,2026-11-09,Post-Monsoon,2.020286,2.971708,19.525251
MED00407,11,2026-11-09,Post-Monsoon,2.020286,2.821329,16.799156
MED00408,11,2026-11-09,Post-Monsoon,2.020286,1.8326,6.250114
MED00409,11,2026-11-09,Post-Monsoon,2.020286,2.104236,8.20083
MED00410,11,2026-11-09,Post-Monsoon,2.020286,1.924676,6.852926
MED00411,11,2026-11-09,Post-Monsoon,2.020286,2.817655,16.737553
MED00412,11,2026-11-09,Post-Monsoon,2.020286,2.453823,11.632732
MED00413,11,2026-11-09,Post-Monsoon,2.020286,2.460502,11.710696
MED00414,11,2026-11-09,Post-Monsoon,2.020286,2.811518,16.63515
MED00415,11,2026-11-09,Post-Monsoon,2.020286,2.49147,12.079021
MED00416,11,2026-11-09,Post-Monsoon,2.020286,2.708415,15.005477
MED00417,11,2026-11-09,Post-Monsoon,2.020286,1.908706,6.744357
MED00418,11,2026-11-09,Post-Monsoon,2.020286,1.912455,6.769687
MED00419,11,2026-11-09,Post-Monsoon,2.020286,2.073028,7.948858
MED00420,11,2026-11-09,Post-Monsoon,2.020286,2.863396,17.520922
MED00421,11,2026-11-09,Post-Monsoon,2.020286,2.888996,17.975264
MED00422,11,2026-11-09,Post-Monsoon,2.020286,2.742643,15.527966
MED00423,11,2026-11-09,Post-Monsoon,2.020286,2.440504,11.478823
MED00424,11,2026-11-09,Post-Monsoon,2.020286,4.551116,94.73812
MED00001,12,2026-11-16,Post-Monsoon,2.020286,2.536226,12.631903
MED00002,12,2026-11-16,Post-Monsoon,2.020286,-2.349004,0.095464
MED00003,12,2026-11-16,Post-Monsoon,2.020286,-1.158761,0.313875
MED00004,12,2026-11-16,Post-Monsoon,2.020286,-0.112135,0.893924
MED00005,12,2026-11-16,Post-Monsoon,2.020286,0.724237,2.063156
MED00006,12,2026-11-16,Post-Monsoon,2.020286,0.483383,1.62155
MED00007,12,2026-11-16,Post-Monsoon,2.020286,1.375106,3.955497
MED00008,12,2026-11-16,Post-Monsoon,2.020286,-0.414978,0.660355
MED00009,12,2026-11-16,Post-Monsoon,2.020286,1.133988,3.108026
MED00010,12,2026-11-16,Post-Monsoon,2.020286,1.614802,5.026891
MED00011,12,2026-11-16,Post-Monsoon,2.020286,2.964696,19.388811
MED00012,12,2026-11-16,Post-Monsoon,2.020286,0.695903,2.005519
MED00013,12,2026-11-16,Post-Monsoon,2.020286,1.272275,3.568964
MED00014,12,2026-11-16,Post-Monsoon,2.020286,2.849288,17.275473
MED00015,12,2026-11-16,Post-Monsoon,2.020286,-0.696173,0.498489
MED00016,12,2026-11-16,Post-Monsoon,2.020286,0.716634,2.04753
MED00017,12,2026-11-16,Post-Monsoon,2.020286,0.611876,1.843887
MED00018,12,2026-11-16,Post-Monsoon,2.020286,4.40358,81.74304
MED00019,12,2026-11-16,Post-Monsoon,2.020286,3.882781,48.55906
MED00020,12,2026-11-16,Post-Monsoon,2.020286,2.263399,9.615721
MED00021,12,2026-11-16,Post-Monsoon,2.020286,1.233877,3.43452
MED00022,12,2026-11-16,Post-Monsoon,2.020286,0.744146,2.104643
MED00023,12,2026-11-16,Post-Monsoon,2.020286,0.31456,1.369657
MED00024,12,2026-11-16,Post-Monsoon,2.020286,0.971407,2.641659
MED00025,12,2026-11-16,Post-Monsoon,2.020286,-2.187394,0.112209
MED00026,12,2026-11-16,Post-Monsoon,2.020286,-0.73546,0.479285
MED00027,12,2026-11-16,Post-Monsoon,2.020286,-1.312804,0.269065
MED00028,12,2026-11-16,Post-Monsoon,2.020286,-0.612765,0.541851
MED00029,12,2026-11-16,Post-Monsoon,2.020286,2.330149,10.279472
MED00030,12,2026-11-16,Post-Monsoon,2.020286,1.265538,3.545001
MED00031,12,2026-11-16,Post-Monsoon,2.020286,1.00574,2.733931
MED00032,12,2026-11-16,Post-Monsoon,2.020286,0.789732,2.202806
MED00033,12,2026-11-16,Post-Monsoon,2.020286,0.045944,1.047016
MED00034,12,2026-11-16,Post-Monsoon,2.020286,3.036204,20.82604
MED00035,12,2026-11-16,Post-Monsoon,2.020286,-0.775953,0.460265
MED00036,12,2026-11-16,Post-Monsoon,2.020286,0.529103,1.69741
MED00037,12,2026-11-16,Post-Monsoon,2.020286,1.420636,4.139751
MED00038,12,2026-11-16,Post-Monsoon,2.020286,2.527032,12.516295
MED00039,12,2026-11-16,Post-Monsoon,2.020286,0.158298,1.171516
MED00040,12,2026-11-16,Post-Monsoon,2.020286,-0.509178,0.600989
MED00041,12,2026-11-16,Post-Monsoon,2.020286,-0.435311,0.647064
MED00042,12,2026-11-16,Post-Monsoon,2.020286,1.156607,3.179127
MED00043,12,2026-11-16,Post-Monsoon,2.020286,-0.740551,0.476851
MED00044,12,2026-11-16,Post-Monsoon,2.020286,0.613411,1.84672
MED00045,12,2026-11-16,Post-Monsoon,2.020286,0.5538,1.739852
MED00046,12,2026-11-16,Post-Monsoon,2.020286,0.821646,2.274241
MED00047,12,2026-11-16,Post-Monsoon,2.020286,1.579709,4.853542
MED00048,12,2026-11-16,Post-Monsoon,2.020286,2.510128,12.306505
MED00049,12,2026-11-16,Post-Monsoon,2.020286,-1.669704,0.188303
MED00050,12,2026-11-16,Post-Monsoon,2.020286,0.975045,2.651287
MED00051,12,2026-11-16,Post-Monsoon,2.020286,-1.61014,0.19986
MED00052,12,2026-11-16,Post-Monsoon,2.020286,-0.736599,0.478739
MED00053,12,2026-11-16,Post-Monsoon,2.020286,1.509726,4.525488
MED00054,12,2026-11-16,Post-Monsoon,2.020286,1.560906,4.763133
MED00055,12,2026-11-16,Post-Monsoon,2.020286,0.071682,1.074314
MED00056,12,2026-11-16,Post-Monsoon,2.020286,-0.301899,0.739413
MED00057,12,2026-11-16,Post-Monsoon,2.020286,-0.549224,0.577398
MED00058,12,2026-11-16,Post-Monsoon,2.020286,0.512808,1.669973
MED00059,12,2026-11-16,Post-Monsoon,2.020286,2.017839,7.522052
MED00060,12,2026-11-16,Post-Monsoon,2.020286,1.666834,5.295378
MED00061,12,2026-11-16,Post-Monsoon,2.020286,-0.426073,0.653069
MED00062,12,2026-11-16,Post-Monsoon,2.020286,2.449192,11.57899
MED00063,12,2026-11-16,Post-Monsoon,2.020286,-1.980548,0.137994
MED00064,12,2026-11-16,Post-Monsoon,2.020286,3.164055,23.66636
MED00065,12,2026-11-16,Post-Monsoon,2.020286,4.077118,58.97528
MED00066,12,2026-11-16,Post-Monsoon,2.020286,-0.732994,0.480469
MED00067,12,2026-11-16,Post-Monsoon,2.020286,0.687473,1.988684
MED00068,12,2026-11-16,Post-Monsoon,2.020286,1.082008,2.9506
MED00069,12,2026-11-16,Post-Monsoon,2.020286,0.519462,1.681122
MED00070,12,2026-11-16,Post-Monsoon,2.020286,2.372545,10.724652
MED00071,12,2026-11-16,Post-Monsoon,2.020286,0.671259,1.9567
MED00072,12,2026-11-16,Post-Monsoon,2.020286,0.712742,2.039576
MED00073,12,2026-11-16,Post-Monsoon,2.020286,1.08687,2.96498
MED00074,12,2026-11-16,Post-Monsoon,2.020286,0.954958,2.598562
MED00075,12,2026-11-16,Post-Monsoon,2.020286,1.071199,2.918877
MED00076,12,2026-11-16,Post-Monsoon,2.020286,-1.401161,0.246311
MED00077,12,2026-11-16,Post-Monsoon,2.020286,1.239084,3.452449
MED00078,12,2026-11-16,Post-Monsoon,2.020286,0.994437,2.703202
MED00079,12,2026-11-16,Post-Monsoon,2.020286,3.0599,21.325436
MED00080,12,2026-11-16,Post-Monsoon,2.020286,1.105538,3.020848
MED00081,12,2026-11-16,Post-Monsoon,2.020286,-1.025903,0.358473
MED00082,12,2026-11-16,Post-Monsoon,2.020286,0.902902,2.46675
MED00083,12,2026-11-16,Post-Monsoon,2.020286,1.089195,2.97188
MED00084,12,2026-11-16,Post-Monsoon,2.020286,3.698134,40.371906
MED00085,12,2026-11-16,Post-Monsoon,2.020286,0.706944,2.027784
MED00086,12,2026-11-16,Post-Monsoon,2.020286,-0.807375,0.446027
MED00087,12,2026-11-16,Post-Monsoon,2.020286,0.52664,1.693233
MED00088,12,2026-11-16,Post-Monsoon,2.020286,3.359081,28.762747
MED00089,12,2026-11-16,Post-Monsoon,2.020286,2.701657,14.904406
MED00090,12,2026-11-16,Post-Monsoon,2.020286,0.919067,2.506951
MED00091,12,2026-11-16,Post-Monsoon,2.020286,0.717602,2.049514
MED00092,12,2026-11-16,Post-Monsoon,2.020286,0.438213,1.549935
MED00093,12,2026-11-16,Post-Monsoon,2.020286,-1.024992,0.358799
MED00094,12,2026-11-16,Post-Monsoon,2.020286,-0.434105,0.647844
MED00095,12,2026-11-16,Post-Monsoon,2.020286,1.008938,2.742688
MED00096,12,2026-11-16,Post-Monsoon,2.020286,2.678126,14.557781
MED00097,12,2026-11-16,Post-Monsoon,2.020286,-0.593636,0.552316
MED00098,12,2026-11-16,Post-Monsoon,2.020286,2.029828,7.612779
MED00099,12,2026-11-16,Post-Monsoon,2.020286,-1.191422,0.303789
MED00100,12,2026-11-16,Post-Monsoon,2.020286,-1.60329,0.201233
MED00101,12,2026-11-16,Post-Monsoon,2.020286,1.320999,3.747163
MED00102,12,2026-11-16,Post-Monsoon,2.020286,1.670138,5.3129
MED00103,12,2026-11-16,Post-Monsoon,2.020286,1.003529,2.72789
MED00104,12,2026-11-16,Post-Monsoon,2.020286,1.932569,6.90723
MED00105,12,2026-11-16,Post-Monsoon,2.020286,2.405856,11.087924
MED00106,12,2026-11-16,Post-Monsoon,2.020286,-1.899927,0.14958
MED00107,12,2026-11-16,Post-Monsoon,2.020286,1.97889,7.234706
MED00108,12,2026-11-16,Post-Monsoon,2.020286,0.983978,2.675075
MED00109,12,2026-11-16,Post-Monsoon,2.020286,-0.590065,0.554291
MED00110,12,2026-11-16,Post-Monsoon,2.020286,-0.572077,0.564352
MED00111,12,2026-11-16,Post-Monsoon,2.020286,-0.326189,0.721669
MED00112,12,2026-11-16,Post-Monsoon,2.020286,0.963337,2.620427
MED00113,12,2026-11-16,Post-Monsoon,2.020286,0.610936,1.842154
MED00114,12,2026-11-16,Post-Monsoon,2.020286,2.562762,12.971601
MED00115,12,2026-11-16,Post-Monsoon,2.020286,0.695389,2.004489
MED00116,12,2026-11-16,Post-Monsoon,2.020286,2.048516,7.75638
MED00117,12,2026-11-16,Post-Monsoon,2.020286,0.585884,1.796579
MED00118,12,2026-11-16,Post-Monsoon,2.020286,0.532358,1.702943
MED00119,12,2026-11-16,Post-Monsoon,2.020286,0.6841,1.981987
MED00120,12,2026-11-16,Post-Monsoon,2.020286,2.43069,11.36672
MED00121,12,2026-11-16,Post-Monsoon,2.020286,1.150589,3.160053
MED00122,12,2026-11-16,Post-Monsoon,2.020286,0.818908,2.268021
MED00123,12,2026-11-16,Post-Monsoon,2.020286,-0.061617,0.940243
MED00124,12,2026-11-16,Post-Monsoon,2.020286,1.967651,7.153854
MED00125,12,2026-11-16,Post-Monsoon,2.020286,-1.317413,0.267827
MED00126,12,2026-11-16,Post-Monsoon,2.020286,-0.193935,0.823711
MED00127,12,2026-11-16,Post-Monsoon,2.020286,0.702204,2.018196
MED00128,12,2026-11-16,Post-Monsoon,2.020286,0.719172,2.052733
MED00129,12,2026-11-16,Post-Monsoon,2.020286,0.573958,1.77528
MED00130,12,2026-11-16,Post-Monsoon,2.020286,-1.666315,0.188942
MED00131,12,2026-11-16,Post-Monsoon,2.020286,0.731078,2.077319
MED00132,12,2026-11-16,Post-Monsoon,2.020286,-0.455508,0.634126
MED00133,12,2026-11-16,Post-Monsoon,2.020286,-0.329566,0.719236
MED00134,12,2026-11-16,Post-Monsoon,2.020286,-0.40096,0.669677
MED00135,12,2026-11-16,Post-Monsoon,2.020286,2.667528,14.404309
MED00136,12,2026-11-16,Post-Monsoon,2.020286,0.456709,1.578869
MED00137,12,2026-11-16,Post-Monsoon,2.020286,0.808471,2.244473
MED00138,12,2026-11-16,Post-Monsoon,2.020286,0.715341,2.044884
MED00139,12,2026-11-16,Post-Monsoon,2.020286,1.106692,3.024336
MED00140,12,2026-11-16,Post-Monsoon,2.020286,0.612921,1.845815
MED00141,12,2026-11-16,Post-Monsoon,2.020286,1.458229,4.298342
MED00142,12,2026-11-16,Post-Monsoon,2.020286,-0.623369,0.536135
MED00143,12,2026-11-16,Post-Monsoon,2.020286,0.629707,1.87706
MED00144,12,2026-11-16,Post-Monsoon,2.020286,1.704172,5.49683
MED00145,12,2026-11-16,Post-Monsoon,2.020286,-0.383533,0.68145
MED00146,12,2026-11-16,Post-Monsoon,2.020286,0.553721,1.739714
MED00147,12,2026-11-16,Post-Monsoon,2.020286,0.581783,1.789226
MED00148,12,2026-11-16,Post-Monsoon,2.020286,1.72872,5.633441
MED00149,12,2026-11-16,Post-Monsoon,2.020286,1.242309,3.463601
MED00150,12,2026-11-16,Post-Monsoon,2.020286,0.468434,1.597491
MED00151,12,2026-11-16,Post-Monsoon,2.020286,0.722603,2.059787
MED00152,12,2026-11-16,Post-Monsoon,2.020286,0.779118,2.17955
MED00153,12,2026-11-16,Post-Monsoon,2.020286,0.772036,2.164168
MED00154,12,2026-11-16,Post-Monsoon,2.020286,2.701218,14.897858
MED00155,12,2026-11-16,Post-Monsoon,2.020286,0.673561,1.961209
MED00156,12,2026-11-16,Post-Monsoon,2.020286,0.900298,2.460335
MED00157,12,2026-11-16,Post-Monsoon,2.020286,1.439047,4.216676
MED00158,12,2026-11-16,Post-Monsoon,2.020286,-0.975599,0.376966
MED00159,12,2026-11-16,Post-Monsoon,2.020286,2.509355,12.297
MED00160,12,2026-11-16,Post-Monsoon,2.020286,1.197548,3.311988
MED00161,12,2026-11-16,Post-Monsoon,2.020286,1.720295,5.586178
MED00162,12,2026-11-16,Post-Monsoon,2.020286,0.730348,2.075803
MED00163,12,2026-11-16,Post-Monsoon,2.020286,-1.033226,0.355857
MED00164,12,2026-11-16,Post-Monsoon,2.020286,0.628252,1.874332
MED00165,12,2026-11-16,Post-Monsoon,2.020286,1.973512,7.195901
MED00166,12,2026-11-16,Post-Monsoon,2.020286,0.719911,2.05425
MED00167,12,2026-11-16,Post-Monsoon,2.020286,0.57918,1.784575
MED00168,12,2026-11-16,Post-Monsoon,2.020286,0.683197,1.980198
MED00169,12,2026-11-16,Post-Monsoon,2.020286,0.634263,1.885631
MED00170,12,2026-11-16,Post-Monsoon,2.020286,0.609505,1.839521
MED00171,12,2026-11-16,Post-Monsoon,2.020286,0.771224,2.16241
MED00172,12,2026-11-16,Post-Monsoon,2.020286,0.513281,1.670764
MED00173,12,2026-11-16,Post-Monsoon,2.020286,0.771902,2.163878
MED00174,12,2026-11-16,Post-Monsoon,2.020286,1.816753,6.151851
MED00175,12,2026-11-16,Post-Monsoon,2.020286,0.349881,1.418899
MED00176,12,2026-11-16,Post-Monsoon,2.020286,2.675176,14.514903
MED00177,12,2026-11-16,Post-Monsoon,2.020286,-1.083105,0.338543
MED00178,12,2026-11-16,Post-Monsoon,2.020286,0.764168,2.147208
MED00179,12,2026-11-16,Post-Monsoon,2.020286,-0.390665,0.676607
MED00180,12,2026-11-16,Post-Monsoon,2.020286,0.670259,1.954743
MED00181,12,2026-11-16,Post-Monsoon,2.020286,1.047255,2.849818
MED00182,12,2026-11-16,Post-Monsoon,2.020286,-0.925716,0.396248
MED00183,12,2026-11-16,Post-Monsoon,2.020286,2.829399,16.935274
MED00184,12,2026-11-16,Post-Monsoon,2.020286,1.924795,6.853741
MED00185,12,2026-11-16,Post-Monsoon,2.020286,0.601995,1.825758
MED00186,12,2026-11-16,Post-Monsoon,2.020286,0.637918,1.892537
MED00187,12,2026-11-16,Post-Monsoon,2.020286,0.96277,2.618941
MED00188,12,2026-11-16,Post-Monsoon,2.020286,1.122821,3.073513
MED00189,12,2026-11-16,Post-Monsoon,2.020286,-1.492494,0.224811
MED00190,12,2026-11-16,Post-Monsoon,2.020286,0.714023,2.042191
MED00191,12,2026-11-16,Post-Monsoon,2.020286,2.451167,11.601879
MED00192,12,2026-11-16,Post-Monsoon,2.020286,-1.592632,0.20339
MED00193,12,2026-11-16,Post-Monsoon,2.020286,-2.41521,0.089349
MED00194,12,2026-11-16,Post-Monsoon,2.020286,1.69892,5.468036
MED00195,12,2026-11-16,Post-Monsoon,2.020286,1.580891,4.859283
MED00196,12,2026-11-16,Post-Monsoon,2.020286,1.684698,5.39082
MED00197,12,2026-11-16,Post-Monsoon,2.020286,1.649262,5.20314
MED00198,12,2026-11-16,Post-Monsoon,2.020286,0.531638,1.701718
MED00199,12,2026-11-16,Post-Monsoon,2.020286,0.286285,1.331472
MED00200,12,2026-11-16,Post-Monsoon,2.020286,0.602635,1.826926
MED00201,12,2026-11-16,Post-Monsoon,2.020286,2.078784,7.994738
MED00202,12,2026-11-16,Post-Monsoon,2.020286,0.583579,1.792442
MED00203,12,2026-11-16,Post-Monsoon,2.020286,0.703921,2.021665
MED00204,12,2026-11-16,Post-Monsoon,2.020286,0.702634,2.019064
MED00205,12,2026-11-16,Post-Monsoon,2.020286,2.441844,11.494216
MED00206,12,2026-11-16,Post-Monsoon,2.020286,0.147888,1.159383
MED00207,12,2026-11-16,Post-Monsoon,2.020286,0.627895,1.873662
MED00208,12,2026-11-16,Post-Monsoon,2.020286,2.412174,11.15819
MED00209,12,2026-11-16,Post-Monsoon,2.020286,0.898084,2.454895
MED00210,12,2026-11-16,Post-Monsoon,2.020286,0.375888,1.456284
MED00211,12,2026-11-16,Post-Monsoon,2.020286,0.757299,2.13251
MED00212,12,2026-11-16,Post-Monsoon,2.020286,0.666173,1.946773
MED00213,12,2026-11-16,Post-Monsoon,2.020286,0.27132,1.311695
MED00214,12,2026-11-16,Post-Monsoon,2.020286,2.251562,9.502568
MED00215,12,2026-11-16,Post-Monsoon,2.020286,0.797823,2.2207
MED00216,12,2026-11-16,Post-Monsoon,2.020286,-2.378046,0.092732
MED00217,12,2026-11-16,Post-Monsoon,2.020286,-1.392394,0.24848
MED00218,12,2026-11-16,Post-Monsoon,2.020286,1.360107,3.896612
MED00219,12,2026-11-16,Post-Monsoon,2.020286,2.688305,14.706722
MED00220,12,2026-11-16,Post-Monsoon,2.020286,0.675742,1.96549
MED00221,12,2026-11-16,Post-Monsoon,2.020286,1.071521,2.919818
MED00222,12,2026-11-16,Post-Monsoon,2.020286,-0.577482,0.56131
MED00223,12,2026-11-16,Post-Monsoon,2.020286,2.285868,9.834218
MED00224,12,2026-11-16,Post-Monsoon,2.020286,0.577893,1.78228
MED00225,12,2026-11-16,Post-Monsoon,2.020286,1.318505,3.737828
MED00226,12,2026-11-16,Post-Monsoon,2.020286,0.780083,2.181653
MED00227,12,2026-11-16,Post-Monsoon,2.020286,2.743963,15.548482
MED00228,12,2026-11-16,Post-Monsoon,2.020286,0.558199,1.747523
MED00229,12,2026-11-16,Post-Monsoon,2.020286,-0.473728,0.622676
MED00230,12,2026-11-16,Post-Monsoon,2.020286,2.520722,12.437578
MED00231,12,2026-11-16,Post-Monsoon,2.020286,0.494794,1.64016
MED00232,12,2026-11-16,Post-Monsoon,2.020286,1.065495,2.902275
MED00233,12,2026-11-16,Post-Monsoon,2.020286,-0.469727,0.625173
MED00234,12,2026-11-16,Post-Monsoon,2.020286,0.593135,1.809653
MED00235,12,2026-11-16,Post-Monsoon,2.020286,4.141502,62.897217
MED00236,12,2026-11-16,Post-Monsoon,2.020286,0.789971,2.203332
MED00237,12,2026-11-16,Post-Monsoon,2.020286,1.261767,3.531657
MED00238,12,2026-11-16,Post-Monsoon,2.020286,0.653389,1.922044
MED00239,12,2026-11-16,Post-Monsoon,2.020286,1.166595,3.211041
MED00240,12,2026-11-16,Post-Monsoon,2.020286,1.301673,3.675442
MED00241,12,2026-11-16,Post-Monsoon,2.020286,0.846487,2.331443
MED00242,12,2026-11-16,Post-Monsoon,2.020286,2.020021,7.538481
MED00243,12,2026-11-16,Post-Monsoon,2.020286,-2.094063,0.123186
MED00244,12,2026-11-16,Post-Monsoon,2.020286,0.699314,2.012371
MED00245,12,2026-11-16,Post-Monsoon,2.020286,4.1644,64.354095
MED00246,12,2026-11-16,Post-Monsoon,2.020286,1.567849,4.796322
MED00247,12,2026-11-16,Post-Monsoon,2.020286,2.41274,11.164515
MED00248,12,2026-11-16,Post-Monsoon,2.020286,0.72882,2.072633
MED00249,12,2026-11-16,Post-Monsoon,2.020286,3.00469,20.179949
MED00250,12,2026-11-16,Post-Monsoon,2.020286,2.317178,10.147004
MED00251,12,2026-11-16,Post-Monsoon,2.020286,0.557954,1.747094
MED00252,12,2026-11-16,Post-Monsoon,2.020286,-0.780045,0.458385
MED00253,12,2026-11-16,Post-Monsoon,2.020286,1.190475,3.288644
MED00254,12,2026-11-16,Post-Monsoon,2.020286,-0.981445,0.374769
MED00255,12,2026-11-16,Post-Monsoon,2.020286,1.388734,4.009772
MED00256,12,2026-11-16,Post-Monsoon,2.020286,0.816582,2.262752
MED00257,12,2026-11-16,Post-Monsoon,2.020286,1.32799,3.773449
MED00258,12,2026-11-16,Post-Monsoon,2.020286,0.732699,2.080689
MED00259,12,2026-11-16,Post-Monsoon,2.020286,0.765025,2.149048
MED00260,12,2026-11-16,Post-Monsoon,2.020286,-0.635668,0.529581
MED00261,12,2026-11-16,Post-Monsoon,2.020286,-0.246091,0.781851
MED00262,12,2026-11-16,Post-Monsoon,2.020286,1.026056,2.790042
MED00263,12,2026-11-16,Post-Monsoon,2.020286,1.002615,2.725398
MED00264,12,2026-11-16,Post-Monsoon,2.020286,-1.029378,0.357229
MED00265,12,2026-11-16,Post-Monsoon,2.020286,1.738728,5.6901
MED00266,12,2026-11-16,Post-Monsoon,2.020286,2.694069,14.791737
MED00267,12,2026-11-16,Post-Monsoon,2.020286,1.433323,4.192608
MED00268,12,2026-11-16,Post-Monsoon,2.020286,0.747216,2.111115
MED00269,12,2026-11-16,Post-Monsoon,2.020286,0.759957,2.138184
MED00270,12,2026-11-16,Post-Monsoon,2.020286,0.827768,2.288206
MED00271,12,2026-11-16,Post-Monsoon,2.020286,0.364661,1.440026
MED00272,12,2026-11-16,Post-Monsoon,2.020286,1.322013,3.750965
MED00273,12,2026-11-16,Post-Monsoon,2.020286,1.138526,3.122162
MED00274,12,2026-11-16,Post-Monsoon,2.020286,-0.632639,0.531188
MED00275,12,2026-11-16,Post-Monsoon,2.020286,2.371176,10.709974
MED00276,12,2026-11-16,Post-Monsoon,2.020286,0.618106,1.85541
MED00277,12,2026-11-16,Post-Monsoon,2.020286,-1.483337,0.226879
MED00278,12,2026-11-16,Post-Monsoon,2.020286,2.012052,7.478645
MED00279,12,2026-11-16,Post-Monsoon,2.020286,2.992436,19.934177
MED00280,12,2026-11-16,Post-Monsoon,2.020286,-1.400096,0.246573
MED00281,12,2026-11-16,Post-Monsoon,2.020286,2.567714,13.035987
MED00282,12,2026-11-16,Post-Monsoon,2.020286,1.204741,3.335895
MED00283,12,2026-11-16,Post-Monsoon,2.020286,0.766271,2.151728
MED00284,12,2026-11-16,Post-Monsoon,2.020286,0.312434,1.366748
MED00285,12,2026-11-16,Post-Monsoon,2.020286,1.536028,4.646102
MED00286,12,2026-11-16,Post-Monsoon,2.020286,1.383039,3.987001
MED00287,12,2026-11-16,Post-Monsoon,2.020286,1.056023,2.874915
MED00288,12,2026-11-16,Post-Monsoon,2.020286,3.631581,37.77248
MED00289,12,2026-11-16,Post-Monsoon,2.020286,1.3224,3.752416
MED00290,12,2026-11-16,Post-Monsoon,2.020286,0.604471,1.830284
MED00291,12,2026-11-16,Post-Monsoon,2.020286,2.338825,10.369048
MED00292,12,2026-11-16,Post-Monsoon,2.020286,0.52137,1.684334
MED00293,12,2026-11-16,Post-Monsoon,2.020286,1.470878,4.353054
MED00294,12,2026-11-16,Post-Monsoon,2.020286,0.272791,1.313626
MED00295,12,2026-11-16,Post-Monsoon,2.020286,-1.070217,0.342934
MED00296,12,2026-11-16,Post-Monsoon,2.020286,1.320798,3.74641
MED00297,12,2026-11-16,Post-Monsoon,2.020286,1.697651,5.461102
MED00298,12,2026-11-16,Post-Monsoon,2.020286,0.744903,2.106238
MED00299,12,2026-11-16,Post-Monsoon,2.020286,-0.695638,0.498756
MED00300,12,2026-11-16,Post-Monsoon,2.020286,0.62443,1.867182
MED00301,12,2026-11-16,Post-Monsoon,2.020286,1.528992,4.613526
MED00302,12,2026-11-16,Post-Monsoon,2.020286,2.203851,9.059838
MED00303,12,2026-11-16,Post-Monsoon,2.020286,1.025161,2.787544
MED00304,12,2026-11-16,Post-Monsoon,2.020286,1.234948,3.438202
MED00305,12,2026-11-16,Post-Monsoon,2.020286,0.592657,1.808787
MED00306,12,2026-11-16,Post-Monsoon,2.020286,-0.839716,0.431833
MED00307,12,2026-11-16,Post-Monsoon,2.020286,3.222642,25.09433
MED00308,12,2026-11-16,Post-Monsoon,2.020286,-0.298339,0.74205
MED00309,12,2026-11-16,Post-Monsoon,2.020286,1.049462,2.856113
MED00310,12,2026-11-16,Post-Monsoon,2.020286,1.160665,3.192055
MED00311,12,2026-11-16,Post-Monsoon,2.020286,1.088614,2.970155
MED00312,12,2026-11-16,Post-Monsoon,2.020286,-0.435424,0.64699
MED00313,12,2026-11-16,Post-Monsoon,2.020286,-0.658102,0.517833
MED00314,12,2026-11-16,Post-Monsoon,2.020286,2.496328,12.137835
MED00315,12,2026-11-16,Post-Monsoon,2.020286,2.169258,8.751791
MED00316,12,2026-11-16,Post-Monsoon,2.020286,0.98677,2.682555
MED00317,12,2026-11-16,Post-Monsoon,2.020286,0.747847,2.112447
MED00318,12,2026-11-16,Post-Monsoon,2.020286,0.87623,2.401829
MED00319,12,2026-11-16,Post-Monsoon,2.020286,2.365129,10.64541
MED00320,12,2026-11-16,Post-Monsoon,2.020286,1.779718,5.928188
MED00321,12,2026-11-16,Post-Monsoon,2.020286,-0.456436,0.633538
MED00322,12,2026-11-16,Post-Monsoon,2.020286,-1.640408,0.193901
MED00323,12,2026-11-16,Post-Monsoon,2.020286,0.059219,1.061008
MED00324,12,2026-11-16,Post-Monsoon,2.020286,0.210378,1.234144
MED00325,12,2026-11-16,Post-Monsoon,2.020286,1.799694,6.047795
MED00326,12,2026-11-16,Post-Monsoon,2.020286,2.140933,8.507372
MED00327,12,2026-11-16,Post-Monsoon,2.020286,1.038329,2.824492
MED00328,12,2026-11-16,Post-Monsoon,2.020286,1.332921,3.792103
MED00329,12,2026-11-16,Post-Monsoon,2.020286,2.361987,10.612013
MED00330,12,2026-11-16,Post-Monsoon,2.020286,1.36952,3.933463
MED00331,12,2026-11-16,Post-Monsoon,2.020286,0.612335,1.844734
MED00332,12,2026-11-16,Post-Monsoon,2.020286,0.994849,2.704316
MED00333,12,2026-11-16,Post-Monsoon,2.020286,0.934207,2.545194
MED00334,12,2026-11-16,Post-Monsoon,2.020286,2.320073,10.176421
MED00335,12,2026-11-16,Post-Monsoon,2.020286,1.678954,5.359948
MED00336,12,2026-11-16,Post-Monsoon,2.020286,2.229485,9.29508
MED00337,12,2026-11-16,Post-Monsoon,2.020286,3.941809,51.511684
MED00338,12,2026-11-16,Post-Monsoon,2.020286,2.378042,10.783762
MED00339,12,2026-11-16,Post-Monsoon,2.020286,0.552497,1.737587
MED00340,12,2026-11-16,Post-Monsoon,2.020286,0.674417,1.962888
MED00341,12,2026-11-16,Post-Monsoon,2.020286,1.565846,4.786721
MED00342,12,2026-11-16,Post-Monsoon,2.020286,0.727606,2.070119
MED00343,12,2026-11-16,Post-Monsoon,2.020286,2.274562,9.723665
MED00344,12,2026-11-16,Post-Monsoon,2.020286,1.450914,4.267014
MED00345,12,2026-11-16,Post-Monsoon,2.020286,-1.677034,0.186927
MED00346,12,2026-11-16,Post-Monsoon,2.020286,1.059757,2.885669
MED00347,12,2026-11-16,Post-Monsoon,2.020286,-1.509768,0.220961
MED00348,12,2026-11-16,Post-Monsoon,2.020286,0.545547,1.725552
MED00349,12,2026-11-16,Post-Monsoon,2.020286,0.828206,2.289207
MED00350,12,2026-11-16,Post-Monsoon,2.020286,-0.045151,0.955854
MED00351,12,2026-11-16,Post-Monsoon,2.020286,-0.502103,0.605257
MED00352,12,2026-11-16,Post-Monsoon,2.020286,-1.420875,0.241503
MED00353,12,2026-11-16,Post-Monsoon,2.020286,-0.06286,0.939075
MED00354,12,2026-11-16,Post-Monsoon,2.020286,-0.117178,0.889427
MED00355,12,2026-11-16,Post-Monsoon,2.020286,2.175826,8.809462
MED00356,12,2026-11-16,Post-Monsoon,2.020286,0.64899,1.913608
MED00357,12,2026-11-16,Post-Monsoon,2.020286,-1.451051,0.234324
MED00358,12,2026-11-16,Post-Monsoon,2.020286,1.540357,4.666257
MED00359,12,2026-11-16,Post-Monsoon,2.020286,0.726056,2.066913
MED00360,12,2026-11-16,Post-Monsoon,2.020286,0.966395,2.628453
MED00361,12,2026-11-16,Post-Monsoon,2.020286,0.783816,2.189813
MED00362,12,2026-11-16,Post-Monsoon,2.020286,0.84061,2.31778
MED00363,12,2026-11-16,Post-Monsoon,2.020286,0.534276,1.706212
MED00364,12,2026-11-16,Post-Monsoon,2.020286,-1.634747,0.195002
MED00365,12,2026-11-16,Post-Monsoon,2.020286,0.746699,2.110024
MED00366,12,2026-11-16,Post-Monsoon,2.020286,2.189015,8.926415
MED00367,12,2026-11-16,Post-Monsoon,2.020286,0.750089,2.117189
MED00368,12,2026-11-16,Post-Monsoon,2.020286,0.950943,2.588148
MED00369,12,2026-11-16,Post-Monsoon,2.020286,1.175598,3.240078
MED00370,12,2026-11-16,Post-Monsoon,2.020286,-0.726288,0.483701
MED00371,12,2026-11-16,Post-Monsoon,2.020286,2.784755,16.195848
MED00372,12,2026-11-16,Post-Monsoon,2.020286,-1.404159,0.245573
MED00373,12,2026-11-16,Post-Monsoon,2.020286,-0.466674,0.627085
MED00374,12,2026-11-16,Post-Monsoon,2.020286,0.54277,1.720766
MED00375,12,2026-11-16,Post-Monsoon,2.020286,2.740628,15.496717
MED00376,12,2026-11-16,Post-Monsoon,2.020286,0.710639,2.035292
MED00377,12,2026-11-16,Post-Monsoon,2.020286,-0.598171,0.549816
MED00378,12,2026-11-16,Post-Monsoon,2.020286,0.745491,2.107477
MED00379,12,2026-11-16,Post-Monsoon,2.020286,-0.581544,0.559035
MED00380,12,2026-11-16,Post-Monsoon,2.020286,-0.35895,0.698409
MED00381,12,2026-11-16,Post-Monsoon,2.020286,0.310315,1.363854
MED00382,12,2026-11-16,Post-Monsoon,2.020286,0.761468,2.141419
MED00383,12,2026-11-16,Post-Monsoon,2.020286,1.769278,5.866614
MED00384,12,2026-11-16,Post-Monsoon,2.020286,0.701066,2.015901
MED00385,12,2026-11-16,Post-Monsoon,2.020286,2.931826,18.76187
MED00386,12,2026-11-16,Post-Monsoon,2.020286,2.65429,14.214892
MED00387,12,2026-11-16,Post-Monsoon,2.020286,2.915803,18.463633
MED00388,12,2026-11-16,Post-Monsoon,2.020286,4.811114,122.86839
MED00389,12,2026-11-16,Post-Monsoon,2.020286,2.091704,8.0987
MED00390,12,2026-11-16,Post-Monsoon,2.020286,2.894477,18.074053
MED00391,12,2026-11-16,Post-Monsoon,2.020286,2.807876,16.574686
MED00392,12,2026-11-16,Post-Monsoon,2.020286,2.813883,16.674538
MED00393,12,2026-11-16,Post-Monsoon,2.020286,2.374022,10.740509
MED00394,12,2026-11-16,Post-Monsoon,2.020286,2.611686,13.621995
MED00395,12,2026-11-16,Post-Monsoon,2.020286,2.821226,16.797438
MED00396,12,2026-11-16,Post-Monsoon,2.020286,3.75824,42.8729
MED00397,12,2026-11-16,Post-Monsoon,2.020286,3.683219,39.77421
MED00398,12,2026-11-16,Post-Monsoon,2.020286,4.867666,130.01707
MED00399,12,2026-11-16,Post-Monsoon,2.020286,4.92568,137.78302
MED00400,12,2026-11-16,Post-Monsoon,2.020286,4.296902,73.4718
MED00401,12,2026-11-16,Post-Monsoon,2.020286,2.587775,13.300149
MED00402,12,2026-11-16,Post-Monsoon,2.020286,2.880338,17.820295
MED00403,12,2026-11-16,Post-Monsoon,2.020286,2.473561,11.864625
MED00404,12,2026-11-16,Post-Monsoon,2.020286,1.48361,4.408835
MED00405,12,2026-11-16,Post-Monsoon,2.020286,1.926672,6.866624
MED00406,12,2026-11-16,Post-Monsoon,2.020286,2.989445,19.874653
MED00407,12,2026-11-16,Post-Monsoon,2.020286,2.863411,17.521193
MED00408,12,2026-11-16,Post-Monsoon,2.020286,1.853537,6.382355
MED00409,12,2026-11-16,Post-Monsoon,2.020286,2.113998,8.281287
MED00410,12,2026-11-16,Post-Monsoon,2.020286,1.939526,6.955455
MED00411,12,2026-11-16,Post-Monsoon,2.020286,2.840358,17.121893
MED00412,12,2026-11-16,Post-Monsoon,2.020286,2.452232,11.614234
MED00413,12,2026-11-16,Post-Monsoon,2.020286,2.463892,11.750461
MED00414,12,2026-11-16,Post-Monsoon,2.020286,2.832765,16.992382
MED00415,12,2026-11-16,Post-Monsoon,2.020286,2.501032,12.19508
MED00416,12,2026-11-16,Post-Monsoon,2.020286,2.723552,15.234345
MED00417,12,2026-11-16,Post-Monsoon,2.020286,1.911083,6.760407
MED00418,12,2026-11-16,Post-Monsoon,2.020286,1.91235,6.76898
MED00419,12,2026-11-16,Post-Monsoon,2.020286,2.073186,7.950114
MED00420,12,2026-11-16,Post-Monsoon,2.020286,2.881498,17.840967
MED00421,12,2026-11-16,Post-Monsoon,2.020286,2.918455,18.512665
MED00422,12,2026-11-16,Post-Monsoon,2.020286,2.776,16.054682
MED00423,12,2026-11-16,Post-Monsoon,2.020286,2.44772,11.561954
MED00424,12,2026-11-16,Post-Monsoon,2.020286,4.540632,93.75005
