medicine_id,week,h,gbm,deep,snaive,ma8,ensemble,lo,hi,sigma
MED00001,2026-08-31,1,14.0331,10.0938,12.9636,15.125,11.9754,1.1668,29.2114,9.0363
MED00002,2026-08-31,1,0.0852,0.1265,0.134,0.125,0.1152,0.0,3.9425,2.0066
MED00003,2026-08-31,1,0.2901,0.6274,0.0,0.0,0.3849,0.0,4.9754,2.4067
MED00004,2026-08-31,1,0.9349,0.559,1.7765,1.75,0.9429,0.0,6.8047,3.0732
MED00005,2026-08-31,1,2.4465,3.6448,1.916,1.875,2.8934,0.0,11.8828,4.7129
MED00006,2026-08-31,1,1.7199,1.0879,0.2651,0.25,1.1108,0.0,7.3043,3.247
MED00007,2026-08-31,1,3.402,3.158,2.9048,2.75,3.1836,0.0,12.5493,4.9102
MED00008,2026-08-31,1,0.6989,0.5082,1.4356,1.375,0.7704,0.0,6.2707,2.8836
MED00009,2026-08-31,1,3.4295,4.3311,3.7002,3.875,3.9127,0.0,14.1637,5.3743
MED00010,2026-08-31,1,4.108,3.9625,4.3196,4.125,4.0901,0.0,14.545,5.4812
MED00011,2026-08-31,1,19.2124,15.5484,23.6132,24.875,18.4755,5.1453,39.7327,11.1445
MED00012,2026-08-31,1,2.2705,3.5792,0.3873,0.375,2.4753,0.0,10.8926,4.413
MED00013,2026-08-31,1,4.7853,4.6152,6.6917,6.375,5.1244,0.0,16.6974,6.0674
MED00014,2026-08-31,1,18.5399,14.2687,28.1794,28.0,18.6555,5.2623,40.0134,11.1973
MED00015,2026-08-31,1,0.5386,0.4237,0.954,0.875,0.5756,0.0,5.6367,2.6534
MED00016,2026-08-31,1,2.1806,1.8942,4.9495,4.75,2.6499,0.0,11.3106,4.5406
MED00017,2026-08-31,1,1.9931,1.6514,2.4421,2.375,1.933,0.0,9.5446,3.9906
MED00018,2026-08-31,1,75.1189,67.1356,82.1023,87.75,72.9812,46.7494,114.8122,21.9307
MED00019,2026-08-31,1,48.2797,41.5311,44.3057,49.375,44.314,23.8285,76.9816,17.1266
MED00020,2026-08-31,1,9.6566,11.2213,15.4017,14.875,11.6437,0.9798,28.649,8.9154
MED00021,2026-08-31,1,4.4982,5.44,3.8515,4.5,4.8022,0.0,16.0389,5.8911
MED00022,2026-08-31,1,3.1112,2.1521,2.9882,3.375,2.6397,0.0,11.2865,4.5333
MED00023,2026-08-31,1,1.494,1.2335,0.2357,0.25,1.1008,0.0,7.2749,3.2369
MED00024,2026-08-31,1,3.5237,3.3157,2.5909,2.875,3.2277,0.0,12.6494,4.9395
MED00025,2026-08-31,1,0.088,0.137,0.0,0.0,0.0919,0.0,3.8462,1.9683
MED00026,2026-08-31,1,0.3689,0.3927,0.1215,0.125,0.3267,0.0,4.7636,2.3262
MED00027,2026-08-31,1,0.2743,0.1522,0.0,0.0,0.158,0.0,4.1166,2.0753
MED00028,2026-08-31,1,0.5088,0.7616,0.5502,0.5,0.6363,0.0,5.8382,2.7272
MED00029,2026-08-31,1,14.4159,14.4893,16.8518,17.375,14.9932,2.9481,34.2011,10.0701
MED00030,2026-08-31,1,5.7374,3.8286,5.0646,5.5,4.7057,0.0,15.8397,5.8372
MED00031,2026-08-31,1,3.1854,4.1223,3.0729,3.25,3.6017,0.0,13.4847,5.1814
MED00032,2026-08-31,1,2.7953,2.802,2.5956,2.75,2.7579,0.0,11.5659,4.6178
MED00033,2026-08-31,1,1.0272,1.8251,1.9195,1.875,1.5944,0.0,8.6567,3.7025
MED00034,2026-08-31,1,18.8317,18.0374,23.4665,25.0,19.4854,5.8051,41.3009,11.4372
MED00035,2026-08-31,1,0.4154,0.1665,0.3466,0.375,0.2847,0.0,4.6073,2.2662
MED00036,2026-08-31,1,1.6497,1.3266,2.1976,2.25,1.6194,0.0,8.7235,3.7245
MED00037,2026-08-31,1,5.0417,3.9172,5.3566,5.5,4.5899,0.0,15.5994,5.7719
MED00038,2026-08-31,1,18.9869,12.8998,17.3229,20.0,15.8021,3.4466,35.5052,10.3297
MED00039,2026-08-31,1,0.9604,1.1734,1.2399,1.25,1.1215,0.0,7.3355,3.2578
MED00040,2026-08-31,1,0.582,0.7399,0.988,1.0,0.7444,0.0,6.1881,2.8539
MED00041,2026-08-31,1,0.3401,0.6344,0.121,0.125,0.4303,0.0,5.1372,2.4677
MED00042,2026-08-31,1,3.7395,3.5102,1.8913,2.0,3.2351,0.0,12.6661,4.9444
MED00043,2026-08-31,1,0.4059,0.4322,0.521,0.5,0.4436,0.0,5.1837,2.4851
MED00044,2026-08-31,1,2.3294,2.7329,1.1148,1.25,2.2566,0.0,10.3588,4.2477
MED00045,2026-08-31,1,1.7584,1.5586,0.1267,0.125,1.3128,0.0,7.8831,3.4446
MED00046,2026-08-31,1,2.5379,2.9409,0.9998,1.125,2.3949,0.0,10.6977,4.3529
MED00047,2026-08-31,1,7.0671,6.531,8.0016,7.375,7.0266,0.0,20.4144,7.0188
MED00048,2026-08-31,1,12.898,13.6642,17.568,17.75,14.2821,2.5167,33.0441,9.8363
MED00049,2026-08-31,1,0.1418,0.1563,0.0,0.0,0.118,0.0,3.9541,2.0112
MED00050,2026-08-31,1,3.2134,3.6318,2.6133,2.625,3.2818,0.0,12.7716,4.9752
MED00051,2026-08-31,1,0.0851,0.1435,0.0,0.0,0.094,0.0,3.855,1.9718
MED00052,2026-08-31,1,0.4417,0.5914,0.5225,0.5,0.5296,0.0,5.4811,2.596
MED00053,2026-08-31,1,9.0044,6.6041,9.2373,10.0,7.943,0.0,22.1224,7.4338
MED00054,2026-08-31,1,8.8454,7.1967,11.2116,11.75,8.5978,0.0,23.3167,7.7167
MED00055,2026-08-31,1,0.9749,0.6264,1.1627,1.25,0.8539,0.0,6.532,2.9768
MED00056,2026-08-31,1,0.6089,0.3511,0.9242,1.0,0.5575,0.0,5.5758,2.6309
MED00057,2026-08-31,1,0.4536,0.3871,0.1169,0.125,0.3499,0.0,4.8488,2.3586
MED00058,2026-08-31,1,1.7359,1.1205,0.1287,0.125,1.1015,0.0,7.2769,3.2376
MED00059,2026-08-31,1,10.7379,8.9751,10.9438,11.75,9.9701,0.0683,25.7603,8.2783
MED00060,2026-08-31,1,6.6561,6.8433,7.0547,7.625,6.8367,0.0,20.0545,6.9297
MED00061,2026-08-31,1,0.647,1.0491,0.8468,0.75,0.8788,0.0,6.6089,3.0041
MED00062,2026-08-31,1,14.0899,15.7552,14.389,15.875,14.9466,2.9196,34.1256,10.055
MED00063,2026-08-31,1,0.085,0.1516,0.0,0.0,0.0978,0.0,3.8706,1.978
MED00064,2026-08-31,1,23.4117,23.7743,23.0998,25.375,23.5368,8.5338,47.4616,12.5431
MED00065,2026-08-31,1,63.1428,61.5577,53.2185,51.5,60.3121,36.4486,98.3666,19.9508
MED00066,2026-08-31,1,0.4327,0.4267,0.543,0.5,0.4542,0.0,5.2212,2.4992
MED00067,2026-08-31,1,2.1517,2.242,4.0457,3.875,2.607,0.0,11.2087,4.5096
MED00068,2026-08-31,1,4.3239,3.496,5.6088,6.25,4.2204,0.0,14.8228,5.5585
MED00069,2026-08-31,1,1.9736,1.7952,1.0851,1.25,1.6994,0.0,8.9365,3.7942
MED00070,2026-08-31,1,15.1619,13.9344,15.3298,15.625,14.6402,2.7331,33.6281,9.9548
MED00071,2026-08-31,1,2.4209,2.7608,1.8795,2.125,2.4646,0.0,10.8668,4.405
MED00072,2026-08-31,1,2.8016,1.7252,2.765,3.125,2.2938,0.0,10.4504,4.2762
MED00073,2026-08-31,1,4.0932,3.9969,5.3651,6.25,4.3283,0.0,15.0511,5.6217
MED00074,2026-08-31,1,3.8775,3.0187,4.5333,5.125,3.6226,0.0,13.5309,5.1946
MED00075,2026-08-31,1,4.3524,2.5159,4.1818,4.875,3.4621,0.0,13.1755,5.0924
MED00076,2026-08-31,1,0.1798,0.097,0.2679,0.25,0.1604,0.0,4.126,2.0791
MED00077,2026-08-31,1,6.164,4.3197,6.1814,7.25,5.3127,0.0,17.0778,6.1681
MED00078,2026-08-31,1,3.5225,5.0705,3.1061,3.125,4.1586,0.0,14.6912,5.5219
MED00079,2026-08-31,1,20.5143,30.6987,17.7374,18.0,24.6883,9.3301,49.1795,12.84
MED00080,2026-08-31,1,4.7342,3.3464,5.2234,6.125,4.197,0.0,14.7729,5.5447
MED00081,2026-08-31,1,0.2992,0.4424,0.2663,0.25,0.3592,0.0,4.8825,2.3715
MED00082,2026-08-31,1,3.366,4.9039,2.4955,2.75,3.8987,0.0,14.1332,5.3657
MED00083,2026-08-31,1,3.7769,3.4054,3.8505,4.375,3.6232,0.0,13.5321,5.1949
MED00084,2026-08-31,1,44.1605,43.7438,40.7219,39.875,43.2639,23.0198,75.5464,16.9248
MED00085,2026-08-31,1,2.2206,1.7033,3.4409,3.25,2.2461,0.0,10.3326,4.2396
MED00086,2026-08-31,1,0.3902,0.3011,0.0,0.0,0.2643,0.0,4.5306,2.2367
MED00087,2026-08-31,1,1.8149,1.5166,2.0553,2.0,1.7296,0.0,9.0161,3.8201
MED00088,2026-08-31,1,24.9772,33.4,28.2963,28.0,29.6559,12.8514,56.4535,14.0492
MED00089,2026-08-31,1,14.9091,20.6429,8.1578,8.0,16.1367,3.655,36.0408,10.4351
MED00090,2026-08-31,1,4.0351,4.6735,4.6665,4.875,4.4743,0.0,15.358,5.706
MED00091,2026-08-31,1,2.9311,2.4907,2.2531,2.5,2.5812,0.0,11.1471,4.4908
MED00092,2026-08-31,1,1.5439,1.3008,1.5583,1.5,1.4351,0.0,8.2233,3.5589
MED00093,2026-08-31,1,0.284,0.2263,0.2465,0.25,0.2492,0.0,4.4731,2.2145
MED00094,2026-08-31,1,0.6349,0.4436,0.7384,0.75,0.5686,0.0,5.6133,2.6447
MED00095,2026-08-31,1,3.3758,3.917,4.0783,3.875,3.7844,0.0,13.8851,5.2955
MED00096,2026-08-31,1,16.353,11.4815,13.1347,13.75,13.396,1.9886,31.5869,9.537
MED00097,2026-08-31,1,0.4121,0.516,0.0,0.0,0.3716,0.0,4.9275,2.3885
MED00098,2026-08-31,1,9.4272,8.487,9.4827,9.625,9.0096,0.0,24.058,7.8894
MED00099,2026-08-31,1,0.2999,0.3188,0.0,0.0,0.2439,0.0,4.4529,2.2066
MED00100,2026-08-31,1,0.1231,0.114,0.1339,0.125,0.1213,0.0,3.9677,2.0166
MED00101,2026-08-31,1,4.9909,4.0227,7.7891,7.25,5.1509,0.0,16.7513,6.0817
MED00102,2026-08-31,1,4.767,3.8312,3.3755,3.5,4.0328,0.0,14.4223,5.4469
MED00103,2026-08-31,1,3.269,3.5007,1.0318,1.0,2.895,0.0,11.8865,4.714
MED00104,2026-08-31,1,8.5444,9.5346,9.2817,8.375,9.1754,0.0,24.3544,7.9579
MED00105,2026-08-31,1,11.7677,11.6744,9.7276,9.75,11.2932,0.7843,28.0513,8.7858
MED00106,2026-08-31,1,0.0928,0.2116,0.0,0.0,0.1282,0.0,3.9961,2.0278
MED00107,2026-08-31,1,9.196,9.3344,8.7695,8.25,9.1773,0.0,24.3578,7.9587
MED00108,2026-08-31,1,3.3041,3.6595,4.0761,3.875,3.6409,0.0,13.571,5.2061
MED00109,2026-08-31,1,0.6105,0.6842,0.0,0.0,0.5131,0.0,5.4247,2.575
MED00110,2026-08-31,1,0.5609,0.2307,0.0,0.0,0.2855,0.0,4.6106,2.2675
MED00111,2026-08-31,1,0.6915,0.7449,1.0877,1.0,0.8031,0.0,6.3737,2.9205
MED00112,2026-08-31,1,3.2419,2.5785,3.837,3.75,3.0645,0.0,12.2776,4.8302
MED00113,2026-08-31,1,1.997,1.8068,2.0629,2.0,1.9245,0.0,9.5229,3.9836
MED00114,2026-08-31,1,12.25,10.1745,18.1297,17.875,12.5689,1.5062,30.2101,9.2488
MED00115,2026-08-31,1,2.2309,1.9979,2.0652,2.0,2.0883,0.0,9.9393,4.116
MED00116,2026-08-31,1,6.9416,8.5777,9.1676,10.0,8.1957,0.0,22.5857,7.5443
MED00117,2026-08-31,1,1.8809,1.597,0.8921,0.875,1.5356,0.0,8.4981,3.6502
MED00118,2026-08-31,1,1.7374,0.6251,1.8378,1.75,1.2415,0.0,7.6812,3.3762
MED00119,2026-08-31,1,2.1719,1.9182,0.7744,0.75,1.7523,0.0,9.0759,3.8395
MED00120,2026-08-31,1,11.0031,14.6486,3.4534,3.5,11.0783,0.6656,27.683,8.7054
MED00121,2026-08-31,1,4.094,4.8236,3.5463,3.375,4.32,0.0,15.0335,5.6168
MED00122,2026-08-31,1,2.5257,1.7934,5.8445,5.625,2.9064,0.0,11.913,4.7219
MED00123,2026-08-31,1,0.8436,0.9677,0.4874,0.5,0.8251,0.0,6.4425,2.945
MED00124,2026-08-31,1,8.9955,9.1363,8.6294,8.0,8.9908,0.0,24.0244,7.8817
MED00125,2026-08-31,1,0.2206,0.1738,0.3993,0.375,0.2378,0.0,4.4292,2.1975
MED00126,2026-08-31,1,0.8504,1.107,0.0,0.0,0.7866,0.0,6.3217,2.9019
MED00127,2026-08-31,1,2.1152,1.7267,1.0131,1.125,1.6967,0.0,8.9294,3.7919
MED00128,2026-08-31,1,2.2941,2.2964,1.0156,1.0,2.02,0.0,9.7667,4.0613
MED00129,2026-08-31,1,1.8417,1.4602,0.3804,0.375,1.3483,0.0,7.9826,3.4782
MED00130,2026-08-31,1,0.1428,0.2431,0.0,0.0,0.1588,0.0,4.1196,2.0765
MED00131,2026-08-31,1,2.2456,3.3308,2.2106,2.375,2.747,0.0,11.5403,4.6101
MED00132,2026-08-31,1,0.3312,0.5318,0.0,0.0,0.3533,0.0,4.8612,2.3633
MED00133,2026-08-31,1,0.42,0.387,0.7175,0.75,0.4696,0.0,5.2747,2.5192
MED00134,2026-08-31,1,0.7318,0.3445,0.0,0.0,0.3929,0.0,5.0039,2.4174
MED00135,2026-08-31,1,11.8898,12.8995,6.6322,6.875,11.2323,0.7506,27.9471,8.7631
MED00136,2026-08-31,1,1.6331,2.324,2.5936,2.5,2.1658,0.0,10.1334,4.1772
MED00137,2026-08-31,1,2.4302,2.3216,2.0508,2.0,2.2996,0.0,10.4646,4.2807
MED00138,2026-08-31,1,2.2623,2.4449,2.0113,2.0,2.2954,0.0,10.4542,4.2775
MED00139,2026-08-31,1,3.4225,4.5744,1.304,1.25,3.5041,0.0,13.2689,5.1194
MED00140,2026-08-31,1,1.9203,1.0876,0.8935,0.875,1.3105,0.0,7.8768,3.4425
MED00141,2026-08-31,1,5.7789,6.7913,5.1197,6.125,6.1144,0.0,18.6648,6.5798
MED00142,2026-08-31,1,0.4346,0.5042,0.3477,0.375,0.4487,0.0,5.2016,2.4918
MED00143,2026-08-31,1,2.0012,1.2068,1.7899,1.75,1.5864,0.0,8.635,3.6954
MED00144,2026-08-31,1,7.5799,7.6308,5.6095,5.375,7.1837,0.0,20.7105,7.0917
MED00145,2026-08-31,1,0.6963,0.7549,1.1987,1.125,0.8334,0.0,6.4683,2.9542
MED00146,2026-08-31,1,1.6127,1.5634,2.4108,2.375,1.7645,0.0,9.1078,3.8499
MED00147,2026-08-31,1,1.915,1.3132,1.8999,2.0,1.6326,0.0,8.759,3.7361
MED00148,2026-08-31,1,7.1401,5.1982,6.7287,7.375,6.1511,0.0,18.7362,6.598
MED00149,2026-08-31,1,4.5694,3.6949,6.0855,5.75,4.4946,0.0,15.4004,5.7176
MED00150,2026-08-31,1,2.3957,1.3163,1.8573,2.0,1.7772,0.0,9.1411,3.8607
MED00151,2026-08-31,1,2.3128,1.9207,1.5601,1.5,1.9687,0.0,9.6359,4.0197
MED00152,2026-08-31,1,2.4944,1.8651,2.2428,2.125,2.1484,0.0,10.0899,4.1635
MED00153,2026-08-31,1,2.442,2.621,0.9075,0.875,2.1951,0.0,10.2062,4.2
MED00154,2026-08-31,1,14.5441,15.9309,17.5753,18.5,15.864,3.485,35.6044,10.3493
MED00155,2026-08-31,1,2.1802,3.2868,2.818,2.625,2.8376,0.0,11.7527,4.6739
MED00156,2026-08-31,1,2.98,2.8673,4.7427,5.0,3.3128,0.0,12.8416,4.9956
MED00157,2026-08-31,1,5.7559,5.1679,6.3286,6.0,5.6113,0.0,17.6749,6.3246
MED00158,2026-08-31,1,0.3108,0.2466,0.1226,0.125,0.2403,0.0,4.439,2.2013
MED00159,2026-08-31,1,10.4478,10.51,8.8134,8.75,10.1326,0.1542,26.0448,8.3423
MED00160,2026-08-31,1,4.6401,5.2027,4.3785,4.0,4.8507,0.0,16.1387,5.9179
MED00161,2026-08-31,1,7.7057,6.655,6.4975,6.375,6.9606,0.0,20.2895,6.988
MED00162,2026-08-31,1,2.3635,3.0978,0.9326,0.875,2.3983,0.0,10.706,4.3555
MED00163,2026-08-31,1,0.3376,0.3039,0.2648,0.25,0.3064,0.0,4.6885,2.2974
MED00164,2026-08-31,1,2.1306,2.6839,1.1274,1.25,2.1735,0.0,10.1524,4.1831
MED00165,2026-08-31,1,10.3806,10.0366,14.6851,13.5,11.1644,0.7131,27.8308,8.7377
MED00166,2026-08-31,1,2.3144,2.8342,1.178,1.125,2.3128,0.0,10.4972,4.2908
MED00167,2026-08-31,1,1.8718,1.1404,3.8884,3.75,1.9697,0.0,9.6387,4.0206
MED00168,2026-08-31,1,2.1682,1.1409,1.5888,1.625,1.5649,0.0,8.5771,3.6763
MED00169,2026-08-31,1,1.9015,1.1564,1.3679,1.375,1.4396,0.0,8.2359,3.5631
MED00170,2026-08-31,1,1.9949,1.4605,2.0952,2.0,1.7691,0.0,9.1199,3.8538
MED00171,2026-08-31,1,2.4679,1.773,2.2231,2.125,2.0928,0.0,9.9504,4.1195
MED00172,2026-08-31,1,2.737,1.7926,3.5737,3.75,2.4803,0.0,10.9046,4.4166
MED00173,2026-08-31,1,2.3663,2.2273,2.8563,2.875,2.4101,0.0,10.7347,4.3643
MED00174,2026-08-31,1,6.8227,6.8779,4.9179,5.375,6.442,0.0,19.2993,6.7407
MED00175,2026-08-31,1,1.2965,1.0449,0.4517,0.5,0.997,0.0,6.9676,3.1302
MED00176,2026-08-31,1,11.4703,16.9714,11.8661,11.75,14.1366,2.4292,32.8061,9.7878
MED00177,2026-08-31,1,0.2376,0.5747,0.1225,0.125,0.3703,0.0,4.9227,2.3867
MED00178,2026-08-31,1,1.9529,1.4243,2.5346,2.75,1.8342,0.0,9.2899,3.9088
MED00179,2026-08-31,1,0.6222,0.3262,0.5989,0.625,0.4795,0.0,5.3092,2.5321
MED00180,2026-08-31,1,2.2298,2.516,0.2609,0.25,1.9384,0.0,9.5586,3.995
MED00181,2026-08-31,1,3.5566,3.2693,3.9188,3.625,3.5046,0.0,13.27,5.1197
MED00182,2026-08-31,1,0.3258,0.5648,0.0,0.0,0.367,0.0,4.9109,2.3822
MED00183,2026-08-31,1,15.9582,26.0476,13.9889,15.0,20.2586,6.3161,42.4922,11.6564
MED00184,2026-08-31,1,7.1118,11.9701,5.2807,4.75,8.9904,0.0,24.0236,7.8815
MED00185,2026-08-31,1,2.667,1.5574,3.555,4.125,2.3442,0.0,10.574,4.3146
MED00186,2026-08-31,1,2.0609,1.5857,1.8267,1.75,1.7902,0.0,9.1752,3.8717
MED00187,2026-08-31,1,2.5963,2.8802,1.5297,1.625,2.5,0.0,10.9523,4.4313
MED00188,2026-08-31,1,3.9023,3.7202,6.1714,5.625,4.3135,0.0,15.0199,5.613
MED00189,2026-08-31,1,0.1659,0.2675,0.0,0.0,0.1775,0.0,4.1942,2.1058
MED00190,2026-08-31,1,2.2964,2.8289,3.4094,3.25,2.7889,0.0,11.6388,4.6397
MED00191,2026-08-31,1,11.6565,11.42,13.9348,13.0,12.0521,1.2104,29.341,9.0641
MED00192,2026-08-31,1,0.1393,0.191,0.2675,0.25,0.1914,0.0,4.2491,2.1273
MED00193,2026-08-31,1,0.0765,0.1492,0.0,0.0,0.0939,0.0,3.8548,1.9717
MED00194,2026-08-31,1,8.2467,8.7998,12.9567,11.75,9.5353,0.0,24.9941,8.1046
MED00195,2026-08-31,1,7.9234,6.9323,10.3134,9.375,7.9871,0.0,22.2036,7.4533
MED00196,2026-08-31,1,8.1149,8.1698,6.3261,5.625,7.7605,0.0,21.7858,7.353
MED00197,2026-08-31,1,8.6952,7.5227,12.794,11.625,9.0458,0.0,24.1228,7.9044
MED00198,2026-08-31,1,1.8131,1.3592,2.4467,2.375,1.7404,0.0,9.0447,3.8294
MED00199,2026-08-31,1,1.9544,1.3394,1.3073,1.375,1.5287,0.0,8.4793,3.644
MED00200,2026-08-31,1,1.935,1.2267,1.621,1.625,1.538,0.0,8.5045,3.6523
MED00201,2026-08-31,1,9.8023,9.6084,8.2857,8.375,9.3925,0.0,24.7408,8.0467
MED00202,2026-08-31,1,1.9657,1.9773,0.3889,0.375,1.6309,0.0,8.7544,3.7346
MED00203,2026-08-31,1,2.9634,2.841,2.939,3.25,2.9039,0.0,11.9071,4.7201
MED00204,2026-08-31,1,2.3069,2.4936,0.7735,0.75,2.0637,0.0,9.8771,4.0963
MED00205,2026-08-31,1,12.3099,15.8537,9.8254,9.75,13.438,2.0134,31.6565,9.5514
MED00206,2026-08-31,1,1.4043,1.1672,1.4227,1.5,1.2989,0.0,7.8441,3.4314
MED00207,2026-08-31,1,2.038,1.449,2.7913,2.75,1.9285,0.0,9.533,3.9869
MED00208,2026-08-31,1,11.8269,12.0807,11.3236,11.0,11.848,1.0948,28.9958,8.9901
MED00209,2026-08-31,1,2.5491,1.7343,4.9908,5.125,2.701,0.0,11.4318,4.5773
MED00210,2026-08-31,1,1.2953,0.559,2.041,2.25,1.1145,0.0,7.3152,3.2508
MED00211,2026-08-31,1,2.3691,1.8851,2.5731,2.625,2.1897,0.0,10.1929,4.1958
MED00212,2026-08-31,1,2.068,2.4286,0.2276,0.25,1.8391,0.0,9.3025,3.9128
MED00213,2026-08-31,1,1.5223,2.1032,0.0,0.0,1.4647,0.0,8.3049,3.5861
MED00214,2026-08-31,1,10.6761,11.673,14.3057,13.875,11.94,1.1468,29.1515,9.0235
MED00215,2026-08-31,1,2.4736,2.0304,2.273,2.25,2.2256,0.0,10.2819,4.2237
MED00216,2026-08-31,1,0.0546,0.1607,0.0,0.0,0.0924,0.0,3.8483,1.9691
MED00217,2026-08-31,1,0.1899,0.2069,0.2663,0.25,0.2146,0.0,4.3398,2.1627
MED00218,2026-08-31,1,5.6445,5.3159,5.9034,5.375,5.5529,0.0,17.5587,6.2943
MED00219,2026-08-31,1,13.2286,9.7901,10.0466,10.5,10.9456,0.5927,27.4549,8.6553
MED00220,2026-08-31,1,2.2084,1.7442,3.0006,2.875,2.1657,0.0,10.1332,4.1771
MED00221,2026-08-31,1,3.5374,4.6465,1.9384,2.25,3.7119,0.0,13.7269,5.2506
MED00222,2026-08-31,1,0.4563,0.4565,0.0,0.0,0.3578,0.0,4.8776,2.3696
MED00223,2026-08-31,1,8.1697,11.3345,4.5546,4.25,8.8713,0.0,23.81,7.8319
MED00224,2026-08-31,1,1.9093,1.7249,0.6387,0.625,1.5494,0.0,8.5352,3.6625
MED00225,2026-08-31,1,4.8301,4.0942,5.6975,5.875,4.6795,0.0,15.7854,5.8225
MED00226,2026-08-31,1,2.6884,1.971,3.1657,3.625,2.4596,0.0,10.8547,4.4013
MED00227,2026-08-31,1,15.3264,14.5977,18.5255,20.25,15.6956,3.3805,35.3342,10.2959
MED00228,2026-08-31,1,1.9203,0.9909,2.8048,3.0,1.6801,0.0,8.8854,3.7775
MED00229,2026-08-31,1,0.6214,0.8307,0.0,0.0,0.5849,0.0,5.6678,2.6648
MED00230,2026-08-31,1,12.5248,18.0844,10.3678,11.25,14.6656,2.7485,33.6694,9.9631
MED00231,2026-08-31,1,1.7159,0.6371,1.2709,1.25,1.1172,0.0,7.3231,3.2535
MED00232,2026-08-31,1,3.2937,3.6706,1.1166,1.125,3.0006,0.0,12.1307,4.7867
MED00233,2026-08-31,1,0.4157,0.5312,0.6041,0.625,0.5109,0.0,5.4174,2.5723
MED00234,2026-08-31,1,1.8996,1.231,2.2058,2.125,1.6557,0.0,8.8205,3.7563
MED00235,2026-08-31,1,72.1281,75.5712,66.5683,61.625,72.6017,46.4377,114.3245,21.874
MED00236,2026-08-31,1,2.2998,2.5299,1.9115,1.875,2.3253,0.0,10.5277,4.3003
MED00237,2026-08-31,1,5.6477,5.5513,6.213,6.625,5.731,0.0,17.9121,6.3862
MED00238,2026-08-31,1,2.0336,1.3309,1.6513,1.625,1.6245,0.0,8.7372,3.729
MED00239,2026-08-31,1,4.0762,3.9171,4.5703,4.5,4.1132,0.0,14.5944,5.495
MED00240,2026-08-31,1,5.2216,5.8157,5.4577,6.125,5.5555,0.0,17.5639,6.2957
MED00241,2026-08-31,1,2.8135,3.4261,2.5162,2.375,3.0379,0.0,12.2166,4.8121
MED00242,2026-08-31,1,9.796,12.4356,9.7713,8.75,11.0332,0.6408,27.6055,8.6884
MED00243,2026-08-31,1,0.1037,0.1235,0.1341,0.125,0.1196,0.0,3.961,2.0139
MED00244,2026-08-31,1,2.2739,2.0245,2.2336,2.125,2.1509,0.0,10.0962,4.1655
MED00245,2026-08-31,1,72.2287,65.3184,87.6683,79.25,72.4242,46.292,114.0964,21.8475
MED00246,2026-08-31,1,6.6558,6.232,6.7631,6.75,6.4878,0.0,19.3875,6.7629
MED00247,2026-08-31,1,12.0535,12.5582,12.9429,12.375,12.4942,1.4632,30.085,9.2223
MED00248,2026-08-31,1,2.2078,2.1751,2.2524,2.5,2.2044,0.0,10.2295,4.2073
MED00249,2026-08-31,1,20.5284,24.4324,31.8742,34.25,24.8342,9.4316,49.3961,12.8771
MED00250,2026-08-31,1,15.7277,10.8003,14.0884,16.125,13.0866,1.807,31.0739,9.4302
MED00251,2026-08-31,1,1.9174,1.2994,3.0099,2.875,1.8678,0.0,9.3768,3.9367
MED00252,2026-08-31,1,0.468,0.1399,0.7059,0.75,0.3669,0.0,4.9104,2.382
MED00253,2026-08-31,1,4.4224,4.1617,4.3034,4.0,4.2792,0.0,14.9474,5.593
MED00254,2026-08-31,1,0.3757,0.1227,0.9411,1.0,0.3806,0.0,4.9599,2.4008
MED00255,2026-08-31,1,6.2486,6.4584,6.4342,6.625,6.3931,0.0,19.2051,6.717
MED00256,2026-08-31,1,2.3765,2.0287,1.3008,1.25,1.983,0.0,9.6725,4.0314
MED00257,2026-08-31,1,5.6,6.0434,6.7505,7.5,6.0623,0.0,18.5632,6.5538
MED00258,2026-08-31,1,2.2583,2.2848,3.886,3.875,2.6262,0.0,11.2543,4.5235
MED00259,2026-08-31,1,2.3718,2.0803,3.2207,3.125,2.4223,0.0,10.7643,4.3735
MED00260,2026-08-31,1,0.5537,0.4371,1.1041,1.125,0.6192,0.0,5.7818,2.7066
MED00261,2026-08-31,1,0.7498,0.8214,0.123,0.125,0.6479,0.0,5.8764,2.7411
MED00262,2026-08-31,1,3.9076,3.2828,4.477,5.0,3.7432,0.0,13.7954,5.27
MED00263,2026-08-31,1,3.4103,3.6816,5.6654,5.375,4.0297,0.0,14.4157,5.4451
MED00264,2026-08-31,1,0.3878,0.1248,0.0,0.0,0.1812,0.0,4.2088,2.1116
MED00265,2026-08-31,1,7.7174,6.642,10.8844,10.375,7.9102,0.0,22.062,7.4194
MED00266,2026-08-31,1,13.0599,12.1361,5.791,6.25,11.0642,0.6579,27.6589,8.7001
MED00267,2026-08-31,1,5.6638,6.5064,3.8775,3.875,5.6754,0.0,17.802,6.3576
MED00268,2026-08-31,1,2.284,2.3166,3.7297,3.625,2.6152,0.0,11.2282,4.5155
MED00269,2026-08-31,1,2.417,2.0166,2.2556,2.125,2.1974,0.0,10.212,4.2018
MED00270,2026-08-31,1,2.5405,2.2183,5.1475,4.875,2.9583,0.0,12.0332,4.7577
MED00271,2026-08-31,1,2.8266,2.5481,4.0718,4.25,2.9696,0.0,12.0592,4.7654
MED00272,2026-08-31,1,4.3273,5.3426,4.5766,4.875,4.8599,0.0,16.1575,5.923
MED00273,2026-08-31,1,3.6256,3.0789,2.5542,2.625,3.1414,0.0,12.4535,4.882
MED00274,2026-08-31,1,0.3497,0.3008,0.3664,0.375,0.3309,0.0,4.7789,2.332
MED00275,2026-08-31,1,12.6865,9.5574,13.12,14.25,11.332,0.8058,28.1176,8.8002
MED00276,2026-08-31,1,2.0532,1.7513,2.381,2.25,1.9854,0.0,9.6786,4.0333
MED00277,2026-08-31,1,0.1659,0.2187,0.0,0.0,0.1547,0.0,4.1032,2.0701
MED00278,2026-08-31,1,9.1807,8.7844,11.7961,11.25,9.5723,0.0,25.0596,8.1195
MED00279,2026-08-31,1,19.2319,21.1577,23.4792,22.25,21.0722,6.8591,43.7372,11.8826
MED00280,2026-08-31,1,0.1762,0.2009,0.2716,0.25,0.2086,0.0,4.3165,2.1537
MED00281,2026-08-31,1,14.3677,12.1057,15.8409,15.875,13.6454,2.1361,31.9989,9.6222
MED00282,2026-08-31,1,3.6269,3.1111,2.9899,3.25,3.2515,0.0,12.7032,4.9552
MED00283,2026-08-31,1,2.3152,2.1726,3.499,3.625,2.5078,0.0,10.9709,4.437
MED00284,2026-08-31,1,1.6719,1.1355,0.5631,0.625,1.1825,0.0,7.5122,3.3185
MED00285,2026-08-31,1,6.8199,5.9783,7.9338,7.375,6.6754,0.0,19.7472,6.8531
MED00286,2026-08-31,1,5.355,3.8311,6.5461,7.0,4.9072,0.0,16.2545,5.9491
MED00287,2026-08-31,1,3.619,4.0475,3.7408,3.625,3.8491,0.0,14.026,5.3354
MED00288,2026-08-31,1,39.5565,37.772,35.4152,38.625,37.864,18.91,68.0895,15.8463
MED00289,2026-08-31,1,5.986,4.6736,7.5839,8.75,5.7258,0.0,17.902,6.3836
MED00290,2026-08-31,1,1.9031,1.0655,1.1423,1.125,1.3487,0.0,7.9839,3.4786
MED00291,2026-08-31,1,8.959,19.5847,2.8006,3.0,12.5938,1.5206,30.2518,9.2576
MED00292,2026-08-31,1,1.7445,1.9982,1.1483,1.25,1.7354,0.0,9.0314,3.8251
MED00293,2026-08-31,1,6.4867,3.0623,9.3257,9.875,5.5101,0.0,17.4733,6.272
MED00294,2026-08-31,1,1.0771,0.7678,0.8954,1.0,0.8943,0.0,6.6566,3.021
MED00295,2026-08-31,1,0.3301,0.2317,0.0,0.0,0.2128,0.0,4.333,2.16
MED00296,2026-08-31,1,4.845,3.8902,4.4756,4.5,4.3238,0.0,15.0415,5.619
MED00297,2026-08-31,1,7.528,6.03,6.7603,6.625,6.6694,0.0,19.7357,6.8503
MED00298,2026-08-31,1,2.3175,1.6988,4.0238,4.0,2.4012,0.0,10.713,4.3576
MED00299,2026-08-31,1,0.3842,0.3993,0.252,0.25,0.363,0.0,4.8962,2.3766
MED00300,2026-08-31,1,2.0387,1.9286,0.2561,0.25,1.6025,0.0,8.6783,3.7096
MED00301,2026-08-31,1,6.3941,7.1497,5.7033,5.625,6.6034,0.0,19.6094,6.8187
MED00302,2026-08-31,1,9.0195,9.3198,4.5333,4.375,8.1953,0.0,22.5849,7.5441
MED00303,2026-08-31,1,2.8887,2.2468,3.4189,3.625,2.7069,0.0,11.4457,4.5815
MED00304,2026-08-31,1,5.0337,5.649,4.0477,4.625,5.1121,0.0,16.6726,6.0608
MED00305,2026-08-31,1,1.9859,2.0218,1.175,1.125,1.8287,0.0,9.2754,3.9041
MED00306,2026-08-31,1,0.4194,0.2625,0.0,0.0,0.2555,0.0,4.4972,2.2238
MED00307,2026-08-31,1,25.7595,23.484,36.0672,36.375,26.9594,10.9238,52.5308,13.4063
MED00308,2026-08-31,1,0.7033,0.594,0.4806,0.5,0.6046,0.0,5.7335,2.6889
MED00309,2026-08-31,1,3.8792,3.9348,1.9883,2.25,3.4987,0.0,13.2569,5.1159
MED00310,2026-08-31,1,3.8258,3.8119,2.9532,3.25,3.6338,0.0,13.5555,5.2016
MED00311,2026-08-31,1,3.7949,3.8636,4.2015,4.375,3.919,0.0,14.1772,5.3781
MED00312,2026-08-31,1,0.3559,0.2469,0.3618,0.375,0.3066,0.0,4.6894,2.2978
MED00313,2026-08-31,1,0.5539,0.2383,1.7784,1.75,0.6728,0.0,5.9575,2.7706
MED00314,2026-08-31,1,9.111,9.5879,8.5331,8.75,9.2174,0.0,24.4294,7.9752
MED00315,2026-08-31,1,10.2537,10.7663,11.7351,11.25,10.8248,0.5267,27.2468,8.6096
MED00316,2026-08-31,1,3.1948,2.7955,2.6899,2.625,2.902,0.0,11.9027,4.7188
MED00317,2026-08-31,1,2.3533,1.8437,2.9254,2.875,2.2418,0.0,10.3221,4.2363
MED00318,2026-08-31,1,3.0775,2.7709,4.3439,5.0,3.2122,0.0,12.6144,4.9293
MED00319,2026-08-31,1,11.8581,12.0609,11.9642,11.0,11.9877,1.1738,29.2322,9.0408
MED00320,2026-08-31,1,6.313,5.34,3.3514,3.75,5.2222,0.0,16.8955,6.12
MED00321,2026-08-31,1,0.7683,1.0483,3.808,3.75,1.5594,0.0,8.5624,3.6715
MED00322,2026-08-31,1,0.1448,0.2231,0.0,0.0,0.1501,0.0,4.0845,2.0627
MED00323,2026-08-31,1,0.9451,0.5667,2.3979,2.5,1.0846,0.0,7.2274,3.2205
MED00324,2026-08-31,1,1.4001,1.1113,1.9094,2.0,1.3771,0.0,8.063,3.5052
MED00325,2026-08-31,1,8.2319,8.5332,6.0042,5.75,7.8974,0.0,22.0385,7.4138
MED00326,2026-08-31,1,10.1549,11.6024,8.9375,8.5,10.5769,0.3922,26.8181,8.5148
MED00327,2026-08-31,1,3.4423,4.2602,2.3603,2.25,3.5929,0.0,13.4655,5.1759
MED00328,2026-08-31,1,5.0007,4.4005,5.6329,5.625,4.8626,0.0,16.1632,5.9245
MED00329,2026-08-31,1,11.6896,12.2262,12.374,11.625,12.1004,1.2378,29.4225,9.0815
MED00330,2026-08-31,1,5.1945,4.0329,6.1722,6.125,4.8694,0.0,16.1771,5.9283
MED00331,2026-08-31,1,1.9671,1.2818,2.5293,2.375,1.7711,0.0,9.1251,3.8555
MED00332,2026-08-31,1,3.2275,3.6163,3.0714,2.875,3.3784,0.0,12.9887,5.0384
MED00333,2026-08-31,1,3.0221,2.791,6.3254,6.25,3.634,0.0,13.556,5.2018
MED00334,2026-08-31,1,10.1311,13.1611,4.071,4.375,10.2412,0.212,26.2344,8.3848
MED00335,2026-08-31,1,6.327,6.0174,6.5232,6.5,6.2313,0.0,18.8921,6.6377
MED00336,2026-08-31,1,10.2308,10.3578,12.2502,11.25,10.7385,0.4798,27.0978,8.5767
MED00337,2026-08-31,1,64.7552,59.856,61.9306,60.25,61.9191,37.7423,100.473,20.2127
MED00338,2026-08-31,1,8.4577,14.0145,1.2341,1.25,9.4937,0.0,24.9204,8.0878
MED00339,2026-08-31,1,1.6923,1.9013,0.3373,0.375,1.4976,0.0,8.3946,3.6159
MED00340,2026-08-31,1,1.83,2.4715,0.2332,0.25,1.7849,0.0,9.1613,3.8672
MED00341,2026-08-31,1,6.5912,6.6785,8.0265,8.375,6.95,0.0,20.2695,6.983
MED00342,2026-08-31,1,2.2838,1.9417,1.4582,1.375,1.9471,0.0,9.5809,4.0022
MED00343,2026-08-31,1,11.0286,9.5565,11.9263,11.625,10.547,0.376,26.7662,8.5033
MED00344,2026-08-31,1,5.4566,5.2992,5.2974,5.625,5.354,0.0,17.161,6.19
MED00345,2026-08-31,1,0.1503,0.1552,0.0,0.0,0.1201,0.0,3.963,2.0147
MED00346,2026-08-31,1,3.6265,4.0418,2.1009,2.0,3.493,0.0,13.2443,5.1123
MED00347,2026-08-31,1,0.1249,0.2069,0.0,0.0,0.1362,0.0,4.0286,2.0407
MED00348,2026-08-31,1,1.8339,1.2162,1.4325,1.375,1.4602,0.0,8.2923,3.5819
MED00349,2026-08-31,1,2.5603,2.2665,2.0401,2.0,2.3128,0.0,10.497,4.2907
MED00350,2026-08-31,1,1.166,1.9533,2.5443,2.5,1.834,0.0,9.2891,3.9085
MED00351,2026-08-31,1,0.7316,0.6629,0.0,0.0,0.5415,0.0,5.5216,2.6109
MED00352,2026-08-31,1,0.2328,0.3314,0.0,0.0,0.2286,0.0,4.3938,2.1837
MED00353,2026-08-31,1,1.0062,0.3458,0.0,0.0,0.4805,0.0,5.3124,2.5333
MED00354,2026-08-31,1,0.8529,1.1886,1.2629,1.25,1.0995,0.0,7.2712,3.2356
MED00355,2026-08-31,1,12.859,10.5281,10.8935,11.5,11.3568,0.8197,28.1601,8.8095
MED00356,2026-08-31,1,2.0979,1.8365,2.0077,1.875,1.9584,0.0,9.6096,4.0113
MED00357,2026-08-31,1,0.1776,0.1346,0.2702,0.25,0.1778,0.0,4.1953,2.1063
MED00358,2026-08-31,1,5.7547,7.4272,3.1441,3.375,5.975,0.0,18.3924,6.5101
MED00359,2026-08-31,1,2.3092,2.1167,1.5785,1.5,2.0631,0.0,9.8756,4.0959
MED00360,2026-08-31,1,3.0904,1.8695,3.7086,3.875,2.6575,0.0,11.3287,4.546
MED00361,2026-08-31,1,2.3738,2.0861,5.0398,4.875,2.8204,0.0,11.7124,4.6618
MED00362,2026-08-31,1,2.5865,2.1616,4.8764,4.875,2.8876,0.0,11.8691,4.7088
MED00363,2026-08-31,1,1.8448,1.326,2.5574,2.5,1.759,0.0,9.0935,3.8453
MED00364,2026-08-31,1,0.1229,0.2576,0.0,0.0,0.1592,0.0,4.1214,2.0772
MED00365,2026-08-31,1,2.4274,1.9347,2.2137,2.125,2.1534,0.0,10.1023,4.1674
MED00366,2026-08-31,1,10.4383,10.7422,11.9073,11.25,10.9094,0.573,27.3927,8.6417
MED00367,2026-08-31,1,2.3949,2.424,1.6453,1.625,2.2482,0.0,10.3379,4.2412
MED00368,2026-08-31,1,3.1772,2.8371,5.3024,5.0,3.4827,0.0,13.2214,5.1057
MED00369,2026-08-31,1,5.2513,4.7074,4.6846,5.0,4.8796,0.0,16.198,5.9339
MED00370,2026-08-31,1,0.3957,0.1672,0.0,0.0,0.2035,0.0,4.2966,2.1459
MED00371,2026-08-31,1,14.9836,11.3675,13.5953,14.0,13.0086,1.7614,30.9442,9.4031
MED00372,2026-08-31,1,0.1893,0.1133,0.1339,0.125,0.142,0.0,4.052,2.0499
MED00373,2026-08-31,1,0.6682,0.5775,0.9258,0.875,0.6824,0.0,5.9887,2.7819
MED00374,2026-08-31,1,2.1291,1.7898,2.6692,2.75,2.0899,0.0,9.9433,4.1173
MED00375,2026-08-31,1,15.212,17.2081,13.48,13.5,15.7836,3.435,35.4753,10.3238
MED00376,2026-08-31,1,2.2709,1.62,2.0681,2.0,1.9252,0.0,9.5246,3.9842
MED00377,2026-08-31,1,0.5231,0.714,0.8609,0.875,0.6861,0.0,6.0005,2.7862
MED00378,2026-08-31,1,2.4448,2.7593,2.3019,2.125,2.5631,0.0,11.1037,4.4776
MED00379,2026-08-31,1,0.6897,0.76,2.5384,2.5,1.1244,0.0,7.3439,3.2607
MED00380,2026-08-31,1,0.7307,0.2896,0.0,0.0,0.3669,0.0,4.9103,2.382
MED00381,2026-08-31,1,1.4161,2.3549,1.2839,1.25,1.8272,0.0,9.2717,3.9029
MED00382,2026-08-31,1,2.4124,2.4507,3.6235,3.75,2.6955,0.0,11.4188,4.5734
MED00383,2026-08-31,1,7.889,9.849,6.344,5.75,8.477,0.0,23.0979,7.6653
MED00384,2026-08-31,1,2.202,1.978,2.3074,2.125,2.1225,0.0,10.025,4.1431
MED00385,2026-08-31,1,19.7119,20.847,19.56,20.25,20.2288,6.2963,42.4463,11.648
MED00386,2026-08-31,1,15.2687,13.7322,13.7691,14.125,14.241,2.4919,32.9769,9.8227
MED00387,2026-08-31,1,20.4831,20.4503,23.2363,22.5,21.0857,6.8682,43.7579,11.8863
MED00388,2026-08-31,1,72.1404,112.3595,82.8614,84.125,93.3213,63.6805,140.5886,24.7808
MED00389,2026-08-31,1,13.5863,10.9745,9.8482,11.25,11.569,0.938,28.522,8.8879
MED00390,2026-08-31,1,25.4985,23.7924,30.8145,34.25,25.8808,10.1633,50.945,13.1404
MED00391,2026-08-31,1,21.8689,18.9433,22.8442,24.875,20.7361,6.6342,43.224,11.7897
MED00392,2026-08-31,1,20.7849,18.6709,21.3763,22.625,19.9468,6.1094,42.0127,11.5685
MED00393,2026-08-31,1,12.9903,14.7094,9.6468,10.125,13.0806,1.8034,31.0638,9.4281
MED00394,2026-08-31,1,14.8529,16.1448,15.0457,16.25,15.5129,3.2675,35.0404,10.2377
MED00395,2026-08-31,1,18.9,20.0821,17.2652,18.375,19.1162,5.5628,40.7293,11.3311
MED00396,2026-08-31,1,52.5147,53.8795,53.5468,46.75,53.4285,30.9561,89.2645,18.7877
MED00397,2026-08-31,1,46.3869,53.718,49.2794,48.125,50.4846,28.6342,85.3287,18.2677
MED00398,2026-08-31,1,111.1786,115.3792,120.7465,128.0,115.3277,82.3936,167.8467,27.5341
MED00399,2026-08-31,1,93.4862,122.5029,109.9868,115.75,110.7111,78.44,162.1728,26.9798
MED00400,2026-08-31,1,73.4676,70.5705,68.1457,69.875,71.0333,45.1515,112.3061,21.6381
MED00401,2026-08-31,1,20.3909,16.5574,16.8981,20.875,17.8631,4.7498,38.7745,10.9632
MED00402,2026-08-31,1,27.036,23.2488,25.4495,29.875,24.9501,9.5124,49.5683,12.9066
MED00403,2026-08-31,1,12.0921,14.3731,8.8327,9.125,12.4621,1.4448,30.0312,9.2109
MED00404,2026-08-31,1,6.0632,5.2615,6.2862,6.125,5.7432,0.0,17.9364,6.3925
MED00405,2026-08-31,1,8.6186,9.3338,7.3915,7.375,8.6949,0.0,23.4923,7.7578
MED00406,2026-08-31,1,22.6171,23.8758,26.1697,26.75,23.9985,8.8521,48.152,12.6629
MED00407,2026-08-31,1,26.5191,25.4283,27.0339,30.5,26.1479,10.351,51.3387,13.2068
MED00408,2026-08-31,1,11.4065,8.3776,9.9081,11.25,9.6782,0.0,25.2467,8.1621
MED00409,2026-08-31,1,13.0446,12.8379,10.2978,10.875,12.3651,1.389,29.8682,9.1764
MED00410,2026-08-31,1,12.8442,10.1817,12.7832,14.0,11.6004,0.9556,28.5754,8.8995
MED00411,2026-08-31,1,21.5866,23.473,24.9092,26.125,23.2102,8.3094,46.9719,12.4575
MED00412,2026-08-31,1,13.492,13.4097,12.7807,14.0,13.3127,1.9396,31.449,9.5083
MED00413,2026-08-31,1,13.7147,14.2988,12.4366,12.875,13.7238,2.1827,32.1281,9.6488
MED00414,2026-08-31,1,22.4276,21.7478,22.2375,24.125,22.0913,7.5464,45.2856,12.1601
MED00415,2026-08-31,1,13.7718,12.6804,14.1438,15.75,13.3566,1.9654,31.5217,9.5234
MED00416,2026-08-31,1,21.6312,24.039,22.5241,23.75,22.971,8.1456,46.6126,12.3946
MED00417,2026-08-31,1,8.4745,9.039,7.4824,7.5,8.5313,0.0,23.1965,7.6885
MED00418,2026-08-31,1,8.4341,6.4358,8.5499,9.375,7.5345,0.0,21.3666,7.2518
MED00419,2026-08-31,1,10.0856,9.1079,10.0747,10.125,9.6367,0.0,25.1735,8.1454
MED00420,2026-08-31,1,27.1524,26.9516,26.6404,30.625,26.9747,10.9346,52.5532,13.4101
MED00421,2026-08-31,1,28.9843,21.8718,28.7669,34.125,25.6445,9.9976,50.5963,13.0814
MED00422,2026-08-31,1,21.6681,20.3539,22.6259,23.375,21.2839,7.0013,44.0599,11.9408
MED00423,2026-08-31,1,13.1128,14.1559,10.8597,11.25,13.1241,1.8289,31.1363,9.4432
MED00424,2026-08-31,1,69.7126,91.2617,103.967,118.875,87.2789,58.6084,132.9988,23.9696
MED00001,2026-09-07,2,15.2587,10.224,12.5598,15.125,12.3371,1.373,29.8212,9.1664
MED00002,2026-09-07,2,0.0927,0.1267,0.1352,0.125,0.1179,0.0,3.9538,2.011
MED00003,2026-09-07,2,0.2977,0.6208,0.0,0.0,0.3843,0.0,4.9731,2.4058
MED00004,2026-09-07,2,0.8744,0.5653,1.7874,1.75,0.9291,0.0,6.7627,3.0584
MED00005,2026-09-07,2,2.5308,3.5919,1.9293,1.875,2.8983,0.0,11.8942,4.7163
MED00006,2026-09-07,2,1.7163,1.0921,0.267,0.25,1.112,0.0,7.3078,3.2483
MED00007,2026-09-07,2,3.5476,3.0948,2.9334,2.75,3.2064,0.0,12.6012,4.9254
MED00008,2026-09-07,2,0.6869,0.5192,1.4411,1.375,0.7729,0.0,6.2787,2.8865
MED00009,2026-09-07,2,3.7253,4.2918,3.6554,3.875,3.9784,0.0,14.3053,5.4141
MED00010,2026-09-07,2,4.5119,3.9791,4.3701,4.125,4.2368,0.0,14.8575,5.5681
MED00011,2026-09-07,2,23.0283,15.7906,23.5237,24.875,19.7788,5.9984,41.7539,11.5209
MED00012,2026-09-07,2,2.3064,3.5727,0.3881,0.375,2.4838,0.0,10.9131,4.4193
MED00013,2026-09-07,2,4.8608,4.6751,6.7274,6.375,5.184,0.0,16.8182,6.0995
MED00014,2026-09-07,2,18.4752,14.7461,28.1202,28.0,18.8451,5.3857,40.3084,11.2526
MED00015,2026-09-07,2,0.5484,0.424,0.9653,0.875,0.5813,0.0,5.6558,2.6604
MED00016,2026-09-07,2,2.1786,1.9304,4.9505,4.75,2.6663,0.0,11.3497,4.5524
MED00017,2026-09-07,2,1.982,1.6633,2.4461,2.375,1.9359,0.0,9.552,3.9929
MED00018,2026-09-07,2,74.2504,67.1561,81.3989,87.75,72.5628,46.4058,114.2746,21.8682
MED00019,2026-09-07,2,48.5781,41.565,43.7244,49.375,44.2983,23.8164,76.9601,17.1236
MED00020,2026-09-07,2,11.0708,11.2945,15.5144,14.875,12.1506,1.2664,29.5073,9.0996
MED00021,2026-09-07,2,4.7306,5.4311,3.674,4.5,4.8332,0.0,16.1027,5.9082
MED00022,2026-09-07,2,3.2101,2.1587,2.8675,3.375,2.648,0.0,11.3062,4.5392
MED00023,2026-09-07,2,1.4664,1.2394,0.2292,0.25,1.0934,0.0,7.2534,3.2295
MED00024,2026-09-07,2,3.6847,3.3559,2.4894,2.875,3.2755,0.0,12.7573,4.9711
MED00025,2026-09-07,2,0.0949,0.1342,0.0,0.0,0.0928,0.0,3.8498,1.9697
MED00026,2026-09-07,2,0.3674,0.3887,0.1217,0.125,0.3244,0.0,4.7551,2.3229
MED00027,2026-09-07,2,0.2731,0.1496,0.0,0.0,0.1564,0.0,4.1102,2.0728
MED00028,2026-09-07,2,0.5241,0.7594,0.5572,0.5,0.6417,0.0,5.8558,2.7336
MED00029,2026-09-07,2,15.5625,14.6233,16.3772,17.375,15.3162,3.1462,34.7234,10.1746
MED00030,2026-09-07,2,6.1068,3.8917,4.9059,5.5,4.8178,0.0,16.0711,5.8997
MED00031,2026-09-07,2,3.4023,4.1261,3.0021,3.25,3.6569,0.0,13.6062,5.2161
MED00032,2026-09-07,2,2.8019,2.7798,2.5288,2.75,2.7351,0.0,11.5123,4.6016
MED00033,2026-09-07,2,1.0413,1.8076,1.9332,1.875,1.5938,0.0,8.6549,3.702
MED00034,2026-09-07,2,20.6825,18.0103,23.3306,25.0,20.0299,6.1645,42.1407,11.592
MED00035,2026-09-07,2,0.4451,0.1705,0.3432,0.375,0.2952,0.0,4.6468,2.2814
MED00036,2026-09-07,2,1.7325,1.3557,2.1979,2.25,1.6593,0.0,8.83,3.7594
MED00037,2026-09-07,2,4.6966,3.8885,5.3463,5.5,4.4649,0.0,15.3383,5.7006
MED00038,2026-09-07,2,19.8114,13.1792,16.5027,20.0,16.016,3.5796,35.8478,10.3972
MED00039,2026-09-07,2,0.9856,1.1641,1.2382,1.25,1.1248,0.0,7.345,3.2611
MED00040,2026-09-07,2,0.5618,0.731,0.9871,1.0,0.7337,0.0,6.1538,2.8416
MED00041,2026-09-07,2,0.3536,0.62,0.1196,0.125,0.4276,0.0,5.1275,2.464
MED00042,2026-09-07,2,3.9768,3.5423,1.8774,2.0,3.3223,0.0,12.8628,5.0018
MED00043,2026-09-07,2,0.4053,0.4313,0.5234,0.5,0.4435,0.0,5.1835,2.485
MED00044,2026-09-07,2,2.4034,2.744,1.0698,1.25,2.2755,0.0,10.4053,4.2622
MED00045,2026-09-07,2,1.7589,1.5363,0.1267,0.125,1.3025,0.0,7.8542,3.4349
MED00046,2026-09-07,2,2.679,2.9511,0.9596,1.125,2.4356,0.0,10.7967,4.3835
MED00047,2026-09-07,2,7.0848,6.6593,8.0519,7.375,7.103,0.0,20.5586,7.0544
MED00048,2026-09-07,2,12.8622,13.8079,17.4041,17.75,14.3023,2.5288,33.0771,9.8431
MED00049,2026-09-07,2,0.1455,0.1544,0.0,0.0,0.1182,0.0,3.9551,2.0116
MED00050,2026-09-07,2,3.2378,3.6242,2.6055,2.625,3.2843,0.0,12.7772,4.9769
MED00051,2026-09-07,2,0.0868,0.1412,0.0,0.0,0.0935,0.0,3.8527,1.9709
MED00052,2026-09-07,2,0.4524,0.5905,0.5251,0.5,0.5331,0.0,5.4932,2.6004
MED00053,2026-09-07,2,9.9092,6.6107,8.7588,10.0,8.1291,0.0,22.4639,7.5153
MED00054,2026-09-07,2,10.1054,7.3546,10.6826,11.75,8.9561,0.0,23.9622,7.8672
MED00055,2026-09-07,2,0.9726,0.6331,1.1519,1.25,0.8539,0.0,6.5321,2.9769
MED00056,2026-09-07,2,0.5838,0.3631,0.9137,1.0,0.5529,0.0,5.5602,2.6252
MED00057,2026-09-07,2,0.4692,0.3844,0.1159,0.125,0.3534,0.0,4.8614,2.3634
MED00058,2026-09-07,2,1.7338,1.1152,0.1289,0.125,1.0984,0.0,7.2678,3.2345
MED00059,2026-09-07,2,10.9164,9.0921,10.7189,11.75,10.0325,0.1012,25.8696,8.3029
MED00060,2026-09-07,2,6.7614,6.8225,6.8586,7.625,6.8178,0.0,20.0186,6.9208
MED00061,2026-09-07,2,0.6185,1.0333,0.8631,0.75,0.8659,0.0,6.5691,2.99
MED00062,2026-09-07,2,14.1664,15.4452,13.9155,15.875,14.7233,2.7836,33.7632,9.982
MED00063,2026-09-07,2,0.0888,0.1489,0.0,0.0,0.0977,0.0,3.8703,1.9779
MED00064,2026-09-07,2,22.9571,24.2084,22.7715,25.375,23.5241,8.5251,47.4426,12.5398
MED00065,2026-09-07,2,61.0525,62.158,53.5169,51.5,59.9946,36.1934,97.9495,19.8986
MED00066,2026-09-07,2,0.4547,0.4242,0.5485,0.5,0.4613,0.0,5.2458,2.5084
MED00067,2026-09-07,2,2.1533,2.2833,4.0527,3.875,2.6283,0.0,11.2595,4.525
MED00068,2026-09-07,2,4.4966,3.5439,5.388,6.25,4.2496,0.0,14.8846,5.5756
MED00069,2026-09-07,2,2.0402,1.7752,1.0369,1.25,1.7008,0.0,8.9401,3.7954
MED00070,2026-09-07,2,15.8051,14.1036,15.0115,15.625,14.8541,2.8632,33.9757,10.0248
MED00071,2026-09-07,2,2.514,2.7806,1.8016,2.125,2.4865,0.0,10.9196,4.4212
MED00072,2026-09-07,2,2.8591,1.738,2.6493,3.125,2.2929,0.0,10.4481,4.2755
MED00073,2026-09-07,2,4.2411,4.0158,5.1166,6.25,4.3301,0.0,15.0549,5.6227
MED00074,2026-09-07,2,4.1522,3.057,4.3461,5.125,3.6869,0.0,13.6722,5.235
MED00075,2026-09-07,2,4.5433,2.568,3.9856,4.875,3.5044,0.0,13.2695,5.1196
MED00076,2026-09-07,2,0.1833,0.0985,0.2703,0.25,0.1628,0.0,4.1356,2.0828
MED00077,2026-09-07,2,6.6589,4.3254,5.8836,7.25,5.4076,0.0,17.2684,6.2183
MED00078,2026-09-07,2,4.0969,5.0574,3.0394,3.125,4.32,0.0,15.0336,5.6168
MED00079,2026-09-07,2,23.1278,30.657,17.6616,18.0,25.4809,9.883,50.3544,13.0404
MED00080,2026-09-07,2,4.9245,3.3756,4.9618,6.125,4.2142,0.0,14.8094,5.5548
MED00081,2026-09-07,2,0.3068,0.4385,0.2684,0.25,0.3603,0.0,4.8864,2.3729
MED00082,2026-09-07,2,3.6526,4.9052,2.4021,2.75,3.9699,0.0,14.287,5.4089
MED00083,2026-09-07,2,3.9827,3.4586,3.6894,4.375,3.6783,0.0,13.6532,5.2296
MED00084,2026-09-07,2,44.3919,44.2803,41.1599,39.875,43.6828,23.3421,76.1195,17.0056
MED00085,2026-09-07,2,2.2164,1.7318,3.4558,3.25,2.2613,0.0,10.3702,4.2513
MED00086,2026-09-07,2,0.3932,0.2981,0.0,0.0,0.2638,0.0,4.5288,2.236
MED00087,2026-09-07,2,1.8336,1.5427,2.0567,2.0,1.748,0.0,9.0646,3.8359
MED00088,2026-09-07,2,24.6601,33.3197,28.5038,28.0,29.5629,12.7843,56.3192,14.0275
MED00089,2026-09-07,2,16.5584,20.5291,8.2484,8.0,16.626,3.9621,36.8208,10.5875
MED00090,2026-09-07,2,4.0139,4.7438,4.5424,4.875,4.4735,0.0,15.3563,5.7055
MED00091,2026-09-07,2,2.8629,2.5271,2.1646,2.5,2.5574,0.0,11.0902,4.4735
MED00092,2026-09-07,2,1.5512,1.3105,1.5617,1.5,1.4426,0.0,8.2441,3.5658
MED00093,2026-09-07,2,0.2812,0.2225,0.2474,0.25,0.2467,0.0,4.4636,2.2108
MED00094,2026-09-07,2,0.5946,0.446,0.7413,0.75,0.5576,0.0,5.5761,2.631
MED00095,2026-09-07,2,3.4054,3.9685,4.0903,3.875,3.8204,0.0,13.9635,5.3177
MED00096,2026-09-07,2,16.1432,11.5444,12.9985,13.75,13.3293,1.9494,31.4765,9.5141
MED00097,2026-09-07,2,0.4116,0.5199,0.0,0.0,0.3733,0.0,4.9335,2.3908
MED00098,2026-09-07,2,9.4043,8.5786,9.4134,9.625,9.0301,0.0,24.0947,7.8979
MED00099,2026-09-07,2,0.2989,0.31,0.0,0.0,0.2395,0.0,4.436,2.2001
MED00100,2026-09-07,2,0.129,0.1119,0.1351,0.125,0.1225,0.0,3.9725,2.0185
MED00101,2026-09-07,2,5.3674,4.1705,7.8401,7.25,5.3504,0.0,17.1537,6.1881
MED00102,2026-09-07,2,4.5096,3.8175,3.3668,3.5,3.9429,0.0,14.2288,5.3926
MED00103,2026-09-07,2,3.3103,3.5016,1.0349,1.0,2.9092,0.0,11.9195,4.7238
MED00104,2026-09-07,2,8.5569,9.649,9.3837,8.375,9.2549,0.0,24.4961,7.9905
MED00105,2026-09-07,2,11.825,11.7713,9.7404,9.75,11.3594,0.8211,28.1645,8.8104
MED00106,2026-09-07,2,0.097,0.208,0.0,0.0,0.1279,0.0,3.9947,2.0272
MED00107,2026-09-07,2,9.169,9.4693,8.8098,8.25,9.2404,0.0,24.4704,7.9846
MED00108,2026-09-07,2,3.319,3.6636,4.0961,3.875,3.6519,0.0,13.5952,5.213
MED00109,2026-09-07,2,0.6012,0.6747,0.0,0.0,0.5057,0.0,5.3994,2.5656
MED00110,2026-09-07,2,0.572,0.2276,0.0,0.0,0.2876,0.0,4.6184,2.2705
MED00111,2026-09-07,2,0.6734,0.7481,1.0999,1.0,0.8015,0.0,6.3686,2.9187
MED00112,2026-09-07,2,3.264,2.6253,3.8398,3.75,3.0939,0.0,12.3451,4.8501
MED00113,2026-09-07,2,2.0033,1.8158,2.0601,2.0,1.9301,0.0,9.5372,3.9882
MED00114,2026-09-07,2,14.0248,10.354,18.1289,17.875,13.2152,1.8823,31.2874,9.4747
MED00115,2026-09-07,2,2.2425,1.9917,2.068,2.0,2.0897,0.0,9.9428,4.1171
MED00116,2026-09-07,2,6.9754,8.5165,9.0612,10.0,8.1547,0.0,22.5108,7.5265
MED00117,2026-09-07,2,2.0086,1.573,0.8926,0.875,1.565,0.0,8.5775,3.6764
MED00118,2026-09-07,2,1.734,0.6495,1.8441,1.75,1.2532,0.0,7.7145,3.3875
MED00119,2026-09-07,2,2.1681,1.9353,0.7762,0.75,1.7595,0.0,9.0947,3.8456
MED00120,2026-09-07,2,11.5676,14.4671,3.47,3.5,11.1761,0.7195,27.8508,8.7421
MED00121,2026-09-07,2,4.1246,4.8677,3.5792,3.375,4.3574,0.0,15.1125,5.6386
MED00122,2026-09-07,2,2.5406,1.8342,5.8395,5.625,2.9291,0.0,11.9656,4.7376
MED00123,2026-09-07,2,0.8636,0.9459,0.4823,0.5,0.8202,0.0,6.427,2.9395
MED00124,2026-09-07,2,8.9749,9.2587,8.6935,8.0,9.0553,0.0,24.1399,7.9084
MED00125,2026-09-07,2,0.2253,0.1743,0.4028,0.375,0.2402,0.0,4.4387,2.2011
MED00126,2026-09-07,2,0.8224,1.0912,0.0,0.0,0.7703,0.0,6.2703,2.8835
MED00127,2026-09-07,2,2.2193,1.7073,0.9932,1.125,1.7163,0.0,8.9812,3.8088
MED00128,2026-09-07,2,2.2888,2.2926,1.0132,1.0,2.0161,0.0,9.7566,4.0581
MED00129,2026-09-07,2,2.0393,1.4607,0.3805,0.375,1.4112,0.0,8.1573,3.5368
MED00130,2026-09-07,2,0.1471,0.2393,0.0,0.0,0.1584,0.0,4.1179,2.0759
MED00131,2026-09-07,2,2.2443,3.3523,2.1383,2.375,2.741,0.0,11.5262,4.6058
MED00132,2026-09-07,2,0.3432,0.5197,0.0,0.0,0.3515,0.0,4.8546,2.3608
MED00133,2026-09-07,2,0.4392,0.3866,0.7073,0.75,0.4733,0.0,5.2875,2.524
MED00134,2026-09-07,2,0.7244,0.3395,0.0,0.0,0.3882,0.0,4.9872,2.4111
MED00135,2026-09-07,2,12.8683,12.8846,6.6316,6.875,11.5354,0.9192,28.4648,8.8756
MED00136,2026-09-07,2,1.795,2.3083,2.6097,2.5,2.2133,0.0,10.2515,4.2142
MED00137,2026-09-07,2,2.4733,2.325,2.0689,2.0,2.3188,0.0,10.5117,4.2953
MED00138,2026-09-07,2,2.262,2.4411,2.0071,2.0,2.2926,0.0,10.4474,4.2753
MED00139,2026-09-07,2,3.5642,4.5508,1.3126,1.25,3.5399,0.0,13.3483,5.1422
MED00140,2026-09-07,2,1.9125,1.1202,0.8938,0.875,1.3233,0.0,7.9127,3.4546
MED00141,2026-09-07,2,6.0446,6.8499,4.8645,6.125,6.1706,0.0,18.7742,6.6077
MED00142,2026-09-07,2,0.4383,0.5092,0.3438,0.375,0.4514,0.0,5.2111,2.4954
MED00143,2026-09-07,2,1.9841,1.226,1.7867,1.75,1.5892,0.0,8.6427,3.6979
MED00144,2026-09-07,2,7.6034,7.662,5.6357,5.375,7.2113,0.0,20.7625,7.1045
MED00145,2026-09-07,2,0.6846,0.7481,1.2087,1.125,0.8287,0.0,6.4536,2.949
MED00146,2026-09-07,2,1.7169,1.5758,2.4115,2.375,1.8034,0.0,9.2097,3.8829
MED00147,2026-09-07,2,1.9333,1.3141,1.8546,2.0,1.629,0.0,8.7493,3.733
MED00148,2026-09-07,2,7.2185,5.2646,6.5318,7.375,6.1643,0.0,18.7618,6.6045
MED00149,2026-09-07,2,4.9546,3.7273,6.122,5.75,4.6397,0.0,15.7029,5.8001
MED00150,2026-09-07,2,2.3363,1.3345,1.8002,2.0,1.7545,0.0,9.0816,3.8414
MED00151,2026-09-07,2,2.3074,1.9298,1.5622,1.5,1.9717,0.0,9.6436,4.0222
MED00152,2026-09-07,2,2.4761,1.8777,2.2539,2.125,2.1509,0.0,10.0961,4.1654
MED00153,2026-09-07,2,2.4534,2.6183,0.9097,0.875,2.1979,0.0,10.2132,4.2022
MED00154,2026-09-07,2,14.4945,15.936,17.4911,18.5,15.8324,3.4654,35.5537,10.3393
MED00155,2026-09-07,2,2.1774,3.3165,2.834,2.625,2.854,0.0,11.791,4.6854
MED00156,2026-09-07,2,3.0037,2.8508,4.6254,5.0,3.2872,0.0,12.7839,4.9788
MED00157,2026-09-07,2,5.8268,5.2074,6.3514,6.0,5.6572,0.0,17.766,6.3483
MED00158,2026-09-07,2,0.3095,0.2413,0.1229,0.125,0.2375,0.0,4.4282,2.1971
MED00159,2026-09-07,2,10.9423,10.4823,8.8692,8.75,10.2886,0.2373,26.317,8.4032
MED00160,2026-09-07,2,4.6475,5.2081,4.4257,4.0,4.8658,0.0,16.1697,5.9263
MED00161,2026-09-07,2,7.9428,6.7652,6.4588,6.375,7.0788,0.0,20.5129,7.0431
MED00162,2026-09-07,2,2.3856,3.0794,0.9397,0.875,2.3982,0.0,10.7059,4.3554
MED00163,2026-09-07,2,0.3474,0.3053,0.2667,0.25,0.3106,0.0,4.7041,2.3034
MED00164,2026-09-07,2,2.1991,2.7149,1.0844,1.25,2.2003,0.0,10.2192,4.2041
MED00165,2026-09-07,2,11.565,10.1178,14.6094,13.5,11.5614,0.9337,28.5089,8.8851
MED00166,2026-09-07,2,2.3361,2.8399,1.183,1.125,2.3235,0.0,10.5233,4.2989
MED00167,2026-09-07,2,1.87,1.1831,3.8878,3.75,1.989,0.0,9.6877,4.0362
MED00168,2026-09-07,2,2.1936,1.1557,1.5786,1.625,1.5776,0.0,8.6115,3.6877
MED00169,2026-09-07,2,1.9609,1.1856,1.3627,1.375,1.471,0.0,8.322,3.5918
MED00170,2026-09-07,2,1.9917,1.4522,2.1028,2.0,1.7659,0.0,9.1115,3.8511
MED00171,2026-09-07,2,2.4598,1.8222,2.2239,2.125,2.1133,0.0,10.0021,4.1358
MED00172,2026-09-07,2,2.8259,1.8235,3.4797,3.75,2.5025,0.0,10.9582,4.4331
MED00173,2026-09-07,2,2.3818,2.2332,2.8399,2.875,2.4142,0.0,10.7447,4.3674
MED00174,2026-09-07,2,6.817,6.8632,4.8749,5.375,6.4239,0.0,19.2646,6.732
MED00175,2026-09-07,2,1.2866,1.0578,0.4456,0.5,0.9985,0.0,6.9722,3.1318
MED00176,2026-09-07,2,13.7373,17.0903,11.9078,11.75,14.9199,2.9033,34.0823,10.0463
MED00177,2026-09-07,2,0.2527,0.5631,0.1228,0.125,0.3697,0.0,4.9206,2.3859
MED00178,2026-09-07,2,1.9797,1.4287,2.4863,2.75,1.8343,0.0,9.29,3.9088
MED00179,2026-09-07,2,0.6326,0.3256,0.5964,0.625,0.482,0.0,5.3179,2.5353
MED00180,2026-09-07,2,2.2563,2.4902,0.262,0.25,1.9351,0.0,9.55,3.9923
MED00181,2026-09-07,2,3.5962,3.3206,3.9591,3.625,3.5498,0.0,13.3702,5.1485
MED00182,2026-09-07,2,0.3244,0.5538,0.0,0.0,0.3614,0.0,4.8907,2.3745
MED00183,2026-09-07,2,17.8582,26.0655,13.9157,15.0,20.8533,6.7126,43.4031,11.8222
MED00184,2026-09-07,2,8.0167,11.7536,5.3636,4.75,9.1941,0.0,24.3878,7.9656
MED00185,2026-09-07,2,2.8798,1.5866,3.3965,4.125,2.3909,0.0,10.688,4.3499
MED00186,2026-09-07,2,2.0739,1.602,1.8329,1.75,1.8033,0.0,9.2093,3.8828
MED00187,2026-09-07,2,2.7506,2.9033,1.4874,1.625,2.5506,0.0,11.0737,4.4684
MED00188,2026-09-07,2,3.9159,3.8219,6.2249,5.625,4.377,0.0,15.1537,5.6499
MED00189,2026-09-07,2,0.1701,0.264,0.0,0.0,0.1772,0.0,4.193,2.1054
MED00190,2026-09-07,2,2.3139,2.8508,3.4196,3.25,2.8069,0.0,11.6809,4.6524
MED00191,2026-09-07,2,12.6812,11.3157,14.0547,13.0,12.3543,1.3828,29.8501,9.1725
MED00192,2026-09-07,2,0.1389,0.1875,0.2696,0.25,0.1901,0.0,4.244,2.1253
MED00193,2026-09-07,2,0.0845,0.1471,0.0,0.0,0.0955,0.0,3.8612,1.9742
MED00194,2026-09-07,2,9.0185,8.8621,12.8972,11.75,9.7962,0.0,25.4546,8.2092
MED00195,2026-09-07,2,8.9227,6.9834,10.2734,9.375,8.3191,0.0,22.8108,7.5976
MED00196,2026-09-07,2,8.967,8.2877,6.3279,5.625,8.086,0.0,22.3851,7.4966
MED00197,2026-09-07,2,9.371,7.6416,12.7543,11.625,9.3069,0.0,24.5888,8.0118
MED00198,2026-09-07,2,1.8058,1.3797,2.4475,2.375,1.7479,0.0,9.0642,3.8358
MED00199,2026-09-07,2,2.0824,1.347,1.2482,1.375,1.5601,0.0,8.5641,3.672
MED00200,2026-09-07,2,1.9645,1.2462,1.613,1.625,1.5548,0.0,8.5498,3.6673
MED00201,2026-09-07,2,9.9615,9.4375,8.1434,8.375,9.3322,0.0,24.6338,8.0222
MED00202,2026-09-07,2,1.9859,1.9997,0.3894,0.375,1.6479,0.0,8.7997,3.7495
MED00203,2026-09-07,2,3.0142,2.8472,2.8242,3.25,2.898,0.0,11.8935,4.716
MED00204,2026-09-07,2,2.3335,2.4729,0.7752,0.75,2.0628,0.0,9.8749,4.0957
MED00205,2026-09-07,2,12.2998,15.7155,9.8194,9.75,13.369,1.9727,31.5423,9.5277
MED00206,2026-09-07,2,1.3748,1.1851,1.3848,1.5,1.2897,0.0,7.8181,3.4226
MED00207,2026-09-07,2,2.04,1.4816,2.7842,2.75,1.9428,0.0,9.5697,3.9986
MED00208,2026-09-07,2,11.8846,12.0518,11.3988,11.0,11.8691,1.1067,29.0316,8.9978
MED00209,2026-09-07,2,2.6613,1.7692,4.9299,5.125,2.7396,0.0,11.5229,4.6048
MED00210,2026-09-07,2,1.3046,0.572,2.0112,2.25,1.1171,0.0,7.3227,3.2534
MED00211,2026-09-07,2,2.3862,1.9404,2.5523,2.625,2.2164,0.0,10.2593,4.2166
MED00212,2026-09-07,2,2.2585,2.3812,0.2237,0.25,1.8765,0.0,9.3993,3.944
MED00213,2026-09-07,2,1.3971,2.0623,0.0,0.0,1.406,0.0,8.143,3.532
MED00214,2026-09-07,2,11.0068,11.7892,14.2735,13.875,12.092,1.2331,29.4084,9.0785
MED00215,2026-09-07,2,2.4811,2.0593,2.2681,2.25,2.2403,0.0,10.3185,4.2351
MED00216,2026-09-07,2,0.0576,0.1577,0.0,0.0,0.0919,0.0,3.8461,1.9682
MED00217,2026-09-07,2,0.1936,0.2066,0.2683,0.25,0.2161,0.0,4.3455,2.1649
MED00218,2026-09-07,2,5.8088,5.3721,5.9568,5.375,5.6428,0.0,17.7375,6.3409
MED00219,2026-09-07,2,12.9413,9.9909,10.0373,10.5,10.9462,0.5931,27.456,8.6556
MED00220,2026-09-07,2,2.2354,1.7918,3.0062,2.875,2.1977,0.0,10.2128,4.2021
MED00221,2026-09-07,2,3.7462,4.6348,1.8562,2.25,3.7548,0.0,13.8206,5.2772
MED00222,2026-09-07,2,0.4606,0.4617,0.0,0.0,0.3616,0.0,4.8913,2.3748
MED00223,2026-09-07,2,9.4153,11.2733,4.6004,4.25,9.2475,0.0,24.4831,7.9875
MED00224,2026-09-07,2,1.907,1.7184,0.639,0.625,1.5457,0.0,8.5252,3.6592
MED00225,2026-09-07,2,4.8344,4.2107,5.622,5.875,4.7189,0.0,15.8669,5.8446
MED00226,2026-09-07,2,2.8576,2.0039,3.0275,3.625,2.4986,0.0,10.949,4.4302
MED00227,2026-09-07,2,15.1249,14.7143,18.3216,20.25,15.642,3.3473,35.248,10.2788
MED00228,2026-09-07,2,2.0021,1.0066,2.7605,3.0,1.7038,0.0,8.948,3.7979
MED00229,2026-09-07,2,0.6089,0.8185,0.0,0.0,0.5753,0.0,5.6355,2.6529
MED00230,2026-09-07,2,13.0173,18.0279,10.2954,11.25,14.7796,2.8178,33.8547,10.0005
MED00231,2026-09-07,2,1.721,0.6518,1.27,1.25,1.1255,0.0,7.3472,3.2618
MED00232,2026-09-07,2,3.334,3.6598,1.1166,1.125,3.0083,0.0,12.1486,4.792
MED00233,2026-09-07,2,0.4368,0.5224,0.5967,0.625,0.5119,0.0,5.4208,2.5736
MED00234,2026-09-07,2,1.8963,1.2703,2.2075,2.125,1.6734,0.0,8.8675,3.7717
MED00235,2026-09-07,2,73.6548,74.9744,67.215,61.625,72.9473,46.7215,114.7686,21.9257
MED00236,2026-09-07,2,2.3648,2.4868,1.9107,1.875,2.3256,0.0,10.5285,4.3005
MED00237,2026-09-07,2,5.999,5.6115,6.048,6.625,5.8346,0.0,18.1167,6.4391
MED00238,2026-09-07,2,2.2306,1.3383,1.6496,1.625,1.69,0.0,8.9117,3.7861
MED00239,2026-09-07,2,4.0881,3.9718,4.5526,4.5,4.1387,0.0,14.6488,5.5101
MED00240,2026-09-07,2,5.4245,5.8622,5.2336,6.125,5.5929,0.0,17.6383,6.3151
MED00241,2026-09-07,2,2.843,3.431,2.5264,2.375,3.0517,0.0,12.2484,4.8215
MED00242,2026-09-07,2,10.9087,12.5794,9.7596,8.75,11.4505,0.8718,28.32,8.8442
MED00243,2026-09-07,2,0.1128,0.1216,0.1354,0.125,0.1219,0.0,3.9703,2.0176
MED00244,2026-09-07,2,2.2729,2.0173,2.2435,2.125,2.1494,0.0,10.0924,4.1643
MED00245,2026-09-07,2,78.4727,65.0347,88.4671,79.25,74.4444,47.9527,116.6899,22.148
MED00246,2026-09-07,2,6.5661,6.3064,6.7449,6.75,6.4902,0.0,19.3921,6.7641
MED00247,2026-09-07,2,12.0214,12.6861,12.9909,12.375,12.5542,1.4978,30.1856,9.2436
MED00248,2026-09-07,2,2.2744,2.1723,2.2053,2.5,2.214,0.0,10.2532,4.2147
MED00249,2026-09-07,2,22.7037,24.4322,31.5175,34.25,25.4462,9.8587,50.3032,13.0317
MED00250,2026-09-07,2,16.395,11.0195,13.4762,16.125,13.2677,1.9131,31.3744,9.4928
MED00251,2026-09-07,2,1.9033,1.3173,3.0197,2.875,1.8738,0.0,9.3924,3.9418
MED00252,2026-09-07,2,0.4694,0.1429,0.6997,0.75,0.3674,0.0,4.9122,2.3827
MED00253,2026-09-07,2,4.4782,4.2085,4.336,4.0,4.3259,0.0,15.046,5.6202
MED00254,2026-09-07,2,0.4167,0.1289,0.9325,1.0,0.3946,0.0,5.0103,2.4199
MED00255,2026-09-07,2,6.8642,6.4501,6.1659,6.625,6.5261,0.0,19.4612,6.7815
MED00256,2026-09-07,2,2.3603,1.9846,1.3075,1.25,1.9587,0.0,9.6105,4.0116
MED00257,2026-09-07,2,5.8114,6.0603,6.4891,7.5,6.0805,0.0,18.5986,6.5629
MED00258,2026-09-07,2,2.2503,2.3292,3.8704,3.875,2.641,0.0,11.2895,4.5342
MED00259,2026-09-07,2,2.3774,2.1234,3.2252,3.125,2.4451,0.0,10.8197,4.3906
MED00260,2026-09-07,2,0.584,0.4434,1.1038,1.125,0.6317,0.0,5.8231,2.7217
MED00261,2026-09-07,2,0.783,0.8104,0.1232,0.125,0.6534,0.0,5.8942,2.7476
MED00262,2026-09-07,2,4.0607,3.3054,4.3019,5.0,3.7644,0.0,13.8415,5.2832
MED00263,2026-09-07,2,3.4317,3.7619,5.6845,5.375,4.0782,0.0,14.5195,5.4741
MED00264,2026-09-07,2,0.3819,0.1225,0.0,0.0,0.1783,0.0,4.1972,2.107
MED00265,2026-09-07,2,7.7987,6.6577,10.9048,10.375,7.9477,0.0,22.131,7.4359
MED00266,2026-09-07,2,13.8496,12.166,5.7511,6.25,11.3198,0.7991,28.0969,8.7957
MED00267,2026-09-07,2,5.5784,6.5694,3.8673,3.875,5.6754,0.0,17.8022,6.3577
MED00268,2026-09-07,2,2.2928,2.3521,3.7275,3.625,2.6341,0.0,11.2732,4.5292
MED00269,2026-09-07,2,2.3993,2.0185,2.2726,2.125,2.1964,0.0,10.2096,4.2011
MED00270,2026-09-07,2,2.5358,2.2786,5.1686,4.875,2.9895,0.0,12.1053,4.7791
MED00271,2026-09-07,2,2.7073,2.5924,3.9653,4.25,2.9293,0.0,11.9661,4.7377
MED00272,2026-09-07,2,4.6984,5.2795,4.5082,4.875,4.9332,0.0,16.3078,5.9634
MED00273,2026-09-07,2,3.9419,3.0655,2.529,2.625,3.23,0.0,12.6545,4.941
MED00274,2026-09-07,2,0.4169,0.2998,0.3626,0.375,0.3509,0.0,4.8522,2.3599
MED00275,2026-09-07,2,13.8207,9.5143,12.9091,14.25,11.6256,0.9697,28.6183,8.9088
MED00276,2026-09-07,2,2.0387,1.7791,2.3931,2.25,1.9964,0.0,9.7067,4.0423
MED00277,2026-09-07,2,0.1701,0.2164,0.0,0.0,0.155,0.0,4.1042,2.0705
MED00278,2026-09-07,2,9.5319,8.9834,11.8074,11.25,9.7791,0.0,25.4245,8.2024
MED00279,2026-09-07,2,22.317,20.9711,23.6429,22.25,21.9985,7.4835,45.1451,12.1351
MED00280,2026-09-07,2,0.1805,0.1985,0.2746,0.25,0.2095,0.0,4.3198,2.1549
MED00281,2026-09-07,2,15.7937,12.1114,15.7964,15.875,14.0905,2.4015,32.7304,9.7724
MED00282,2026-09-07,2,3.9169,3.0766,2.9362,3.25,3.3156,0.0,12.8478,4.9974
MED00283,2026-09-07,2,2.3561,2.1793,3.4637,3.625,2.5162,0.0,10.9913,4.4432
MED00284,2026-09-07,2,1.7218,1.1364,0.542,0.625,1.1941,0.0,7.5457,3.3299
MED00285,2026-09-07,2,6.7637,6.0192,7.9946,7.375,6.6899,0.0,19.7748,6.86
MED00286,2026-09-07,2,5.4391,3.8708,6.4178,7.0,4.9245,0.0,16.29,5.9586
MED00287,2026-09-07,2,3.6152,4.074,3.7468,3.625,3.8616,0.0,14.0531,5.3431
MED00288,2026-09-07,2,37.8526,38.6628,35.0943,38.625,37.6703,18.7641,67.8192,15.8062
MED00289,2026-09-07,2,6.4253,4.7845,7.2262,8.75,5.8393,0.0,18.1258,6.4415
MED00290,2026-09-07,2,1.8868,1.0896,1.1399,1.125,1.3543,0.0,7.9995,3.4839
MED00291,2026-09-07,2,9.8127,19.425,2.7787,3.0,12.7851,1.6313,30.5716,9.325
MED00292,2026-09-07,2,1.8289,1.9712,1.1149,1.25,1.7423,0.0,9.0495,3.831
MED00293,2026-09-07,2,6.373,3.1232,9.0999,9.875,5.4535,0.0,17.3603,6.2424
MED00294,2026-09-07,2,1.125,0.7712,0.8607,1.0,0.9035,0.0,6.6848,3.0309
MED00295,2026-09-07,2,0.3287,0.229,0.0,0.0,0.2112,0.0,4.3265,2.1575
MED00296,2026-09-07,2,4.8677,3.9657,4.4537,4.5,4.3615,0.0,15.1211,5.6409
MED00297,2026-09-07,2,7.5628,6.145,6.7493,6.625,6.7317,0.0,19.8546,6.88
MED00298,2026-09-07,2,2.3153,1.7249,4.006,4.0,2.4088,0.0,10.7315,4.3634
MED00299,2026-09-07,2,0.3811,0.3935,0.2527,0.25,0.3594,0.0,4.8834,2.3718
MED00300,2026-09-07,2,2.0596,1.9253,0.2559,0.25,1.6075,0.0,8.6918,3.7141
MED00301,2026-09-07,2,6.4955,7.1869,5.6889,5.625,6.6499,0.0,19.6984,6.8409
MED00302,2026-09-07,2,9.4953,9.2522,4.5583,4.375,8.32,0.0,22.8125,7.598
MED00303,2026-09-07,2,3.0757,2.2684,3.3267,3.625,2.7562,0.0,11.562,4.6166
MED00304,2026-09-07,2,5.1717,5.6989,3.8766,4.625,5.142,0.0,16.7332,6.0769
MED00305,2026-09-07,2,2.017,2.0126,1.1777,1.125,1.8348,0.0,9.2913,3.9092
MED00306,2026-09-07,2,0.4278,0.2588,0.0,0.0,0.2565,0.0,4.5008,2.2252
MED00307,2026-09-07,2,33.2781,23.8112,36.1434,36.375,29.5121,12.7477,56.2457,14.0157
MED00308,2026-09-07,2,0.737,0.5991,0.479,0.5,0.6173,0.0,5.7756,2.7043
MED00309,2026-09-07,2,4.0693,4.0112,1.91,2.25,3.5777,0.0,13.4318,5.1662
MED00310,2026-09-07,2,3.9078,3.7637,2.8614,3.25,3.6173,0.0,13.5193,5.1913
MED00311,2026-09-07,2,4.1076,3.9096,4.0953,4.375,4.0166,0.0,14.3875,5.4371
MED00312,2026-09-07,2,0.3709,0.2456,0.3571,0.375,0.3097,0.0,4.701,2.3022
MED00313,2026-09-07,2,0.5706,0.2407,1.7897,1.75,0.6816,0.0,5.9862,2.781
MED00314,2026-09-07,2,9.1596,9.6009,8.5434,8.75,9.2411,0.0,24.4716,7.9849
MED00315,2026-09-07,2,10.2668,10.7841,11.7491,11.25,10.8403,0.5352,27.2735,8.6154
MED00316,2026-09-07,2,3.206,2.838,2.6886,2.625,2.9251,0.0,11.9563,4.7348
MED00317,2026-09-07,2,2.3669,1.8639,2.9214,2.875,2.2547,0.0,10.3539,4.2462
MED00318,2026-09-07,2,3.1548,2.8167,4.1503,5.0,3.2161,0.0,12.6231,4.9318
MED00319,2026-09-07,2,11.818,12.1513,12.0896,11.0,12.0444,1.206,29.3281,9.0613
MED00320,2026-09-07,2,6.3741,5.4466,3.3072,3.75,5.2818,0.0,17.0157,6.1517
MED00321,2026-09-07,2,0.7366,1.0605,3.8297,3.75,1.5598,0.0,8.5635,3.6718
MED00322,2026-09-07,2,0.1466,0.2192,0.0,0.0,0.1488,0.0,4.0795,2.0608
MED00323,2026-09-07,2,0.9676,0.5773,2.3633,2.5,1.0892,0.0,7.2409,3.2252
MED00324,2026-09-07,2,1.4929,1.1342,1.8235,2.0,1.3986,0.0,8.1226,3.5252
MED00325,2026-09-07,2,8.4203,8.5396,6.0148,5.75,7.9625,0.0,22.1582,7.4424
MED00326,2026-09-07,2,10.0841,11.6029,8.9618,8.5,10.5599,0.383,26.7887,8.5083
MED00327,2026-09-07,2,3.4389,4.2441,2.3751,2.25,3.5875,0.0,13.4535,5.1724
MED00328,2026-09-07,2,4.8956,4.4302,5.6093,5.625,4.838,0.0,16.1126,5.9109
MED00329,2026-09-07,2,11.645,12.3067,12.4403,11.625,12.1382,1.2594,29.4864,9.0951
MED00330,2026-09-07,2,5.2507,4.0788,6.1408,6.125,4.9018,0.0,16.2435,5.9461
MED00331,2026-09-07,2,1.9633,1.3123,2.541,2.375,1.7866,0.0,9.1658,3.8687
MED00332,2026-09-07,2,3.2557,3.6557,3.0954,2.875,3.411,0.0,13.0616,5.0595
MED00333,2026-09-07,2,3.3426,2.8409,6.2872,6.25,3.7506,0.0,13.8115,5.2746
MED00334,2026-09-07,2,10.0052,12.9346,4.0407,4.375,10.0889,0.1311,25.9684,8.3251
MED00335,2026-09-07,2,6.7129,6.0564,6.575,6.5,6.3831,0.0,19.1858,6.7121
MED00336,2026-09-07,2,11.0863,10.528,12.4008,11.25,11.1219,0.6897,27.758,8.7218
MED00337,2026-09-07,2,73.9309,59.7109,62.4448,60.25,64.8716,40.1296,104.3268,20.6852
MED00338,2026-09-07,2,8.5911,13.8272,1.2377,1.25,9.4493,0.0,24.8417,8.0698
MED00339,2026-09-07,2,1.7731,1.9253,0.3242,0.375,1.5316,0.0,8.487,3.6465
MED00340,2026-09-07,2,1.9083,2.4591,0.232,0.25,1.8037,0.0,9.2104,3.8831
MED00341,2026-09-07,2,6.5673,6.7441,7.9418,8.375,6.9547,0.0,20.2784,6.9852
MED00342,2026-09-07,2,2.2819,1.9366,1.4654,1.375,1.9458,0.0,9.5774,4.001
MED00343,2026-09-07,2,10.9299,9.6113,11.9295,11.625,10.542,0.3733,26.7576,8.5014
MED00344,2026-09-07,2,5.0967,5.3119,5.2534,5.625,5.2363,0.0,16.9239,6.1275
MED00345,2026-09-07,2,0.1537,0.1517,0.0,0.0,0.1196,0.0,3.9607,2.0138
MED00346,2026-09-07,2,3.6751,4.0127,2.1149,2.0,3.4979,0.0,13.2551,5.1154
MED00347,2026-09-07,2,0.13,0.2039,0.0,0.0,0.1364,0.0,4.0293,2.041
MED00348,2026-09-07,2,1.927,1.2364,1.4369,1.375,1.5001,0.0,8.4015,3.6182
MED00349,2026-09-07,2,2.5439,2.2886,2.0408,2.0,2.3181,0.0,10.5099,4.2948
MED00350,2026-09-07,2,1.1564,1.955,2.5624,2.5,1.8356,0.0,9.2934,3.9099
MED00351,2026-09-07,2,0.7267,0.6501,0.0,0.0,0.5339,0.0,5.4959,2.6014
MED00352,2026-09-07,2,0.2262,0.3248,0.0,0.0,0.2234,0.0,4.3739,2.176
MED00353,2026-09-07,2,0.9553,0.3543,0.0,0.0,0.4683,0.0,5.2702,2.5175
MED00354,2026-09-07,2,0.8567,1.1731,1.2703,1.25,1.0951,0.0,7.2583,3.2312
MED00355,2026-09-07,2,12.8758,10.6788,10.5989,11.5,11.3686,0.8262,28.1803,8.8138
MED00356,2026-09-07,2,2.1026,1.849,2.0223,1.875,1.9688,0.0,9.6364,4.0199
MED00357,2026-09-07,2,0.1804,0.1354,0.2729,0.25,0.1797,0.0,4.2027,2.1092
MED00358,2026-09-07,2,5.8679,7.2996,3.0689,3.375,5.935,0.0,18.314,6.4899
MED00359,2026-09-07,2,2.3423,2.1288,1.5869,1.5,2.081,0.0,9.9208,4.1102
MED00360,2026-09-07,2,2.9627,1.8783,3.6297,3.875,2.604,0.0,11.2015,4.5074
MED00361,2026-09-07,2,2.3676,2.128,5.0296,4.875,2.8357,0.0,11.7483,4.6726
MED00362,2026-09-07,2,2.5558,2.1837,4.8605,4.875,2.8847,0.0,11.8625,4.7068
MED00363,2026-09-07,2,1.8224,1.3377,2.5549,2.5,1.7568,0.0,9.0877,3.8434
MED00364,2026-09-07,2,0.128,0.2525,0.0,0.0,0.1585,0.0,4.1185,2.0761
MED00365,2026-09-07,2,2.4218,1.9546,2.2166,2.125,2.1615,0.0,10.1226,4.1738
MED00366,2026-09-07,2,10.4795,10.8894,11.9775,11.25,11.0065,0.6261,27.5597,8.6783
MED00367,2026-09-07,2,2.419,2.4502,1.644,1.625,2.2678,0.0,10.3863,4.2563
MED00368,2026-09-07,2,3.2226,2.8889,5.3249,5.0,3.5262,0.0,13.3178,5.1335
MED00369,2026-09-07,2,5.4222,4.762,4.5292,5.0,4.9255,0.0,16.2921,5.9592
MED00370,2026-09-07,2,0.4282,0.1706,0.0,0.0,0.2154,0.0,4.3429,2.1639
MED00371,2026-09-07,2,16.1245,11.665,13.6043,14.0,13.5112,2.0566,31.7773,9.5764
MED00372,2026-09-07,2,0.1936,0.1125,0.1352,0.125,0.1432,0.0,4.057,2.0519
MED00373,2026-09-07,2,0.6382,0.5858,0.9329,0.875,0.6783,0.0,5.9754,2.7771
MED00374,2026-09-07,2,2.152,1.7855,2.6087,2.75,2.0821,0.0,9.9236,4.1111
MED00375,2026-09-07,2,16.1976,17.1264,13.5186,13.5,16.0662,3.611,35.9282,10.413
MED00376,2026-09-07,2,2.2721,1.6219,2.0725,2.0,1.9274,0.0,9.5303,3.986
MED00377,2026-09-07,2,0.5326,0.7219,0.8629,0.875,0.6932,0.0,6.0237,2.7946
MED00378,2026-09-07,2,2.5314,2.8294,2.3207,2.125,2.6274,0.0,11.2571,4.5243
MED00379,2026-09-07,2,0.6633,0.7726,2.5538,2.5,1.1252,0.0,7.3464,3.2616
MED00380,2026-09-07,2,0.7178,0.296,0.0,0.0,0.3658,0.0,4.9064,2.3805
MED00381,2026-09-07,2,1.3617,2.3323,1.2946,1.25,1.8018,0.0,9.2054,3.8815
MED00382,2026-09-07,2,2.4837,2.4657,3.5451,3.75,2.7081,0.0,11.4486,4.5824
MED00383,2026-09-07,2,7.9197,9.9267,6.4272,5.75,8.541,0.0,23.2139,7.6926
MED00384,2026-09-07,2,2.2084,2.0021,2.3239,2.125,2.1393,0.0,10.0672,4.1564
MED00385,2026-09-07,2,19.61,20.8755,19.4375,20.25,20.1832,6.2661,42.3763,11.6352
MED00386,2026-09-07,2,15.2088,13.5363,13.6988,14.125,14.1153,2.4164,32.7711,9.7807
MED00387,2026-09-07,2,21.4863,20.5762,23.3216,22.5,21.481,7.1339,44.3599,11.9947
MED00388,2026-09-07,2,58.0966,111.7113,83.6274,84.125,88.7329,59.826,134.83,24.1673
MED00389,2026-09-07,2,13.889,11.0743,9.4179,11.25,11.6182,0.9655,28.6057,8.906
MED00390,2026-09-07,2,26.6807,24.0557,29.4077,34.25,26.0733,10.2985,51.2288,13.1883
MED00391,2026-09-07,2,23.6935,18.8931,22.3744,24.875,21.1892,6.9376,43.9156,11.9148
MED00392,2026-09-07,2,22.4738,18.6,21.105,22.625,20.3902,6.4036,42.6941,11.6933
MED00393,2026-09-07,2,13.995,14.7074,9.5717,10.125,13.3818,1.9803,31.5635,9.5321
MED00394,2026-09-07,2,15.5796,16.1855,14.7892,16.25,15.7066,3.3873,35.3518,10.2994
MED00395,2026-09-07,2,19.5034,19.7715,17.0891,18.375,19.1242,5.5681,40.7417,11.3334
MED00396,2026-09-07,2,58.8292,54.0209,53.8153,46.75,55.5545,32.6434,92.09,19.1545
MED00397,2026-09-07,2,54.739,53.7633,49.6942,48.125,53.2434,30.8096,89.0178,18.7555
MED00398,2026-09-07,2,113.6732,115.6126,119.9349,128.0,116.0513,83.0145,168.7341,27.62
MED00399,2026-09-07,2,97.9751,121.7048,109.3481,115.75,111.6228,79.2197,163.295,27.0902
MED00400,2026-09-07,2,76.2043,70.3815,68.4589,69.875,71.8805,45.8459,113.3971,21.7659
MED00401,2026-09-07,2,23.527,16.9066,15.8677,20.875,18.7968,5.3542,40.2332,11.2385
MED00402,2026-09-07,2,28.2552,23.3574,24.2107,29.875,25.1185,9.6298,49.818,12.9492
MED00403,2026-09-07,2,12.6789,14.2917,8.7874,9.125,12.6003,1.5244,30.2627,9.2599
MED00404,2026-09-07,2,6.2815,5.1978,6.29,6.125,5.7836,0.0,18.016,6.4131
MED00405,2026-09-07,2,8.693,9.2538,7.3682,7.375,8.6761,0.0,23.4584,7.7499
MED00406,2026-09-07,2,23.7095,23.945,25.897,26.75,24.3179,9.073,48.6283,12.7452
MED00407,2026-09-07,2,27.9283,25.6954,25.9033,30.5,26.474,10.5808,51.8185,13.2873
MED00408,2026-09-07,2,11.8207,8.476,9.4564,11.25,9.7575,0.0,25.3865,8.1938
MED00409,2026-09-07,2,14.2243,12.8853,9.8172,10.875,12.6569,1.5571,30.3575,9.2799
MED00410,2026-09-07,2,13.6127,10.3892,12.0882,14.0,11.7901,1.0621,28.8977,8.969
MED00411,2026-09-07,2,21.8062,23.2275,24.3778,26.125,23.0498,8.1995,46.731,12.4153
MED00412,2026-09-07,2,13.6504,13.3684,12.4013,14.0,13.2613,1.9094,31.3639,9.4906
MED00413,2026-09-07,2,14.5433,14.2024,12.1812,12.875,13.8861,2.2793,32.395,9.7037
MED00414,2026-09-07,2,22.3876,21.4375,21.5972,24.125,21.7948,7.3456,44.8363,12.08
MED00415,2026-09-07,2,14.1342,12.5978,13.6428,15.75,13.3242,1.9463,31.4681,9.5123
MED00416,2026-09-07,2,21.8394,24.0771,21.9356,23.75,22.9271,8.1156,46.5465,12.383
MED00417,2026-09-07,2,8.6002,8.8758,7.4226,7.5,8.4819,0.0,23.1069,7.6674
MED00418,2026-09-07,2,8.7414,6.4967,8.4002,9.375,7.6278,0.0,21.5401,7.2938
MED00419,2026-09-07,2,10.4767,9.0224,9.9883,10.125,9.702,0.0,25.2887,8.1716
MED00420,2026-09-07,2,30.2732,26.9899,25.3631,30.625,27.7046,11.4529,53.6208,13.5871
MED00421,2026-09-07,2,31.3327,21.8038,27.4143,34.125,26.0638,10.2918,51.2147,13.1859
MED00422,2026-09-07,2,22.229,20.1441,22.1435,23.375,21.259,6.9846,44.0221,11.934
MED00423,2026-09-07,2,14.3676,13.9086,10.7472,11.25,13.382,1.9804,31.5638,9.5322
MED00424,2026-09-07,2,61.2649,91.1669,101.9774,118.875,84.125,55.9743,129.016,23.535
MED00001,2026-09-14,3,15.2096,10.1153,12.1986,15.125,12.1924,1.2902,29.5776,9.1146
MED00002,2026-09-14,3,0.1,0.1244,0.1361,0.125,0.1193,0.0,3.9596,2.0134
MED00003,2026-09-14,3,0.3087,0.6133,0.0,0.0,0.3843,0.0,4.9731,2.4058
MED00004,2026-09-14,3,0.7995,0.5648,1.798,1.75,0.9074,0.0,6.6965,3.0351
MED00005,2026-09-14,3,2.5043,3.5814,1.9416,1.875,2.8877,0.0,11.8695,4.7089
MED00006,2026-09-14,3,1.7763,1.0769,0.2682,0.25,1.1242,0.0,7.3434,3.2605
MED00007,2026-09-14,3,3.4898,3.1165,2.9586,2.75,3.2037,0.0,12.595,4.9236
MED00008,2026-09-14,3,0.6627,0.515,1.4429,1.375,0.7637,0.0,6.2493,2.876
MED00009,2026-09-14,3,3.6775,4.2527,3.606,3.875,3.9343,0.0,14.2103,5.3874
MED00010,2026-09-14,3,4.6963,3.9574,4.415,4.125,4.2949,0.0,14.9805,5.6021
MED00011,2026-09-14,3,24.0958,15.803,23.4994,24.875,20.1177,6.2227,42.2757,11.6168
MED00012,2026-09-14,3,2.4253,3.504,0.3882,0.375,2.4895,0.0,10.9268,4.4235
MED00013,2026-09-14,3,4.8589,4.5831,6.7455,6.375,5.1443,0.0,16.7379,6.0782
MED00014,2026-09-14,3,18.3084,14.5061,28.0441,28.0,18.6637,5.2675,40.0261,11.1997
MED00015,2026-09-14,3,0.5471,0.4214,0.9731,0.875,0.5814,0.0,5.6561,2.6605
MED00016,2026-09-14,3,2.1669,1.8881,4.9394,4.75,2.6405,0.0,11.2884,4.5338
MED00017,2026-09-14,3,1.9798,1.6447,2.4461,2.375,1.9265,0.0,9.5279,3.9852
MED00018,2026-09-14,3,74.0068,67.2401,80.9151,87.75,72.4199,46.2884,114.0908,21.8468
MED00019,2026-09-14,3,48.5321,41.5759,43.3722,49.375,44.2124,23.7501,76.8429,17.1072
MED00020,2026-09-14,3,11.2138,11.1251,15.6083,14.875,12.1372,1.2588,29.4846,9.0947
MED00021,2026-09-14,3,4.7511,5.3502,3.5089,4.5,4.7661,0.0,15.9645,5.871
MED00022,2026-09-14,3,3.2079,2.1191,2.753,3.375,2.6039,0.0,11.2013,4.5073
MED00023,2026-09-14,3,1.457,1.216,0.2229,0.25,1.0781,0.0,7.2084,3.2139
MED00024,2026-09-14,3,3.6975,3.2939,2.3916,2.875,3.2293,0.0,12.6531,4.9406
MED00025,2026-09-14,3,0.1049,0.1332,0.0,0.0,0.0955,0.0,3.8611,1.9742
MED00026,2026-09-14,3,0.3697,0.3876,0.1221,0.125,0.3247,0.0,4.7564,2.3234
MED00027,2026-09-14,3,0.2815,0.148,0.0,0.0,0.1583,0.0,4.1177,2.0758
MED00028,2026-09-14,3,0.5082,0.7472,0.5619,0.5,0.632,0.0,5.8239,2.722
MED00029,2026-09-14,3,16.9945,14.2908,15.8592,17.375,15.5025,3.261,35.0236,10.2343
MED00030,2026-09-14,3,6.1713,3.8423,4.7494,5.5,4.7813,0.0,15.9958,5.8794
MED00031,2026-09-14,3,3.498,4.0323,2.928,3.25,3.6273,0.0,13.5412,5.1976
MED00032,2026-09-14,3,2.8109,2.7472,2.4543,2.75,2.7066,0.0,11.4449,4.5813
MED00033,2026-09-14,3,1.0449,1.7903,1.9461,1.875,1.5896,0.0,8.6437,3.6982
MED00034,2026-09-14,3,20.5453,18.081,23.2739,25.0,20.0071,6.1494,42.1056,11.5856
MED00035,2026-09-14,3,0.4529,0.168,0.3416,0.375,0.2962,0.0,4.6504,2.2828
MED00036,2026-09-14,3,1.7937,1.3526,2.203,2.25,1.6783,0.0,8.8806,3.7759
MED00037,2026-09-14,3,4.6313,3.9091,5.3429,5.5,4.4531,0.0,15.3135,5.6938
MED00038,2026-09-14,3,19.9254,12.927,15.736,20.0,15.768,3.4254,35.4503,10.3189
MED00039,2026-09-14,3,1.0267,1.1626,1.2365,1.25,1.1367,0.0,7.3798,3.2731
MED00040,2026-09-14,3,0.551,0.72,0.9868,1.0,0.7251,0.0,6.1263,2.8317
MED00041,2026-09-14,3,0.3652,0.6148,0.1183,0.125,0.4286,0.0,5.1309,2.4653
MED00042,2026-09-14,3,4.306,3.5164,1.8671,2.0,3.4123,0.0,13.0646,5.0604
MED00043,2026-09-14,3,0.4059,0.432,0.5247,0.5,0.4443,0.0,5.1863,2.4861
MED00044,2026-09-14,3,2.4316,2.6496,1.0262,1.25,2.2309,0.0,10.2951,4.2278
MED00045,2026-09-14,3,1.8184,1.5232,0.1266,0.125,1.3152,0.0,7.8899,3.4469
MED00046,2026-09-14,3,2.8398,2.8901,0.9214,1.125,2.4499,0.0,10.8311,4.3941
MED00047,2026-09-14,3,7.0925,6.519,8.0669,7.375,7.0432,0.0,20.4457,7.0266
MED00048,2026-09-14,3,12.941,13.6132,17.2266,17.75,14.1978,2.466,32.9062,9.8083
MED00049,2026-09-14,3,0.1673,0.152,0.0,0.0,0.124,0.0,3.979,2.021
MED00050,2026-09-14,3,3.3314,3.5863,2.5981,2.625,3.2947,0.0,12.8006,4.9837
MED00051,2026-09-14,3,0.1166,0.1415,0.0,0.0,0.1031,0.0,3.8926,1.9868
MED00052,2026-09-14,3,0.4361,0.586,0.5265,0.5,0.5262,0.0,5.4695,2.5916
MED00053,2026-09-14,3,10.2286,6.5973,8.2558,10.0,8.1149,0.0,22.4379,7.5091
MED00054,2026-09-14,3,10.4577,7.2433,10.1088,11.75,8.8913,0.0,23.8458,7.8402
MED00055,2026-09-14,3,0.9506,0.6268,1.1464,1.25,0.8428,0.0,6.4976,2.9646
MED00056,2026-09-14,3,0.5735,0.3586,0.9066,1.0,0.546,0.0,5.5369,2.6166
MED00057,2026-09-14,3,0.4801,0.3795,0.1152,0.125,0.3544,0.0,4.8652,2.3648
MED00058,2026-09-14,3,1.7944,1.1042,0.1289,0.125,1.1125,0.0,7.3091,3.2487
MED00059,2026-09-14,3,11.091,8.9409,10.5181,11.75,9.9737,0.0702,25.7666,8.2797
MED00060,2026-09-14,3,6.79,6.7187,6.6476,7.625,6.7326,0.0,19.8563,6.8804
MED00061,2026-09-14,3,0.6136,1.028,0.8757,0.75,0.8646,0.0,6.5651,2.9886
MED00062,2026-09-14,3,14.3301,15.4696,13.4189,15.875,14.6789,2.7566,33.6909,9.9675
MED00063,2026-09-14,3,0.1268,0.1479,0.0,0.0,0.1093,0.0,3.9183,1.997
MED00064,2026-09-14,3,23.4228,23.9977,22.5528,25.375,23.5259,8.5263,47.4453,12.5402
MED00065,2026-09-14,3,61.0063,61.2976,53.7056,51.5,59.6191,35.8919,97.4561,19.8368
MED00066,2026-09-14,3,0.4396,0.4216,0.5521,0.5,0.456,0.0,5.2274,2.5015
MED00067,2026-09-14,3,2.154,2.2329,4.0514,3.875,2.6048,0.0,11.2033,4.508
MED00068,2026-09-14,3,4.4431,3.485,5.1735,6.25,4.1586,0.0,14.6913,5.522
MED00069,2026-09-14,3,2.0725,1.7677,0.9917,1.25,1.6977,0.0,8.9319,3.7927
MED00070,2026-09-14,3,15.9673,13.8832,14.6626,15.625,14.7269,2.7857,33.769,9.9832
MED00071,2026-09-14,3,2.5449,2.7118,1.7277,2.125,2.4481,0.0,10.8268,4.3927
MED00072,2026-09-14,3,2.8829,1.734,2.5396,3.125,2.2747,0.0,10.4034,4.2616
MED00073,2026-09-14,3,4.2565,3.9712,4.8845,6.25,4.2638,0.0,14.9147,5.584
MED00074,2026-09-14,3,4.0137,3.0471,4.1695,5.125,3.6001,0.0,13.4813,5.1804
MED00075,2026-09-14,3,4.6913,2.5124,3.8028,4.875,3.4856,0.0,13.2279,5.1076
MED00076,2026-09-14,3,0.2009,0.0963,0.2719,0.25,0.1677,0.0,4.1551,2.0905
MED00077,2026-09-14,3,6.7755,4.2833,5.611,7.25,5.3657,0.0,17.1845,6.1962
MED00078,2026-09-14,3,4.405,4.9471,2.9623,3.125,4.3495,0.0,15.0958,5.634
MED00079,2026-09-14,3,23.0306,30.5012,17.5684,18.0,25.3571,9.7964,50.1713,13.0093
MED00080,2026-09-14,3,4.902,3.3056,4.7203,6.125,4.122,0.0,14.6131,5.5002
MED00081,2026-09-14,3,0.3132,0.4384,0.2697,0.25,0.3626,0.0,4.8947,2.3761
MED00082,2026-09-14,3,3.5764,4.8171,2.3102,2.75,3.8846,0.0,14.1029,5.3571
MED00083,2026-09-14,3,3.9931,3.4133,3.5381,4.375,3.6276,0.0,13.5417,5.1977
MED00084,2026-09-14,3,48.0742,43.4923,41.6597,39.875,44.5906,24.042,77.3588,17.1794
MED00085,2026-09-14,3,2.2139,1.7101,3.4592,3.25,2.2511,0.0,10.3451,4.2434
MED00086,2026-09-14,3,0.419,0.2939,0.0,0.0,0.2701,0.0,4.5523,2.2451
MED00087,2026-09-14,3,1.8947,1.5198,2.0558,2.0,1.7565,0.0,9.0868,3.8431
MED00088,2026-09-14,3,25.0556,32.8232,28.7403,28.0,29.5077,12.7445,56.2394,14.0146
MED00089,2026-09-14,3,16.4575,20.4474,8.3421,8.0,16.5762,3.9307,36.7416,10.5721
MED00090,2026-09-14,3,3.9631,4.618,4.4161,4.875,4.3712,0.0,15.1415,5.6466
MED00091,2026-09-14,3,2.9221,2.4767,2.0789,2.5,2.534,0.0,11.034,4.4563
MED00092,2026-09-14,3,1.5509,1.2871,1.5617,1.5,1.4316,0.0,8.2138,3.5557
MED00093,2026-09-14,3,0.281,0.2207,0.2488,0.25,0.2461,0.0,4.4613,2.2099
MED00094,2026-09-14,3,0.5896,0.4463,0.7458,0.75,0.5572,0.0,5.5746,2.6305
MED00095,2026-09-14,3,3.3909,3.8939,4.0895,3.875,3.7808,0.0,13.8773,5.2933
MED00096,2026-09-14,3,15.9974,11.4584,12.8698,13.75,13.215,1.8822,31.2871,9.4747
MED00097,2026-09-14,3,0.4239,0.5143,0.0,0.0,0.3746,0.0,4.9382,2.3926
MED00098,2026-09-14,3,9.4427,8.4944,9.3409,9.625,8.9872,0.0,24.0179,7.8801
MED00099,2026-09-14,3,0.2971,0.3092,0.0,0.0,0.2386,0.0,4.4324,2.1987
MED00100,2026-09-14,3,0.1725,0.1122,0.1359,0.125,0.1366,0.0,4.03,2.0412
MED00101,2026-09-14,3,5.359,4.0696,7.8637,7.25,5.3058,0.0,17.0639,6.1645
MED00102,2026-09-14,3,4.4458,3.7772,3.3628,3.5,3.903,0.0,14.1427,5.3683
MED00103,2026-09-14,3,3.4099,3.4711,1.0366,1.0,2.9269,0.0,11.9605,4.736
MED00104,2026-09-14,3,8.6073,9.4446,9.4484,8.375,9.1895,0.0,24.3795,7.9637
MED00105,2026-09-14,3,12.036,11.6721,9.7538,9.75,11.3828,0.8341,28.2046,8.8191
MED00106,2026-09-14,3,0.1399,0.2062,0.0,0.0,0.1406,0.0,4.0465,2.0477
MED00107,2026-09-14,3,9.223,9.3282,8.8237,8.25,9.1947,0.0,24.3889,7.9659
MED00108,2026-09-14,3,3.3049,3.6209,4.1059,3.875,3.6296,0.0,13.5463,5.199
MED00109,2026-09-14,3,0.5692,0.6648,0.0,0.0,0.4909,0.0,5.3485,2.5467
MED00110,2026-09-14,3,0.5785,0.2255,0.0,0.0,0.2887,0.0,4.6225,2.2721
MED00111,2026-09-14,3,0.696,0.7453,1.108,1.0,0.8091,0.0,6.3926,2.9272
MED00112,2026-09-14,3,3.2501,2.5973,3.8381,3.75,3.0761,0.0,12.3042,4.838
MED00113,2026-09-14,3,2.0011,1.7905,2.0527,2.0,1.916,0.0,9.501,3.9766
MED00114,2026-09-14,3,14.054,10.3545,18.1263,17.875,13.224,1.8875,31.3021,9.4778
MED00115,2026-09-14,3,2.2432,1.9774,2.0674,2.0,2.0832,0.0,9.9262,4.1119
MED00116,2026-09-14,3,7.2054,8.5839,8.9999,10.0,8.2458,0.0,22.6773,7.566
MED00117,2026-09-14,3,2.0399,1.5733,0.893,0.875,1.5752,0.0,8.6049,3.6855
MED00118,2026-09-14,3,1.7321,0.6399,1.8459,1.75,1.2485,0.0,7.7011,3.3829
MED00119,2026-09-14,3,2.1656,1.9063,0.7768,0.75,1.7453,0.0,9.0575,3.8336
MED00120,2026-09-14,3,11.7822,14.3191,3.4905,3.5,11.1794,0.7214,27.8566,8.7433
MED00121,2026-09-14,3,4.1113,4.7763,3.6052,3.375,4.3162,0.0,15.0255,5.6146
MED00122,2026-09-14,3,2.5373,1.8059,5.8185,5.625,2.9103,0.0,11.922,4.7246
MED00123,2026-09-14,3,0.8705,0.9479,0.4772,0.5,0.8222,0.0,6.4334,2.9418
MED00124,2026-09-14,3,9.0278,9.1147,8.7325,8.0,9.0133,0.0,24.0647,7.891
MED00125,2026-09-14,3,0.2433,0.1757,0.4051,0.375,0.2471,0.0,4.4651,2.2114
MED00126,2026-09-14,3,0.7949,1.0757,0.0,0.0,0.7543,0.0,6.2197,2.8653
MED00127,2026-09-14,3,2.2153,1.7169,0.9747,1.125,1.7156,0.0,8.9791,3.8081
MED00128,2026-09-14,3,2.2841,2.2605,1.01,1.0,1.9989,0.0,9.7129,4.0443
MED00129,2026-09-14,3,2.0492,1.437,0.3802,0.375,1.4032,0.0,8.1353,3.5294
MED00130,2026-09-14,3,0.1682,0.2367,0.0,0.0,0.1638,0.0,4.1398,2.0845
MED00131,2026-09-14,3,2.2738,3.2607,2.0648,2.375,2.6916,0.0,11.4096,4.5706
MED00132,2026-09-14,3,0.3511,0.5164,0.0,0.0,0.3525,0.0,4.858,2.3621
MED00133,2026-09-14,3,0.4813,0.3853,0.6976,0.75,0.4839,0.0,5.3243,2.5377
MED00134,2026-09-14,3,0.6985,0.3355,0.0,0.0,0.3781,0.0,4.9509,2.3974
MED00135,2026-09-14,3,13.2528,12.8544,6.647,6.875,11.6465,0.9814,28.6539,8.9164
MED00136,2026-09-14,3,1.8469,2.2956,2.622,2.5,2.2265,0.0,10.2842,4.2244
MED00137,2026-09-14,3,2.5511,2.3014,2.0863,2.0,2.3362,0.0,10.5543,4.3085
MED00138,2026-09-14,3,2.2607,2.4159,2.0013,2.0,2.2792,0.0,10.4144,4.265
MED00139,2026-09-14,3,3.6673,4.4918,1.3189,1.25,3.5464,0.0,13.3627,5.1464
MED00140,2026-09-14,3,1.9104,1.0997,0.893,0.875,1.3129,0.0,7.8834,3.4447
MED00141,2026-09-14,3,5.9021,6.6917,4.632,6.125,6.0012,0.0,18.4436,6.5232
MED00142,2026-09-14,3,0.451,0.4993,0.3413,0.375,0.4502,0.0,5.207,2.4939
MED00143,2026-09-14,3,1.9818,1.2087,1.7802,1.75,1.579,0.0,8.6152,3.6889
MED00144,2026-09-14,3,7.7219,7.5574,5.6473,5.375,7.2026,0.0,20.746,7.1004
MED00145,2026-09-14,3,0.6739,0.7471,1.2157,1.125,0.8264,0.0,6.4464,2.9464
MED00146,2026-09-14,3,1.6823,1.5479,2.4111,2.375,1.7794,0.0,9.1468,3.8625
MED00147,2026-09-14,3,2.0005,1.3116,1.803,2.0,1.6379,0.0,8.7731,3.7408
MED00148,2026-09-14,3,7.2274,5.2091,6.3306,7.375,6.0975,0.0,18.6317,6.5713
MED00149,2026-09-14,3,5.0494,3.6975,6.1416,5.75,4.6601,0.0,15.7452,5.8116
MED00150,2026-09-14,3,2.3105,1.3257,1.7444,2.0,1.7301,0.0,9.0174,3.8205
MED00151,2026-09-14,3,2.3061,1.9057,1.561,1.5,1.9597,0.0,9.6131,4.0124
MED00152,2026-09-14,3,2.4747,1.8546,2.2604,2.125,2.1411,0.0,10.0716,4.1577
MED00153,2026-09-14,3,2.4894,2.5926,0.91,0.875,2.1974,0.0,10.2119,4.2018
MED00154,2026-09-14,3,14.3609,15.8168,17.4767,18.5,15.7313,3.4026,35.3915,10.3072
MED00155,2026-09-14,3,2.1761,3.2477,2.8404,2.625,2.8229,0.0,11.7183,4.6636
MED00156,2026-09-14,3,2.9972,2.8289,4.4946,5.0,3.2465,0.0,12.6921,4.952
MED00157,2026-09-14,3,5.8034,5.1377,6.3609,6.0,5.6193,0.0,17.6907,6.3287
MED00158,2026-09-14,3,0.3191,0.2407,0.1235,0.125,0.2404,0.0,4.4392,2.2013
MED00159,2026-09-14,3,11.2773,10.3789,8.9335,8.75,10.3604,0.2757,26.4422,8.4312
MED00160,2026-09-14,3,4.5872,5.1412,4.4528,4.0,4.8213,0.0,16.0782,5.9017
MED00161,2026-09-14,3,7.9337,6.6512,6.4093,6.375,7.0119,0.0,20.3867,7.012
MED00162,2026-09-14,3,2.4664,3.0467,0.9441,0.875,2.4095,0.0,10.7333,4.3639
MED00163,2026-09-14,3,0.3537,0.3042,0.268,0.25,0.3124,0.0,4.7107,2.3059
MED00164,2026-09-14,3,2.2728,2.6208,1.0426,1.25,2.1706,0.0,10.1454,4.1809
MED00165,2026-09-14,3,11.8016,10.0764,14.4001,13.5,11.5716,0.9394,28.5264,8.8889
MED00166,2026-09-14,3,2.4565,2.8046,1.1859,1.125,2.3458,0.0,10.5779,4.3159
MED00167,2026-09-14,3,1.8679,1.1602,3.8787,3.75,1.9756,0.0,9.6537,4.0254
MED00168,2026-09-14,3,2.2641,1.1543,1.5687,1.625,1.5972,0.0,8.6641,3.705
MED00169,2026-09-14,3,1.9794,1.1671,1.3576,1.375,1.4671,0.0,8.3113,3.5882
MED00170,2026-09-14,3,1.9894,1.4442,2.1057,2.0,1.762,0.0,9.1014,3.8478
MED00171,2026-09-14,3,2.4584,1.7848,2.2199,2.125,2.0945,0.0,9.9549,4.1209
MED00172,2026-09-14,3,2.7525,1.7876,3.3847,3.75,2.4419,0.0,10.8118,4.3881
MED00173,2026-09-14,3,2.4496,2.2193,2.8224,2.875,2.4254,0.0,10.7719,4.3758
MED00174,2026-09-14,3,6.7902,6.8663,4.8586,5.375,6.4134,0.0,19.2442,6.7268
MED00175,2026-09-14,3,1.1798,1.0464,0.4421,0.5,0.9586,0.0,6.8522,3.0898
MED00176,2026-09-14,3,13.975,16.8545,11.948,11.75,14.8938,2.8874,34.0401,10.0378
MED00177,2026-09-14,3,0.3069,0.5592,0.1233,0.125,0.3852,0.0,4.9765,2.4071
MED00178,2026-09-14,3,1.9555,1.4258,2.4433,2.75,1.8159,0.0,9.2422,3.8934
MED00179,2026-09-14,3,0.6386,0.3252,0.5956,0.625,0.4836,0.0,5.3231,2.5373
MED00180,2026-09-14,3,2.309,2.4669,0.2626,0.25,1.941,0.0,9.5652,3.9972
MED00181,2026-09-14,3,3.6819,3.2679,3.9875,3.625,3.5586,0.0,13.3896,5.1541
MED00182,2026-09-14,3,0.3254,0.5483,0.0,0.0,0.3592,0.0,4.8825,2.3714
MED00183,2026-09-14,3,17.7077,26.0203,13.891,15.0,20.7792,6.663,43.2898,11.8016
MED00184,2026-09-14,3,8.6692,11.7307,5.4262,4.75,9.4038,0.0,24.761,8.0513
MED00185,2026-09-14,3,2.9774,1.5471,3.2511,4.125,2.3718,0.0,10.6415,4.3355
MED00186,2026-09-14,3,2.0734,1.5818,1.8355,1.75,1.7943,0.0,9.1858,3.8752
MED00187,2026-09-14,3,2.9049,2.8485,1.4443,1.625,2.5645,0.0,11.1071,4.4786
MED00188,2026-09-14,3,3.8584,3.7264,6.2525,5.625,4.3201,0.0,15.0338,5.6169
MED00189,2026-09-14,3,0.1889,0.2615,0.0,0.0,0.182,0.0,4.212,2.1128
MED00190,2026-09-14,3,2.3479,2.8043,3.4206,3.25,2.7962,0.0,11.6558,4.6448
MED00191,2026-09-14,3,12.7365,11.3044,14.1416,13.0,12.3854,1.4007,29.9023,9.1836
MED00192,2026-09-14,3,0.1492,0.189,0.271,0.25,0.1944,0.0,4.2608,2.1319
MED00193,2026-09-14,3,0.0909,0.1454,0.0,0.0,0.0967,0.0,3.8663,1.9763
MED00194,2026-09-14,3,9.2137,8.7089,12.7169,11.75,9.7474,0.0,25.3687,8.1898
MED00195,2026-09-14,3,9.1073,6.8846,10.1329,9.375,8.301,0.0,22.7779,7.5898
MED00196,2026-09-14,3,9.3189,8.1743,6.2672,5.625,8.1315,0.0,22.4683,7.5164
MED00197,2026-09-14,3,9.3584,7.5443,12.6002,11.625,9.224,0.0,24.4412,7.9779
MED00198,2026-09-14,3,1.8038,1.3593,2.4452,2.375,1.7372,0.0,9.0361,3.8266
MED00199,2026-09-14,3,2.0898,1.347,1.1839,1.375,1.5484,0.0,8.5326,3.6616
MED00200,2026-09-14,3,2.0281,1.2264,1.6037,1.625,1.5636,0.0,8.5738,3.6752
MED00201,2026-09-14,3,9.9523,9.4816,7.9591,8.375,9.3099,0.0,24.5941,8.013
MED00202,2026-09-14,3,2.0322,1.9575,0.389,0.375,1.6428,0.0,8.7861,3.745
MED00203,2026-09-14,3,3.0497,2.8081,2.7131,3.25,2.8669,0.0,11.821,4.6944
MED00204,2026-09-14,3,2.4525,2.4487,0.7756,0.75,2.0893,0.0,9.9417,4.1168
MED00205,2026-09-14,3,12.3771,15.635,9.8075,9.75,13.3533,1.9635,31.5162,9.5223
MED00206,2026-09-14,3,1.3377,1.1553,1.347,1.5,1.2559,0.0,7.7222,3.3901
MED00207,2026-09-14,3,2.0315,1.4646,2.7749,2.75,1.9301,0.0,9.5373,3.9882
MED00208,2026-09-14,3,11.9663,11.9816,11.4619,11.0,11.876,1.1106,29.0432,9.0003
MED00209,2026-09-14,3,2.6581,1.7511,4.8673,5.125,2.7166,0.0,11.4686,4.5884
MED00210,2026-09-14,3,1.2704,0.5706,1.993,2.25,1.1017,0.0,7.2775,3.2378
MED00211,2026-09-14,3,2.467,1.9055,2.5313,2.625,2.2212,0.0,10.271,4.2203
MED00212,2026-09-14,3,2.2523,2.3752,0.2199,0.25,1.8709,0.0,9.3849,3.9393
MED00213,2026-09-14,3,1.3369,2.0537,0.0,0.0,1.3829,0.0,8.079,3.5106
MED00214,2026-09-14,3,11.0835,11.6222,14.2155,13.875,12.0258,1.1955,29.2967,9.0546
MED00215,2026-09-14,3,2.5107,2.0373,2.2606,2.25,2.2379,0.0,10.3124,4.2332
MED00216,2026-09-14,3,0.0739,0.1554,0.0,0.0,0.096,0.0,3.8634,1.9751
MED00217,2026-09-14,3,0.21,0.205,0.2694,0.25,0.2208,0.0,4.3636,2.172
MED00218,2026-09-14,3,5.7335,5.2828,5.9834,5.375,5.583,0.0,17.6186,6.3099
MED00219,2026-09-14,3,12.8132,9.8656,10.0603,10.5,10.8521,0.5416,27.2938,8.6199
MED00220,2026-09-14,3,2.3506,1.7609,3.0043,2.875,2.2194,0.0,10.2666,4.2189
MED00221,2026-09-14,3,3.9134,4.5729,1.7804,2.25,3.7625,0.0,13.8373,5.282
MED00222,2026-09-14,3,0.4622,0.4566,0.0,0.0,0.3598,0.0,4.8845,2.3722
MED00223,2026-09-14,3,9.9026,11.2464,4.6352,4.25,9.397,0.0,24.7489,8.0486
MED00224,2026-09-14,3,1.9737,1.6917,0.6386,0.625,1.5543,0.0,8.5484,3.6668
MED00225,2026-09-14,3,4.7927,4.1288,5.5477,5.875,4.6513,0.0,15.7269,5.8066
MED00226,2026-09-14,3,2.9391,1.9757,2.8978,3.625,2.4831,0.0,10.9116,4.4188
MED00227,2026-09-14,3,14.9855,14.7119,18.2098,20.25,15.5724,3.3042,35.136,10.2566
MED00228,2026-09-14,3,1.9829,0.9949,2.7156,3.0,1.6825,0.0,8.8917,3.7796
MED00229,2026-09-14,3,0.5996,0.8091,0.0,0.0,0.5679,0.0,5.6107,2.6438
MED00230,2026-09-14,3,12.7224,17.9164,10.275,11.25,14.6296,2.7267,33.6108,9.9513
MED00231,2026-09-14,3,1.7191,0.6373,1.2676,1.25,1.1176,0.0,7.3242,3.2539
MED00232,2026-09-14,3,3.4305,3.6187,1.1174,1.125,3.0199,0.0,12.1752,4.7999
MED00233,2026-09-14,3,0.4623,0.5197,0.5894,0.625,0.5172,0.0,5.4388,2.5802
MED00234,2026-09-14,3,1.8928,1.2443,2.2046,2.125,1.6595,0.0,8.8306,3.7596
MED00235,2026-09-14,3,73.5148,75.0826,67.6122,61.625,73.0396,46.7974,114.8872,21.9395
MED00236,2026-09-14,3,2.4128,2.486,1.908,1.875,2.3399,0.0,10.5634,4.3114
MED00237,2026-09-14,3,6.078,5.5323,5.8801,6.625,5.7863,0.0,18.0214,6.4145
MED00238,2026-09-14,3,2.2281,1.3316,1.6461,1.625,1.6854,0.0,8.8993,3.7821
MED00239,2026-09-14,3,4.0571,3.9086,4.527,4.5,4.0938,0.0,14.5529,5.4834
MED00240,2026-09-14,3,5.3904,5.734,5.0181,6.125,5.4755,0.0,17.4042,6.2539
MED00241,2026-09-14,3,2.8817,3.387,2.5281,2.375,3.0438,0.0,12.2302,4.8162
MED00242,2026-09-14,3,10.9523,12.3212,9.6494,8.75,11.3198,0.7991,28.0969,8.7957
MED00243,2026-09-14,3,0.1265,0.1205,0.1362,0.125,0.1259,0.0,3.9866,2.0241
MED00244,2026-09-14,3,2.3499,2.0013,2.2479,2.125,2.1673,0.0,10.1372,4.1783
MED00245,2026-09-14,3,79.0774,64.8086,88.8291,79.25,74.6091,48.0883,116.9009,22.1723
MED00246,2026-09-14,3,6.5732,6.2404,6.7221,6.75,6.4567,0.0,19.3277,6.7479
MED00247,2026-09-14,3,12.1052,12.4703,13.0114,12.375,12.4845,1.4576,30.0687,9.2189
MED00248,2026-09-14,3,2.2535,2.1534,2.1607,2.5,2.1889,0.0,10.1908,4.1952
MED00249,2026-09-14,3,21.6065,24.5018,31.2415,34.25,25.071,9.5966,49.7475,12.9372
MED00250,2026-09-14,3,16.5532,10.7991,12.9069,16.125,13.0913,1.8097,31.0817,9.4318
MED00251,2026-09-14,3,1.9012,1.3053,3.0233,2.875,1.8683,0.0,9.3781,3.9372
MED00252,2026-09-14,3,0.4709,0.1388,0.6957,0.75,0.365,0.0,4.9037,2.3795
MED00253,2026-09-14,3,4.4122,4.1377,4.3529,4.0,4.2755,0.0,14.9396,5.5908
MED00254,2026-09-14,3,0.418,0.1252,0.927,1.0,0.3921,0.0,5.0013,2.4164
MED00255,2026-09-14,3,6.7361,6.4149,5.8644,6.625,6.4037,0.0,19.2255,6.7221
MED00256,2026-09-14,3,2.3367,1.9844,1.3127,1.25,1.9523,0.0,9.5942,4.0064
MED00257,2026-09-14,3,5.7749,5.9546,6.238,7.5,5.9651,0.0,18.3729,6.5051
MED00258,2026-09-14,3,2.2572,2.3033,3.8516,3.875,2.627,0.0,11.2562,4.5241
MED00259,2026-09-14,3,2.376,2.0889,3.2248,3.125,2.4285,0.0,10.7794,4.3781
MED00260,2026-09-14,3,0.5904,0.4362,1.1054,1.125,0.6307,0.0,5.8198,2.7205
MED00261,2026-09-14,3,0.7901,0.8157,0.1236,0.125,0.6582,0.0,5.91,2.7533
MED00262,2026-09-14,3,4.03,3.268,4.133,5.0,3.7005,0.0,13.702,5.2435
MED00263,2026-09-14,3,3.4094,3.6829,5.688,5.375,4.035,0.0,14.427,5.4482
MED00264,2026-09-14,3,0.335,0.1214,0.0,0.0,0.1629,0.0,4.1361,2.083
MED00265,2026-09-14,3,7.8447,6.6327,10.8983,10.375,7.9492,0.0,22.1337,7.4366
MED00266,2026-09-14,3,14.1065,12.098,5.7341,6.25,11.3658,0.8247,28.1755,8.8128
MED00267,2026-09-14,3,5.5692,6.4596,3.8531,3.875,5.6182,0.0,17.6886,6.3281
MED00268,2026-09-14,3,2.2914,2.3133,3.7191,3.625,2.6137,0.0,11.2247,4.5145
MED00269,2026-09-14,3,2.398,2.0023,2.2835,2.125,2.1907,0.0,10.1954,4.1966
MED00270,2026-09-14,3,2.5363,2.2276,5.176,4.875,2.9675,0.0,12.0544,4.764
MED00271,2026-09-14,3,2.6406,2.533,3.8569,4.25,2.8569,0.0,11.7978,4.6874
MED00272,2026-09-14,3,4.6409,5.2364,4.4384,4.875,4.8797,0.0,16.1982,5.934
MED00273,2026-09-14,3,3.9075,3.0721,2.4995,2.625,3.2157,0.0,12.6223,4.9316
MED00274,2026-09-14,3,0.4351,0.3025,0.3588,0.375,0.3571,0.0,4.8747,2.3685
MED00275,2026-09-14,3,13.6182,9.466,12.6997,14.25,11.4934,0.8957,28.3932,8.8601
MED00276,2026-09-14,3,2.0364,1.7466,2.3983,2.25,1.9816,0.0,9.6691,4.0303
MED00277,2026-09-14,3,0.1889,0.2165,0.0,0.0,0.161,0.0,4.1283,2.0799
MED00278,2026-09-14,3,9.5099,8.8178,11.7914,11.25,9.6913,0.0,25.2697,8.1673
MED00279,2026-09-14,3,22.4031,20.9986,23.7629,22.25,22.0647,7.5284,45.2453,12.1529
MED00280,2026-09-14,3,0.1974,0.1978,0.2766,0.25,0.215,0.0,4.3413,2.1633
MED00281,2026-09-14,3,15.7979,12.1081,15.7095,15.875,14.0714,2.3901,32.6991,9.766
MED00282,2026-09-14,3,3.8963,3.0782,2.8828,3.25,3.2982,0.0,12.8086,4.986
MED00283,2026-09-14,3,2.3925,2.1726,3.433,3.625,2.518,0.0,10.9955,4.4445
MED00284,2026-09-14,3,1.738,1.1076,0.5216,0.625,1.1814,0.0,7.5091,3.3174
MED00285,2026-09-14,3,6.7525,5.9481,8.0281,7.375,6.6604,0.0,19.7185,6.846
MED00286,2026-09-14,3,5.4974,3.8537,6.3015,7.0,4.9098,0.0,16.2599,5.9505
MED00287,2026-09-14,3,3.5999,4.0195,3.7466,3.625,3.8313,0.0,13.9872,5.3244
MED00288,2026-09-14,3,38.0584,38.2463,34.975,38.625,37.5151,18.6475,67.6028,15.7741
MED00289,2026-09-14,3,6.3568,4.6639,6.8923,8.75,5.6888,0.0,17.8286,6.3646
MED00290,2026-09-14,3,1.8847,1.0774,1.1362,1.125,1.3471,0.0,7.9793,3.4771
MED00291,2026-09-14,3,10.85,19.196,2.7687,3.0,13.0048,1.7592,30.9379,9.4018
MED00292,2026-09-14,3,1.8645,1.9572,1.0794,1.25,1.7393,0.0,9.0417,3.8284
MED00293,2026-09-14,3,6.272,3.1038,8.8825,9.875,5.3652,0.0,17.1834,6.1959
MED00294,2026-09-14,3,1.1929,0.771,0.8274,1.0,0.9177,0.0,6.7281,3.0462
MED00295,2026-09-14,3,0.3346,0.2291,0.0,0.0,0.2131,0.0,4.3339,2.1604
MED00296,2026-09-14,3,4.9093,3.9277,4.4304,4.5,4.3519,0.0,15.1008,5.6354
MED00297,2026-09-14,3,7.5467,6.0496,6.731,6.625,6.6781,0.0,19.7522,6.8544
MED00298,2026-09-14,3,2.3108,1.7134,3.9857,4.0,2.3976,0.0,10.7043,4.355
MED00299,2026-09-14,3,0.3799,0.3906,0.2533,0.25,0.3578,0.0,4.8775,2.3695
MED00300,2026-09-14,3,2.1077,1.9165,0.2554,0.25,1.6186,0.0,8.7214,3.7238
MED00301,2026-09-14,3,6.548,7.0999,5.6693,5.625,6.6216,0.0,19.6443,6.8274
MED00302,2026-09-14,3,9.9147,9.2458,4.577,4.375,8.454,0.0,23.0562,7.6555
MED00303,2026-09-14,3,3.2453,2.2444,3.2334,3.625,2.7786,0.0,11.6145,4.6324
MED00304,2026-09-14,3,5.2565,5.6146,3.7139,4.625,5.0943,0.0,16.6363,6.0511
MED00305,2026-09-14,3,2.0841,1.9892,1.1779,1.125,1.8452,0.0,9.3183,3.9179
MED00306,2026-09-14,3,0.447,0.2567,0.0,0.0,0.2616,0.0,4.5201,2.2326
MED00307,2026-09-14,3,33.5096,23.7079,36.2441,36.375,29.5591,12.7816,56.3137,14.0266
MED00308,2026-09-14,3,0.7451,0.5924,0.4786,0.5,0.6167,0.0,5.7734,2.7035
MED00309,2026-09-14,3,4.0759,3.9202,1.836,2.25,3.5212,0.0,13.3068,5.1303
MED00310,2026-09-14,3,3.9125,3.7758,2.7657,3.25,3.6037,0.0,13.4892,5.1827
MED00311,2026-09-14,3,4.2392,3.84,3.9815,4.375,4.0011,0.0,14.3541,5.4278
MED00312,2026-09-14,3,0.4026,0.247,0.3525,0.375,0.3195,0.0,4.737,2.316
MED00313,2026-09-14,3,0.548,0.2324,1.8006,1.75,0.673,0.0,5.9581,2.7708
MED00314,2026-09-14,3,8.8816,9.559,8.5697,8.75,9.1392,0.0,24.2898,7.943
MED00315,2026-09-14,3,10.3383,10.6522,11.7344,11.25,10.7982,0.5123,27.2009,8.5994
MED00316,2026-09-14,3,3.1924,2.7967,2.6819,2.625,2.9,0.0,11.8981,4.7174
MED00317,2026-09-14,3,2.447,1.8418,2.9136,2.875,2.2681,0.0,10.387,4.2565
MED00318,2026-09-14,3,3.1637,2.7371,3.9689,5.0,3.1424,0.0,12.4556,4.8827
MED00319,2026-09-14,3,11.9005,12.0133,12.1704,11.0,12.0236,1.1942,29.293,9.0538
MED00320,2026-09-14,3,6.5859,5.4668,3.2834,3.75,5.3532,0.0,17.1594,6.1896
MED00321,2026-09-14,3,0.6597,1.0303,3.8508,3.75,1.5259,0.0,8.4716,3.6414
MED00322,2026-09-14,3,0.1683,0.2163,0.0,0.0,0.1544,0.0,4.1018,2.0695
MED00323,2026-09-14,3,0.9631,0.576,2.3297,2.5,1.0799,0.0,7.2135,3.2157
MED00324,2026-09-14,3,1.476,1.118,1.7298,2.0,1.3653,0.0,8.0302,3.4942
MED00325,2026-09-14,3,8.4699,8.4412,6.0107,5.75,7.9313,0.0,22.101,7.4287
MED00326,2026-09-14,3,10.1544,11.4713,8.9636,8.5,10.5211,0.3621,26.7214,8.4933
MED00327,2026-09-14,3,3.4243,4.181,2.3837,2.25,3.5553,0.0,13.3823,5.152
MED00328,2026-09-14,3,4.8759,4.399,5.5815,5.625,4.8112,0.0,16.0574,5.896
MED00329,2026-09-14,3,11.7261,12.1558,12.4794,11.625,12.102,1.2387,29.4252,9.0821
MED00330,2026-09-14,3,5.1144,4.0463,6.101,6.125,4.8348,0.0,16.106,5.9091
MED00331,2026-09-14,3,1.9611,1.2826,2.5454,2.375,1.773,0.0,9.1301,3.8571
MED00332,2026-09-14,3,3.2482,3.5795,3.1099,2.875,3.3762,0.0,12.9837,5.0369
MED00333,2026-09-14,3,3.1606,2.7922,6.2401,6.25,3.66,0.0,13.613,5.2181
MED00334,2026-09-14,3,10.165,12.933,4.0288,4.375,10.1363,0.1562,26.0512,8.3437
MED00335,2026-09-14,3,6.8475,6.0179,6.6332,6.5,6.4204,0.0,19.2578,6.7303
MED00336,2026-09-14,3,11.9283,10.4099,12.5118,11.25,11.3577,0.8202,28.1617,8.8098
MED00337,2026-09-14,3,70.8218,59.3384,62.9329,60.25,63.818,39.2762,102.954,20.5178
MED00338,2026-09-14,3,8.9198,13.7983,1.2431,1.25,9.5411,0.0,25.0044,8.1069
MED00339,2026-09-14,3,1.8715,1.8664,0.3115,0.375,1.5325,0.0,8.4895,3.6473
MED00340,2026-09-14,3,1.8559,2.4293,0.2319,0.25,1.7731,0.0,9.1305,3.8572
MED00341,2026-09-14,3,6.5565,6.6495,7.865,8.375,6.8904,0.0,20.1566,6.955
MED00342,2026-09-14,3,2.2814,1.9177,1.4685,1.375,1.9374,0.0,9.556,3.9942
MED00343,2026-09-14,3,11.0061,9.5526,11.9152,11.625,10.5356,0.3699,26.7465,8.4989
MED00344,2026-09-14,3,5.0515,5.2965,5.2199,5.625,5.2075,0.0,16.8658,6.1121
MED00345,2026-09-14,3,0.1751,0.1504,0.0,0.0,0.1258,0.0,3.986,2.0238
MED00346,2026-09-14,3,3.663,3.9898,2.1243,2.0,3.4853,0.0,13.2272,5.1074
MED00347,2026-09-14,3,0.1739,0.2044,0.0,0.0,0.1506,0.0,4.0866,2.0635
MED00348,2026-09-14,3,1.9875,1.2176,1.438,1.375,1.5107,0.0,8.4303,3.6278
MED00349,2026-09-14,3,2.5424,2.263,2.0393,2.0,2.3053,0.0,10.4786,4.285
MED00350,2026-09-14,3,1.1224,1.9355,2.58,2.5,1.8196,0.0,9.2517,3.8964
MED00351,2026-09-14,3,0.701,0.6461,0.0,0.0,0.5239,0.0,5.4619,2.5888
MED00352,2026-09-14,3,0.2227,0.3233,0.0,0.0,0.2216,0.0,4.3668,2.1732
MED00353,2026-09-14,3,0.8628,0.3561,0.0,0.0,0.4398,0.0,5.1705,2.4802
MED00354,2026-09-14,3,0.8539,1.1649,1.2778,1.25,1.092,0.0,7.2491,3.228
MED00355,2026-09-14,3,12.9205,10.5002,10.3066,11.5,11.2359,0.7526,27.9534,8.7644
MED00356,2026-09-14,3,2.1043,1.8127,2.0307,1.875,1.9542,0.0,9.5991,4.008
MED00357,2026-09-14,3,0.1991,0.1331,0.2747,0.25,0.1849,0.0,4.2234,2.1173
MED00358,2026-09-14,3,5.9749,7.2639,2.987,3.375,5.9345,0.0,18.3129,6.4896
MED00359,2026-09-14,3,2.4631,2.1008,1.593,1.5,2.1076,0.0,9.9876,4.1313
MED00360,2026-09-14,3,2.9187,1.8504,3.5503,3.875,2.5598,0.0,11.0959,4.4752
MED00361,2026-09-14,3,2.359,2.0966,5.0068,4.875,2.8134,0.0,11.6961,4.657
MED00362,2026-09-14,3,2.5317,2.1635,4.8465,4.875,2.8646,0.0,11.8157,4.6928
MED00363,2026-09-14,3,1.8203,1.3315,2.5491,2.5,1.752,0.0,9.0751,3.8393
MED00364,2026-09-14,3,0.1678,0.2513,0.0,0.0,0.1705,0.0,4.1665,2.095
MED00365,2026-09-14,3,2.4204,1.9334,2.2145,2.125,2.1507,0.0,10.0956,4.1653
MED00366,2026-09-14,3,10.5526,10.7209,12.0081,11.25,10.9576,0.5993,27.4755,8.6599
MED00367,2026-09-14,3,2.5409,2.4116,1.6407,1.625,2.2877,0.0,10.4353,4.2716
MED00368,2026-09-14,3,3.1918,2.8172,5.3322,5.0,3.4845,0.0,13.2254,5.1068
MED00369,2026-09-14,3,5.219,4.6823,4.3703,5.0,4.7894,0.0,16.0126,5.884
MED00370,2026-09-14,3,0.4543,0.1709,0.0,0.0,0.2238,0.0,4.3754,2.1766
MED00371,2026-09-14,3,15.9271,11.578,13.641,14.0,13.4159,2.0004,31.6199,9.5438
MED00372,2026-09-14,3,0.2098,0.112,0.136,0.125,0.1484,0.0,4.0777,2.06
MED00373,2026-09-14,3,0.6345,0.5838,0.9378,0.875,0.6773,0.0,5.9721,2.7759
MED00374,2026-09-14,3,2.159,1.7566,2.5369,2.75,2.0553,0.0,9.8558,4.0896
MED00375,2026-09-14,3,16.4337,17.0323,13.567,13.5,16.1076,3.6368,35.9944,10.426
MED00376,2026-09-14,3,2.349,1.6128,2.0729,2.0,1.9477,0.0,9.5822,4.0026
MED00377,2026-09-14,3,0.5148,0.7157,0.867,0.875,0.6856,0.0,5.9989,2.7856
MED00378,2026-09-14,3,2.5299,2.7625,2.3318,2.125,2.5981,0.0,11.1874,4.5031
MED00379,2026-09-14,3,0.6227,0.758,2.5689,2.5,1.1088,0.0,7.2985,3.2451
MED00380,2026-09-14,3,0.7216,0.2956,0.0,0.0,0.3668,0.0,4.91,2.3819
MED00381,2026-09-14,3,1.3466,2.3048,1.3046,1.25,1.7863,0.0,9.165,3.8684
MED00382,2026-09-14,3,2.5645,2.428,3.4529,3.75,2.6961,0.0,11.4202,4.5738
MED00383,2026-09-14,3,7.939,9.744,6.4789,5.75,8.4731,0.0,23.0908,7.6637
MED00384,2026-09-14,3,2.2058,1.9627,2.3314,2.125,2.1218,0.0,10.0232,4.1425
MED00385,2026-09-14,3,19.6977,20.6573,19.3634,20.25,20.093,6.2063,42.2377,11.6098
MED00386,2026-09-14,3,15.2663,13.6142,13.6418,14.125,14.1575,2.4418,32.8403,9.7948
MED00387,2026-09-14,3,21.58,20.2712,23.3949,22.5,21.3842,7.0687,44.2126,11.9682
MED00388,2026-09-14,3,71.2629,111.5918,84.6306,84.125,93.0686,63.4677,140.2722,24.7474
MED00389,2026-09-14,3,14.0875,10.8544,9.0232,11.25,11.4928,0.8954,28.3922,8.8598
MED00390,2026-09-14,3,27.1011,23.8125,28.0112,34.25,25.7899,10.0995,50.8109,13.1178
MED00391,2026-09-14,3,23.6314,18.8006,21.8945,24.875,21.0222,6.8256,43.661,11.8688
MED00392,2026-09-14,3,22.3277,18.5799,20.8138,22.625,20.2713,6.3246,42.5117,11.66
MED00393,2026-09-14,3,13.8239,14.6551,9.4925,10.125,13.286,1.9239,31.4048,9.4991
MED00394,2026-09-14,3,15.5617,15.9699,14.5381,16.25,15.5458,3.2877,35.0932,10.2482
MED00395,2026-09-14,3,19.787,19.9058,16.9082,18.375,19.2376,5.6423,40.9175,11.3661
MED00396,2026-09-14,3,58.7958,53.4016,53.5043,46.75,55.1873,32.3514,91.6029,19.0916
MED00397,2026-09-14,3,52.6912,53.4233,50.098,48.125,52.5231,30.2401,88.0569,18.6293
MED00398,2026-09-14,3,117.2477,115.2687,119.5099,128.0,116.9316,83.7703,169.813,27.7241
MED00399,2026-09-14,3,100.6803,121.9808,109.0175,115.75,112.5375,80.0025,164.4201,27.2005
MED00400,2026-09-14,3,74.7407,70.3588,68.8994,69.875,71.5015,45.5352,112.9092,21.7088
MED00401,2026-09-14,3,23.788,16.4073,14.93,20.875,18.4428,5.1241,39.6818,11.1349
MED00402,2026-09-14,3,28.8634,22.9175,23.0781,29.875,24.8601,9.4497,49.4347,12.8837
MED00403,2026-09-14,3,12.657,14.2053,8.7599,9.125,12.5471,1.4936,30.1736,9.2411
MED00404,2026-09-14,3,6.2997,5.1977,6.2848,6.125,5.7881,0.0,18.025,6.4154
MED00405,2026-09-14,3,8.6935,9.2441,7.3416,7.375,8.6659,0.0,23.44,7.7456
MED00406,2026-09-14,3,23.9026,23.7811,25.6345,26.75,24.2456,9.023,48.5206,12.7267
MED00407,2026-09-14,3,28.1246,25.1206,24.8354,30.5,26.0361,10.2724,51.1739,13.179
MED00408,2026-09-14,3,11.7434,8.2937,9.0275,11.25,9.5548,0.0,25.0286,8.1124
MED00409,2026-09-14,3,14.72,12.7854,9.2937,10.875,12.6538,1.5552,30.3522,9.2788
MED00410,2026-09-14,3,14.6502,10.2158,11.366,14.0,11.8813,1.1136,29.0522,9.0022
MED00411,2026-09-14,3,21.8058,23.2506,23.7315,26.125,22.9202,8.1109,46.5361,12.3811
MED00412,2026-09-14,3,13.7901,13.1383,12.0098,14.0,13.1131,1.8225,31.118,9.4394
MED00413,2026-09-14,3,14.569,14.1417,11.8827,12.875,13.8011,2.2287,32.2553,9.675
MED00414,2026-09-14,3,22.4407,21.5068,20.9194,24.125,21.6969,7.2795,44.6878,12.0534
MED00415,2026-09-14,3,14.2975,12.5223,13.1288,15.75,13.2292,1.8905,31.3106,9.4796
MED00416,2026-09-14,3,22.0642,23.6308,21.2808,23.75,22.6479,7.9249,46.1261,12.3089
MED00417,2026-09-14,3,8.6665,8.8879,7.3337,7.5,8.4894,0.0,23.1204,7.6706
MED00418,2026-09-14,3,8.681,6.3968,8.2644,9.375,7.5326,0.0,21.363,7.2509
MED00419,2026-09-14,3,10.4476,8.9962,9.868,10.125,9.6545,0.0,25.2048,8.1526
MED00420,2026-09-14,3,31.2536,26.5315,24.1531,30.625,27.5388,11.3349,53.3786,13.5471
MED00421,2026-09-14,3,31.8912,21.6052,26.1965,34.125,25.8838,10.1654,50.9495,13.1412
MED00422,2026-09-14,3,22.4211,20.1138,21.5697,23.375,21.1813,6.9323,43.9036,11.9126
MED00423,2026-09-14,3,14.2784,13.8658,10.6233,11.25,13.3069,1.9362,31.4394,9.5063
MED00424,2026-09-14,3,69.3113,91.1208,100.7278,118.875,86.383,57.8592,131.869,23.8469
MED00001,2026-09-21,4,14.6282,9.8077,11.8823,15.125,11.7958,1.0653,28.9073,8.9711
MED00002,2026-09-21,4,0.1071,0.1238,0.1364,0.125,0.1214,0.0,3.968,2.0167
MED00003,2026-09-21,4,0.301,0.6229,0.0,0.0,0.3863,0.0,4.9804,2.4085
MED00004,2026-09-21,4,0.7331,0.5472,1.8074,1.75,0.8801,0.0,6.613,3.0056
MED00005,2026-09-21,4,2.4172,3.5885,1.9521,1.875,2.8657,0.0,11.8183,4.6936
MED00006,2026-09-21,4,1.8058,1.0687,0.2686,0.25,1.1298,0.0,7.3596,3.2661
MED00007,2026-09-21,4,3.5218,3.1807,2.98,2.75,3.2485,0.0,12.6964,4.9533
MED00008,2026-09-21,4,0.6791,0.4937,1.4412,1.375,0.7586,0.0,6.2332,2.8702
MED00009,2026-09-21,4,3.6026,4.2423,3.5514,3.875,3.8938,0.0,14.1228,5.3627
MED00010,2026-09-21,4,4.5903,3.9205,4.4514,4.125,4.2519,0.0,14.8896,5.577
MED00011,2026-09-21,4,28.9567,15.5618,23.5356,24.875,21.5539,7.183,44.4706,12.0146
MED00012,2026-09-21,4,2.4621,3.4932,0.3878,0.375,2.496,0.0,10.9425,4.4283
MED00013,2026-09-21,4,4.7933,4.4487,6.7455,6.375,5.0608,0.0,16.5683,6.033
MED00014,2026-09-21,4,18.2775,13.885,27.9527,28.0,18.344,5.0601,39.5274,11.1058
MED00015,2026-09-21,4,0.5275,0.4091,0.9772,0.875,0.5703,0.0,5.6189,2.6468
MED00016,2026-09-21,4,2.158,1.8103,4.9182,4.75,2.5968,0.0,11.1842,4.5021
MED00017,2026-09-21,4,1.9787,1.6074,2.4423,2.375,1.9079,0.0,9.4802,3.9699
MED00018,2026-09-21,4,72.757,66.5714,80.6498,87.75,71.6538,45.66,113.1053,21.7318
MED00019,2026-09-21,4,48.6332,40.6701,43.2516,49.375,43.7952,23.4286,76.2732,17.0272
MED00020,2026-09-21,4,11.1052,11.0669,15.6768,14.875,12.0904,1.2322,29.4058,9.0779
MED00021,2026-09-21,4,4.7839,5.2397,3.3617,4.5,4.6929,0.0,15.8132,5.83
MED00022,2026-09-21,4,3.1611,2.0278,2.649,3.375,2.5239,0.0,11.0097,4.4488
MED00023,2026-09-21,4,1.4605,1.2045,0.2172,0.25,1.0726,0.0,7.1921,3.2083
MED00024,2026-09-21,4,3.6213,3.2445,2.3017,2.875,3.1626,0.0,12.5017,4.8962
MED00025,2026-09-21,4,0.1028,0.1344,0.0,0.0,0.0954,0.0,3.8607,1.974
MED00026,2026-09-21,4,0.3633,0.3788,0.1229,0.125,0.3188,0.0,4.7343,2.315
MED00027,2026-09-21,4,0.2881,0.1496,0.0,0.0,0.1612,0.0,4.1293,2.0803
MED00028,2026-09-21,4,0.5323,0.7461,0.5642,0.5,0.6396,0.0,5.8489,2.7311
MED00029,2026-09-21,4,16.6584,13.918,15.3269,17.375,15.1064,3.0174,34.3843,10.1069
MED00030,2026-09-21,4,5.9081,3.6734,4.6018,5.5,4.5869,0.0,15.5931,5.7702
MED00031,2026-09-21,4,3.4861,3.9525,2.8534,3.25,3.5701,0.0,13.415,5.1614
MED00032,2026-09-21,4,2.8125,2.6484,2.3743,2.75,2.6436,0.0,11.2958,4.5361
MED00033,2026-09-21,4,0.9969,1.8065,1.9572,1.875,1.5844,0.0,8.6296,3.6936
MED00034,2026-09-21,4,21.6082,18.0401,23.2957,25.0,20.3297,6.3634,42.6013,11.6763
MED00035,2026-09-21,4,0.4362,0.1616,0.342,0.375,0.2879,0.0,4.6196,2.271
MED00036,2026-09-21,4,1.7837,1.2911,2.2126,2.25,1.6485,0.0,8.8013,3.75
MED00037,2026-09-21,4,4.5013,3.797,5.3459,5.5,4.3601,0.0,15.1182,5.6401
MED00038,2026-09-21,4,19.5439,12.3556,15.0508,20.0,15.2315,3.0941,34.5866,10.1473
MED00039,2026-09-21,4,1.1499,1.171,1.2351,1.25,1.1794,0.0,7.5033,3.3155
MED00040,2026-09-21,4,0.599,0.7072,0.9873,1.0,0.7344,0.0,6.156,2.8424
MED00041,2026-09-21,4,0.3698,0.6253,0.1171,0.125,0.4346,0.0,5.1524,2.4734
MED00042,2026-09-21,4,4.5236,3.4271,1.8604,2.0,3.4381,0.0,13.1221,5.077
MED00043,2026-09-21,4,0.4036,0.4281,0.525,0.5,0.4418,0.0,5.1775,2.4828
MED00044,2026-09-21,4,2.3953,2.6199,0.9858,1.25,2.1967,0.0,10.2104,4.2013
MED00045,2026-09-21,4,1.8449,1.5553,0.1263,0.125,1.3386,0.0,7.9554,3.469
MED00046,2026-09-21,4,2.8769,2.8729,0.8866,1.125,2.446,0.0,10.8219,4.3912
MED00047,2026-09-21,4,7.0925,6.3027,8.0474,7.375,6.938,0.0,20.2468,6.9774
MED00048,2026-09-21,4,12.9303,13.3559,17.0463,17.75,14.0352,2.3684,32.6397,9.7538
MED00049,2026-09-21,4,0.1897,0.154,0.0,0.0,0.132,0.0,4.0115,2.0339
MED00050,2026-09-21,4,3.6122,3.5546,2.5918,2.625,3.3675,0.0,12.9642,5.0313
MED00051,2026-09-21,4,0.1107,0.1414,0.0,0.0,0.1011,0.0,3.8845,1.9835
MED00052,2026-09-21,4,0.4433,0.5849,0.5265,0.5,0.5279,0.0,5.4754,2.5938
MED00053,2026-09-21,4,9.8879,6.4612,7.7562,10.0,7.8349,0.0,21.9233,7.3861
MED00054,2026-09-21,4,11.0679,7.0345,9.5258,11.75,8.8607,0.0,23.7909,7.8274
MED00055,2026-09-21,4,0.943,0.6187,1.147,1.25,0.8367,0.0,6.4787,2.9579
MED00056,2026-09-21,4,0.5841,0.3434,0.9032,1.0,0.5415,0.0,5.5216,2.6109
MED00057,2026-09-21,4,0.4615,0.3764,0.115,0.125,0.347,0.0,4.8382,2.3546
MED00058,2026-09-21,4,1.8328,1.1121,0.1288,0.125,1.1283,0.0,7.3553,3.2646
MED00059,2026-09-21,4,11.4377,8.5923,10.351,11.75,9.8845,0.0232,25.6099,8.2444
MED00060,2026-09-21,4,6.7863,6.535,6.4272,7.625,6.5978,0.0,19.5987,6.816
MED00061,2026-09-21,4,0.5719,1.029,0.884,0.75,0.8537,0.0,6.5313,2.9766
MED00062,2026-09-21,4,14.7003,15.0839,12.9129,15.875,14.5063,2.652,33.41,9.9106
MED00063,2026-09-21,4,0.1465,0.1503,0.0,0.0,0.1166,0.0,3.9485,2.0089
MED00064,2026-09-21,4,25.732,23.4469,22.4504,25.375,23.9785,8.8382,48.1221,12.6578
MED00065,2026-09-21,4,59.8901,60.2712,53.7629,51.5,58.7984,35.2337,96.3762,19.7009
MED00066,2026-09-21,4,0.4361,0.4158,0.5536,0.5,0.4526,0.0,5.2153,2.497
MED00067,2026-09-21,4,2.1505,2.2006,4.043,3.875,2.5867,0.0,11.1602,4.4948
MED00068,2026-09-21,4,4.289,3.349,4.9737,6.25,4.0029,0.0,14.358,5.4289
MED00069,2026-09-21,4,2.0963,1.7538,0.9509,1.25,1.6899,0.0,8.9113,3.786
MED00070,2026-09-21,4,16.1235,13.5617,14.3002,15.625,14.5476,2.677,33.4773,9.9243
MED00071,2026-09-21,4,2.5077,2.6433,1.6607,2.125,2.3897,0.0,10.6851,4.349
MED00072,2026-09-21,4,2.8408,1.6758,2.44,3.125,2.2126,0.0,10.2498,4.2137
MED00073,2026-09-21,4,4.1093,3.8355,4.6768,6.25,4.1087,0.0,14.5848,5.4923
MED00074,2026-09-21,4,3.8812,2.9219,4.0102,5.125,3.4651,0.0,13.1822,5.0944
MED00075,2026-09-21,4,4.5962,2.3996,3.6401,4.875,3.3675,0.0,12.9642,5.0313
MED00076,2026-09-21,4,0.2033,0.0939,0.2726,0.25,0.1674,0.0,4.1542,2.0901
MED00077,2026-09-21,4,6.3773,4.1639,5.3724,7.25,5.132,0.0,16.7128,6.0715
MED00078,2026-09-21,4,4.7841,4.9568,2.8793,3.125,4.4562,0.0,15.32,5.6956
MED00079,2026-09-21,4,26.6537,30.3398,17.4566,18.0,26.406,10.5328,51.7185,13.2706
MED00080,2026-09-21,4,4.7153,3.1546,4.5074,6.125,3.9461,0.0,14.2357,5.3945
MED00081,2026-09-21,4,0.2997,0.4423,0.2702,0.25,0.3602,0.0,4.8862,2.3728
MED00082,2026-09-21,4,3.6817,4.7905,2.2236,2.75,3.8868,0.0,14.1076,5.3585
MED00083,2026-09-21,4,3.8499,3.2506,3.4019,4.375,3.4767,0.0,13.208,5.1018
MED00084,2026-09-21,4,49.9584,42.9463,42.2052,39.875,45.0513,24.3979,77.9865,17.2669
MED00085,2026-09-21,4,2.2139,1.661,3.4511,3.25,2.2264,0.0,10.284,4.2243
MED00086,2026-09-21,4,0.454,0.2979,0.0,0.0,0.2831,0.0,4.6013,2.2639
MED00087,2026-09-21,4,1.9234,1.4829,2.053,2.0,1.7477,0.0,9.0638,3.8356
MED00088,2026-09-21,4,25.4002,32.616,28.9974,28.0,29.576,12.7937,56.338,14.0306
MED00089,2026-09-21,4,18.6007,20.5605,8.4326,8.0,17.328,4.4072,37.9325,10.8023
MED00090,2026-09-21,4,3.9191,4.4886,4.2952,4.875,4.2706,0.0,14.9291,5.5879
MED00091,2026-09-21,4,2.9455,2.3887,1.9994,2.5,2.4831,0.0,10.9115,4.4188
MED00092,2026-09-21,4,1.5509,1.2701,1.5585,1.5,1.423,0.0,8.19,3.5478
MED00093,2026-09-21,4,0.2765,0.2177,0.2506,0.25,0.2437,0.0,4.452,2.2063
MED00094,2026-09-21,4,0.5474,0.4268,0.7518,0.75,0.536,0.0,5.503,2.6041
MED00095,2026-09-21,4,3.356,3.8128,4.0764,3.875,3.729,0.0,13.7642,5.2612
MED00096,2026-09-21,4,15.9574,11.1631,12.7513,13.75,13.0387,1.779,30.9943,9.4136
MED00097,2026-09-21,4,0.4594,0.5048,0.0,0.0,0.3814,0.0,4.9626,2.4018
MED00098,2026-09-21,4,9.512,8.2586,9.2693,9.625,8.8835,0.0,23.8318,7.837
MED00099,2026-09-21,4,0.308,0.3137,0.0,0.0,0.2441,0.0,4.4536,2.2069
MED00100,2026-09-21,4,0.1629,0.1121,0.1362,0.125,0.1336,0.0,4.0177,2.0364
MED00101,2026-09-21,4,5.4676,3.9153,7.8605,7.25,5.2674,0.0,16.9866,6.144
MED00102,2026-09-21,4,4.321,3.7406,3.363,3.5,3.8464,0.0,14.02,5.3337
MED00103,2026-09-21,4,3.4412,3.4712,1.037,1.0,2.9369,0.0,11.9837,4.743
MED00104,2026-09-21,4,8.6073,9.3104,9.4765,8.375,9.1329,0.0,24.2786,7.9404
MED00105,2026-09-21,4,11.9986,11.4326,9.7666,9.75,11.2619,0.767,27.9978,8.7741
MED00106,2026-09-21,4,0.1731,0.2103,0.0,0.0,0.1531,0.0,4.0966,2.0675
MED00107,2026-09-21,4,9.2181,9.1818,8.8127,8.25,9.1224,0.0,24.2599,7.9361
MED00108,2026-09-21,4,3.2709,3.5577,4.1056,3.875,3.5892,0.0,13.4573,5.1735
MED00109,2026-09-21,4,0.555,0.6794,0.0,0.0,0.4932,0.0,5.3565,2.5497
MED00110,2026-09-21,4,0.5519,0.2314,0.0,0.0,0.283,0.0,4.6011,2.2638
MED00111,2026-09-21,4,0.7748,0.731,1.1118,1.0,0.8283,0.0,6.4524,2.9486
MED00112,2026-09-21,4,3.2149,2.5252,3.8325,3.75,3.03,0.0,12.1986,4.8068
MED00113,2026-09-21,4,2.0011,1.7486,2.0415,2.0,1.8939,0.0,9.4443,3.9584
MED00114,2026-09-21,4,13.3128,10.0983,18.1268,17.875,12.8696,1.6804,30.7127,9.3546
MED00115,2026-09-21,4,2.2794,1.9574,2.0641,2.0,2.0846,0.0,9.9298,4.113
MED00116,2026-09-21,4,7.9229,8.4959,8.986,10.0,8.4291,0.0,23.0111,7.6449
MED00117,2026-09-21,4,1.9659,1.6058,0.8935,0.875,1.567,0.0,8.5829,3.6782
MED00118,2026-09-21,4,1.7321,0.6165,1.8434,1.75,1.237,0.0,7.6685,3.3718
MED00119,2026-09-21,4,2.1644,1.8896,0.7765,0.75,1.7371,0.0,9.0359,3.8265
MED00120,2026-09-21,4,12.5359,14.6069,3.5131,3.5,11.5576,0.9316,28.5026,8.8837
MED00121,2026-09-21,4,4.069,4.7516,3.6232,3.375,4.2951,0.0,14.981,5.6023
MED00122,2026-09-21,4,2.5281,1.7489,5.7837,5.625,2.8732,0.0,11.8357,4.6988
MED00123,2026-09-21,4,0.8677,0.952,0.4723,0.5,0.8222,0.0,6.4333,2.9418
MED00124,2026-09-21,4,9.0211,8.9034,8.7474,8.0,8.9158,0.0,23.8898,7.8504
MED00125,2026-09-21,4,0.234,0.1711,0.4064,0.375,0.2422,0.0,4.4464,2.2041
MED00126,2026-09-21,4,0.7274,1.1005,0.0,0.0,0.7445,0.0,6.1885,2.8541
MED00127,2026-09-21,4,2.271,1.7156,0.9574,1.125,1.7288,0.0,9.0142,3.8195
MED00128,2026-09-21,4,2.2829,2.2517,1.0062,1.0,1.9936,0.0,9.6995,4.04
MED00129,2026-09-21,4,1.9349,1.4423,0.3797,0.375,1.3693,0.0,8.0413,3.4979
MED00130,2026-09-21,4,0.1895,0.2413,0.0,0.0,0.1727,0.0,4.1753,2.0984
MED00131,2026-09-21,4,2.2378,3.2344,1.9936,2.375,2.6525,0.0,11.3168,4.5425
MED00132,2026-09-21,4,0.3555,0.5268,0.0,0.0,0.3587,0.0,4.8807,2.3708
MED00133,2026-09-21,4,0.4833,0.3734,0.6886,0.75,0.477,0.0,5.3005,2.5288
MED00134,2026-09-21,4,0.6393,0.343,0.0,0.0,0.3628,0.0,4.8957,2.3765
MED00135,2026-09-21,4,14.2673,13.0198,6.6769,6.875,12.0518,1.2102,29.3406,9.064
MED00136,2026-09-21,4,2.4847,2.2876,2.63,2.5,2.4267,0.0,10.775,4.3768
MED00137,2026-09-21,4,2.5793,2.3043,2.1018,2.0,2.3498,0.0,10.5878,4.3189
MED00138,2026-09-21,4,2.2482,2.3896,1.9943,2.0,2.2614,0.0,10.3705,4.2514
MED00139,2026-09-21,4,3.928,4.569,1.3228,1.25,3.666,0.0,13.6262,5.2218
MED00140,2026-09-21,4,1.9104,1.065,0.8914,0.875,1.2964,0.0,7.8369,3.429
MED00141,2026-09-21,4,5.7167,6.4386,4.4293,6.125,5.7802,0.0,18.0093,6.4114
MED00142,2026-09-21,4,0.438,0.4964,0.3402,0.375,0.4445,0.0,5.187,2.4864
MED00143,2026-09-21,4,1.9808,1.1705,1.7709,1.75,1.5588,0.0,8.5608,3.6709
MED00144,2026-09-21,4,7.8344,7.482,5.6437,5.375,7.2023,0.0,20.7454,7.1003
MED00145,2026-09-21,4,0.6514,0.7357,1.2197,1.125,0.8148,0.0,6.4102,2.9335
MED00146,2026-09-21,4,1.7289,1.5234,2.41,2.375,1.7824,0.0,9.1549,3.8651
MED00147,2026-09-21,4,2.0588,1.2681,1.7466,2.0,1.6239,0.0,8.7356,3.7285
MED00148,2026-09-21,4,7.2077,4.9792,6.1298,7.375,5.9403,0.0,18.3244,6.4926
MED00149,2026-09-21,4,4.9786,3.6296,6.144,5.75,4.6065,0.0,15.6338,5.7813
MED00150,2026-09-21,4,2.3405,1.2964,1.693,2.0,1.7147,0.0,8.977,3.8074
MED00151,2026-09-21,4,2.299,1.8795,1.5569,1.5,1.9443,0.0,9.5738,3.9999
MED00152,2026-09-21,4,2.4734,1.8273,2.2626,2.125,2.1284,0.0,10.0399,4.1478
MED00153,2026-09-21,4,2.4945,2.5676,0.9086,0.875,2.187,0.0,10.1861,4.1937
MED00154,2026-09-21,4,14.4266,15.5407,17.5343,18.5,15.6357,3.3434,35.2378,10.2768
MED00155,2026-09-21,4,2.1761,3.1984,2.8379,2.625,2.7993,0.0,11.6632,4.647
MED00156,2026-09-21,4,2.9972,2.7496,4.354,5.0,3.179,0.0,12.539,4.9072
MED00157,2026-09-21,4,5.8034,5.0147,6.3588,6.0,5.5614,0.0,17.5756,6.2987
MED00158,2026-09-21,4,0.3063,0.2414,0.1244,0.125,0.2368,0.0,4.4256,2.1961
MED00159,2026-09-21,4,11.785,10.4765,9.0026,8.75,10.5819,0.3949,26.8269,8.5167
MED00160,2026-09-21,4,4.5467,5.1459,4.4586,4.0,4.8119,0.0,16.059,5.8965
MED00161,2026-09-21,4,7.7107,6.5192,6.3538,6.375,6.8675,0.0,20.1131,6.9443
MED00162,2026-09-21,4,2.4968,3.0656,0.9457,0.875,2.4283,0.0,10.779,4.378
MED00163,2026-09-21,4,0.3713,0.297,0.2687,0.25,0.3147,0.0,4.7194,2.3092
MED00164,2026-09-21,4,2.3134,2.5939,1.0037,1.25,2.1625,0.0,10.125,4.1745
MED00165,2026-09-21,4,11.7397,9.7712,14.0702,13.5,11.3379,0.8091,28.1277,8.8024
MED00166,2026-09-21,4,2.4937,2.7905,1.1868,1.125,2.3512,0.0,10.5912,4.32
MED00167,2026-09-21,4,1.8612,1.1014,3.8625,3.75,1.9425,0.0,9.569,3.9984
MED00168,2026-09-21,4,2.3322,1.1207,1.5597,1.625,1.6011,0.0,8.6747,3.7085
MED00169,2026-09-21,4,1.9078,1.1358,1.353,1.375,1.4288,0.0,8.206,3.5531
MED00170,2026-09-21,4,1.9894,1.4229,2.104,2.0,1.7517,0.0,9.0743,3.839
MED00171,2026-09-21,4,2.453,1.7248,2.2121,2.125,2.0631,0.0,9.8757,4.0959
MED00172,2026-09-21,4,2.7525,1.7533,3.2941,3.75,2.4062,0.0,10.7252,4.3614
MED00173,2026-09-21,4,2.5622,2.1769,2.8049,2.875,2.4375,0.0,10.8013,4.3849
MED00174,2026-09-21,4,6.8177,6.8193,4.8693,5.375,6.4025,0.0,19.2232,6.7215
MED00175,2026-09-21,4,1.1754,1.023,0.4416,0.5,0.9462,0.0,6.8147,3.0767
MED00176,2026-09-21,4,13.2672,16.8142,11.9835,11.75,14.6584,2.7441,33.6576,9.9607
MED00177,2026-09-21,4,0.2835,0.5631,0.1242,0.125,0.3798,0.0,4.9569,2.3997
MED00178,2026-09-21,4,1.965,1.3607,2.407,2.75,1.7807,0.0,9.1502,3.8636
MED00179,2026-09-21,4,0.6396,0.3188,0.5964,0.625,0.481,0.0,5.3145,2.534
MED00180,2026-09-21,4,2.3415,2.4952,0.2628,0.25,1.9645,0.0,9.6254,4.0164
MED00181,2026-09-21,4,3.7581,3.2029,4.0035,3.625,3.5559,0.0,13.3836,5.1524
MED00182,2026-09-21,4,0.3439,0.5547,0.0,0.0,0.3681,0.0,4.9147,2.3837
MED00183,2026-09-21,4,22.8894,26.085,13.9126,15.0,22.4567,7.7946,45.8378,12.258
MED00184,2026-09-21,4,8.2369,11.9845,5.4666,4.75,9.3941,0.0,24.7438,8.0474
MED00185,2026-09-21,4,2.9359,1.4756,3.1235,4.125,2.2976,0.0,10.4597,4.2791
MED00186,2026-09-21,4,2.0885,1.5456,1.835,1.75,1.782,0.0,9.1538,3.8648
MED00187,2026-09-21,4,2.9789,2.8208,1.4023,1.625,2.5659,0.0,11.1105,4.4797
MED00188,2026-09-21,4,3.8187,3.6242,6.255,5.625,4.2604,0.0,14.9074,5.5819
MED00189,2026-09-21,4,0.1912,0.2634,0.0,0.0,0.1836,0.0,4.2184,2.1153
MED00190,2026-09-21,4,2.3755,2.7755,3.413,3.25,2.7898,0.0,11.6409,4.6404
MED00191,2026-09-21,4,12.4608,11.349,14.1952,13.0,12.3304,1.3691,29.8099,9.164
MED00192,2026-09-21,4,0.1504,0.1898,0.2717,0.25,0.1953,0.0,4.2642,2.1332
MED00193,2026-09-21,4,0.1002,0.1477,0.0,0.0,0.1007,0.0,3.883,1.9829
MED00194,2026-09-21,4,8.8322,8.5574,12.4296,11.75,9.4933,0.0,24.9197,8.0876
MED00195,2026-09-21,4,8.763,6.7382,9.901,9.375,8.0731,0.0,22.3614,7.4909
MED00196,2026-09-21,4,8.939,7.9297,6.1487,5.625,7.8711,0.0,21.99,7.4021
MED00197,2026-09-21,4,9.1916,7.2628,12.3426,11.625,8.9838,0.0,24.0118,7.8787
MED00198,2026-09-21,4,1.8028,1.3175,2.4407,2.375,1.7164,0.0,8.9813,3.8088
MED00199,2026-09-21,4,2.0906,1.3206,1.1182,1.375,1.5221,0.0,8.4613,3.638
MED00200,2026-09-21,4,2.0888,1.1994,1.5937,1.625,1.5681,0.0,8.5857,3.6792
MED00201,2026-09-21,4,9.8937,9.3496,7.7379,8.375,9.1817,0.0,24.3657,7.9605
MED00202,2026-09-21,4,2.0608,1.9423,0.3878,0.375,1.6445,0.0,8.7906,3.7465
MED00203,2026-09-21,4,3.0063,2.7442,2.6106,3.25,2.801,0.0,11.6671,4.6482
MED00204,2026-09-21,4,2.4883,2.4728,0.7749,0.75,2.1117,0.0,9.998,4.1346
MED00205,2026-09-21,4,12.3705,15.5193,9.7915,9.75,13.2937,1.9284,31.4176,9.5018
MED00206,2026-09-21,4,1.3326,1.1139,1.3118,1.5,1.2273,0.0,7.6407,3.3624
MED00207,2026-09-21,4,2.0245,1.4311,2.7646,2.75,1.91,0.0,9.4856,3.9717
MED00208,2026-09-21,4,11.9796,11.8021,11.5094,11.0,11.8066,1.0715,28.9257,8.975
MED00209,2026-09-21,4,2.6542,1.6759,4.8063,5.125,2.667,0.0,11.3513,4.5529
MED00210,2026-09-21,4,1.2892,0.5516,1.9877,2.25,1.0976,0.0,7.2655,3.2337
MED00211,2026-09-21,4,2.5803,1.8275,2.5112,2.625,2.2163,0.0,10.259,4.2165
MED00212,2026-09-21,4,2.2566,2.4148,0.2164,0.25,1.89,0.0,9.4342,3.9552
MED00213,2026-09-21,4,1.2277,2.0941,0.0,0.0,1.3671,0.0,8.0351,3.4958
MED00214,2026-09-21,4,11.0757,11.3254,14.1396,13.875,11.8682,1.1062,29.0301,8.9974
MED00215,2026-09-21,4,2.529,1.9954,2.2512,2.25,2.2221,0.0,10.2733,4.221
MED00216,2026-09-21,4,0.0899,0.1578,0.0,0.0,0.1022,0.0,3.8891,1.9854
MED00217,2026-09-21,4,0.1981,0.2049,0.2698,0.25,0.2171,0.0,4.3493,2.1664
MED00218,2026-09-21,4,5.7292,5.1947,5.9833,5.375,5.5405,0.0,17.534,6.2878
MED00219,2026-09-21,4,12.8405,9.5523,10.1144,10.5,10.7262,0.4731,27.0765,8.572
MED00220,2026-09-21,4,2.3823,1.7108,2.9953,2.875,2.2041,0.0,10.2287,4.2071
MED00221,2026-09-21,4,4.0474,4.5405,1.7135,2.25,3.7753,0.0,13.8653,5.2899
MED00222,2026-09-21,4,0.4485,0.4488,0.0,0.0,0.3518,0.0,4.8555,2.3612
MED00223,2026-09-21,4,9.5648,11.3344,4.6582,4.25,9.336,0.0,24.6405,8.0237
MED00224,2026-09-21,4,2.0014,1.6918,0.6376,0.625,1.5629,0.0,8.5717,3.6745
MED00225,2026-09-21,4,4.7213,3.9685,5.4794,5.875,4.539,0.0,15.4932,5.743
MED00226,2026-09-21,4,3.0534,1.9051,2.7812,3.625,2.4611,0.0,10.8584,4.4025
MED00227,2026-09-21,4,15.0267,14.309,18.1923,20.25,15.3935,3.1938,34.848,10.1994
MED00228,2026-09-21,4,1.9442,0.9545,2.67,3.0,1.6414,0.0,8.7825,3.7439
MED00229,2026-09-21,4,0.5734,0.8243,0.0,0.0,0.5667,0.0,5.6068,2.6424
MED00230,2026-09-21,4,12.7603,17.6424,10.3062,11.25,14.5205,2.6605,33.4331,9.9153
MED00231,2026-09-21,4,1.7191,0.6165,1.2639,1.25,1.1071,0.0,7.2935,3.2433
MED00232,2026-09-21,4,3.8055,3.65,1.1191,1.125,3.1537,0.0,12.4815,4.8903
MED00233,2026-09-21,4,0.4643,0.5138,0.5823,0.625,0.5135,0.0,5.4261,2.5756
MED00234,2026-09-21,4,1.8928,1.1959,2.1977,2.125,1.6354,0.0,8.7664,3.7386
MED00235,2026-09-21,4,73.2501,75.282,67.7481,61.625,73.0783,46.8292,114.9369,21.9452
MED00236,2026-09-21,4,2.2952,2.5093,1.9039,1.875,2.3126,0.0,10.4965,4.2906
MED00237,2026-09-21,4,5.9332,5.283,5.716,6.625,5.5883,0.0,17.6293,6.3127
MED00238,2026-09-21,4,2.1361,1.3059,1.6411,1.625,1.6431,0.0,8.7869,3.7453
MED00239,2026-09-21,4,3.9393,3.834,4.4956,4.5,4.0148,0.0,14.3836,5.4361
MED00240,2026-09-21,4,5.192,5.5545,4.8198,6.125,5.2857,0.0,17.0236,6.1538
MED00241,2026-09-21,4,2.9693,3.3408,2.5218,2.375,3.0486,0.0,12.2413,4.8194
MED00242,2026-09-21,4,10.5383,12.1515,9.4483,8.75,11.0657,0.6587,27.6614,8.7006
MED00243,2026-09-21,4,0.1352,0.1185,0.1366,0.125,0.1279,0.0,3.9946,2.0272
MED00244,2026-09-21,4,2.3829,2.0001,2.2471,2.125,2.1771,0.0,10.1614,4.1859
MED00245,2026-09-21,4,74.3536,64.7357,88.7673,79.25,73.0642,46.8176,114.9188,21.9431
MED00246,2026-09-21,4,6.5835,6.0633,6.6964,6.75,6.3716,0.0,19.1637,6.7065
MED00247,2026-09-21,4,12.1052,12.3015,13.0057,12.375,12.4044,1.4116,29.9343,9.1904
MED00248,2026-09-21,4,2.1989,2.0994,2.1187,2.5,2.1372,0.0,10.0619,4.1547
MED00249,2026-09-21,4,21.0718,24.234,31.0494,34.25,24.7348,9.3624,49.2485,12.8518
MED00250,2026-09-21,4,16.6455,10.2974,12.4005,16.125,12.7764,1.6263,30.5572,9.3219
MED00251,2026-09-21,4,1.9001,1.2603,3.0211,2.875,1.8465,0.0,9.3217,3.919
MED00252,2026-09-21,4,0.4804,0.1337,0.6941,0.75,0.3653,0.0,4.9048,2.3799
MED00253,2026-09-21,4,4.4368,4.0712,4.3537,4.0,4.2524,0.0,14.8907,5.5773
MED00254,2026-09-21,4,0.4261,0.1187,0.9248,1.0,0.3912,0.0,4.9979,2.4152
MED00255,2026-09-21,4,6.6076,6.3798,5.5485,6.625,6.278,0.0,18.9826,6.6606
MED00256,2026-09-21,4,2.3317,2.0275,1.3165,1.25,1.9717,0.0,9.6436,4.0222
MED00257,2026-09-21,4,5.5558,5.8122,6.0078,7.5,5.7792,0.0,18.0073,6.4109
MED00258,2026-09-21,4,2.3438,2.225,3.8308,3.875,2.6134,0.0,11.2238,4.5142
MED00259,2026-09-21,4,2.3688,2.0088,3.2199,3.125,2.3877,0.0,10.6803,4.3475
MED00260,2026-09-21,4,0.6009,0.4256,1.1087,1.125,0.6298,0.0,5.8168,2.7194
MED00261,2026-09-21,4,0.7789,0.8149,0.1243,0.125,0.6544,0.0,5.8976,2.7488
MED00262,2026-09-21,4,3.9032,3.1665,3.977,5.0,3.5791,0.0,13.4349,5.1671
MED00263,2026-09-21,4,3.3743,3.5739,5.677,5.375,3.9706,0.0,14.2885,5.4094
MED00264,2026-09-21,4,0.3068,0.1247,0.0,0.0,0.1555,0.0,4.1063,2.0713
MED00265,2026-09-21,4,7.8404,6.5111,10.8679,10.375,7.8844,0.0,22.0146,7.408
MED00266,2026-09-21,4,15.4824,12.2891,5.7397,6.25,11.8924,1.1199,29.0711,9.0062
MED00267,2026-09-21,4,5.5662,6.3784,3.8356,3.875,5.5755,0.0,17.6037,6.306
MED00268,2026-09-21,4,2.2914,2.2646,3.7057,3.625,2.5881,0.0,11.1635,4.4958
MED00269,2026-09-21,4,2.3967,1.9832,2.2878,2.125,2.1823,0.0,10.1745,4.1901
MED00270,2026-09-21,4,2.5286,2.1425,5.1704,4.875,2.9241,0.0,11.954,4.7341
MED00271,2026-09-21,4,2.6364,2.4582,3.7532,4.25,2.7982,0.0,11.6605,4.6462
MED00272,2026-09-21,4,4.6637,5.194,4.3671,4.875,4.8517,0.0,16.1406,5.9185
MED00273,2026-09-21,4,3.8441,3.0225,2.4654,2.625,3.1651,0.0,12.5074,4.8979
MED00274,2026-09-21,4,0.458,0.2991,0.3551,0.375,0.3619,0.0,4.8924,2.3752
MED00275,2026-09-21,4,13.1046,9.1957,12.4879,14.25,11.1584,0.7098,27.8206,8.7355
MED00276,2026-09-21,4,2.0353,1.7057,2.3967,2.25,1.9618,0.0,9.6185,4.0142
MED00277,2026-09-21,4,0.1876,0.2163,0.0,0.0,0.1605,0.0,4.1265,2.0792
MED00278,2026-09-21,4,9.5099,8.5993,11.753,11.25,9.5809,0.0,25.0748,8.123
MED00279,2026-09-21,4,20.9914,21.1351,23.8401,22.25,21.6977,7.28,44.689,12.0537
MED00280,2026-09-21,4,0.1916,0.196,0.2775,0.25,0.2125,0.0,4.3317,2.1595
MED00281,2026-09-21,4,15.2021,11.8567,15.5701,15.875,13.7348,2.1892,32.1462,9.6525
MED00282,2026-09-21,4,3.7837,3.0295,2.8296,3.25,3.2282,0.0,12.6506,4.9399
MED00283,2026-09-21,4,2.4226,2.1479,3.4091,3.625,2.5108,0.0,10.9782,4.4392
MED00284,2026-09-21,4,1.7144,1.1091,0.5026,0.625,1.1705,0.0,7.4776,3.3066
MED00285,2026-09-21,4,6.7525,5.8081,8.0341,7.375,6.5963,0.0,19.5959,6.8153
MED00286,2026-09-21,4,5.5531,3.7595,6.2025,7.0,4.862,0.0,16.1618,5.9242
MED00287,2026-09-21,4,3.5628,3.9186,3.7406,3.625,3.7711,0.0,13.8562,5.2873
MED00288,2026-09-21,4,38.6403,37.4271,35.0627,38.625,37.3361,18.5129,67.3528,15.7369
MED00289,2026-09-21,4,6.203,4.4636,6.5944,8.75,5.4819,0.0,17.417,6.2572
MED00290,2026-09-21,4,1.8837,1.0431,1.1314,1.125,1.3298,0.0,7.9308,3.4607
MED00291,2026-09-21,4,12.5367,19.5239,2.7711,3.0,13.6931,2.1645,32.0775,9.6384
MED00292,2026-09-21,4,1.773,1.9321,1.0428,1.25,1.6906,0.0,8.9133,3.7866
MED00293,2026-09-21,4,6.1127,2.9863,8.6863,9.875,5.2173,0.0,16.8855,6.1173
MED00294,2026-09-21,4,1.2085,0.749,0.7967,1.0,0.9058,0.0,6.6916,3.0333
MED00295,2026-09-21,4,0.3537,0.2247,0.0,0.0,0.2171,0.0,4.3493,2.1664
MED00296,2026-09-21,4,4.9824,3.7818,4.4073,4.5,4.3019,0.0,14.9954,5.6063
MED00297,2026-09-21,4,7.5426,5.8975,6.7078,6.625,6.6007,0.0,19.6043,6.8174
MED00298,2026-09-21,4,2.3021,1.6482,3.9649,4.0,2.3599,0.0,10.6123,4.3265
MED00299,2026-09-21,4,0.3427,0.3923,0.2538,0.25,0.3469,0.0,4.8378,2.3544
MED00300,2026-09-21,4,2.1373,1.9034,0.2547,0.25,1.6216,0.0,8.7296,3.7265
MED00301,2026-09-21,4,6.5445,6.9923,5.6469,5.625,6.5654,0.0,19.5366,6.8004
MED00302,2026-09-21,4,10.1647,9.2844,4.5891,4.375,8.5539,0.0,23.2373,7.6981
MED00303,2026-09-21,4,3.3998,2.1877,3.1433,3.625,2.7815,0.0,11.6213,4.6345
MED00304,2026-09-21,4,5.3747,5.476,3.5653,4.625,5.0347,0.0,16.5151,6.0188
MED00305,2026-09-21,4,2.1157,1.995,1.176,1.125,1.8575,0.0,9.3503,3.9282
MED00306,2026-09-21,4,0.4275,0.2607,0.0,0.0,0.2572,0.0,4.5037,2.2263
MED00307,2026-09-21,4,31.7919,23.3677,36.3568,36.375,28.8802,12.2932,55.3309,13.8673
MED00308,2026-09-21,4,0.7768,0.5909,0.4796,0.5,0.6263,0.0,5.8051,2.7151
MED00309,2026-09-21,4,4.0586,3.855,1.7688,2.25,3.4707,0.0,13.1947,5.098
MED00310,2026-09-21,4,4.0138,3.7493,2.6688,3.25,3.6024,0.0,13.4864,5.1819
MED00311,2026-09-21,4,4.0742,3.7064,3.8654,4.375,3.8612,0.0,14.0521,5.3428
MED00312,2026-09-21,4,0.4042,0.2372,0.3483,0.375,0.3145,0.0,4.7186,2.3089
MED00313,2026-09-21,4,0.4772,0.225,1.8103,1.75,0.6492,0.0,5.8804,2.7426
MED00314,2026-09-21,4,9.245,9.6491,8.6091,8.75,9.305,0.0,24.5853,8.011
MED00315,2026-09-21,4,10.3383,10.5188,11.6942,11.25,10.7272,0.4736,27.0782,8.5724
MED00316,2026-09-21,4,3.2112,2.7341,2.6702,2.625,2.8742,0.0,11.8381,4.6995
MED00317,2026-09-21,4,2.4777,1.8116,2.9028,2.875,2.2614,0.0,10.3705,4.2514
MED00318,2026-09-21,4,3.195,2.5848,3.8062,5.0,3.0459,0.0,12.2349,4.8175
MED00319,2026-09-21,4,11.8916,11.8148,12.2041,11.0,11.9354,1.1442,29.1438,9.0218
MED00320,2026-09-21,4,7.2492,5.3092,3.2803,3.75,5.4892,0.0,17.4317,6.2611
MED00321,2026-09-21,4,0.6343,0.9921,3.8697,3.75,1.5041,0.0,8.4123,3.6218
MED00322,2026-09-21,4,0.1863,0.219,0.0,0.0,0.1613,0.0,4.1298,2.0806
MED00323,2026-09-21,4,1.0481,0.5482,2.2986,2.5,1.087,0.0,7.2346,3.223
MED00324,2026-09-21,4,1.466,1.0832,1.634,2.0,1.3251,0.0,7.9178,3.4563
MED00325,2026-09-21,4,8.518,8.3108,5.9932,5.75,7.8819,0.0,22.0099,7.4069
MED00326,2026-09-21,4,10.1489,11.4031,8.9454,8.5,10.4836,0.3419,26.6563,8.4789
MED00327,2026-09-21,4,3.3475,4.1912,2.386,2.25,3.5362,0.0,13.3401,5.1399
MED00328,2026-09-21,4,4.8227,4.2699,5.5514,5.625,4.7275,0.0,15.8848,5.8494
MED00329,2026-09-21,4,11.7199,11.9807,12.4941,11.625,12.0214,1.1929,29.2892,9.053
MED00330,2026-09-21,4,5.1535,3.9298,6.0559,6.125,4.783,0.0,15.9993,5.8804
MED00331,2026-09-21,4,1.9611,1.2384,2.5429,2.375,1.7518,0.0,9.0746,3.8391
MED00332,2026-09-21,4,3.2148,3.5315,3.1145,2.875,3.3441,0.0,12.9118,5.0161
MED00333,2026-09-21,4,3.0527,2.6715,6.1882,6.25,3.5581,0.0,13.3885,5.1538
MED00334,2026-09-21,4,10.2524,13.1156,4.0358,4.375,10.2507,0.2171,26.2511,8.3885
MED00335,2026-09-21,4,6.9151,5.9316,6.6941,6.5,6.4148,0.0,19.2469,6.7275
MED00336,2026-09-21,4,13.8188,10.1689,12.5786,11.25,11.859,1.101,29.0144,8.9941
MED00337,2026-09-21,4,64.258,58.655,63.3627,60.25,61.5114,37.4137,99.9392,20.1466
MED00338,2026-09-21,4,9.4165,14.1193,1.2499,1.25,9.85,0.0051,25.5493,8.2307
MED00339,2026-09-21,4,1.892,1.8348,0.2999,0.375,1.5217,0.0,8.4602,3.6377
MED00340,2026-09-21,4,1.7945,2.4501,0.2328,0.25,1.7636,0.0,9.1054,3.8491
MED00341,2026-09-21,4,6.553,6.5131,7.8004,8.375,6.8116,0.0,20.0068,6.9179
MED00342,2026-09-21,4,2.2954,1.9052,1.4677,1.375,1.9359,0.0,9.552,3.9929
MED00343,2026-09-21,4,11.0061,9.3304,11.8858,11.625,10.4254,0.3106,26.5552,8.4564
MED00344,2026-09-21,4,5.0376,5.1998,5.1971,5.625,5.153,0.0,16.7554,6.0828
MED00345,2026-09-21,4,0.1927,0.1531,0.0,0.0,0.1326,0.0,4.0138,2.0348
MED00346,2026-09-21,4,3.7064,3.9647,2.1289,2.0,3.4884,0.0,13.234,5.1093
MED00347,2026-09-21,4,0.1693,0.2071,0.0,0.0,0.1504,0.0,4.0858,2.0632
MED00348,2026-09-21,4,1.9321,1.1845,1.4361,1.375,1.4773,0.0,8.3392,3.5975
MED00349,2026-09-21,4,2.5411,2.2192,2.0361,2.0,2.2837,0.0,10.4255,4.2685
MED00350,2026-09-21,4,1.0807,1.8922,2.5957,2.5,1.7895,0.0,9.1733,3.8711
MED00351,2026-09-21,4,0.6446,0.6615,0.0,0.0,0.5133,0.0,5.4255,2.5753
MED00352,2026-09-21,4,0.2117,0.3311,0.0,0.0,0.2218,0.0,4.3676,2.1735
MED00353,2026-09-21,4,0.7935,0.344,0.0,0.0,0.4122,0.0,5.0729,2.4435
MED00354,2026-09-21,4,0.8322,1.1815,1.285,1.25,1.0944,0.0,7.2562,3.2305
MED00355,2026-09-21,4,12.8215,10.2486,10.0334,11.5,11.0277,0.6378,27.5962,8.6864
MED00356,2026-09-21,4,2.1043,1.8013,2.0326,1.875,1.9493,0.0,9.5865,4.004
MED00357,2026-09-21,4,0.236,0.1301,0.2755,0.25,0.1954,0.0,4.2646,2.1334
MED00358,2026-09-21,4,6.2827,7.2084,2.9002,3.375,5.9873,0.0,18.4164,6.5162
MED00359,2026-09-21,4,2.5004,2.0854,1.5969,1.5,2.1131,0.0,10.0014,4.1356
MED00360,2026-09-21,4,2.8983,1.8062,3.4753,3.875,2.5164,0.0,10.9916,4.4433
MED00361,2026-09-21,4,2.359,2.0214,4.9738,4.875,2.7711,0.0,11.5969,4.6271
MED00362,2026-09-21,4,2.5254,2.1128,4.8363,4.875,2.8367,0.0,11.7507,4.6733
MED00363,2026-09-21,4,1.8133,1.2934,2.541,2.5,1.7302,0.0,9.0178,3.8207
MED00364,2026-09-21,4,0.1633,0.2556,0.0,0.0,0.1711,0.0,4.1688,2.0959
MED00365,2026-09-21,4,2.4174,1.8987,2.2079,2.125,2.1321,0.0,10.0492,4.1507
MED00366,2026-09-21,4,10.5526,10.3949,11.9979,11.25,10.8031,0.5149,27.2094,8.6013
MED00367,2026-09-21,4,2.573,2.392,1.6356,1.625,2.2876,0.0,10.4352,4.2715
MED00368,2026-09-21,4,3.1589,2.7504,5.3251,5.0,3.4413,0.0,13.1293,5.0791
MED00369,2026-09-21,4,5.0673,4.5444,4.2156,5.0,4.6433,0.0,15.7104,5.8021
MED00370,2026-09-21,4,0.48,0.1671,0.0,0.0,0.2302,0.0,4.4002,2.1862
MED00371,2026-09-21,4,20.6422,11.2993,13.7012,14.0,14.7935,2.8263,33.8773,10.005
MED00372,2026-09-21,4,0.2059,0.1137,0.1364,0.125,0.148,0.0,4.076,2.0594
MED00373,2026-09-21,4,0.6189,0.5664,0.9405,0.875,0.6648,0.0,5.9315,2.7612
MED00374,2026-09-21,4,2.1458,1.7133,2.4559,2.75,2.0133,0.0,9.7495,4.0559
MED00375,2026-09-21,4,16.4719,17.0354,13.6221,13.5,16.1331,3.6527,36.0351,10.434
MED00376,2026-09-21,4,2.382,1.5882,2.0697,2.0,1.9459,0.0,9.5777,4.0011
MED00377,2026-09-21,4,0.4806,0.6893,0.8731,0.875,0.6637,0.0,5.9279,2.7599
MED00378,2026-09-21,4,2.5593,2.6843,2.3354,2.125,2.5717,0.0,11.1242,4.4839
MED00379,2026-09-21,4,0.596,0.7372,2.5824,2.5,1.0936,0.0,7.2539,3.2297
MED00380,2026-09-21,4,0.6825,0.2858,0.0,0.0,0.3498,0.0,4.8484,2.3585
MED00381,2026-09-21,4,1.3269,2.3431,1.3134,1.25,1.7999,0.0,9.2004,3.8799
MED00382,2026-09-21,4,2.6335,2.3307,3.3495,3.75,2.6501,0.0,11.3111,4.5407
MED00383,2026-09-21,4,7.9332,9.632,6.4969,5.75,8.4228,0.0,22.9995,7.6421
MED00384,2026-09-21,4,2.2058,1.9278,2.3304,2.125,2.1052,0.0,9.9817,4.1294
MED00385,2026-09-21,4,19.6556,20.5238,19.3458,20.25,20.0135,6.1536,42.1154,11.5874
MED00386,2026-09-21,4,15.2873,13.6434,13.6017,14.125,14.1691,2.4487,32.8592,9.7987
MED00387,2026-09-21,4,21.1178,20.0726,23.4582,22.5,21.1587,6.9172,43.8691,11.9064
MED00388,2026-09-21,4,81.1151,112.5444,85.8181,84.125,96.8943,66.6943,145.0532,25.2483
MED00389,2026-09-21,4,14.0596,10.6241,8.6805,11.25,11.302,0.7892,28.0664,8.7891
MED00390,2026-09-21,4,26.1685,23.2091,26.6877,34.25,24.9253,9.495,49.5314,12.9003
MED00391,2026-09-21,4,23.0468,18.3874,21.4051,24.875,20.5377,6.5018,42.9202,11.7345
MED00392,2026-09-21,4,21.7396,18.342,20.4966,22.625,19.9049,6.0818,41.9483,11.5567
MED00393,2026-09-21,4,14.9927,14.4535,9.404,10.125,13.5432,2.0756,31.8302,9.5873
MED00394,2026-09-21,4,15.0008,15.5461,14.292,16.25,15.1167,3.0237,34.401,10.1102
MED00395,2026-09-21,4,19.2097,19.6642,16.7136,18.375,18.8995,5.4212,40.393,11.2684
MED00396,2026-09-21,4,55.9176,52.5181,52.6361,46.75,53.6739,31.1504,89.5913,18.8304
MED00397,2026-09-21,4,50.2326,52.8593,50.4616,48.125,51.5592,29.4797,86.7686,18.4592
MED00398,2026-09-21,4,106.2395,113.5212,119.4738,128.0,112.6181,80.0715,164.5192,27.2102
MED00399,2026-09-21,4,92.0545,122.2223,109.0024,115.75,109.9126,77.7575,161.1892,26.8828
MED00400,2026-09-21,4,73.8586,70.1542,69.425,69.875,71.2404,45.3212,112.573,21.6694
MED00401,2026-09-21,4,22.5,15.5586,14.1135,20.875,17.461,4.492,38.1422,10.8425
MED00402,2026-09-21,4,27.91,22.0056,22.0921,29.875,23.9181,8.7965,48.0319,12.6422
MED00403,2026-09-21,4,12.5428,14.2758,8.7533,9.125,12.5423,1.4909,30.1656,9.2394
MED00404,2026-09-21,4,6.1648,5.2486,6.2721,6.125,5.7664,0.0,17.982,6.4043
MED00405,2026-09-21,4,8.5073,9.1444,7.3138,7.375,8.5544,0.0,23.2382,7.6983
MED00406,2026-09-21,4,23.0863,23.417,25.3992,26.75,23.7657,8.6915,47.8042,12.6027
MED00407,2026-09-21,4,27.2702,23.9185,23.8737,30.5,24.9952,9.5438,49.6351,12.918
MED00408,2026-09-21,4,11.8829,7.9313,8.6396,11.25,9.3456,0.0,24.6576,8.0276
MED00409,2026-09-21,4,13.6086,12.5754,8.7585,10.875,12.0872,1.2303,29.4003,9.0768
MED00410,2026-09-21,4,14.1706,9.8993,10.6563,14.0,11.4275,0.8589,28.2807,8.8357
MED00411,2026-09-21,4,21.7941,22.7477,22.9799,26.125,22.5185,7.8368,45.9311,12.2745
MED00412,2026-09-21,4,13.8047,12.7354,11.6163,14.0,12.8443,1.6657,30.6704,9.3457
MED00413,2026-09-21,4,15.519,13.8709,11.5489,12.875,13.9034,2.2896,32.4234,9.7095
MED00414,2026-09-21,4,21.892,21.0172,20.2222,24.125,21.143,6.9067,43.8453,11.9021
MED00415,2026-09-21,4,14.3127,12.2661,12.6171,15.75,13.0033,1.7583,30.9354,9.4012
MED00416,2026-09-21,4,21.6355,22.9084,20.581,23.75,22.0227,7.4999,45.1818,12.1416
MED00417,2026-09-21,4,8.6086,8.7865,7.2147,7.5,8.3978,0.0,22.9541,7.6314
MED00418,2026-09-21,4,8.4708,6.2096,8.1414,9.375,7.3518,0.0,21.0258,7.1689
MED00419,2026-09-21,4,10.1892,8.9242,9.7128,10.125,9.5052,0.0,24.9409,8.0924
MED00420,2026-09-21,4,30.2863,25.7882,23.056,30.625,26.647,10.7029,52.0726,13.3299
MED00421,2026-09-21,4,30.2473,20.9463,25.1478,34.125,24.8274,9.4269,49.3861,12.8754
MED00422,2026-09-21,4,22.3731,19.7528,20.9208,23.375,20.8567,6.7148,43.4082,11.8231
MED00423,2026-09-21,4,13.9252,13.7337,10.4872,11.25,13.1036,1.8169,31.1022,9.4361
MED00424,2026-09-21,4,64.6137,89.3979,100.2544,118.875,83.9866,55.8589,128.8408,23.5158
MED00001,2026-09-28,5,13.6643,9.1748,11.6116,15.125,11.136,0.722,28.3469,9.091
MED00002,2026-09-28,5,0.1008,0.1094,0.1364,0.125,0.1126,0.0,4.0618,2.086
MED00003,2026-09-28,5,0.299,0.5244,0.0,0.0,0.3397,0.0,4.963,2.4421
MED00004,2026-09-28,5,0.6791,0.6915,1.815,1.75,0.932,0.0,6.9699,3.1892
MED00005,2026-09-28,5,2.2315,3.4863,1.96,1.875,2.7608,0.0,11.8718,4.8125
MED00006,2026-09-28,5,1.7452,1.0471,0.2684,0.25,1.1004,0.0,7.4835,3.3716
MED00007,2026-09-28,5,3.619,3.5214,2.9971,2.75,3.4421,0.0,13.4598,5.2914
MED00008,2026-09-28,5,0.656,0.5387,1.4362,1.375,0.7712,0.0,6.4599,3.0048
MED00009,2026-09-28,5,3.3801,3.7961,3.4913,3.875,3.6019,0.0,13.8205,5.3976
MED00010,2026-09-28,5,4.1347,3.6934,4.477,4.125,4.007,0.0,14.7185,5.6579
MED00011,2026-09-28,5,27.8924,22.3053,23.625,24.875,24.3851,9.1556,49.5545,13.2947
MED00012,2026-09-28,5,2.2159,2.8122,0.3869,0.375,2.0997,0.0,10.2349,4.2971
MED00013,2026-09-28,5,4.0132,4.0848,6.7279,6.375,4.6398,0.0,16.0784,6.042
MED00014,2026-09-28,5,16.3083,14.4827,27.8461,28.0,17.9758,4.8533,39.6631,11.4554
MED00015,2026-09-28,5,0.535,0.3578,0.9776,0.875,0.5488,0.0,5.716,2.7294
MED00016,2026-09-28,5,2.0412,1.676,4.8889,4.75,2.4907,0.0,11.2161,4.6089
MED00017,2026-09-28,5,1.8565,1.8,2.4352,2.375,1.9576,0.0,9.8672,4.1779
MED00018,2026-09-28,5,72.9314,67.6079,80.5934,87.75,72.1809,46.1538,115.1954,22.7206
MED00019,2026-09-28,5,46.8863,39.6758,43.3573,49.375,42.8001,22.7111,76.001,17.537
MED00020,2026-09-28,5,11.2625,12.2602,15.7147,14.875,12.7058,1.6116,31.0411,9.6849
MED00021,2026-09-28,5,3.9095,3.5839,3.2362,4.5,3.6152,0.0,13.8506,5.4064
MED00022,2026-09-28,5,2.356,1.4025,2.5586,3.375,1.957,0.0,9.8658,4.1775
MED00023,2026-09-28,5,1.2185,0.9248,0.2122,0.25,0.8642,0.0,6.7572,3.1128
MED00024,2026-09-28,5,2.8472,2.873,2.2228,2.875,2.7266,0.0,11.7897,4.7872
MED00025,2026-09-28,5,0.0983,0.1086,0.0,0.0,0.0819,0.0,3.9306,2.0329
MED00026,2026-09-28,5,0.3189,0.3326,0.1239,0.125,0.2833,0.0,4.7488,2.3587
MED00027,2026-09-28,5,0.1886,0.1252,0.0,0.0,0.1183,0.0,4.0856,2.0956
MED00028,2026-09-28,5,0.5315,0.6029,0.564,0.5,0.5724,0.0,5.7974,2.7599
MED00029,2026-09-28,5,12.3327,11.8732,14.8066,17.375,12.6673,1.5892,30.9758,9.6707
MED00030,2026-09-28,5,3.9726,3.503,4.4684,5.5,3.8648,0.0,14.406,5.5679
MED00031,2026-09-28,5,3.0611,3.4198,2.7811,3.25,3.1709,0.0,12.8379,5.1062
MED00032,2026-09-28,5,2.3263,1.6118,2.2913,2.75,1.9874,0.0,9.9448,4.2032
MED00033,2026-09-28,5,1.0013,1.7506,1.9658,1.875,1.5615,0.0,8.8059,3.8265
MED00034,2026-09-28,5,22.0534,21.7721,23.3921,25.0,22.2346,7.678,46.2919,12.7073
MED00035,2026-09-28,5,0.4243,0.2071,0.3443,0.375,0.306,0.0,4.8356,2.3926
MED00036,2026-09-28,5,1.6784,1.4245,2.2261,2.25,1.6803,0.0,9.1305,3.9353
MED00037,2026-09-28,5,3.8965,3.4147,5.3541,5.5,3.9917,0.0,14.6849,5.6483
MED00038,2026-09-28,5,13.2258,10.8309,14.4662,20.0,12.3898,1.4291,30.5043,9.5683
MED00039,2026-09-28,5,1.1301,1.2944,1.2339,1.25,1.2305,0.0,7.8678,3.5059
MED00040,2026-09-28,5,0.5345,0.4872,0.9883,1.0,0.6114,0.0,5.9305,2.8096
MED00041,2026-09-28,5,0.5642,0.4415,0.116,0.125,0.4102,0.0,5.2239,2.5426
MED00042,2026-09-28,5,4.0496,3.5013,1.8573,2.0,3.3219,0.0,13.1856,5.2101
MED00043,2026-09-28,5,0.4304,0.4112,0.5244,0.5,0.4422,0.0,5.3399,2.587
MED00044,2026-09-28,5,1.9729,1.7153,0.9498,1.25,1.6326,0.0,9.0007,3.8919
MED00045,2026-09-28,5,1.7733,1.5751,0.1259,0.125,1.3251,0.0,8.1413,3.6004
MED00046,2026-09-28,5,2.5033,2.2582,0.8563,1.125,2.034,0.0,10.0656,4.2424
MED00047,2026-09-28,5,5.4456,6.1417,7.9965,7.375,6.3297,0.0,19.5154,6.9648
MED00048,2026-09-28,5,12.3705,14.5035,16.874,17.75,14.3562,2.5891,33.8035,10.2722
MED00049,2026-09-28,5,0.1702,0.1171,0.0,0.0,0.1086,0.0,4.0449,2.0792
MED00050,2026-09-28,5,2.9779,3.3848,2.5874,2.625,3.0862,0.0,12.6409,5.0469
MED00051,2026-09-28,5,0.1281,0.1192,0.0,0.0,0.0963,0.0,3.9924,2.058
MED00052,2026-09-28,5,0.4554,0.5239,0.5253,0.5,0.503,0.0,5.5562,2.6691
MED00053,2026-09-28,5,6.0016,6.3295,7.2834,10.0,6.4389,0.0,19.7296,7.0203
MED00054,2026-09-28,5,6.7529,6.7539,8.9642,11.75,7.24,0.0,21.2769,7.4145
MED00055,2026-09-28,5,0.8686,0.84,1.154,1.25,0.918,0.0,6.9262,3.1736
MED00056,2026-09-28,5,0.591,0.4427,0.9033,1.0,0.5901,0.0,5.8581,2.7826
MED00057,2026-09-28,5,0.4649,0.3425,0.1153,0.125,0.3323,0.0,4.9355,2.4314
MED00058,2026-09-28,5,1.7459,1.1476,0.1286,0.125,1.1173,0.0,7.5338,3.3893
MED00059,2026-09-28,5,8.1659,6.8299,10.2247,11.75,7.9969,0.0,22.7043,7.7686
MED00060,2026-09-28,5,5.8153,4.1042,6.2038,7.625,5.1063,0.0,17.0529,6.3103
MED00061,2026-09-28,5,0.6007,0.8348,0.8877,0.75,0.7729,0.0,6.4653,3.0068
MED00062,2026-09-28,5,13.2736,9.3251,12.412,15.875,11.2559,0.7884,28.5554,9.1377
MED00063,2026-09-28,5,0.1403,0.1217,0.0,0.0,0.1013,0.0,4.0138,2.0666
MED00064,2026-09-28,5,25.3902,26.5647,22.4654,25.375,25.3294,9.8137,50.972,13.5446
MED00065,2026-09-28,5,59.1029,57.8073,53.6754,51.5,57.3792,34.1531,95.7646,20.2755
MED00066,2026-09-28,5,0.4691,0.3592,0.5532,0.5,0.4365,0.0,5.3191,2.5791
MED00067,2026-09-28,5,2.0299,2.7152,4.0291,3.875,2.7858,0.0,11.9316,4.8309
MED00068,2026-09-28,5,3.2053,2.7563,4.7951,6.25,3.3438,0.0,13.2359,5.2251
MED00069,2026-09-28,5,1.8514,1.375,0.9158,1.25,1.4278,0.0,8.4331,3.7003
MED00070,2026-09-28,5,11.9198,11.6954,13.9394,15.625,12.2651,1.3576,30.2919,9.5219
MED00071,2026-09-28,5,2.1103,1.9334,1.6025,2.125,1.9196,0.0,9.768,4.1456
MED00072,2026-09-28,5,2.1763,1.5581,2.3537,3.125,1.9283,0.0,9.7906,4.153
MED00073,2026-09-28,5,3.1409,2.8446,4.4992,6.25,3.3004,0.0,13.1365,5.1955
MED00074,2026-09-28,5,2.8262,2.5654,3.8728,5.125,2.9343,0.0,12.2847,4.9389
MED00075,2026-09-28,5,3.2074,2.272,3.502,4.875,2.8377,0.0,12.0554,4.8689
MED00076,2026-09-28,5,0.2234,0.0947,0.2726,0.25,0.1742,0.0,4.3171,2.1883
MED00077,2026-09-28,5,3.8802,3.0548,5.1737,7.25,3.7793,0.0,14.2167,5.5131
MED00078,2026-09-28,5,3.4396,4.2349,2.7947,3.125,3.6745,0.0,13.9832,5.4452
MED00079,2026-09-28,5,26.8687,30.8557,17.3267,18.0,26.6869,10.7686,52.9946,13.896
MED00080,2026-09-28,5,3.2302,2.2061,4.329,6.125,2.9936,0.0,12.4243,4.9814
MED00081,2026-09-28,5,0.3159,0.4108,0.2699,0.25,0.3506,0.0,5.0038,2.4579
MED00082,2026-09-28,5,2.8884,3.5585,2.1454,2.75,3.043,0.0,12.54,5.0164
MED00083,2026-09-28,5,3.0777,2.7159,3.2849,4.375,2.9568,0.0,12.3375,4.955
MED00084,2026-09-28,5,49.0079,45.1074,42.7758,39.875,45.883,25.0911,80.2454,18.1506
MED00085,2026-09-28,5,2.0718,1.773,3.4326,3.25,2.2296,0.0,10.5656,4.4031
MED00086,2026-09-28,5,0.4043,0.2702,0.0,0.0,0.2544,0.0,4.6365,2.3147
MED00087,2026-09-28,5,1.8213,1.5408,2.049,2.0,1.7415,0.0,9.2956,3.9901
MED00088,2026-09-28,5,26.6542,29.1769,29.2654,28.0,28.4256,12.0062,55.5616,14.3335
MED00089,2026-09-28,5,19.8073,18.8901,8.5134,8.0,16.948,4.1957,38.0235,11.1323
MED00090,2026-09-28,5,2.5958,3.4503,4.186,4.875,3.3425,0.0,13.2329,5.2242
MED00091,2026-09-28,5,2.1432,1.8662,1.9289,2.5,1.9694,0.0,9.8982,4.188
MED00092,2026-09-28,5,1.5192,1.4304,1.5526,1.5,1.4865,0.0,8.5977,3.7562
MED00093,2026-09-28,5,0.2709,0.1718,0.2529,0.25,0.221,0.0,4.5053,2.263
MED00094,2026-09-28,5,0.5569,0.4453,0.7591,0.75,0.5492,0.0,5.7174,2.7299
MED00095,2026-09-28,5,2.9625,3.5395,4.0524,3.875,3.4714,0.0,13.5263,5.3111
MED00096,2026-09-28,5,14.1572,10.0419,12.6451,13.75,11.9214,1.1617,29.7038,9.3928
MED00097,2026-09-28,5,0.4386,0.5706,0.0,0.0,0.4055,0.0,5.2067,2.536
MED00098,2026-09-28,5,8.0459,8.0963,9.2027,9.625,8.3285,0.0,23.3201,7.9187
MED00099,2026-09-28,5,0.2162,0.2623,0.0,0.0,0.191,0.0,4.3853,2.2154
MED00100,2026-09-28,5,0.1818,0.0925,0.1362,0.125,0.1304,0.0,4.1364,2.116
MED00101,2026-09-28,5,4.5607,4.6267,7.8318,7.25,5.3059,0.0,17.4632,6.4216
MED00102,2026-09-28,5,3.995,3.2394,3.3666,3.5,3.5098,0.0,13.6131,5.3367
MED00103,2026-09-28,5,2.982,3.3546,1.0362,1.0,2.7368,0.0,11.8141,4.7947
MED00104,2026-09-28,5,7.3241,9.0948,9.4703,8.375,8.6241,0.0,23.8646,8.0502
MED00105,2026-09-28,5,11.3666,13.2334,9.7778,9.75,11.905,1.1524,29.6756,9.3866
MED00106,2026-09-28,5,0.1599,0.1692,0.0,0.0,0.1297,0.0,4.1336,2.1149
MED00107,2026-09-28,5,7.8193,10.1608,8.7792,8.25,9.1289,0.0,24.7853,8.2699
MED00108,2026-09-28,5,2.8769,3.0214,4.0959,3.875,3.2118,0.0,12.9325,5.1345
MED00109,2026-09-28,5,0.4834,0.6374,0.0,0.0,0.4509,0.0,5.371,2.5988
MED00110,2026-09-28,5,0.4105,0.2403,0.0,0.0,0.2424,0.0,4.5897,2.2963
MED00111,2026-09-28,5,0.6831,0.671,1.1114,1.0,0.7711,0.0,6.4596,3.0047
MED00112,2026-09-28,5,2.7451,2.9544,3.8238,3.75,3.0797,0.0,12.6257,5.0423
MED00113,2026-09-28,5,1.8875,1.4965,2.0275,2.0,1.7372,0.0,9.2838,3.9862
MED00114,2026-09-28,5,12.7275,12.2885,18.1343,17.875,13.7085,2.2008,32.7271,10.0458
MED00115,2026-09-28,5,2.0576,2.1462,2.0585,2.0,2.1012,0.0,10.2388,4.2983
MED00116,2026-09-28,5,8.7722,8.7767,9.0191,10.0,8.8366,0.0,24.2536,8.1434
MED00117,2026-09-28,5,1.8306,1.9127,0.8943,0.875,1.6676,0.0,9.0959,3.9237
MED00118,2026-09-28,5,1.6947,0.9242,1.8372,1.75,1.3675,0.0,8.2625,3.642
MED00119,2026-09-28,5,2.0276,1.8955,0.7753,0.75,1.6962,0.0,9.1735,3.9495
MED00120,2026-09-28,5,13.1033,12.9203,3.5359,3.5,10.9548,0.6222,28.0313,9.02
MED00121,2026-09-28,5,3.3709,4.8147,3.6326,3.375,4.1053,0.0,14.9329,5.7192
MED00122,2026-09-28,5,2.3538,2.2133,5.7378,5.625,3.0249,0.0,12.4976,5.0036
MED00123,2026-09-28,5,0.9503,0.7463,0.4677,0.5,0.7512,0.0,6.3951,2.9811
MED00124,2026-09-28,5,7.6239,8.6324,8.7399,8.0,8.3447,0.0,23.35,7.926
MED00125,2026-09-28,5,0.2482,0.1773,0.4065,0.375,0.2497,0.0,4.6183,2.3075
MED00126,2026-09-28,5,0.6566,1.0836,0.0,0.0,0.7142,0.0,6.2738,2.9366
MED00127,2026-09-28,5,2.2268,1.7117,0.9413,1.125,1.7095,0.0,9.2093,3.9615
MED00128,2026-09-28,5,2.0604,2.256,1.0024,1.0,1.9242,0.0,9.78,4.1495
MED00129,2026-09-28,5,1.7439,1.5394,0.379,0.375,1.354,0.0,8.224,3.6288
MED00130,2026-09-28,5,0.1727,0.1926,0.0,0.0,0.1447,0.0,4.1959,2.1399
MED00131,2026-09-28,5,2.148,2.3192,1.9272,2.375,2.1822,0.0,10.4454,4.3647
MED00132,2026-09-28,5,0.5688,0.4162,0.0,0.0,0.3747,0.0,5.0935,2.4925
MED00133,2026-09-28,5,0.6463,0.335,0.6809,0.75,0.5091,0.0,5.5774,2.6771
MED00134,2026-09-28,5,0.4348,0.3364,0.0,0.0,0.2949,0.0,4.7934,2.3761
MED00135,2026-09-28,5,15.7894,14.7877,6.7186,6.875,13.3691,1.9996,32.1591,9.9251
MED00136,2026-09-28,5,1.8207,2.2536,2.6331,2.5,2.201,0.0,10.493,4.38
MED00137,2026-09-28,5,2.4373,2.2087,2.1146,2.0,2.2629,0.0,10.6496,4.4299
MED00138,2026-09-28,5,2.0625,2.3145,1.9867,2.0,2.1658,0.0,10.4037,4.3514
MED00139,2026-09-28,5,3.5097,5.0163,1.3242,1.25,3.7425,0.0,14.1349,5.4894
MED00140,2026-09-28,5,1.8415,1.3006,0.8892,0.875,1.3841,0.0,8.3096,3.6581
MED00141,2026-09-28,5,4.3422,4.0218,4.2607,6.125,4.1793,0.0,15.0935,5.765
MED00142,2026-09-28,5,0.4366,0.5963,0.3408,0.375,0.4908,0.0,5.5132,2.6528
MED00143,2026-09-28,5,1.8608,1.1241,1.7597,1.75,1.4967,0.0,8.6261,3.7658
MED00144,2026-09-28,5,6.2099,7.7748,5.6252,5.375,6.8201,0.0,20.471,7.2105
MED00145,2026-09-28,5,0.6625,0.6458,1.2209,1.125,0.7765,0.0,6.4772,3.0111
MED00146,2026-09-28,5,1.5887,1.6147,2.4086,2.375,1.7803,0.0,9.3995,4.0245
MED00147,2026-09-28,5,2.0177,0.9606,1.6871,2.0,1.4543,0.0,8.5077,3.7257
MED00148,2026-09-28,5,6.0136,3.6835,5.9342,7.375,4.9143,0.0,16.6544,6.2013
MED00149,2026-09-28,5,4.1562,4.4018,6.1298,5.75,4.7033,0.0,16.2126,6.0793
MED00150,2026-09-28,5,1.5962,1.4703,1.6483,2.0,1.5503,0.0,8.7749,3.8161
MED00151,2026-09-28,5,2.0884,1.9913,1.5504,1.5,1.9284,0.0,9.7909,4.1531
MED00152,2026-09-28,5,2.2093,2.0311,2.261,2.125,2.1395,0.0,10.3368,4.3299
MED00153,2026-09-28,5,2.2535,2.6533,0.9057,0.875,2.15,0.0,10.3635,4.3384
MED00154,2026-09-28,5,14.6105,14.8093,17.662,18.5,15.3801,3.2143,35.4864,10.6203
MED00155,2026-09-28,5,1.9859,2.6587,2.8275,2.625,2.4847,0.0,11.2015,4.6043
MED00156,2026-09-28,5,2.5246,2.0982,4.2082,5.0,2.6933,0.0,11.7096,4.7625
MED00157,2026-09-28,5,4.5746,5.4218,6.3468,6.0,5.3594,0.0,17.5726,6.4511
MED00158,2026-09-28,5,0.2603,0.2134,0.1255,0.125,0.2094,0.0,4.4591,2.2447
MED00159,2026-09-28,5,12.0614,10.5303,9.0728,8.75,10.7099,0.4884,27.6029,8.923
MED00160,2026-09-28,5,3.675,5.9062,4.4436,4.0,4.8874,0.0,16.5985,6.1859
MED00161,2026-09-28,5,6.1099,8.1199,6.297,6.375,7.0953,0.0,21.0004,7.3448
MED00162,2026-09-28,5,2.2349,2.9836,0.9446,0.875,2.3068,0.0,10.7597,4.4649
MED00163,2026-09-28,5,0.3491,0.2757,0.2689,0.25,0.2978,0.0,4.8043,2.3804
MED00164,2026-09-28,5,2.0944,1.6149,0.9691,1.25,1.6284,0.0,8.9892,3.8881
MED00165,2026-09-28,5,11.2366,11.3917,13.6425,13.5,11.8423,1.1169,29.568,9.3629
MED00166,2026-09-28,5,2.2242,2.8137,1.186,1.125,2.2764,0.0,10.6835,4.4407
MED00167,2026-09-28,5,1.7977,1.1953,3.8408,3.75,1.9615,0.0,9.8776,4.1813
MED00168,2026-09-28,5,2.1269,1.4013,1.552,1.625,1.6654,0.0,9.0901,3.9218
MED00169,2026-09-28,5,1.8252,1.5986,1.3494,1.375,1.618,0.0,8.9608,3.8785
MED00170,2026-09-28,5,1.9006,1.4227,2.0983,2.0,1.7222,0.0,9.2436,3.9729
MED00171,2026-09-28,5,2.2129,1.9105,2.2017,2.125,2.0715,0.0,10.1623,4.2737
MED00172,2026-09-28,5,1.7563,1.8308,3.2127,3.75,2.1089,0.0,10.2584,4.3047
MED00173,2026-09-28,5,2.3492,2.2553,2.7887,2.875,2.403,0.0,10.9997,4.5408
MED00174,2026-09-28,5,5.8867,6.8269,4.906,5.375,6.1189,0.0,19.0995,6.8565
MED00175,2026-09-28,5,1.1024,1.2338,0.4442,0.5,1.022,0.0,7.2467,3.2879
MED00176,2026-09-28,5,15.6706,17.4893,12.011,11.75,15.7415,3.438,36.0752,10.7405
MED00177,2026-09-28,5,0.2548,0.459,0.1253,0.125,0.3223,0.0,4.8976,2.4167
MED00178,2026-09-28,5,2.109,1.1959,2.3787,2.75,1.7432,0.0,9.3001,3.9916
MED00179,2026-09-28,5,0.4989,0.3095,0.5987,0.625,0.4326,0.0,5.3051,2.5737
MED00180,2026-09-28,5,2.116,2.2472,0.2625,0.25,1.7772,0.0,9.391,4.0217
MED00181,2026-09-28,5,3.1103,3.6707,4.0068,3.625,3.5696,0.0,13.7481,5.3764
MED00182,2026-09-28,5,0.2461,0.4802,0.0,0.0,0.3023,0.0,4.8215,2.3871
MED00183,2026-09-28,5,22.9786,28.9055,13.9771,15.0,23.8161,8.7618,48.6962,13.1419
MED00184,2026-09-28,5,7.4005,11.0883,5.4841,4.75,8.7142,0.0,24.0298,8.0898
MED00185,2026-09-28,5,1.8861,1.1358,3.0168,4.125,1.783,0.0,9.4064,4.0268
MED00186,2026-09-28,5,1.9289,1.6454,1.8316,1.75,1.7773,0.0,9.3913,4.0218
MED00187,2026-09-28,5,2.8226,2.7562,1.3632,1.625,2.4777,0.0,11.1843,4.5989
MED00188,2026-09-28,5,3.2721,4.1051,6.2338,5.625,4.3071,0.0,15.3694,5.8432
MED00189,2026-09-28,5,0.1933,0.2042,0.0,0.0,0.1566,0.0,4.2451,2.1596
MED00190,2026-09-28,5,2.2035,2.9158,3.3977,3.25,2.7975,0.0,11.9597,4.8395
MED00191,2026-09-28,5,11.8714,13.4341,14.2161,13.0,13.1219,1.8542,31.7437,9.8362
MED00192,2026-09-28,5,0.1619,0.1591,0.2716,0.25,0.1845,0.0,4.3591,2.205
MED00193,2026-09-28,5,0.0903,0.1179,0.0,0.0,0.0837,0.0,3.9384,2.0361
MED00194,2026-09-28,5,7.2491,8.533,12.0568,11.75,8.8992,0.0,24.3677,8.1706
MED00195,2026-09-28,5,6.7831,7.0305,9.5942,9.375,7.5154,0.0,21.8,7.5452
MED00196,2026-09-28,5,7.4214,8.1851,5.9812,5.625,7.473,0.0,21.7197,7.5252
MED00197,2026-09-28,5,7.196,7.3759,12.0,11.625,8.3297,0.0,23.3223,7.9192
MED00198,2026-09-28,5,1.7146,1.2457,2.4347,2.375,1.6536,0.0,9.0579,3.911
MED00199,2026-09-28,5,1.5477,1.4427,1.0546,1.375,1.3932,0.0,8.3355,3.667
MED00200,2026-09-28,5,1.9694,1.4896,1.5836,1.625,1.6636,0.0,9.0851,3.9201
MED00201,2026-09-28,5,8.4671,7.3415,7.4876,8.375,7.7374,0.0,22.2184,7.649
MED00202,2026-09-28,5,1.941,1.7452,0.386,0.375,1.5141,0.0,8.6745,3.7822
MED00203,2026-09-28,5,2.1374,2.1466,2.5202,3.25,2.2269,0.0,10.5587,4.4009
MED00204,2026-09-28,5,2.2114,2.3166,0.7731,0.75,1.9507,0.0,9.8492,4.1721
MED00205,2026-09-28,5,11.6589,14.3228,9.7741,9.75,12.5056,1.4958,30.7013,9.6112
MED00206,2026-09-28,5,1.0028,0.9624,1.2807,1.5,1.0453,0.0,7.3173,3.3129
MED00207,2026-09-28,5,1.8908,1.7947,2.7546,2.75,2.0352,0.0,10.0689,4.2435
MED00208,2026-09-28,5,11.4541,12.471,11.5389,11.0,11.9589,1.1829,29.768,9.407
MED00209,2026-09-28,5,2.7297,1.8735,4.7496,5.125,2.7709,0.0,11.896,4.82
MED00210,2026-09-28,5,1.2376,0.8812,1.9961,2.25,1.237,0.0,7.8867,3.5124
MED00211,2026-09-28,5,2.3237,2.0093,2.4934,2.625,2.216,0.0,10.5312,4.3922
MED00212,2026-09-28,5,2.2033,2.1223,0.2129,0.25,1.7358,0.0,9.2801,3.985
MED00213,2026-09-28,5,1.1167,2.0333,0.0,0.0,1.3035,0.0,8.0795,3.5791
MED00214,2026-09-28,5,10.3265,10.2713,14.0537,13.875,11.1199,0.7131,28.319,9.0847
MED00215,2026-09-28,5,2.2988,2.4458,2.2405,2.25,2.3571,0.0,10.8855,4.5048
MED00216,2026-09-28,5,0.0944,0.1075,0.0,0.0,0.0801,0.0,3.923,2.0298
MED00217,2026-09-28,5,0.2228,0.2011,0.2695,0.25,0.223,0.0,4.5133,2.2661
MED00218,2026-09-28,5,4.4647,5.6031,5.9581,5.375,5.3249,0.0,17.5021,6.4321
MED00219,2026-09-28,5,13.4976,10.6909,10.1978,10.5,11.4843,0.9156,28.951,9.2261
MED00220,2026-09-28,5,2.1286,1.8853,2.9804,2.875,2.2019,0.0,10.4955,4.3807
MED00221,2026-09-28,5,3.1512,3.4924,1.6572,2.25,2.9895,0.0,12.4146,4.9784
MED00222,2026-09-28,5,0.4607,0.5755,0.0,0.0,0.4148,0.0,5.2405,2.549
MED00223,2026-09-28,5,11.0249,12.3642,4.6691,4.25,10.2822,0.2575,26.8497,8.7511
MED00224,2026-09-28,5,1.9002,1.4048,0.6362,0.625,1.3965,0.0,8.3448,3.6702
MED00225,2026-09-28,5,3.9398,4.1848,5.421,5.875,4.3796,0.0,15.5249,5.8871
MED00226,2026-09-28,5,2.4314,1.7531,2.6811,3.625,2.1713,0.0,10.4177,4.3558
MED00227,2026-09-28,5,15.3592,14.6487,18.2667,20.25,15.6737,3.3959,35.965,10.718
MED00228,2026-09-28,5,1.8137,0.8804,2.6235,3.0,1.5554,0.0,8.789,3.8209
MED00229,2026-09-28,5,0.5116,0.7663,0.0,0.0,0.52,0.0,5.6158,2.6916
MED00230,2026-09-28,5,12.6845,15.0956,10.3863,11.25,13.3244,1.9733,32.0843,9.9091
MED00231,2026-09-28,5,1.6496,0.595,1.2593,1.25,1.0741,0.0,7.4042,3.3437
MED00232,2026-09-28,5,3.1246,4.0047,1.1217,1.125,3.1041,0.0,12.6827,5.0595
MED00233,2026-09-28,5,0.6148,0.3768,0.5757,0.625,0.4958,0.0,5.5308,2.6595
MED00234,2026-09-28,5,1.8133,1.128,2.1877,2.125,1.5763,0.0,8.8466,3.8402
MED00235,2026-09-28,5,72.3806,72.6471,67.6273,61.625,71.546,45.6328,114.3722,22.6212
MED00236,2026-09-28,5,2.1727,2.6503,1.8989,1.875,2.3385,0.0,10.839,4.4901
MED00237,2026-09-28,5,3.8682,4.1801,5.5616,6.625,4.3852,0.0,15.537,5.8905
MED00238,2026-09-28,5,1.9303,1.6698,1.6351,1.625,1.7465,0.0,9.3088,3.9945
MED00239,2026-09-28,5,3.3078,4.4104,4.4609,4.5,4.0763,0.0,14.8697,5.7012
MED00240,2026-09-28,5,3.9126,3.6052,4.6452,6.125,3.9319,0.0,14.5538,5.6106
MED00241,2026-09-28,5,2.5703,3.0738,2.5081,2.375,2.7945,0.0,11.9525,4.8373
MED00242,2026-09-28,5,9.8034,12.8823,9.1716,8.75,11.114,0.7098,28.3087,9.0824
MED00243,2026-09-28,5,0.1279,0.084,0.1366,0.125,0.1094,0.0,4.0482,2.0805
MED00244,2026-09-28,5,2.1718,2.2372,2.2415,2.125,2.2197,0.0,10.5404,4.3951
MED00245,2026-09-28,5,74.0033,62.2337,88.3188,79.25,71.6874,45.7488,114.5555,22.6434
MED00246,2026-09-28,5,5.1355,5.924,6.6694,6.75,5.8417,0.0,18.5477,6.7114
MED00247,2026-09-28,5,11.4919,13.9709,12.9764,12.375,12.9832,1.7731,31.51,9.786
MED00248,2026-09-28,5,2.1359,1.7038,2.079,2.5,1.9239,0.0,9.7792,4.1492
MED00249,2026-09-28,5,20.4315,25.6132,30.9417,34.25,25.1525,9.69,50.7071,13.4982
MED00250,2026-09-28,5,10.9708,8.6601,11.9706,16.125,10.1196,0.1709,26.5618,8.6849
MED00251,2026-09-28,5,1.7984,1.3769,3.0138,2.875,1.8671,0.0,9.6297,4.1003
MED00252,2026-09-28,5,0.4744,0.1657,0.6952,0.75,0.3786,0.0,5.108,2.4981
MED00253,2026-09-28,5,3.687,4.3722,4.339,4.0,4.1521,0.0,15.0346,5.7483
MED00254,2026-09-28,5,0.4183,0.1844,0.9262,1.0,0.4197,0.0,5.2583,2.5558
MED00255,2026-09-28,5,4.8175,6.2201,5.2356,6.625,5.5681,0.0,17.9969,6.565
MED00256,2026-09-28,5,2.1625,1.907,1.3189,1.25,1.8623,0.0,9.617,4.0961
MED00257,2026-09-28,5,4.1385,4.5292,5.8061,7.5,4.687,0.0,16.178,6.0697
MED00258,2026-09-28,5,2.2007,2.4381,3.8096,3.875,2.6629,0.0,11.636,4.7397
MED00259,2026-09-28,5,2.165,2.0512,3.2113,3.125,2.3411,0.0,10.8455,4.4921
MED00260,2026-09-28,5,0.4609,0.4656,1.1135,1.125,0.6051,0.0,5.9093,2.8017
MED00261,2026-09-28,5,0.6994,0.7531,0.1252,0.125,0.6005,0.0,5.8936,2.7959
MED00262,2026-09-28,5,3.0605,2.6805,3.839,5.0,3.0551,0.0,12.5683,5.025
MED00263,2026-09-28,5,2.8887,3.4778,5.6533,5.375,3.7666,0.0,14.1885,5.5049
MED00264,2026-09-28,5,0.2416,0.1242,0.0,0.0,0.1346,0.0,4.1538,2.123
MED00265,2026-09-28,5,6.2999,7.1771,10.8171,10.375,7.6961,0.0,22.1407,7.6298
MED00266,2026-09-28,5,16.8336,15.2611,5.767,6.25,13.7146,2.2044,32.7373,10.048
MED00267,2026-09-28,5,4.3815,6.1389,3.8158,3.875,5.0838,0.0,17.0064,6.2976
MED00268,2026-09-28,5,2.184,2.5258,3.6889,3.625,2.6724,0.0,11.659,4.7468
MED00269,2026-09-28,5,2.1715,2.1641,2.2856,2.125,2.195,0.0,10.4779,4.3751
MED00270,2026-09-28,5,2.3402,2.1056,5.1531,4.875,2.8434,0.0,12.0691,4.8731
MED00271,2026-09-28,5,1.5472,2.2956,3.6595,4.25,2.3566,0.0,10.8844,4.5044
MED00272,2026-09-28,5,4.2103,4.2013,4.2943,4.875,4.2286,0.0,15.2001,5.7953
MED00273,2026-09-28,5,3.4122,2.9809,2.4263,2.625,3.0003,0.0,12.4399,4.9861
MED00274,2026-09-28,5,0.6478,0.3079,0.3517,0.375,0.4255,0.0,5.2793,2.5638
MED00275,2026-09-28,5,11.8344,7.6478,12.2713,14.25,9.9859,0.0999,26.3241,8.63
MED00276,2026-09-28,5,1.8886,1.7985,2.3889,2.25,1.957,0.0,9.8656,4.1774
MED00277,2026-09-28,5,0.1931,0.1859,0.0,0.0,0.148,0.0,4.2097,2.1454
MED00278,2026-09-28,5,8.2123,8.755,11.6974,11.25,9.2302,0.0,24.9688,8.3133
MED00279,2026-09-28,5,20.0517,20.765,23.8769,22.25,21.2349,7.002,44.7574,12.4248
MED00280,2026-09-28,5,0.211,0.1624,0.2775,0.25,0.2029,0.0,4.4331,2.2344
MED00281,2026-09-28,5,14.5572,10.8686,15.3713,15.875,13.0258,1.798,31.5819,9.8015
MED00282,2026-09-28,5,3.5525,2.7354,2.7764,3.25,3.0061,0.0,12.4535,4.9902
MED00283,2026-09-28,5,2.2225,2.5675,3.3934,3.625,2.6399,0.0,11.5805,4.7225
MED00284,2026-09-28,5,1.3783,0.8767,0.4855,0.625,0.9517,0.0,7.0308,3.2111
MED00285,2026-09-28,5,5.0821,5.3581,8.0137,7.375,5.8522,0.0,18.5687,6.717
MED00286,2026-09-28,5,4.2299,3.6321,6.1249,7.0,4.3662,0.0,15.4962,5.879
MED00287,2026-09-28,5,3.0446,3.5803,3.7297,3.625,3.4465,0.0,13.4698,5.2944
MED00288,2026-09-28,5,38.8655,43.1676,35.3523,38.625,40.1511,20.6862,72.3203,16.9921
MED00289,2026-09-28,5,4.187,4.1227,6.3413,8.75,4.6287,0.0,16.055,6.0355
MED00290,2026-09-28,5,1.8039,1.1228,1.126,1.125,1.3406,0.0,8.1856,3.6156
MED00291,2026-09-28,5,13.1554,17.4513,2.7856,3.0,12.9245,1.7388,31.411,9.7647
MED00292,2026-09-28,5,1.6574,1.3199,1.0061,1.25,1.3601,0.0,8.2415,3.6348
MED00293,2026-09-28,5,4.3936,3.2948,8.5218,9.875,4.7807,0.0,16.3751,6.1243
MED00294,2026-09-28,5,1.3747,0.6977,0.7695,1.0,0.9286,0.0,6.9591,3.1854
MED00295,2026-09-28,5,0.2573,0.2152,0.0,0.0,0.1821,0.0,4.3491,2.2011
MED00296,2026-09-28,5,4.0389,3.9975,4.3858,4.5,4.0989,0.0,14.919,5.7153
MED00297,2026-09-28,5,5.9651,7.1288,6.6824,6.625,6.6702,0.0,20.1806,7.1363
MED00298,2026-09-28,5,2.138,1.6986,3.9453,4.0,2.3271,0.0,10.8107,4.4811
MED00299,2026-09-28,5,0.3561,0.3011,0.2543,0.25,0.3087,0.0,4.846,2.3966
MED00300,2026-09-28,5,1.9967,1.8065,0.2537,0.25,1.5316,0.0,8.7232,3.7987
MED00301,2026-09-28,5,4.8364,6.5029,5.6244,5.625,5.7905,0.0,18.445,6.6842
MED00302,2026-09-28,5,9.4149,8.7617,4.5949,4.375,8.0733,0.0,22.8467,7.8034
MED00303,2026-09-28,5,2.9454,2.3232,3.0599,3.625,2.6826,0.0,11.6838,4.7545
MED00304,2026-09-28,5,3.9417,4.4407,3.4348,4.625,4.0687,0.0,14.8532,5.6965
MED00305,2026-09-28,5,1.9383,1.9317,1.1723,1.125,1.7709,0.0,9.3743,4.0162
MED00306,2026-09-28,5,0.3435,0.2387,0.0,0.0,0.2203,0.0,4.5026,2.2619
MED00307,2026-09-28,5,31.3729,28.0368,36.4679,36.375,30.952,13.8306,59.2482,14.9463
MED00308,2026-09-28,5,0.7387,0.7094,0.4819,0.5,0.67,0.0,6.1277,2.8828
MED00309,2026-09-28,5,2.8577,3.4371,1.7104,2.25,2.8822,0.0,12.1613,4.9013
MED00310,2026-09-28,5,3.6361,3.214,2.5733,3.25,3.212,0.0,12.9328,5.1347
MED00311,2026-09-28,5,3.0184,3.5223,3.752,4.375,3.4159,0.0,13.4003,5.2738
MED00312,2026-09-28,5,0.605,0.2116,0.3445,0.375,0.3654,0.0,5.059,2.4792
MED00313,2026-09-28,5,0.4196,0.245,1.8182,1.75,0.642,0.0,6.0339,2.848
MED00314,2026-09-28,5,12.0013,11.7467,8.6587,8.75,11.1691,0.7403,28.4045,9.1039
MED00315,2026-09-28,5,9.3862,10.6455,11.6327,11.25,10.4712,0.3591,27.1833,8.8275
MED00316,2026-09-28,5,2.8255,3.1585,2.6545,2.625,2.9467,0.0,12.3139,4.9478
MED00317,2026-09-28,5,2.261,2.304,2.8901,2.875,2.4199,0.0,11.0414,4.554
MED00318,2026-09-28,5,2.5595,1.6232,3.6666,5.0,2.3651,0.0,10.9054,4.5111
MED00319,2026-09-28,5,11.0874,12.8308,12.1903,11.0,12.152,1.2929,30.0987,9.4796
MED00320,2026-09-28,5,6.8185,6.8116,3.2974,3.75,6.058,0.0,18.9789,6.8249
MED00321,2026-09-28,5,0.5957,0.961,3.8851,3.75,1.4807,0.0,8.5816,3.7508
MED00322,2026-09-28,5,0.1713,0.154,0.0,0.0,0.1262,0.0,4.1189,2.109
MED00323,2026-09-28,5,1.101,0.6222,2.2715,2.5,1.1325,0.0,7.5791,3.4051
MED00324,2026-09-28,5,1.4327,0.9994,1.5408,2.0,1.2552,0.0,7.9398,3.5309
MED00325,2026-09-28,5,6.7946,8.285,5.9645,5.75,7.3173,0.0,21.4242,7.4514
MED00326,2026-09-28,5,8.9931,11.5541,8.9105,8.5,10.1801,0.2031,26.6691,8.7096
MED00327,2026-09-28,5,2.9155,4.0195,2.382,2.25,3.3182,0.0,13.1772,5.2076
MED00328,2026-09-28,5,3.9839,4.5077,5.5214,5.625,4.5661,0.0,15.9226,5.9986
MED00329,2026-09-28,5,10.9081,12.419,12.4877,11.625,11.9674,1.1878,29.7826,9.4102
MED00330,2026-09-28,5,4.206,4.6874,6.0085,6.125,4.8262,0.0,16.4704,6.1506
MED00331,2026-09-28,5,1.8955,1.3284,2.5344,2.375,1.7712,0.0,9.375,4.0164
MED00332,2026-09-28,5,2.8767,3.7136,3.1093,2.875,3.3209,0.0,13.1834,5.2095
MED00333,2026-09-28,5,2.5103,2.4403,6.1352,6.25,3.2667,0.0,13.0591,5.1724
MED00334,2026-09-28,5,10.1244,12.7007,4.0608,4.375,10.0218,0.119,26.3881,8.6448
MED00335,2026-09-28,5,5.7775,5.9273,6.7537,6.5,6.065,0.0,18.9928,6.8286
MED00336,2026-09-28,5,12.811,10.4695,12.5984,11.25,11.6842,1.0277,29.296,9.3027
MED00337,2026-09-28,5,64.4534,53.3304,63.7028,60.25,59.1605,35.5797,98.1321,20.5851
MED00338,2026-09-28,5,11.5032,13.9829,1.2576,1.25,10.4494,0.3473,27.1449,8.8187
MED00339,2026-09-28,5,1.8924,1.2227,0.2896,0.375,1.2337,0.0,7.8772,3.5092
MED00340,2026-09-28,5,1.7312,2.6201,0.2349,0.25,1.8233,0.0,9.5139,4.0623
MED00341,2026-09-28,5,5.0165,6.2787,7.752,8.375,6.2046,0.0,19.269,6.9007
MED00342,2026-09-28,5,2.1261,1.8584,1.4633,1.375,1.8594,0.0,9.6095,4.0937
MED00343,2026-09-28,5,10.191,10.3001,11.8445,11.625,10.611,0.4346,27.4292,8.8835
MED00344,2026-09-28,5,3.8629,5.0569,5.1846,5.625,4.7112,0.0,16.2291,6.0839
MED00345,2026-09-28,5,0.1776,0.1065,0.0,0.0,0.106,0.0,4.0339,2.0747
MED00346,2026-09-28,5,3.1802,3.6131,2.1287,2.0,3.1574,0.0,12.8065,5.0968
MED00347,2026-09-28,5,0.1892,0.1841,0.0,0.0,0.146,0.0,4.2011,2.142
MED00348,2026-09-28,5,1.8358,1.3312,1.4314,1.375,1.5142,0.0,8.675,3.7824
MED00349,2026-09-28,5,2.2915,2.0313,2.0315,2.0,2.1158,0.0,10.2762,4.3104
MED00350,2026-09-28,5,1.0501,1.9993,2.6084,2.5,1.8326,0.0,9.5384,4.0703
MED00351,2026-09-28,5,0.533,0.6415,0.0,0.0,0.4685,0.0,5.4341,2.6228
MED00352,2026-09-28,5,0.1647,0.3304,0.0,0.0,0.2065,0.0,4.4475,2.2401
MED00353,2026-09-28,5,0.7338,0.525,0.0,0.0,0.4778,0.0,5.4669,2.6353
MED00354,2026-09-28,5,0.8109,1.1784,1.2912,1.25,1.0876,0.0,7.4448,3.358
MED00355,2026-09-28,5,9.2576,9.9149,9.793,11.5,9.69,0.0,25.7962,8.5074
MED00356,2026-09-28,5,1.9931,2.0014,2.0285,1.875,2.0067,0.0,9.995,4.2195
MED00357,2026-09-28,5,0.2112,0.114,0.2754,0.25,0.18,0.0,4.3405,2.1976
MED00358,2026-09-28,5,5.3107,5.3133,2.8107,3.375,4.7747,0.0,16.3626,6.1208
MED00359,2026-09-28,5,2.23,2.2738,1.5989,1.5,2.1158,0.0,10.276,4.3103
MED00360,2026-09-28,5,2.3823,1.9442,3.4087,3.875,2.4028,0.0,10.9991,4.5406
MED00361,2026-09-28,5,2.2148,2.2218,4.9331,4.875,2.8102,0.0,11.9899,4.8488
MED00362,2026-09-28,5,2.33,2.0801,4.8315,4.875,2.7584,0.0,11.8662,4.8108
MED00363,2026-09-28,5,1.7189,1.4678,2.5314,2.5,1.7797,0.0,9.3977,4.0239
MED00364,2026-09-28,5,0.1787,0.2056,0.0,0.0,0.1526,0.0,4.2287,2.153
MED00365,2026-09-28,5,2.1722,2.3409,2.1976,2.125,2.2587,0.0,10.6389,4.4265
MED00366,2026-09-28,5,9.6858,9.7532,11.948,11.25,10.2178,0.2232,26.7359,8.725
MED00367,2026-09-28,5,2.2831,2.6267,1.6293,1.625,2.304,0.0,10.7528,4.4627
MED00368,2026-09-28,5,2.7622,3.3338,5.3054,5.0,3.5838,0.0,13.78,5.3857
MED00369,2026-09-28,5,3.5399,3.7854,4.0709,5.0,3.7733,0.0,14.2034,5.5093
MED00370,2026-09-28,5,0.5035,0.2423,0.0,0.0,0.2728,0.0,4.7081,2.3428
MED00371,2026-09-28,5,22.5034,14.1314,13.7794,14.0,16.7231,4.0533,37.6623,11.0603
MED00372,2026-09-28,5,0.21,0.1063,0.1363,0.125,0.1458,0.0,4.2005,2.1417
MED00373,2026-09-28,5,0.6171,0.5795,0.941,0.875,0.6705,0.0,6.1291,2.8833
MED00374,2026-09-28,5,1.9629,1.2535,2.3689,2.75,1.7217,0.0,9.2422,3.9724
MED00375,2026-09-28,5,16.5343,16.7893,13.6801,13.5,16.0506,3.6306,36.5769,10.8422
MED00376,2026-09-28,5,2.185,2.0184,2.0632,2.0,2.083,0.0,10.1919,4.2832
MED00377,2026-09-28,5,0.4589,0.7178,0.8809,0.875,0.6718,0.0,6.1336,2.885
MED00378,2026-09-28,5,2.2905,2.5268,2.332,2.125,2.4122,0.0,11.0223,4.548
MED00379,2026-09-28,5,0.5289,0.915,2.5936,2.5,1.1578,0.0,7.6541,3.4314
MED00380,2026-09-28,5,0.5701,0.4128,0.0,0.0,0.3735,0.0,5.089,2.4908
MED00381,2026-09-28,5,1.3399,2.3954,1.3202,1.25,1.8299,0.0,9.5314,4.068
MED00382,2026-09-28,5,2.3596,1.4905,3.2384,3.75,2.1468,0.0,10.3552,4.3358
MED00383,2026-09-28,5,6.5439,8.6748,6.481,5.75,7.5319,0.0,21.8312,7.553
MED00384,2026-09-28,5,2.0478,1.9276,2.3215,2.125,2.0531,0.0,10.115,4.2584
MED00385,2026-09-28,5,17.8446,21.0814,19.3892,20.25,19.7092,5.9849,42.3911,11.9808
MED00386,2026-09-28,5,14.1133,13.9771,13.5818,14.125,13.9484,2.344,33.127,10.1303
MED00387,2026-09-28,5,18.5997,22.106,23.5121,22.5,21.3217,7.0604,44.8912,12.4496
MED00388,2026-09-28,5,108.0042,122.652,87.1289,84.125,110.4228,78.2695,163.562,28.0686
MED00389,2026-09-28,5,8.9097,9.2086,8.4007,11.25,8.9477,0.0,24.4562,8.1917
MED00390,2026-09-28,5,19.3471,20.5144,25.4858,34.25,21.2436,7.0079,44.7709,12.4273
MED00391,2026-09-28,5,18.0183,17.1949,20.9086,24.875,18.279,5.0493,40.1435,11.5491
MED00392,2026-09-28,5,18.0372,18.7332,20.1499,22.625,18.8387,5.4133,41.0268,11.7199
MED00393,2026-09-28,5,13.1553,12.0026,9.3024,10.125,11.7941,1.0897,29.4851,9.3445
MED00394,2026-09-28,5,14.0337,12.3346,14.051,16.25,13.258,1.9342,31.9727,9.8853
MED00395,2026-09-28,5,17.4274,17.7756,16.4986,18.375,17.4059,4.4873,38.7561,11.2774
MED00396,2026-09-28,5,54.9489,54.1358,51.2799,46.75,53.828,31.3257,91.0171,19.6437
MED00397,2026-09-28,5,49.1649,48.8153,50.7556,48.125,49.396,27.8311,85.036,18.8254
MED00398,2026-09-28,5,105.3428,114.2186,119.8073,128.0,112.7319,80.2457,166.4214,28.3593
MED00399,2026-09-28,5,91.98,118.36,109.2948,115.75,108.1488,76.3268,160.7404,27.7794
MED00400,2026-09-28,5,72.3185,74.1506,69.9924,69.875,72.7417,46.6144,115.9218,22.8081
MED00401,2026-09-28,5,13.2145,11.3287,13.4367,20.875,12.3953,1.4322,30.5136,9.5703
MED00402,2026-09-28,5,18.1211,15.0446,21.2796,29.875,17.3879,4.4759,38.7274,11.2717
MED00403,2026-09-28,5,12.4126,16.7804,8.7694,9.125,13.6742,2.1804,32.6698,10.0337
MED00404,2026-09-28,5,4.7091,6.1716,6.2534,6.125,5.7319,0.0,18.3274,6.6531
MED00405,2026-09-28,5,7.0402,8.2614,7.2869,7.375,7.6711,0.0,22.0937,7.6182
MED00406,2026-09-28,5,20.3359,23.6799,25.2049,26.75,22.9744,8.1829,47.4201,12.9124
MED00407,2026-09-28,5,17.8004,16.0284,23.0497,30.5,18.1298,4.9527,39.9073,11.5031
MED00408,2026-09-28,5,6.7795,5.877,8.3056,11.25,6.696,0.0,20.2307,7.1492
MED00409,2026-09-28,5,9.8227,10.5224,8.2391,10.875,9.8156,0.0103,26.0208,8.5597
MED00410,2026-09-28,5,9.1557,8.4236,9.9916,14.0,9.0044,0.0,24.5592,8.2162
MED00411,2026-09-28,5,17.8935,18.0162,22.1425,26.125,18.8908,5.4473,41.1086,11.7357
MED00412,2026-09-28,5,12.5957,8.264,11.2311,14.0,10.2892,0.2613,26.8622,8.754
MED00413,2026-09-28,5,12.3214,10.4702,11.1898,12.875,11.2236,0.7705,28.4994,9.1252
MED00414,2026-09-28,5,18.0902,16.2717,19.5251,24.125,17.5704,4.5927,39.0185,11.3291
MED00415,2026-09-28,5,13.2583,9.4297,12.1223,15.75,11.2371,0.778,28.5227,9.1304
MED00416,2026-09-28,5,16.7871,15.4167,19.8593,23.75,16.8306,4.1213,37.835,11.0947
MED00417,2026-09-28,5,7.2074,6.5647,7.0663,7.5,6.8839,0.0,20.5941,7.2419
MED00418,2026-09-28,5,7.1616,6.0158,8.0299,9.375,6.8221,0.0,20.4749,7.2116
MED00419,2026-09-28,5,8.4931,7.634,9.5242,10.125,8.3241,0.0,23.3121,7.9167
MED00420,2026-09-28,5,20.3994,16.2878,22.104,30.625,18.8696,5.4334,41.0753,11.7293
MED00421,2026-09-28,5,20.3956,15.1467,24.2889,34.125,18.8096,5.3943,40.9809,11.7111
MED00422,2026-09-28,5,16.9523,15.2015,20.2182,23.375,16.8603,4.1401,37.8828,11.1043
MED00423,2026-09-28,5,12.7648,11.1099,10.3385,11.25,11.4782,0.9122,28.9405,9.2237
MED00424,2026-09-28,5,61.3458,85.8861,100.5622,118.875,81.3774,53.7527,127.0322,24.1153
MED00001,2026-10-05,6,14.1106,8.9728,11.3862,15.125,11.1342,0.721,28.3438,9.0903
MED00002,2026-10-05,6,0.1015,0.1089,0.136,0.125,0.1125,0.0,4.0613,2.0858
MED00003,2026-10-05,6,0.299,0.5271,0.0,0.0,0.3409,0.0,4.9677,2.4439
MED00004,2026-10-05,6,0.7434,0.6757,1.82,1.75,0.9461,0.0,7.0137,3.2049
MED00005,2026-10-05,6,2.2867,3.4456,1.9645,1.875,2.7603,0.0,11.8706,4.8121
MED00006,2026-10-05,6,1.6474,1.0369,0.2675,0.25,1.0645,0.0,7.3755,3.3335
MED00007,2026-10-05,6,3.6376,3.5293,3.0095,2.75,3.4544,0.0,13.4876,5.2997
MED00008,2026-10-05,6,0.6559,0.525,1.4286,1.375,0.7631,0.0,6.4336,2.9952
MED00009,2026-10-05,6,3.4205,3.7417,3.426,3.875,3.5751,0.0,13.7604,5.38
MED00010,2026-10-05,6,4.522,3.662,4.4901,4.125,4.118,0.0,14.9605,5.7271
MED00011,2026-10-05,6,21.3813,21.9821,23.7576,24.875,22.1989,7.6538,46.2374,12.6973
MED00012,2026-10-05,6,2.0948,2.7856,0.3857,0.375,2.0486,0.0,10.1035,4.2547
MED00013,2026-10-05,6,3.9853,4.0063,6.6944,6.375,4.587,0.0,15.9668,6.0109
MED00014,2026-10-05,6,16.2713,14.1354,27.7232,28.0,17.7752,4.7241,39.3444,11.3931
MED00015,2026-10-05,6,0.5374,0.3505,0.9744,0.875,0.5455,0.0,5.7044,2.725
MED00016,2026-10-05,6,2.0336,1.6288,4.8541,4.75,2.4586,0.0,11.1373,4.5841
MED00017,2026-10-05,6,1.8593,1.7681,2.4254,2.375,1.9414,0.0,9.825,4.1642
MED00018,2026-10-05,6,72.379,66.9751,80.7291,87.75,71.7397,45.7918,114.6234,22.6516
MED00019,2026-10-05,6,47.2455,39.1512,43.6761,49.375,42.7382,22.6635,75.9152,17.5244
MED00020,2026-10-05,6,11.2377,12.2135,15.718,14.875,12.6768,1.5948,30.992,9.6742
MED00021,2026-10-05,6,3.7772,3.5153,3.1349,4.5,3.5193,0.0,13.6346,5.343
MED00022,2026-10-05,6,2.356,1.3704,2.4838,3.375,1.9258,0.0,9.7842,4.1509
MED00023,2026-10-05,6,1.1729,0.9096,0.2082,0.25,0.8418,0.0,6.6863,3.0871
MED00024,2026-10-05,6,2.8245,2.8351,2.1569,2.875,2.6874,0.0,11.6953,4.758
MED00025,2026-10-05,6,0.087,0.1082,0.0,0.0,0.0781,0.0,3.9143,2.0263
MED00026,2026-10-05,6,0.3521,0.3266,0.1252,0.125,0.2913,0.0,4.7796,2.3707
MED00027,2026-10-05,6,0.199,0.1249,0.0,0.0,0.1214,0.0,4.0987,2.1008
MED00028,2026-10-05,6,0.5338,0.5989,0.5616,0.5,0.5708,0.0,5.7917,2.7578
MED00029,2026-10-05,6,11.9363,11.5894,14.3207,17.375,12.3037,1.3797,30.3576,9.5363
MED00030,2026-10-05,6,4.0241,3.3968,4.3531,5.5,3.8066,0.0,14.2771,5.5307
MED00031,2026-10-05,6,3.1093,3.3471,2.7135,3.25,3.1376,0.0,12.7606,5.083
MED00032,2026-10-05,6,2.3148,1.5642,2.2079,2.75,1.9434,0.0,9.8302,4.1659
MED00033,2026-10-05,6,1.0013,1.7362,1.9711,1.875,1.5559,0.0,8.7905,3.8213
MED00034,2026-10-05,6,20.3913,21.6782,23.5566,25.0,21.6995,7.3153,45.4721,12.5569
MED00035,2026-10-05,6,0.4234,0.2018,0.3487,0.375,0.3041,0.0,4.8286,2.3899
MED00036,2026-10-05,6,1.7355,1.3856,2.2426,2.25,1.6839,0.0,9.14,3.9384
MED00037,2026-10-05,6,3.9725,3.33,5.3665,5.5,3.9789,0.0,14.6569,5.6402
MED00038,2026-10-05,6,13.3236,10.5799,13.9928,20.0,12.2009,1.3208,30.1822,9.4979
MED00039,2026-10-05,6,1.0748,1.2919,1.2332,1.25,1.2116,0.0,7.8126,3.4867
MED00040,2026-10-05,6,0.5469,0.4779,0.99,1.0,0.6114,0.0,5.9305,2.8096
MED00041,2026-10-05,6,0.5851,0.4385,0.1151,0.125,0.4152,0.0,5.2421,2.5496
MED00042,2026-10-05,6,3.4438,3.4324,1.858,2.0,3.0978,0.0,12.6681,5.0551
MED00043,2026-10-05,6,0.4324,0.4066,0.5229,0.5,0.4404,0.0,5.3334,2.5845
MED00044,2026-10-05,6,1.9811,1.6877,0.9192,1.25,1.6156,0.0,8.9545,3.8764
MED00045,2026-10-05,6,1.6815,1.5874,0.1255,0.125,1.3016,0.0,8.0738,3.5771
MED00046,2026-10-05,6,2.4212,2.2391,0.8312,1.125,1.9936,0.0,9.9609,4.2084
MED00047,2026-10-05,6,5.3756,6.0064,7.9185,7.375,6.2274,0.0,19.314,6.9125
MED00048,2026-10-05,6,12.2612,14.2844,16.7189,17.75,14.1856,2.4863,33.5209,10.2131
MED00049,2026-10-05,6,0.171,0.117,0.0,0.0,0.1089,0.0,4.0458,2.0795
MED00050,2026-10-05,6,2.6931,3.3553,2.5855,2.625,2.9817,0.0,12.3962,4.9728
MED00051,2026-10-05,6,0.1012,0.1179,0.0,0.0,0.0871,0.0,3.9533,2.0421
MED00052,2026-10-05,6,0.4574,0.5186,0.5231,0.5,0.5007,0.0,5.5481,2.666
MED00053,2026-10-05,6,6.044,6.2587,6.855,10.0,6.3263,0.0,19.5088,6.9631
MED00054,2026-10-05,6,6.5597,6.6653,8.4481,11.75,7.0253,0.0,20.8663,7.3109
MED00055,2026-10-05,6,0.8786,0.8298,1.1674,1.25,0.9193,0.0,6.9304,3.1751
MED00056,2026-10-05,6,0.5972,0.43,0.9071,1.0,0.5869,0.0,5.8472,2.7785
MED00057,2026-10-05,6,0.4626,0.3369,0.1159,0.125,0.3291,0.0,4.9234,2.4267
MED00058,2026-10-05,6,1.648,1.1467,0.1284,0.125,1.0858,0.0,7.4395,3.3561
MED00059,2026-10-05,6,7.9725,6.6821,10.1435,11.75,7.849,0.0,22.4278,7.7006
MED00060,2026-10-05,6,5.7227,4.006,5.9838,7.625,4.9834,0.0,16.7982,6.2407
MED00061,2026-10-05,6,0.6033,0.8243,0.8869,0.75,0.7687,0.0,6.4517,3.0018
MED00062,2026-10-05,6,12.8013,9.0448,11.9306,15.875,10.8709,0.5762,27.8847,8.9868
MED00063,2026-10-05,6,0.1025,0.1218,0.0,0.0,0.0893,0.0,3.9627,2.046
MED00064,2026-10-05,6,22.2464,26.2423,22.5935,25.375,24.2101,9.0343,49.2909,13.2479
MED00065,2026-10-05,6,60.1686,57.1023,53.439,51.5,57.3365,34.1189,95.7077,20.268
MED00066,2026-10-05,6,0.4712,0.3534,0.551,0.5,0.434,0.0,5.31,2.5756
MED00067,2026-10-05,6,2.012,2.6856,4.0113,3.875,2.7624,0.0,11.8757,4.8137
MED00068,2026-10-05,6,3.2349,2.7012,4.642,6.25,3.2942,0.0,13.1223,5.1913
MED00069,2026-10-05,6,1.779,1.3543,0.8871,1.25,1.3889,0.0,8.3232,3.6628
MED00070,2026-10-05,6,11.7338,11.4825,13.5918,15.625,12.0313,1.2241,29.8922,9.4343
MED00071,2026-10-05,6,2.1184,1.8983,1.5545,2.125,1.8954,0.0,9.7043,4.1247
MED00072,2026-10-05,6,2.1665,1.5216,2.2825,3.125,1.8926,0.0,9.6971,4.1224
MED00073,2026-10-05,6,3.1482,2.7747,4.3551,6.25,3.2388,0.0,12.9948,5.1532
MED00074,2026-10-05,6,2.97,2.5111,3.7601,5.125,2.9301,0.0,12.2747,4.9359
MED00075,2026-10-05,6,3.226,2.2035,3.3915,4.875,2.7876,0.0,11.936,4.8323
MED00076,2026-10-05,6,0.225,0.0931,0.2718,0.25,0.1738,0.0,4.3153,2.1876
MED00077,2026-10-05,6,3.8691,2.9942,5.0179,7.25,3.7137,0.0,14.0707,5.4707
MED00078,2026-10-05,6,3.2472,4.1895,2.7122,3.125,3.5744,0.0,13.7589,5.3795
MED00079,2026-10-05,6,22.8289,30.7209,17.181,18.0,25.3117,9.8013,50.9455,13.54
MED00080,2026-10-05,6,3.2423,2.1541,4.1884,6.125,2.9426,0.0,12.3043,4.9449
MED00081,2026-10-05,6,0.3149,0.4097,0.2689,0.25,0.3495,0.0,4.9999,2.4564
MED00082,2026-10-05,6,2.8023,3.5167,2.0777,2.75,2.9815,0.0,12.3958,4.9727
MED00083,2026-10-05,6,3.0752,2.6425,3.1893,4.375,2.901,0.0,12.2058,4.9149
MED00084,2026-10-05,6,44.2333,44.3865,43.3471,39.875,44.1568,23.7554,77.8737,17.8096
MED00085,2026-10-05,6,2.0641,1.735,3.4051,3.25,2.2034,0.0,10.4993,4.382
MED00086,2026-10-05,6,0.3702,0.2713,0.0,0.0,0.244,0.0,4.5961,2.2988
MED00087,2026-10-05,6,1.7235,1.5168,2.0441,2.0,1.6983,0.0,9.1791,3.9514
MED00088,2026-10-05,6,27.0144,28.7791,29.5346,28.0,28.4124,11.9968,55.5422,14.3302
MED00089,2026-10-05,6,16.3832,18.8879,8.5788,8.0,15.8757,3.5215,36.2934,10.7848
MED00090,2026-10-05,6,2.6014,3.372,4.0934,4.875,3.2877,0.0,13.1072,5.1868
MED00091,2026-10-05,6,2.136,1.8271,1.8689,2.5,1.9359,0.0,9.8106,4.1595
MED00092,2026-10-05,6,1.509,1.415,1.5445,1.5,1.4743,0.0,8.5638,3.7447
MED00093,2026-10-05,6,0.2767,0.1683,0.2554,0.25,0.2217,0.0,4.5082,2.2641
MED00094,2026-10-05,6,0.577,0.434,0.7673,0.75,0.5521,0.0,5.7274,2.7336
MED00095,2026-10-05,6,2.9337,3.4817,4.0193,3.875,3.4281,0.0,13.428,5.282
MED00096,2026-10-05,6,14.1144,9.8695,12.553,13.75,11.8073,1.0971,29.5078,9.3496
MED00097,2026-10-05,6,0.4116,0.5621,0.0,0.0,0.393,0.0,5.1609,2.5185
MED00098,2026-10-05,6,7.9056,7.946,9.1451,9.625,8.2013,0.0,23.0846,7.8615
MED00099,2026-10-05,6,0.2308,0.2611,0.0,0.0,0.1951,0.0,4.4017,2.222
MED00100,2026-10-05,6,0.1478,0.0914,0.1358,0.125,0.119,0.0,4.0887,2.0968
MED00101,2026-10-05,6,4.3115,4.5096,7.78,7.25,5.161,0.0,17.1656,6.341
MED00102,2026-10-05,6,4.0841,3.1902,3.373,3.5,3.5164,0.0,13.6282,5.3411
MED00103,2026-10-05,6,2.8085,3.335,1.0344,1.0,2.6722,0.0,11.6586,4.7467
MED00104,2026-10-05,6,7.2399,8.9849,9.4327,8.375,8.5379,0.0,23.7062,8.0121
MED00105,2026-10-05,6,11.2454,13.0421,9.7869,9.75,11.7792,1.0813,29.4595,9.3389
MED00106,2026-10-05,6,0.1185,0.17,0.0,0.0,0.117,0.0,4.0801,2.0934
MED00107,2026-10-05,6,7.7192,10.0476,8.7265,8.25,9.0329,0.0,24.611,8.2285
MED00108,2026-10-05,6,2.8597,2.9736,4.078,3.875,3.1801,0.0,12.8592,5.1126
MED00109,2026-10-05,6,0.4782,0.6398,0.0,0.0,0.4504,0.0,5.3691,2.5981
MED00110,2026-10-05,6,0.4069,0.2423,0.0,0.0,0.2421,0.0,4.5887,2.2959
MED00111,2026-10-05,6,0.6753,0.661,1.1071,1.0,0.763,0.0,6.4333,2.9951
MED00112,2026-10-05,6,2.7306,2.8919,3.8128,3.75,3.0435,0.0,12.5412,5.0168
MED00113,2026-10-05,6,1.8805,1.4725,2.0116,2.0,1.7203,0.0,9.2384,3.9711
MED00114,2026-10-05,6,14.0324,12.0949,18.1512,17.875,14.0354,2.3961,33.2716,10.1607
MED00115,2026-10-05,6,2.0101,2.1322,2.0513,2.0,2.0781,0.0,10.1793,4.2792
MED00116,2026-10-05,6,7.4232,8.6793,9.0963,10.0,8.3803,0.0,23.4158,7.9419
MED00117,2026-10-05,6,1.8606,1.9251,0.8954,0.875,1.6831,0.0,9.138,3.9378
MED00118,2026-10-05,6,1.6856,0.8962,1.8277,1.75,1.3495,0.0,8.2111,3.6244
MED00119,2026-10-05,6,2.0053,1.8818,0.7735,0.75,1.6824,0.0,9.136,3.9371
MED00120,2026-10-05,6,11.5694,12.9455,3.5572,3.5,10.485,0.3665,27.2076,8.833
MED00121,2026-10-05,6,3.3573,4.788,3.6335,3.375,4.0887,0.0,14.8968,5.709
MED00122,2026-10-05,6,2.3443,2.1598,5.684,5.625,2.9852,0.0,12.4046,4.9754
MED00123,2026-10-05,6,0.9304,0.7387,0.4637,0.5,0.7405,0.0,6.3601,2.9683
MED00124,2026-10-05,6,7.5363,8.4924,8.7119,8.0,8.2454,0.0,23.1663,7.8814
MED00125,2026-10-05,6,0.2501,0.1743,0.4055,0.375,0.2487,0.0,4.6143,2.306
MED00126,2026-10-05,6,0.7139,1.0885,0.0,0.0,0.7346,0.0,6.3409,2.9613
MED00127,2026-10-05,6,2.1894,1.6868,0.9262,1.125,1.6827,0.0,9.137,3.9374
MED00128,2026-10-05,6,2.0452,2.2455,0.999,1.0,1.9138,0.0,9.7526,4.1405
MED00129,2026-10-05,6,1.7513,1.5392,0.3783,0.375,1.356,0.0,8.2298,3.6308
MED00130,2026-10-05,6,0.1734,0.1932,0.0,0.0,0.1452,0.0,4.198,2.1407
MED00131,2026-10-05,6,2.1683,2.2832,1.8677,2.375,2.1589,0.0,10.3862,4.3457
MED00132,2026-10-05,6,0.5653,0.4158,0.0,0.0,0.3734,0.0,5.0886,2.4906
MED00133,2026-10-05,6,0.6462,0.327,0.6747,0.75,0.504,0.0,5.5594,2.6704
MED00134,2026-10-05,6,0.4725,0.3388,0.0,0.0,0.308,0.0,4.8433,2.3956
MED00135,2026-10-05,6,13.752,14.838,6.7693,6.875,12.7577,1.6417,31.1289,9.7038
MED00136,2026-10-05,6,1.7647,2.2346,2.6312,2.5,2.1739,0.0,10.4244,4.358
MED00137,2026-10-05,6,2.4157,2.2044,2.1239,2.0,2.2561,0.0,10.6324,4.4244
MED00138,2026-10-05,6,2.0542,2.2882,1.9791,2.0,2.1492,0.0,10.3615,4.3378
MED00139,2026-10-05,6,3.2266,5.0526,1.3232,1.25,3.6695,0.0,13.9722,5.4419
MED00140,2026-10-05,6,1.8346,1.2725,0.8866,0.875,1.3682,0.0,8.2645,3.6427
MED00141,2026-10-05,6,4.5889,3.9252,4.1289,6.125,4.1837,0.0,15.1032,5.7678
MED00142,2026-10-05,6,0.4177,0.5971,0.3429,0.375,0.4856,0.0,5.4948,2.6459
MED00143,2026-10-05,6,1.8667,1.1001,1.7474,1.75,1.4847,0.0,8.5928,3.7545
MED00144,2026-10-05,6,5.9438,7.6849,5.5933,5.375,6.6868,0.0,20.2128,7.1446
MED00145,2026-10-05,6,0.6654,0.6343,1.2194,1.125,0.7718,0.0,6.4617,3.0055
MED00146,2026-10-05,6,1.6588,1.5905,2.4073,2.375,1.791,0.0,9.428,4.0339
MED00147,2026-10-05,6,1.8875,0.937,1.6263,2.0,1.3888,0.0,8.323,3.6627
MED00148,2026-10-05,6,5.9673,3.5857,5.7479,7.375,4.8135,0.0,16.4438,6.1433
MED00149,2026-10-05,6,3.9539,4.3291,6.1004,5.75,4.5989,0.0,15.992,6.0179
MED00150,2026-10-05,6,1.551,1.4464,1.612,2.0,1.5169,0.0,8.6825,3.7849
MED00151,2026-10-05,6,2.0785,1.9703,1.5421,1.5,1.9136,0.0,9.7523,4.1404
MED00152,2026-10-05,6,2.2004,2.0039,2.256,2.125,2.1229,0.0,10.2943,4.3162
MED00153,2026-10-05,6,2.1784,2.6347,0.9014,0.875,2.1166,0.0,10.2781,4.311
MED00154,2026-10-05,6,14.5801,14.6534,17.8531,18.5,15.3392,3.189,35.4195,10.6066
MED00155,2026-10-05,6,1.9779,2.6222,2.8103,2.625,2.4614,0.0,11.1441,4.5863
MED00156,2026-10-05,6,2.5166,2.0564,4.0615,5.0,2.6394,0.0,11.5793,4.7221
MED00157,2026-10-05,6,4.5202,5.3383,6.3268,6.0,5.2988,0.0,17.4488,6.4177
MED00158,2026-10-05,6,0.2762,0.2115,0.1267,0.125,0.2138,0.0,4.4767,2.2517
MED00159,2026-10-05,6,11.8178,10.5725,9.1397,8.75,10.6669,0.465,27.5274,8.9059
MED00160,2026-10-05,6,3.6504,5.8853,4.4094,4.0,4.8624,0.0,16.5463,6.1715
MED00161,2026-10-05,6,5.8907,8.0134,6.2432,6.375,6.9644,0.0,20.7492,7.2813
MED00162,2026-10-05,6,2.1296,2.9792,0.941,0.875,2.2706,0.0,10.6689,4.4361
MED00163,2026-10-05,6,0.3523,0.2718,0.2686,0.25,0.2969,0.0,4.8009,2.3791
MED00164,2026-10-05,6,1.997,1.5865,0.9397,1.25,1.5779,0.0,8.8509,3.8417
MED00165,2026-10-05,6,10.7529,11.0583,13.1464,13.5,11.4257,0.8829,28.8496,9.2035
MED00166,2026-10-05,6,2.1041,2.7947,1.1836,1.125,2.229,0.0,10.564,4.4026
MED00167,2026-10-05,6,1.791,1.1566,3.8154,3.75,1.9358,0.0,9.8103,4.1594
MED00168,2026-10-05,6,1.9883,1.3711,1.5461,1.625,1.6061,0.0,8.9284,3.8677
MED00169,2026-10-05,6,1.8553,1.569,1.3471,1.375,1.6132,0.0,8.9478,3.8742
MED00170,2026-10-05,6,1.8935,1.402,2.0889,2.0,1.7083,0.0,9.2061,3.9604
MED00171,2026-10-05,6,2.1982,1.8717,2.1896,2.125,2.0461,0.0,10.0969,4.2525
MED00172,2026-10-05,6,1.7495,1.799,3.144,3.75,2.077,0.0,10.1765,4.2782
MED00173,2026-10-05,6,2.1622,2.2227,2.7748,2.875,2.3255,0.0,10.8067,4.4798
MED00174,2026-10-05,6,5.8094,6.7729,4.9665,5.375,6.0822,0.0,19.0269,6.8375
MED00175,2026-10-05,6,1.1642,1.2129,0.4498,0.5,1.0331,0.0,7.2803,3.2998
MED00176,2026-10-05,6,15.7924,17.4501,12.0274,11.75,15.7653,3.4528,36.114,10.7483
MED00177,2026-10-05,6,0.2376,0.4559,0.1265,0.125,0.3157,0.0,4.8726,2.407
MED00178,2026-10-05,6,2.1728,1.1618,2.3593,2.75,1.7433,0.0,9.3002,3.9916
MED00179,2026-10-05,6,0.5215,0.3053,0.6024,0.625,0.4386,0.0,5.3268,2.582
MED00180,2026-10-05,6,2.024,2.2444,0.2619,0.25,1.7466,0.0,9.3091,3.9946
MED00181,2026-10-05,6,3.0106,3.62,3.9976,3.625,3.5124,0.0,13.619,5.3384
MED00182,2026-10-05,6,0.2643,0.4796,0.0,0.0,0.3077,0.0,4.8423,2.3952
MED00183,2026-10-05,6,16.8306,29.0077,14.08,15.0,21.9372,7.4762,45.8368,12.6239
MED00184,2026-10-05,6,7.8331,11.1538,5.4793,4.75,8.8809,0.0,24.3344,8.1627
MED00185,2026-10-05,6,1.8297,1.112,2.9325,4.125,1.7357,0.0,9.2798,3.9849
MED00186,2026-10-05,6,1.8995,1.6195,1.8258,1.75,1.7546,0.0,9.3307,4.0017
MED00187,2026-10-05,6,2.7375,2.7177,1.3284,1.625,2.4252,0.0,11.0547,4.5582
MED00188,2026-10-05,6,3.2647,4.0318,6.1914,5.625,4.2613,0.0,15.2708,5.8153
MED00189,2026-10-05,6,0.1936,0.2034,0.0,0.0,0.1564,0.0,4.244,2.1591
MED00190,2026-10-05,6,2.1204,2.8876,3.376,3.25,2.7532,0.0,11.8537,4.8069
MED00191,2026-10-05,6,11.8641,13.4131,14.2056,13.0,13.1075,1.8458,31.7195,9.831
MED00192,2026-10-05,6,0.1618,0.1575,0.2708,0.25,0.1836,0.0,4.3554,2.2036
MED00193,2026-10-05,6,0.0901,0.1181,0.0,0.0,0.0837,0.0,3.9385,2.0361
MED00194,2026-10-05,6,7.353,8.4038,11.6251,11.75,8.7781,0.0,24.1467,8.1178
MED00195,2026-10-05,6,6.6543,6.9112,9.2342,9.375,7.3408,0.0,21.4689,7.4626
MED00196,2026-10-05,6,7.4688,8.0164,5.7768,5.625,7.3648,0.0,21.5146,7.474
MED00197,2026-10-05,6,7.3205,7.2011,11.5962,11.625,8.1999,0.0,23.0819,7.8608
MED00198,2026-10-05,6,1.7082,1.2205,2.4281,2.375,1.6384,0.0,9.0165,3.8972
MED00199,2026-10-05,6,1.5806,1.4259,0.9956,1.375,1.383,0.0,8.3065,3.6571
MED00200,2026-10-05,6,1.8335,1.4664,1.5743,1.625,1.6077,0.0,8.9326,3.8691
MED00201,2026-10-05,6,8.4375,7.1997,7.2178,8.375,7.6032,0.0,21.9658,7.5865
MED00202,2026-10-05,6,1.8585,1.7273,0.3837,0.375,1.4791,0.0,8.5771,3.7492
MED00203,2026-10-05,6,2.1427,2.1045,2.4442,3.25,2.1924,0.0,10.4714,4.373
MED00204,2026-10-05,6,2.0974,2.3205,0.7706,0.75,1.9158,0.0,9.7579,4.1423
MED00205,2026-10-05,6,11.5328,14.1697,9.758,9.75,12.3907,1.4296,30.5058,9.5686
MED00206,2026-10-05,6,1.0255,0.9377,1.2553,1.5,1.0354,0.0,7.2873,3.3023
MED00207,2026-10-05,6,1.8823,1.7622,2.7458,2.75,2.0155,0.0,10.0178,4.2269
MED00208,2026-10-05,6,11.3319,12.3121,11.5496,11.0,11.8482,1.1203,29.5781,9.3651
MED00209,2026-10-05,6,2.7665,1.8189,4.6996,5.125,2.7462,0.0,11.8368,4.8017
MED00210,2026-10-05,6,1.2608,0.8532,2.0187,2.25,1.2362,0.0,7.8843,3.5116
MED00211,2026-10-05,6,2.1364,1.9594,2.4788,2.625,2.1302,0.0,10.3129,4.3222
MED00212,2026-10-05,6,2.2169,2.1128,0.2096,0.25,1.7349,0.0,9.2777,3.9842
MED00213,2026-10-05,6,1.1937,2.0407,0.0,0.0,1.3314,0.0,8.1595,3.6066
MED00214,2026-10-05,6,10.2079,10.0654,13.9652,13.875,10.9669,0.6289,28.0524,9.0247
MED00215,2026-10-05,6,2.2399,2.4102,2.2293,2.25,2.3194,0.0,10.7913,4.4749
MED00216,2026-10-05,6,0.0753,0.1071,0.0,0.0,0.0739,0.0,3.896,2.0189
MED00217,2026-10-05,6,0.2244,0.1991,0.2686,0.25,0.2224,0.0,4.5108,2.2652
MED00218,2026-10-05,6,4.4175,5.5336,5.9101,5.375,5.267,0.0,17.3836,6.4001
MED00219,2026-10-05,6,13.5686,10.4393,10.3072,10.5,11.4131,0.8758,28.8278,9.1986
MED00220,2026-10-05,6,2.0017,1.854,2.9606,2.875,2.1428,0.0,10.3452,4.3326
MED00221,2026-10-05,6,3.1554,3.4437,1.6126,2.25,2.9584,0.0,12.3414,4.9562
MED00222,2026-10-05,6,0.4437,0.5685,0.0,0.0,0.4062,0.0,5.2091,2.5369
MED00223,2026-10-05,6,10.2966,12.3725,4.6684,4.25,10.055,0.1365,26.4471,8.6584
MED00224,2026-10-05,6,1.7972,1.3928,0.6346,0.625,1.3578,0.0,8.235,3.6326
MED00225,2026-10-05,6,3.9239,4.0804,5.3758,5.875,4.316,0.0,15.3885,5.8486
MED00226,2026-10-05,6,2.3179,1.7155,2.5997,3.625,2.1,0.0,10.2357,4.2973
MED00227,2026-10-05,6,15.3273,14.3938,18.4259,20.25,15.5791,3.3373,35.8109,10.6866
MED00228,2026-10-05,6,1.8513,0.8578,2.5761,3.0,1.5464,0.0,8.7642,3.8125
MED00229,2026-10-05,6,0.5295,0.7662,0.0,0.0,0.5257,0.0,5.6356,2.6991
MED00230,2026-10-05,6,13.0054,14.9504,10.5101,11.25,13.3853,2.0092,32.1863,9.9309
MED00231,2026-10-05,6,1.6434,0.5824,1.2542,1.25,1.0651,0.0,7.3773,3.3341
MED00232,2026-10-05,6,2.893,4.0188,1.1253,1.125,3.0381,0.0,12.5285,5.0129
MED00233,2026-10-05,6,0.6286,0.3699,0.5701,0.625,0.4957,0.0,5.5304,2.6594
MED00234,2026-10-05,6,1.8066,1.1011,2.1753,2.125,1.5589,0.0,8.7988,3.8241
MED00235,2026-10-05,6,72.9116,72.1018,67.2707,61.625,71.3822,45.4986,114.1597,22.5955
MED00236,2026-10-05,6,2.2264,2.645,1.8936,1.875,2.3519,0.0,10.8725,4.5007
MED00237,2026-10-05,6,3.9254,4.0569,5.4215,6.625,4.3154,0.0,15.3872,5.8483
MED00238,2026-10-05,6,1.9225,1.6398,1.6285,1.625,1.7286,0.0,9.2609,3.9786
MED00239,2026-10-05,6,3.2897,4.3628,4.4256,4.5,4.0406,0.0,14.792,5.679
MED00240,2026-10-05,6,3.9324,3.5214,4.4984,6.125,3.8673,0.0,14.4113,5.5695
MED00241,2026-10-05,6,2.44,3.0329,2.4883,2.375,2.7298,0.0,11.7975,4.7896
MED00242,2026-10-05,6,10.3147,12.7239,8.8395,8.75,11.13,0.7187,28.3365,9.0887
MED00243,2026-10-05,6,0.1288,0.0824,0.1362,0.125,0.1088,0.0,4.0458,2.0795
MED00244,2026-10-05,6,2.0524,2.2273,2.2316,2.125,2.175,0.0,10.4271,4.3589
MED00245,2026-10-05,6,76.1704,61.816,87.5401,79.25,72.0103,46.0138,114.9743,22.694
MED00246,2026-10-05,6,5.0695,5.7915,6.6429,6.75,5.7532,0.0,18.3701,6.6644
MED00247,2026-10-05,6,11.3598,13.8135,12.9268,12.375,12.8571,1.6995,31.2971,9.7402
MED00248,2026-10-05,6,2.1882,1.6647,2.0418,2.5,1.9142,0.0,9.7537,4.1409
MED00249,2026-10-05,6,21.5683,25.3379,30.916,34.25,25.3787,9.8482,51.0458,13.5576
MED00250,2026-10-05,6,10.6952,8.4399,11.6243,16.125,9.8543,0.0306,26.0898,8.5757
MED00251,2026-10-05,6,1.7864,1.3443,3.0021,2.875,1.8456,0.0,9.5728,4.0816
MED00252,2026-10-05,6,0.4777,0.1614,0.699,0.75,0.3785,0.0,5.1076,2.498
MED00253,2026-10-05,6,3.6063,4.3261,4.3102,4.0,4.0988,0.0,14.9188,5.7152
MED00254,2026-10-05,6,0.4213,0.178,0.9312,1.0,0.4187,0.0,5.2548,2.5545
MED00255,2026-10-05,6,4.9151,6.2104,4.9402,6.625,5.5303,0.0,17.9205,6.5446
MED00256,2026-10-05,6,2.1781,1.9089,1.32,1.25,1.8683,0.0,9.633,4.1014
MED00257,2026-10-05,6,4.1864,4.4488,5.6381,7.5,4.6281,0.0,16.0538,6.0352
MED00258,2026-10-05,6,2.094,2.375,3.7893,3.875,2.5952,0.0,11.4719,4.6887
MED00259,2026-10-05,6,2.1563,2.0066,3.1998,3.125,2.3149,0.0,10.7802,4.4714
MED00260,2026-10-05,6,0.4708,0.4579,1.1197,1.125,0.606,0.0,5.9123,2.8028
MED00261,2026-10-05,6,0.768,0.7462,0.1262,0.125,0.6193,0.0,5.9573,2.8196
MED00262,2026-10-05,6,3.1222,2.6242,3.7223,5.0,3.023,0.0,12.4932,5.0022
MED00263,2026-10-05,6,2.8657,3.4137,5.6193,5.375,3.722,0.0,14.0893,5.4761
MED00264,2026-10-05,6,0.2648,0.1249,0.0,0.0,0.1423,0.0,4.1858,2.1358
MED00265,2026-10-05,6,6.1893,7.0675,10.7498,10.375,7.5952,0.0,21.9507,7.5827
MED00266,2026-10-05,6,14.1073,15.4195,5.8147,6.25,12.9347,1.7447,31.4282,9.7684
MED00267,2026-10-05,6,4.3371,6.0593,3.7949,3.875,5.028,0.0,16.8909,6.2661
MED00268,2026-10-05,6,2.1688,2.4918,3.6701,3.625,2.6476,0.0,11.5991,4.7283
MED00269,2026-10-05,6,2.16,2.1485,2.2774,2.125,2.1823,0.0,10.4456,4.3648
MED00270,2026-10-05,6,2.3328,2.0594,5.1258,4.875,2.8136,0.0,11.998,4.8513
MED00271,2026-10-05,6,1.5691,2.2468,3.58,4.25,2.3235,0.0,10.8017,4.4782
MED00272,2026-10-05,6,4.1421,4.1393,4.2205,4.875,4.1619,0.0,15.0559,5.7543
MED00273,2026-10-05,6,3.3963,2.9268,2.3823,2.625,2.9604,0.0,12.3461,4.9576
MED00274,2026-10-05,6,0.6097,0.3047,0.3486,0.375,0.4112,0.0,5.2276,2.5441
MED00275,2026-10-05,6,12.221,7.473,12.0484,14.25,9.9784,0.096,26.3109,8.627
MED00276,2026-10-05,6,1.8814,1.7743,2.3756,2.25,1.9405,0.0,9.8228,4.1635
MED00277,2026-10-05,6,0.1936,0.1845,0.0,0.0,0.1475,0.0,4.2077,2.1446
MED00278,2026-10-05,6,8.1402,8.6141,11.6297,11.25,9.1269,0.0,24.7817,8.269
MED00279,2026-10-05,6,22.7341,20.6946,23.8779,22.25,22.0526,7.5544,46.0135,12.6564
MED00280,2026-10-05,6,0.2123,0.1598,0.2765,0.25,0.2019,0.0,4.4291,2.2328
MED00281,2026-10-05,6,14.9697,10.6396,15.1099,15.875,12.9929,1.7787,31.5264,9.7896
MED00282,2026-10-05,6,3.6274,2.6882,2.7234,3.25,2.9963,0.0,12.4305,4.9833
MED00283,2026-10-05,6,2.1847,2.5384,3.3872,3.625,2.613,0.0,11.5152,4.7022
MED00284,2026-10-05,6,1.3835,0.8692,0.471,0.625,0.9467,0.0,7.0153,3.2055
MED00285,2026-10-05,6,5.0305,5.2701,7.9694,7.375,5.7852,0.0,18.4344,6.6814
MED00286,2026-10-05,6,4.1495,3.5584,6.0711,7.0,4.2946,0.0,15.3426,5.8356
MED00287,2026-10-05,6,3.0249,3.5147,3.7147,3.625,3.4064,0.0,13.3785,5.2674
MED00288,2026-10-05,6,37.7581,42.7347,35.8282,38.625,39.7011,20.3443,71.6918,16.8978
MED00289,2026-10-05,6,4.0557,4.0127,6.1379,8.75,4.4915,0.0,15.764,5.9542
MED00290,2026-10-05,6,1.8028,1.0992,1.1204,1.125,1.3279,0.0,8.1495,3.6032
MED00291,2026-10-05,6,10.4218,17.5747,2.8114,3.0,12.1212,1.2753,30.0459,9.468
MED00292,2026-10-05,6,1.7134,1.2926,0.9702,1.25,1.3574,0.0,8.2336,3.6321
MED00293,2026-10-05,6,4.4526,3.2119,8.3966,9.875,4.7335,0.0,16.276,6.0969
MED00294,2026-10-05,6,1.2747,0.6848,0.7466,1.0,0.8859,0.0,6.8256,3.1374
MED00295,2026-10-05,6,0.26,0.2116,0.0,0.0,0.1813,0.0,4.3457,2.1997
MED00296,2026-10-05,6,3.8322,3.9018,4.3673,4.5,3.9847,0.0,14.6695,5.6438
MED00297,2026-10-05,6,5.8689,7.0133,6.6568,6.625,6.5802,0.0,20.0056,7.0914
MED00298,2026-10-05,6,2.1294,1.658,3.9281,4.0,2.3017,0.0,10.747,4.4609
MED00299,2026-10-05,6,0.3757,0.2986,0.2546,0.25,0.3138,0.0,4.8654,2.4042
MED00300,2026-10-05,6,1.8976,1.7864,0.2528,0.25,1.4906,0.0,8.6093,3.7601
MED00301,2026-10-05,6,4.7371,6.4157,5.6042,5.625,5.7139,0.0,18.2912,6.6434
MED00302,2026-10-05,6,9.0055,8.7295,4.595,4.375,7.9285,0.0,22.5766,7.7372
MED00303,2026-10-05,6,2.8259,2.2747,2.9862,3.625,2.6061,0.0,11.4984,4.697
MED00304,2026-10-05,6,3.7663,4.3688,3.3254,4.625,3.9558,0.0,14.6061,5.6256
MED00305,2026-10-05,6,1.8296,1.9266,1.1674,1.125,1.733,0.0,9.2726,3.9825
MED00306,2026-10-05,6,0.3595,0.2398,0.0,0.0,0.2259,0.0,4.5248,2.2707
MED00307,2026-10-05,6,32.4956,27.7864,36.5639,36.375,31.2117,14.0198,59.6245,15.0079
MED00308,2026-10-05,6,0.7546,0.7067,0.4855,0.5,0.6746,0.0,6.1428,2.8884
MED00309,2026-10-05,6,3.0647,3.3981,1.6622,2.25,2.9191,0.0,12.2487,4.928
MED00310,2026-10-05,6,3.4383,3.1705,2.482,3.25,3.1092,0.0,12.6945,5.0631
MED00311,2026-10-05,6,3.0447,3.4213,3.6456,4.375,3.354,0.0,13.2592,5.232
MED00312,2026-10-05,6,0.581,0.206,0.3414,0.375,0.3545,0.0,5.0184,2.4636
MED00313,2026-10-05,6,0.4274,0.2398,1.8236,1.75,0.6432,0.0,6.0379,2.8495
MED00314,2026-10-05,6,10.3833,11.8001,8.7146,8.75,10.6932,0.4793,27.5736,8.9164
MED00315,2026-10-05,6,9.2783,10.5249,11.5549,11.25,10.3638,0.3013,26.9939,8.7842
MED00316,2026-10-05,6,2.7689,3.1215,2.6356,2.625,2.9074,0.0,12.221,4.9195
MED00317,2026-10-05,6,2.1414,2.2762,2.8764,2.875,2.366,0.0,10.9076,4.5118
MED00318,2026-10-05,6,2.5368,1.5841,3.5531,5.0,2.3149,0.0,10.7802,4.4714
MED00319,2026-10-05,6,10.96,12.6331,12.1312,11.0,12.0064,1.21,29.8496,9.4249
MED00320,2026-10-05,6,5.6651,6.6922,3.3334,3.75,5.6444,0.0,18.1512,6.6062
MED00321,2026-10-05,6,0.6417,0.9368,3.8957,3.75,1.4863,0.0,8.5971,3.756
MED00322,2026-10-05,6,0.172,0.1536,0.0,0.0,0.1262,0.0,4.119,2.109
MED00323,2026-10-05,6,1.0495,0.6033,2.2493,2.5,1.1025,0.0,7.4897,3.3738
MED00324,2026-10-05,6,1.4422,0.9815,1.4545,2.0,1.2312,0.0,7.8698,3.5066
MED00325,2026-10-05,6,6.622,8.2026,5.9271,5.75,7.216,0.0,21.2312,7.403
MED00326,2026-10-05,6,8.8688,11.4338,8.8627,8.5,10.0742,0.1467,26.4812,8.6663
MED00327,2026-10-05,6,2.9037,4.0041,2.3724,2.25,3.3052,0.0,13.1475,5.1988
MED00328,2026-10-05,6,3.957,4.4088,5.4935,5.625,4.5054,0.0,15.7935,5.9625
MED00329,2026-10-05,6,10.7828,12.2613,12.4633,11.625,11.8487,1.1205,29.579,9.3653
MED00330,2026-10-05,6,4.0443,4.5855,5.9619,6.125,4.7172,0.0,16.2418,6.0874
MED00331,2026-10-05,6,1.8884,1.2977,2.5208,2.375,1.7517,0.0,9.3227,3.9991
MED00332,2026-10-05,6,2.8595,3.6793,3.0951,2.875,3.2964,0.0,13.1272,5.1927
MED00333,2026-10-05,6,2.4769,2.3749,6.0846,6.25,3.2146,0.0,12.939,5.1365
MED00334,2026-10-05,6,9.7019,12.7046,4.1024,4.375,9.8987,0.054,26.169,8.5941
MED00335,2026-10-05,6,5.7644,5.855,6.8086,6.5,6.0391,0.0,18.9412,6.815
MED00336,2026-10-05,6,10.0389,10.2769,12.5704,11.25,10.7094,0.4881,27.602,8.9228
MED00337,2026-10-05,6,70.762,52.8731,63.9247,60.25,60.995,37.0544,100.5611,20.8992
MED00338,2026-10-05,6,9.7099,14.1096,1.2656,1.25,9.9418,0.0767,26.2458,8.6119
MED00339,2026-10-05,6,1.8467,1.2006,0.281,0.375,1.207,0.0,7.7992,3.482
MED00340,2026-10-05,6,1.7536,2.6357,0.2381,0.25,1.8384,0.0,9.554,4.0754
MED00341,2026-10-05,6,4.9657,6.1875,7.7235,8.375,6.1397,0.0,19.1407,6.8673
MED00342,2026-10-05,6,2.0994,1.8431,1.4558,1.375,1.8421,0.0,9.5638,4.0787
MED00343,2026-10-05,6,10.0442,10.1187,11.7948,11.625,10.4689,0.3578,27.1793,8.8266
MED00344,2026-10-05,6,3.9277,4.9701,5.1823,5.625,4.6907,0.0,16.1859,6.0719
MED00345,2026-10-05,6,0.1783,0.1061,0.0,0.0,0.1061,0.0,4.034,2.0748
MED00346,2026-10-05,6,3.0897,3.5768,2.124,2.0,3.1107,0.0,12.698,5.0641
MED00347,2026-10-05,6,0.1531,0.1837,0.0,0.0,0.1343,0.0,4.1529,2.1226
MED00348,2026-10-05,6,1.8018,1.3092,1.4243,1.375,1.4917,0.0,8.6122,3.7611
MED00349,2026-10-05,6,2.2822,1.9955,2.0261,2.0,2.095,0.0,10.2229,4.2932
MED00350,2026-10-05,6,1.1067,1.9608,2.6168,2.5,1.8344,0.0,9.5433,4.0719
MED00351,2026-10-05,6,0.5833,0.6448,0.0,0.0,0.486,0.0,5.4962,2.6464
MED00352,2026-10-05,6,0.1704,0.3315,0.0,0.0,0.2088,0.0,4.4566,2.2437
MED00353,2026-10-05,6,0.7751,0.509,0.0,0.0,0.4834,0.0,5.4869,2.6429
MED00354,2026-10-05,6,0.7941,1.1758,1.296,1.25,1.0821,0.0,7.4283,3.3521
MED00355,2026-10-05,6,9.1723,9.7128,9.5958,11.5,9.5258,0.0,25.5016,8.4386
MED00356,2026-10-05,6,1.9818,1.988,2.019,1.875,1.9948,0.0,9.964,4.2094
MED00357,2026-10-05,6,0.2128,0.112,0.2744,0.25,0.1793,0.0,4.3378,2.1966
MED00358,2026-10-05,6,4.9388,5.2269,2.721,3.375,4.597,0.0,15.9881,6.0168
MED00359,2026-10-05,6,2.1097,2.2574,1.5992,1.5,2.07,0.0,10.1586,4.2725
MED00360,2026-10-05,6,2.4468,1.9035,3.3538,3.875,2.3924,0.0,10.9732,4.5325
MED00361,2026-10-05,6,2.2059,2.1735,4.8878,4.875,2.7749,0.0,11.9056,4.8229
MED00362,2026-10-05,6,2.3461,2.0443,4.8331,4.875,2.7472,0.0,11.8392,4.8025
MED00363,2026-10-05,6,1.71,1.4356,2.5211,2.5,1.7596,0.0,9.3439,4.0061
MED00364,2026-10-05,6,0.1446,0.2055,0.0,0.0,0.1418,0.0,4.184,2.1351
MED00365,2026-10-05,6,2.15,2.3093,2.1845,2.125,2.234,0.0,10.5768,4.4067
MED00366,2026-10-05,6,9.5745,9.5652,11.8621,11.25,10.0761,0.1478,26.4846,8.6671
MED00367,2026-10-05,6,2.1538,2.6139,1.622,1.625,2.2555,0.0,10.6308,4.4239
MED00368,2026-10-05,6,2.7535,3.2875,5.2751,5.0,3.5528,0.0,13.7102,5.3652
MED00369,2026-10-05,6,3.5433,3.7091,3.9408,5.0,3.7106,0.0,14.0638,5.4687
MED00370,2026-10-05,6,0.4857,0.2376,0.0,0.0,0.2649,0.0,4.6778,2.3309
MED00371,2026-10-05,6,16.229,13.945,13.8694,14.0,14.6666,2.7772,34.3159,10.379
MED00372,2026-10-05,6,0.2115,0.1064,0.1359,0.125,0.1462,0.0,4.2023,2.1424
MED00373,2026-10-05,6,0.6175,0.5695,0.9395,0.875,0.6656,0.0,6.1128,2.8773
MED00374,2026-10-05,6,2.0023,1.2293,2.2789,2.75,1.7033,0.0,9.1927,3.956
MED00375,2026-10-05,6,16.2136,16.703,13.7372,13.5,15.921,3.5497,36.3668,10.7997
MED00376,2026-10-05,6,2.064,1.9869,2.0542,2.0,2.0279,0.0,10.0499,4.2373
MED00377,2026-10-05,6,0.5059,0.7017,0.89,0.875,0.6812,0.0,6.1648,2.8965
MED00378,2026-10-05,6,2.1717,2.479,2.3222,2.125,2.35,0.0,10.8678,4.4992
MED00379,2026-10-05,6,0.5734,0.8971,2.6013,2.5,1.1652,0.0,7.6761,3.4391
MED00380,2026-10-05,6,0.575,0.4018,0.0,0.0,0.3699,0.0,5.0757,2.4857
MED00381,2026-10-05,6,1.35,2.3943,1.3246,1.25,1.8335,0.0,9.5409,4.0711
MED00382,2026-10-05,6,2.2027,1.4514,3.1232,3.75,2.0538,0.0,10.1168,4.259
MED00383,2026-10-05,6,6.4694,8.5733,6.4334,5.75,7.4506,0.0,21.6772,7.5147
MED00384,2026-10-05,6,2.0402,1.9054,2.3057,2.125,2.0369,0.0,10.0732,4.2448
MED00385,2026-10-05,6,18.0571,20.9224,19.4943,20.25,19.7251,5.9954,42.4159,11.9855
MED00386,2026-10-05,6,14.0176,13.8892,13.5844,14.125,13.8777,2.3016,33.0091,10.1054
MED00387,2026-10-05,6,18.844,21.8628,23.5549,22.5,21.2949,7.0423,44.8498,12.4419
MED00388,2026-10-05,6,73.2424,122.805,88.4969,84.125,99.7716,69.201,150.2951,26.687
MED00389,2026-10-05,6,8.8306,9.0699,8.1901,11.25,8.8122,0.0,24.209,8.1327
MED00390,2026-10-05,6,19.0702,20.1432,24.4398,34.25,20.7556,6.6805,44.0172,12.287
MED00391,2026-10-05,6,18.3579,16.8882,20.4094,24.875,18.1351,4.9561,39.9157,11.5047
MED00392,2026-10-05,6,18.4852,18.4144,19.773,22.625,18.7501,5.3554,40.8872,11.693
MED00393,2026-10-05,6,12.4233,11.7592,9.1849,10.125,11.4228,0.8813,28.8447,9.2024
MED00394,2026-10-05,6,14.4088,12.0894,13.8153,16.25,13.2113,1.9067,31.8941,9.8685
MED00395,2026-10-05,6,17.7532,17.4415,16.259,18.375,17.3011,4.4205,38.5888,11.2444
MED00396,2026-10-05,6,59.8868,53.3424,49.5422,46.75,54.6457,31.9747,92.1136,19.7909
MED00397,2026-10-05,6,53.1103,48.4395,50.9531,48.125,50.514,28.7088,86.5511,19.0351
MED00398,2026-10-05,6,107.869,112.9277,120.4705,128.0,113.0738,80.5386,166.8443,28.402
MED00399,2026-10-05,6,94.0183,117.6621,109.8716,115.75,108.5941,76.707,161.2935,27.8363
MED00400,2026-10-05,6,73.4537,73.5796,70.5594,69.875,72.9578,46.792,116.2016,22.8418
MED00401,2026-10-05,6,12.9923,11.0215,12.9096,20.875,12.067,1.2444,29.9533,9.4477
MED00402,2026-10-05,6,18.1676,14.6705,20.6563,29.875,17.0926,4.2876,38.2553,11.1783
MED00403,2026-10-05,6,12.1956,16.7507,8.8092,9.125,13.6002,2.1364,32.5462,10.0074
MED00404,2026-10-05,6,4.7375,6.1571,6.2307,6.125,5.7292,0.0,18.3219,6.6516
MED00405,2026-10-05,6,7.1558,8.1251,7.2626,7.375,7.6388,0.0,22.0329,7.6031
MED00406,2026-10-05,6,20.5939,23.3245,25.0617,26.75,22.8592,8.104,47.2448,12.8807
MED00407,2026-10-05,6,17.8187,15.5848,22.3832,30.5,17.7838,4.7297,39.3581,11.3958
MED00408,2026-10-05,6,6.7865,5.7166,8.034,11.25,6.5643,0.0,19.9747,7.0835
MED00409,2026-10-05,6,10.4164,10.4274,7.7581,10.875,9.8551,0.031,26.0912,8.5761
MED00410,2026-10-05,6,8.7766,8.284,9.3964,14.0,8.6898,0.0,23.9851,8.0791
MED00411,2026-10-05,6,17.7027,17.6722,21.247,26.125,18.4752,5.1766,40.4538,11.6092
MED00412,2026-10-05,6,12.4481,8.0723,10.8638,14.0,10.0733,0.1462,26.4795,8.6659
MED00413,2026-10-05,6,12.7398,10.279,10.8165,12.875,11.186,0.7497,28.434,9.1105
MED00414,2026-10-05,6,18.1113,15.915,18.8475,24.125,17.2635,4.3964,38.5287,11.2325
MED00415,2026-10-05,6,13.103,9.2324,11.658,15.75,10.995,0.6443,28.1014,9.0358
MED00416,2026-10-05,6,16.6309,15.058,19.1387,23.75,16.4572,3.8856,37.2341,10.9746
MED00417,2026-10-05,6,7.0968,6.4353,6.8915,7.5,6.7504,0.0,20.3363,7.1762
MED00418,2026-10-05,6,7.3022,5.9035,7.9278,9.375,6.792,0.0,20.4168,7.1967
MED00419,2026-10-05,6,8.5924,7.4809,9.3055,10.125,8.2366,0.0,23.15,7.8774
MED00420,2026-10-05,6,19.9846,15.8797,21.3166,30.625,18.3766,5.1125,40.2979,11.579
MED00421,2026-10-05,6,20.2613,14.8098,23.6285,34.125,18.4664,5.1708,40.4398,11.6065
MED00422,2026-10-05,6,16.7226,14.9311,19.486,23.375,16.5024,3.914,37.307,10.9892
MED00423,2026-10-05,6,12.9591,10.9106,10.1775,11.25,11.4118,0.8751,28.8255,9.1981
MED00424,2026-10-05,6,53.6959,84.8059,101.6258,118.875,78.6788,51.5132,123.5749,23.7145
MED00001,2026-10-12,7,12.851,9.0056,11.2045,15.125,10.7108,0.4888,27.6044,8.9234
MED00002,2026-10-12,7,0.1013,0.1077,0.1353,0.125,0.1118,0.0,4.0582,2.0845
MED00003,2026-10-12,7,0.298,0.5191,0.0,0.0,0.3369,0.0,4.9526,2.4381
MED00004,2026-10-12,7,0.7623,0.6748,1.8221,1.75,0.9522,0.0,7.0324,3.2116
MED00005,2026-10-12,7,2.3131,3.396,1.9652,1.875,2.7456,0.0,11.8354,4.8013
MED00006,2026-10-12,7,1.6553,1.0359,0.266,0.25,1.0662,0.0,7.3806,3.3353
MED00007,2026-10-12,7,3.716,3.4537,3.0167,2.75,3.4454,0.0,13.4674,5.2937
MED00008,2026-10-12,7,0.656,0.5253,1.4191,1.375,0.7612,0.0,6.4274,2.9929
MED00009,2026-10-12,7,3.1425,3.6998,3.3561,3.875,3.4522,0.0,13.4828,5.2983
MED00010,2026-10-12,7,4.14,3.6426,4.4897,4.125,3.9877,0.0,14.6762,5.6458
MED00011,2026-10-12,7,18.8754,21.9607,23.9217,24.875,21.4302,7.1335,45.0581,12.4805
MED00012,2026-10-12,7,2.0688,2.7752,0.3842,0.375,2.0352,0.0,10.0687,4.2434
MED00013,2026-10-12,7,3.9511,4.0125,6.6475,6.375,4.5689,0.0,15.9284,6.0002
MED00014,2026-10-12,7,16.4023,14.2552,27.5813,28.0,17.8419,4.767,39.4505,11.4139
MED00015,2026-10-12,7,0.5214,0.349,0.9681,0.875,0.5383,0.0,5.6797,2.7157
MED00016,2026-10-12,7,2.0494,1.6405,4.816,4.75,2.4608,0.0,11.1427,4.5858
MED00017,2026-10-12,7,1.8725,1.7684,2.4136,2.375,1.9432,0.0,9.8296,4.1657
MED00018,2026-10-12,7,73.6467,66.5817,81.0335,87.75,72.024,46.025,114.992,22.6961
MED00019,2026-10-12,7,48.6683,38.8832,44.1874,49.375,43.175,22.9991,76.5192,17.6127
MED00020,2026-10-12,7,9.5758,12.1375,15.6846,14.875,12.1073,1.2674,30.0222,9.4628
MED00021,2026-10-12,7,3.5948,3.4892,3.0591,4.5,3.4328,0.0,13.4388,5.2852
MED00022,2026-10-12,7,2.2793,1.3641,2.4255,3.375,1.8859,0.0,9.6794,4.1166
MED00023,2026-10-12,7,1.1832,0.9114,0.2053,0.25,0.8452,0.0,6.6973,3.0911
MED00024,2026-10-12,7,2.7003,2.8237,2.1052,2.875,2.6315,0.0,11.56,4.7161
MED00025,2026-10-12,7,0.0859,0.1061,0.0,0.0,0.0768,0.0,3.9086,2.024
MED00026,2026-10-12,7,0.3731,0.3232,0.1266,0.125,0.2967,0.0,4.8001,2.3788
MED00027,2026-10-12,7,0.2028,0.123,0.0,0.0,0.1217,0.0,4.1001,2.1014
MED00028,2026-10-12,7,0.5356,0.593,0.5572,0.5,0.5676,0.0,5.7809,2.7537
MED00029,2026-10-12,7,11.5197,11.5865,13.8865,17.375,12.076,1.2495,29.9687,9.4511
MED00030,2026-10-12,7,3.772,3.419,4.2587,5.5,3.7165,0.0,14.0771,5.4725
MED00031,2026-10-12,7,2.8987,3.3198,2.6528,3.25,3.0449,0.0,12.5446,5.0178
MED00032,2026-10-12,7,2.2902,1.5579,2.1267,2.75,1.915,0.0,9.7559,4.1416
MED00033,2026-10-12,7,1.008,1.7224,1.9726,1.875,1.5519,0.0,8.7794,3.8176
MED00034,2026-10-12,7,19.1638,21.4202,23.7799,25.0,21.2384,7.0043,44.7627,12.4258
MED00035,2026-10-12,7,0.4334,0.2033,0.355,0.375,0.3093,0.0,4.8485,2.3976
MED00036,2026-10-12,7,1.5758,1.3935,2.261,2.25,1.641,0.0,9.0235,3.8995
MED00037,2026-10-12,7,4.1706,3.2971,5.3816,5.5,4.0296,0.0,14.768,5.6721
MED00038,2026-10-12,7,12.8381,10.6327,13.6351,20.0,11.994,1.2029,29.8283,9.4202
MED00039,2026-10-12,7,1.0469,1.2743,1.2329,1.25,1.1945,0.0,7.7625,3.4692
MED00040,2026-10-12,7,0.5476,0.4734,0.9922,1.0,0.61,0.0,5.9257,2.8078
MED00041,2026-10-12,7,0.5527,0.4303,0.1145,0.125,0.401,0.0,5.1901,2.5297
MED00042,2026-10-12,7,3.2356,3.4315,1.8627,2.0,3.0324,0.0,12.5153,5.009
MED00043,2026-10-12,7,0.4232,0.4032,0.5209,0.5,0.4355,0.0,5.3155,2.5777
MED00044,2026-10-12,7,1.9222,1.6713,0.8946,1.25,1.584,0.0,8.8676,3.8473
MED00045,2026-10-12,7,1.6869,1.5723,0.1251,0.125,1.2962,0.0,8.0582,3.5718
MED00046,2026-10-12,7,2.2955,2.2162,0.8117,1.125,1.9387,0.0,9.8181,4.1619
MED00047,2026-10-12,7,5.3763,6.0446,7.819,7.375,6.2238,0.0,19.307,6.9106
MED00048,2026-10-12,7,12.3252,14.271,16.5892,17.75,14.1715,2.4778,33.4975,10.2082
MED00049,2026-10-12,7,0.1704,0.1157,0.0,0.0,0.108,0.0,4.0423,2.0781
MED00050,2026-10-12,7,2.6914,3.3415,2.5866,2.625,2.9749,0.0,12.3804,4.968
MED00051,2026-10-12,7,0.1071,0.1162,0.0,0.0,0.0882,0.0,3.9579,2.044
MED00052,2026-10-12,7,0.4556,0.515,0.5201,0.5,0.4978,0.0,5.5377,2.6621
MED00053,2026-10-12,7,5.4458,6.2198,6.4835,10.0,6.0379,0.0,18.9389,6.8144
MED00054,2026-10-12,7,5.7312,6.6996,7.9947,11.75,6.6804,0.0,20.2004,7.1414
MED00055,2026-10-12,7,0.8903,0.8288,1.1872,1.25,0.9269,0.0,6.954,3.1835
MED00056,2026-10-12,7,0.6177,0.4356,0.9141,1.0,0.5976,0.0,5.8836,2.7921
MED00057,2026-10-12,7,0.4691,0.335,0.1169,0.125,0.3305,0.0,4.9287,2.4288
MED00058,2026-10-12,7,1.6543,1.1403,0.1281,0.125,1.0847,0.0,7.4363,3.355
MED00059,2026-10-12,7,7.8013,6.7099,10.1092,11.75,7.8002,0.0,22.3363,7.6781
MED00060,2026-10-12,7,5.6125,3.992,5.7738,7.625,4.8964,0.0,16.6171,6.191
MED00061,2026-10-12,7,0.6021,0.8113,0.8818,0.75,0.7611,0.0,6.4272,2.9929
MED00062,2026-10-12,7,12.618,8.9631,11.4821,15.875,10.6773,0.4707,27.5457,8.91
MED00063,2026-10-12,7,0.1071,0.1198,0.0,0.0,0.0899,0.0,3.9651,2.0469
MED00064,2026-10-12,7,23.6526,26.254,22.8247,25.375,24.7114,9.3824,50.0454,13.3816
MED00065,2026-10-12,7,61.7423,56.8834,53.0598,51.5,57.6508,34.3703,96.1261,20.323
MED00066,2026-10-12,7,0.4578,0.3503,0.5472,0.5,0.4274,0.0,5.2864,2.5665
MED00067,2026-10-12,7,2.023,2.6928,3.9911,3.875,2.7649,0.0,11.8816,4.8155
MED00068,2026-10-12,7,3.1138,2.6979,4.5171,6.25,3.2272,0.0,12.968,5.1452
MED00069,2026-10-12,7,1.7125,1.3328,0.8653,1.25,1.353,0.0,8.2213,3.6279
MED00070,2026-10-12,7,11.4087,11.4127,13.2663,15.625,11.8251,1.1072,29.5384,9.3563
MED00071,2026-10-12,7,2.0538,1.8873,1.5173,2.125,1.8617,0.0,9.6155,4.0956
MED00072,2026-10-12,7,2.1199,1.5153,2.2274,3.125,1.863,0.0,9.6189,4.0967
MED00073,2026-10-12,7,3.0267,2.7701,4.2464,6.25,3.1746,0.0,12.8464,5.1087
MED00074,2026-10-12,7,2.7732,2.5157,3.673,5.125,2.851,0.0,12.0872,4.8786
MED00075,2026-10-12,7,3.1071,2.2177,3.3102,4.875,2.7389,0.0,11.8193,4.7964
MED00076,2026-10-12,7,0.2191,0.0929,0.2703,0.25,0.1715,0.0,4.306,2.1839
MED00077,2026-10-12,7,3.5933,2.9762,4.9055,7.25,3.5935,0.0,13.8017,5.3921
MED00078,2026-10-12,7,2.805,4.163,2.6352,3.125,3.4051,0.0,13.3758,5.2666
MED00079,2026-10-12,7,19.9688,30.3544,17.0238,18.0,24.1998,9.0271,49.2754,13.2452
MED00080,2026-10-12,7,3.1172,2.1471,4.0869,6.125,2.8777,0.0,12.1506,4.898
MED00081,2026-10-12,7,0.3139,0.4049,0.2673,0.25,0.3466,0.0,4.9891,2.4522
MED00082,2026-10-12,7,2.5871,3.4882,2.022,2.75,2.8879,0.0,12.1748,4.9054
MED00083,2026-10-12,7,2.9377,2.6532,3.1162,4.375,2.8465,0.0,12.0765,4.8754
MED00084,2026-10-12,7,44.5214,44.4103,43.8925,39.875,44.3776,23.9258,78.1777,17.8536
MED00085,2026-10-12,7,2.0697,1.741,3.3706,3.25,2.2005,0.0,10.492,4.3796
MED00086,2026-10-12,7,0.3821,0.2696,0.0,0.0,0.247,0.0,4.6078,2.3034
MED00087,2026-10-12,7,1.7104,1.5167,2.039,2.0,1.693,0.0,9.1647,3.9466
MED00088,2026-10-12,7,28.3601,28.6092,29.7948,28.0,28.8161,12.2863,56.1347,14.4299
MED00089,2026-10-12,7,14.7684,18.7454,8.624,8.0,15.3071,3.1693,35.3671,10.5959
MED00090,2026-10-12,7,2.5866,3.3871,4.021,4.875,3.2743,0.0,13.0764,5.1776
MED00091,2026-10-12,7,2.0944,1.8268,1.8205,2.5,1.912,0.0,9.7481,4.1391
MED00092,2026-10-12,7,1.5158,1.4105,1.5348,1.5,1.4723,0.0,8.558,3.7428
MED00093,2026-10-12,7,0.2805,0.1658,0.2582,0.25,0.2224,0.0,4.5106,2.2651
MED00094,2026-10-12,7,0.5741,0.4325,0.776,0.75,0.5523,0.0,5.7282,2.7339
MED00095,2026-10-12,7,2.9006,3.4951,3.9795,3.875,3.4153,0.0,13.3988,5.2734
MED00096,2026-10-12,7,14.3969,9.8297,12.4766,13.75,11.8617,1.1279,29.6013,9.3702
MED00097,2026-10-12,7,0.4252,0.5618,0.0,0.0,0.3972,0.0,5.1762,2.5243
MED00098,2026-10-12,7,7.8921,7.9523,9.1002,9.625,8.1903,0.0,23.0641,7.8565
MED00099,2026-10-12,7,0.2313,0.255,0.0,0.0,0.1924,0.0,4.3908,2.2176
MED00100,2026-10-12,7,0.1547,0.0901,0.1351,0.125,0.1205,0.0,4.0947,2.0993
MED00101,2026-10-12,7,3.9639,4.5661,7.7086,7.25,5.0617,0.0,16.9606,6.2851
MED00102,2026-10-12,7,4.2259,3.1604,3.3815,3.5,3.5493,0.0,13.7023,5.3629
MED00103,2026-10-12,7,2.7823,3.3303,1.0318,1.0,2.6611,0.0,11.6318,4.7384
MED00104,2026-10-12,7,7.2714,8.9829,9.3677,8.375,8.5329,0.0,23.697,8.0098
MED00105,2026-10-12,7,11.2448,13.0201,9.7938,9.75,11.7703,1.0762,29.4441,9.3355
MED00106,2026-10-12,7,0.1235,0.1674,0.0,0.0,0.1173,0.0,4.0816,2.094
MED00107,2026-10-12,7,7.7406,10.0687,8.6582,8.25,9.0347,0.0,24.6143,8.2293
MED00108,2026-10-12,7,2.8471,2.9647,4.0535,3.875,3.1666,0.0,12.828,5.1032
MED00109,2026-10-12,7,0.4894,0.6317,0.0,0.0,0.4501,0.0,5.3683,2.5978
MED00110,2026-10-12,7,0.4173,0.2399,0.0,0.0,0.2443,0.0,4.5972,2.2992
MED00111,2026-10-12,7,0.6694,0.6576,1.0992,1.0,0.7578,0.0,6.4165,2.989
MED00112,2026-10-12,7,2.7192,2.9057,3.8002,3.75,3.0436,0.0,12.5414,5.0168
MED00113,2026-10-12,7,1.8874,1.469,1.9951,2.0,1.7173,0.0,9.2302,3.9684
MED00114,2026-10-12,7,12.3464,12.0958,18.1785,17.875,13.5073,2.0814,32.3908,9.9744
MED00115,2026-10-12,7,2.0062,2.1124,2.0431,2.0,2.0658,0.0,10.1477,4.2689
MED00116,2026-10-12,7,7.3761,8.568,9.2127,10.0,8.3386,0.0,23.3388,7.9232
MED00117,2026-10-12,7,1.7537,1.8968,0.8968,0.875,1.6363,0.0,9.0109,3.8953
MED00118,2026-10-12,7,1.6962,0.9103,1.8155,1.75,1.3568,0.0,8.2319,3.6315
MED00119,2026-10-12,7,2.0114,1.8791,0.7713,0.75,1.6825,0.0,9.1364,3.9372
MED00120,2026-10-12,7,11.0521,12.8443,3.5758,3.5,10.2777,0.2552,26.8419,8.7493
MED00121,2026-10-12,7,3.3694,4.7894,3.6268,3.375,4.0918,0.0,14.9035,5.7109
MED00122,2026-10-12,7,2.3208,2.1716,5.6259,5.625,2.9707,0.0,12.3703,4.965
MED00123,2026-10-12,7,0.8788,0.725,0.4604,0.5,0.7171,0.0,6.2833,2.9401
MED00124,2026-10-12,7,7.5485,8.513,8.6656,8.0,8.2489,0.0,23.1727,7.8829
MED00125,2026-10-12,7,0.249,0.1731,0.4036,0.375,0.2473,0.0,4.6091,2.3039
MED00126,2026-10-12,7,0.7361,1.0724,0.0,0.0,0.7341,0.0,6.3393,2.9607
MED00127,2026-10-12,7,2.0545,1.6644,0.9121,1.125,1.6265,0.0,8.984,3.8863
MED00128,2026-10-12,7,2.0502,2.2297,0.9962,1.0,1.9074,0.0,9.7359,4.1351
MED00129,2026-10-12,7,1.7258,1.5284,0.3775,0.375,1.3428,0.0,8.192,3.6178
MED00130,2026-10-12,7,0.1728,0.1903,0.0,0.0,0.1436,0.0,4.1915,2.1381
MED00131,2026-10-12,7,2.0838,2.268,1.8166,2.375,2.1139,0.0,10.2713,4.3088
MED00132,2026-10-12,7,0.534,0.4075,0.0,0.0,0.3596,0.0,5.0374,2.4709
MED00133,2026-10-12,7,0.6309,0.3244,0.6703,0.75,0.497,0.0,5.5348,2.661
MED00134,2026-10-12,7,0.4845,0.3342,0.0,0.0,0.3097,0.0,4.8497,2.3981
MED00135,2026-10-12,7,13.0619,14.6964,6.8257,6.875,12.485,1.4839,30.6664,9.6036
MED00136,2026-10-12,7,1.591,2.2098,2.6243,2.5,2.1058,0.0,10.2505,4.3021
MED00137,2026-10-12,7,2.3092,2.189,2.1293,2.0,2.2164,0.0,10.532,4.3924
MED00138,2026-10-12,7,2.058,2.2748,1.9721,2.0,2.1427,0.0,10.3448,4.3324
MED00139,2026-10-12,7,3.1291,5.0135,1.3201,1.25,3.6197,0.0,13.8605,5.4093
MED00140,2026-10-12,7,1.8433,1.2821,0.8837,0.875,1.3748,0.0,8.2833,3.6491
MED00141,2026-10-12,7,4.3957,3.9393,4.0347,6.125,4.1086,0.0,14.9401,5.7213
MED00142,2026-10-12,7,0.4319,0.5943,0.3465,0.375,0.4896,0.0,5.5089,2.6512
MED00143,2026-10-12,7,1.8841,1.1056,1.7349,1.75,1.4901,0.0,8.6077,3.7596
MED00144,2026-10-12,7,5.9355,7.6664,5.5501,5.375,6.6661,0.0,20.1728,7.1343
MED00145,2026-10-12,7,0.6476,0.6265,1.2156,1.125,0.7616,0.0,6.4289,2.9935
MED00146,2026-10-12,7,1.5681,1.5838,2.4064,2.375,1.7589,0.0,9.3421,4.0055
MED00147,2026-10-12,7,1.8576,0.9315,1.5663,2.0,1.3638,0.0,8.2519,3.6384
MED00148,2026-10-12,7,5.8616,3.5855,5.5748,7.375,4.7423,0.0,16.2945,6.102
MED00149,2026-10-12,7,3.6971,4.3242,6.0578,5.75,4.506,0.0,15.7948,5.9628
MED00150,2026-10-12,7,1.5604,1.4429,1.5853,2.0,1.5125,0.0,8.6702,3.7808
MED00151,2026-10-12,7,2.0778,1.96,1.5325,1.5,1.9066,0.0,9.7337,4.1344
MED00152,2026-10-12,7,2.2181,2.0013,2.2481,2.125,2.1256,0.0,10.3012,4.3184
MED00153,2026-10-12,7,2.183,2.6164,0.8962,0.875,2.1084,0.0,10.2571,4.3042
MED00154,2026-10-12,7,14.6691,14.54,18.0965,18.5,15.3672,3.2063,35.4654,10.616
MED00155,2026-10-12,7,1.9857,2.6302,2.7878,2.625,2.4627,0.0,11.1473,4.5873
MED00156,2026-10-12,7,2.4918,2.0376,3.9185,5.0,2.5918,0.0,11.4635,4.6861
MED00157,2026-10-12,7,4.5276,5.3265,6.3004,6.0,5.2899,0.0,17.4305,6.4128
MED00158,2026-10-12,7,0.2814,0.2072,0.1281,0.125,0.2138,0.0,4.4764,2.2516
MED00159,2026-10-12,7,11.1903,10.4583,9.1989,8.75,10.4275,0.3355,27.1063,8.8099
MED00160,2026-10-12,7,3.6497,5.8422,4.3586,4.0,4.8311,0.0,16.4807,6.1534
MED00161,2026-10-12,7,5.8367,8.0288,6.196,6.375,6.9442,0.0,20.7104,7.2714
MED00162,2026-10-12,7,2.1154,2.9612,0.9353,0.875,2.2564,0.0,10.6332,4.4247
MED00163,2026-10-12,7,0.3498,0.2707,0.2678,0.25,0.2954,0.0,4.7953,2.3769
MED00164,2026-10-12,7,1.9384,1.5867,0.916,1.25,1.5542,0.0,8.7857,3.8197
MED00165,2026-10-12,7,9.9305,11.0777,12.6142,13.5,11.0585,0.6793,28.2122,9.0607
MED00166,2026-10-12,7,2.0901,2.7808,1.1799,1.125,2.2173,0.0,10.5343,4.3931
MED00167,2026-10-12,7,1.8063,1.1764,3.7878,3.75,1.9439,0.0,9.8316,4.1663
MED00168,2026-10-12,7,1.9722,1.3746,1.5424,1.625,1.6018,0.0,8.9165,3.8637
MED00169,2026-10-12,7,1.7992,1.5802,1.3464,1.375,1.6005,0.0,8.9129,3.8625
MED00170,2026-10-12,7,1.8949,1.3874,2.0767,2.0,1.6992,0.0,9.1816,3.9523
MED00171,2026-10-12,7,2.2058,1.8911,2.1768,2.125,2.0547,0.0,10.1193,4.2598
MED00172,2026-10-12,7,1.7474,1.8021,3.0907,3.75,2.0662,0.0,10.1488,4.2693
MED00173,2026-10-12,7,2.1538,2.2152,2.7644,2.875,2.3171,0.0,10.7857,4.4732
MED00174,2026-10-12,7,5.7953,6.701,5.0472,5.375,6.0618,0.0,18.9863,6.8269
MED00175,2026-10-12,7,1.1993,1.214,0.4586,0.5,1.0466,0.0,7.3214,3.3144
MED00176,2026-10-12,7,13.1608,17.298,12.03,11.75,14.8607,2.8955,34.6353,10.4452
MED00177,2026-10-12,7,0.2374,0.4477,0.1279,0.125,0.3121,0.0,4.8589,2.4017
MED00178,2026-10-12,7,2.0808,1.1572,2.3493,2.75,1.7099,0.0,9.2103,3.9618
MED00179,2026-10-12,7,0.5049,0.3031,0.6074,0.625,0.4334,0.0,5.3079,2.5748
MED00180,2026-10-12,7,2.0055,2.2306,0.261,0.25,1.7341,0.0,9.2755,3.9835
MED00181,2026-10-12,7,2.9853,3.6197,3.9764,3.625,3.4996,0.0,13.5902,5.3299
MED00182,2026-10-12,7,0.2696,0.4705,0.0,0.0,0.3052,0.0,4.8325,2.3914
MED00183,2026-10-12,7,15.0581,28.6775,14.2158,15.0,21.2507,7.0126,44.7817,12.4293
MED00184,2026-10-12,7,6.9127,10.9358,5.4538,4.75,8.4818,0.0,23.603,7.9872
MED00185,2026-10-12,7,1.6966,1.1109,2.8712,4.125,1.6797,0.0,9.1287,3.9347
MED00186,2026-10-12,7,1.8958,1.6158,1.8182,1.75,1.7501,0.0,9.3185,3.9977
MED00187,2026-10-12,7,2.5748,2.7157,1.2989,1.625,2.3663,0.0,10.9084,4.512
MED00188,2026-10-12,7,3.2688,4.0589,6.131,5.625,4.2621,0.0,15.2726,5.8158
MED00189,2026-10-12,7,0.193,0.2006,0.0,0.0,0.1549,0.0,4.2379,2.1567
MED00190,2026-10-12,7,2.1021,2.8817,3.3493,3.25,2.7389,0.0,11.8193,4.7963
MED00191,2026-10-12,7,10.8271,13.2281,14.1657,13.0,12.6836,1.5987,31.0035,9.6767
MED00192,2026-10-12,7,0.159,0.1553,0.2695,0.25,0.1814,0.0,4.3465,2.2
MED00193,2026-10-12,7,0.0884,0.1165,0.0,0.0,0.0824,0.0,3.933,2.0339
MED00194,2026-10-12,7,6.6665,8.3638,11.1631,11.75,8.4416,0.0,23.5289,7.9693
MED00195,2026-10-12,7,6.069,6.8813,8.8452,9.375,7.0568,0.0,20.9268,7.3262
MED00196,2026-10-12,7,6.6695,8.0225,5.5493,5.625,7.0649,0.0,20.9423,7.3302
MED00197,2026-10-12,7,6.7606,7.2153,11.1574,11.625,7.9338,0.0,22.5865,7.7397
MED00198,2026-10-12,7,1.7175,1.2258,2.4215,2.375,1.6423,0.0,9.0273,3.9008
MED00199,2026-10-12,7,1.437,1.4199,0.9433,1.375,1.3233,0.0,8.1363,3.5987
MED00200,2026-10-12,7,1.8044,1.4707,1.5663,1.625,1.5987,0.0,8.9081,3.8609
MED00201,2026-10-12,7,8.307,7.0754,6.9393,8.375,7.4434,0.0,21.6637,7.5113
MED00202,2026-10-12,7,1.8391,1.7364,0.3811,0.375,1.4766,0.0,8.5702,3.7469
MED00203,2026-10-12,7,2.1172,2.0954,2.3838,3.25,2.167,0.0,10.4068,4.3523
MED00204,2026-10-12,7,2.0808,2.3004,0.7676,0.75,1.9005,0.0,9.7177,4.1291
MED00205,2026-10-12,7,11.5303,14.0286,9.746,9.75,12.3213,1.3898,30.3877,9.5428
MED00206,2026-10-12,7,1.0104,0.9411,1.2363,1.5,1.028,0.0,7.265,3.2944
MED00207,2026-10-12,7,1.8843,1.7721,2.739,2.75,2.0193,0.0,10.0276,4.2301
MED00208,2026-10-12,7,11.35,12.2195,11.5416,11.0,11.809,1.0981,29.5107,9.3502
MED00209,2026-10-12,7,2.6202,1.8168,4.6583,5.125,2.6899,0.0,11.7014,4.7599
MED00210,2026-10-12,7,1.2925,0.8618,2.0554,2.25,1.2582,0.0,7.9484,3.5338
MED00211,2026-10-12,7,2.1286,1.9813,2.4685,2.625,2.1357,0.0,10.3269,4.3267
MED00212,2026-10-12,7,2.0028,2.0756,0.2064,0.25,1.649,0.0,9.0454,3.9069
MED00213,2026-10-12,7,1.2073,2.0054,0.0,0.0,1.3192,0.0,8.1246,3.5946
MED00214,2026-10-12,7,9.9668,10.0968,13.8805,13.875,10.8867,0.5849,27.9124,8.9931
MED00215,2026-10-12,7,2.2328,2.4106,2.2183,2.25,2.3149,0.0,10.7801,4.4714
MED00216,2026-10-12,7,0.079,0.1052,0.0,0.0,0.0741,0.0,3.8972,2.0194
MED00217,2026-10-12,7,0.2266,0.1969,0.2671,0.25,0.2218,0.0,4.5082,2.2642
MED00218,2026-10-12,7,4.3068,5.5222,5.843,5.375,5.2121,0.0,17.2708,6.3695
MED00219,2026-10-12,7,13.8922,10.4803,10.4385,10.5,11.5633,0.9598,29.0874,9.2564
MED00220,2026-10-12,7,1.986,1.868,2.9375,2.875,2.1394,0.0,10.3364,4.3297
MED00221,2026-10-12,7,2.9861,3.4055,1.5802,2.25,2.8799,0.0,12.1558,4.8996
MED00222,2026-10-12,7,0.4581,0.5673,0.0,0.0,0.4102,0.0,5.2237,2.5425
MED00223,2026-10-12,7,8.9346,12.1753,4.6568,4.25,9.5287,0.0,25.5069,8.4398
MED00224,2026-10-12,7,1.8041,1.3872,0.6329,0.625,1.3571,0.0,8.2328,3.6318
MED00225,2026-10-12,7,3.9439,4.1272,5.3463,5.875,4.3378,0.0,15.4354,5.8618
MED00226,2026-10-12,7,2.1694,1.7153,2.5378,3.625,2.0394,0.0,10.0797,4.247
MED00227,2026-10-12,7,15.6219,14.3436,18.6583,20.25,15.6994,3.4119,36.0068,10.7266
MED00228,2026-10-12,7,1.7354,0.8615,2.528,3.0,1.501,0.0,8.6382,3.7699
MED00229,2026-10-12,7,0.5538,0.757,0.0,0.0,0.5291,0.0,5.6475,2.7036
MED00230,2026-10-12,7,12.5457,14.8547,10.6701,11.25,13.2295,1.9174,31.9248,9.875
MED00231,2026-10-12,7,1.6627,0.5865,1.2489,1.25,1.072,0.0,7.398,3.3415
MED00232,2026-10-12,7,2.946,3.9853,1.1299,1.125,3.0402,0.0,12.5336,5.0145
MED00233,2026-10-12,7,0.6011,0.3653,0.5655,0.625,0.4838,0.0,5.4884,2.6434
MED00234,2026-10-12,7,1.8234,1.1155,2.1614,2.125,1.568,0.0,8.8237,3.8325
MED00235,2026-10-12,7,71.0305,71.3236,66.7133,61.625,70.3016,44.6132,112.7563,22.425
MED00236,2026-10-12,7,2.1682,2.6146,1.8882,1.875,2.3181,0.0,10.788,4.4739
MED00237,2026-10-12,7,3.6795,4.0853,5.2992,6.625,4.2242,0.0,15.1906,5.7926
MED00238,2026-10-12,7,1.8294,1.6361,1.622,1.625,1.696,0.0,9.1728,3.9493
MED00239,2026-10-12,7,3.274,4.3655,4.3924,4.5,4.0297,0.0,14.7681,5.6721
MED00240,2026-10-12,7,3.7843,3.5269,4.3819,6.125,3.7975,0.0,14.2571,5.5249
MED00241,2026-10-12,7,2.4159,3.0302,2.4639,2.375,2.7156,0.0,11.7633,4.7791
MED00242,2026-10-12,7,9.0716,12.6887,8.475,8.75,10.6404,0.4506,27.4809,8.8953
MED00243,2026-10-12,7,0.1286,0.0814,0.1355,0.125,0.1081,0.0,4.0428,2.0783
MED00244,2026-10-12,7,2.0533,2.207,2.2182,2.125,2.1629,0.0,10.3964,4.349
MED00245,2026-10-12,7,69.7213,61.1601,86.5017,79.25,69.4343,43.9038,111.6282,22.2872
MED00246,2026-10-12,7,5.037,5.8124,6.6188,6.75,5.7474,0.0,18.3585,6.6613
MED00247,2026-10-12,7,11.3657,13.7855,12.8606,12.375,12.8315,1.6846,31.2538,9.7308
MED00248,2026-10-12,7,2.1198,1.6605,2.0071,2.5,1.883,0.0,9.6716,4.1141
MED00249,2026-10-12,7,19.9194,25.1296,30.967,34.25,24.7698,9.4231,50.1331,13.3971
MED00250,2026-10-12,7,10.3259,8.4665,11.3639,16.125,9.6931,0.0,25.8018,8.5087
MED00251,2026-10-12,7,1.7992,1.3495,2.987,2.875,1.8487,0.0,9.5812,4.0844
MED00252,2026-10-12,7,0.4703,0.1623,0.7053,0.75,0.378,0.0,5.1055,2.4972
MED00253,2026-10-12,7,3.5785,4.3258,4.2694,4.0,4.081,0.0,14.88,5.7041
MED00254,2026-10-12,7,0.375,0.1818,0.9397,1.0,0.4077,0.0,5.2147,2.5391
MED00255,2026-10-12,7,4.4077,6.152,4.6735,6.625,5.2844,0.0,17.4192,6.4097
MED00256,2026-10-12,7,2.2012,1.8748,1.32,1.25,1.8597,0.0,9.6103,4.0939
MED00257,2026-10-12,7,4.0351,4.4021,5.5065,7.5,4.5298,0.0,15.8455,5.977
MED00258,2026-10-12,7,2.0887,2.3914,3.7715,3.875,2.5973,0.0,11.477,4.6903
MED00259,2026-10-12,7,2.1726,2.019,3.1862,3.125,2.323,0.0,10.8003,4.4778
MED00260,2026-10-12,7,0.4431,0.4573,1.1268,1.125,0.5985,0.0,5.8868,2.7933
MED00261,2026-10-12,7,0.7181,0.7366,0.1273,0.125,0.5992,0.0,5.8892,2.7942
MED00262,2026-10-12,7,3.0053,2.6074,3.6291,5.0,2.9579,0.0,12.3402,4.9558
MED00263,2026-10-12,7,2.8376,3.4356,5.5777,5.375,3.7143,0.0,14.0721,5.4711
MED00264,2026-10-12,7,0.2724,0.1229,0.0,0.0,0.1437,0.0,4.1919,2.1383
MED00265,2026-10-12,7,6.1271,7.0295,10.6699,10.375,7.5404,0.0,21.8473,7.557
MED00266,2026-10-12,7,13.1039,15.2918,5.8807,6.25,12.5713,1.5337,30.813,9.6354
MED00267,2026-10-12,7,4.3312,6.0647,3.7744,3.875,5.0243,0.0,16.8831,6.2639
MED00268,2026-10-12,7,2.1722,2.493,3.6508,3.625,2.645,0.0,11.5929,4.7263
MED00269,2026-10-12,7,2.1775,2.1335,2.2639,2.125,2.1779,0.0,10.4344,4.3612
MED00270,2026-10-12,7,2.3472,2.0752,5.0904,4.875,2.8178,0.0,12.0081,4.8544
MED00271,2026-10-12,7,1.5563,2.2526,3.5176,4.25,2.3086,0.0,10.7644,4.4664
MED00272,2026-10-12,7,3.7528,4.1026,4.146,4.875,4.0052,0.0,14.7146,5.6568
MED00273,2026-10-12,7,3.0847,2.9005,2.3336,2.625,2.8388,0.0,12.0581,4.8697
MED00274,2026-10-12,7,0.5008,0.3009,0.3461,0.375,0.3744,0.0,5.0924,2.4921
MED00275,2026-10-12,7,11.1877,7.4437,11.8196,14.25,9.5876,0.0,25.6125,8.4645
MED00276,2026-10-12,7,1.8975,1.7785,2.358,2.25,1.9438,0.0,9.8312,4.1662
MED00277,2026-10-12,7,0.193,0.1827,0.0,0.0,0.1465,0.0,4.2033,2.1428
MED00278,2026-10-12,7,7.9215,8.6609,11.5547,11.25,9.0631,0.0,24.6659,8.2416
MED00279,2026-10-12,7,19.7538,20.4062,23.8483,22.25,20.9668,6.8219,44.3437,12.3479
MED00280,2026-10-12,7,0.2143,0.1578,0.2746,0.25,0.2012,0.0,4.4263,2.2317
MED00281,2026-10-12,7,13.5787,10.615,14.7872,15.875,12.4705,1.4755,30.6416,9.5982
MED00282,2026-10-12,7,3.3325,2.6587,2.6708,3.25,2.8776,0.0,12.1503,4.8979
MED00283,2026-10-12,7,2.1533,2.5223,3.391,3.625,2.5964,0.0,11.4747,4.6896
MED00284,2026-10-12,7,1.3421,0.8611,0.4591,0.625,0.9272,0.0,6.9549,3.1839
MED00285,2026-10-12,7,5.0357,5.2637,7.9046,7.375,5.7698,0.0,18.4035,6.6732
MED00286,2026-10-12,7,4.0706,3.5551,6.0424,7.0,4.2618,0.0,15.2719,5.8156
MED00287,2026-10-12,7,3.0119,3.5164,3.6968,3.625,3.3992,0.0,13.3622,5.2626
MED00288,2026-10-12,7,41.5159,42.7757,36.4642,38.625,41.0495,21.3707,73.5723,17.1788
MED00289,2026-10-12,7,3.8828,4.0158,5.9862,8.75,4.4052,0.0,15.5799,5.9026
MED00290,2026-10-12,7,1.8196,1.1068,1.115,1.125,1.3356,0.0,8.1715,3.6108
MED00291,2026-10-12,7,9.3908,17.4467,2.8467,3.0,11.7422,1.0604,29.3959,9.3248
MED00292,2026-10-12,7,1.6621,1.2748,0.9363,1.25,1.3254,0.0,8.1422,3.6007
MED00293,2026-10-12,7,4.516,3.2261,8.316,9.875,4.7427,0.0,16.2954,6.1022
MED00294,2026-10-12,7,1.2225,0.6813,0.7283,1.0,0.8637,0.0,6.7559,3.1123
MED00295,2026-10-12,7,0.2676,0.2089,0.0,0.0,0.1824,0.0,4.3502,2.2015
MED00296,2026-10-12,7,3.8152,3.9295,4.3531,4.5,3.9891,0.0,14.6793,5.6467
MED00297,2026-10-12,7,5.8018,7.029,6.633,6.625,6.5611,0.0,19.9683,7.0818
MED00298,2026-10-12,7,2.1461,1.666,3.9145,4.0,2.3078,0.0,10.7622,4.4657
MED00299,2026-10-12,7,0.3921,0.295,0.2547,0.25,0.3174,0.0,4.879,2.4095
MED00300,2026-10-12,7,1.8786,1.7812,0.2518,0.25,1.482,0.0,8.5852,3.752
MED00301,2026-10-12,7,4.7262,6.411,5.5887,5.625,5.7049,0.0,18.273,6.6386
MED00302,2026-10-12,7,8.6051,8.6229,4.5904,4.375,7.7508,0.0,22.2437,7.6552
MED00303,2026-10-12,7,2.7474,2.2716,2.9239,3.625,2.5662,0.0,11.4012,4.6667
MED00304,2026-10-12,7,3.6379,4.3542,3.2386,4.625,3.8894,0.0,14.4602,5.5836
MED00305,2026-10-12,7,1.8084,1.9141,1.1616,1.125,1.7192,0.0,9.2355,3.9702
MED00306,2026-10-12,7,0.3618,0.2381,0.0,0.0,0.2259,0.0,4.5246,2.2706
MED00307,2026-10-12,7,25.4755,27.6862,36.6318,36.375,28.9543,12.3856,56.3372,14.4639
MED00308,2026-10-12,7,0.7178,0.7018,0.49,0.5,0.6616,0.0,6.0996,2.8724
MED00309,2026-10-12,7,2.9163,3.3985,1.6248,2.25,2.8641,0.0,12.1184,4.8882
MED00310,2026-10-12,7,3.3875,3.1104,2.3974,3.25,3.0466,0.0,12.5485,5.019
MED00311,2026-10-12,7,2.9771,3.4239,3.5497,4.375,3.313,0.0,13.1653,5.2041
MED00312,2026-10-12,7,0.5458,0.2044,0.3391,0.375,0.342,0.0,4.9719,2.4455
MED00313,2026-10-12,7,0.4283,0.2389,1.826,1.75,0.6436,0.0,6.0391,2.85
MED00314,2026-10-12,7,10.3794,11.6917,8.773,8.75,10.654,0.458,27.5048,8.9007
MED00315,2026-10-12,7,9.267,10.4576,11.4659,11.25,10.3095,0.2722,26.8979,8.7622
MED00316,2026-10-12,7,2.7521,3.1283,2.6149,2.625,2.9008,0.0,12.2053,4.9147
MED00317,2026-10-12,7,2.1281,2.2705,2.8628,2.875,2.3562,0.0,10.8832,4.504
MED00318,2026-10-12,7,2.4719,1.5925,3.4669,5.0,2.2796,0.0,10.6915,4.4433
MED00319,2026-10-12,7,11.0383,12.6174,12.0311,11.0,12.0022,1.2076,29.8424,9.4233
MED00320,2026-10-12,7,5.5925,6.7011,3.386,3.75,5.637,0.0,18.1362,6.6022
MED00321,2026-10-12,7,0.6189,0.9389,3.9008,3.75,1.4811,0.0,8.5828,3.7512
MED00322,2026-10-12,7,0.1712,0.1511,0.0,0.0,0.1249,0.0,4.1132,2.1067
MED00323,2026-10-12,7,1.0034,0.6037,2.2331,2.5,1.0846,0.0,7.4358,3.3548
MED00324,2026-10-12,7,1.3604,0.9884,1.3779,2.0,1.1918,0.0,7.7545,3.4665
MED00325,2026-10-12,7,6.4087,8.1463,5.884,5.75,7.1127,0.0,21.0338,7.3533
MED00326,2026-10-12,7,8.863,11.3901,8.806,8.5,10.0397,0.1284,26.4198,8.6521
MED00327,2026-10-12,7,2.9148,3.9747,2.358,2.25,3.2918,0.0,13.1168,5.1896
MED00328,2026-10-12,7,3.9465,4.4065,5.4697,5.625,4.4958,0.0,15.7731,5.9568
MED00329,2026-10-12,7,10.8475,12.2504,12.4237,11.625,11.8555,1.1244,29.5907,9.3679
MED00330,2026-10-12,7,4.0513,4.5931,5.9188,6.125,4.7136,0.0,16.2342,6.0853
MED00331,2026-10-12,7,1.9051,1.3063,2.5031,2.375,1.7571,0.0,9.3373,4.0039
MED00332,2026-10-12,7,2.8542,3.6739,3.0729,2.875,3.2873,0.0,13.1064,5.1865
MED00333,2026-10-12,7,2.4668,2.3921,6.0395,6.25,3.2097,0.0,12.9276,5.1331
MED00334,2026-10-12,7,9.8648,12.4575,4.1578,4.375,9.847,0.0268,26.0768,8.5727
MED00335,2026-10-12,7,5.4128,5.8245,6.8556,6.5,5.9235,0.0,18.7112,6.7546
MED00336,2026-10-12,7,9.1215,10.3381,12.4955,11.25,10.4309,0.3374,27.1124,8.8113
MED00337,2026-10-12,7,60.9429,52.347,64.0052,60.25,57.6541,34.3729,96.1305,20.3236
MED00338,2026-10-12,7,9.3178,13.9473,1.2734,1.25,9.7435,0.0,25.8918,8.5297
MED00339,2026-10-12,7,1.7678,1.2024,0.2741,0.375,1.1814,0.0,7.7238,3.4558
MED00340,2026-10-12,7,1.81,2.623,0.2424,0.25,1.8513,0.0,9.5881,4.0866
MED00341,2026-10-12,7,4.9822,6.1932,7.7179,8.375,6.1464,0.0,19.154,6.8707
MED00342,2026-10-12,7,2.1068,1.8296,1.4457,1.375,1.836,0.0,9.5475,4.0733
MED00343,2026-10-12,7,10.0819,10.0926,11.7399,11.625,10.4568,0.3513,27.1579,8.8217
MED00344,2026-10-12,7,4.1033,4.9402,5.1894,5.625,4.7339,0.0,16.277,6.0971
MED00345,2026-10-12,7,0.1777,0.1041,0.0,0.0,0.105,0.0,4.0294,2.0729
MED00346,2026-10-12,7,3.0684,3.5466,2.1153,2.0,3.088,0.0,12.6451,5.0482
MED00347,2026-10-12,7,0.1609,0.1811,0.0,0.0,0.1356,0.0,4.1581,2.1247
MED00348,2026-10-12,7,1.7288,1.3146,1.4154,1.375,1.4691,0.0,8.5493,3.7398
MED00349,2026-10-12,7,2.2952,2.0032,2.0205,2.0,2.1015,0.0,10.2395,4.2985
MED00350,2026-10-12,7,0.9947,1.945,2.6204,2.5,1.7923,0.0,9.4313,4.035
MED00351,2026-10-12,7,0.5967,0.6338,0.0,0.0,0.4852,0.0,5.4931,2.6452
MED00352,2026-10-12,7,0.1792,0.326,0.0,0.0,0.2091,0.0,4.4577,2.2441
MED00353,2026-10-12,7,0.7919,0.5144,0.0,0.0,0.4913,0.0,5.5147,2.6534
MED00354,2026-10-12,7,0.8143,1.1614,1.299,1.25,1.0824,0.0,7.4293,3.3525
MED00355,2026-10-12,7,9.1357,9.7311,9.4487,11.5,9.4908,0.0,25.4387,8.4238
MED00356,2026-10-12,7,1.991,1.9792,2.0048,1.875,1.9905,0.0,9.9529,4.2058
MED00357,2026-10-12,7,0.2071,0.1114,0.2727,0.25,0.1768,0.0,4.3278,2.1926
MED00358,2026-10-12,7,4.8309,5.145,2.6339,3.375,4.5057,0.0,15.7941,5.9627
MED00359,2026-10-12,7,2.0854,2.2468,1.5979,1.5,2.057,0.0,10.1252,4.2617
MED00360,2026-10-12,7,2.5542,1.8893,3.3133,3.875,2.4109,0.0,11.0193,4.547
MED00361,2026-10-12,7,2.2133,2.1813,4.8405,4.875,2.7707,0.0,11.8955,4.8198
MED00362,2026-10-12,7,2.3628,2.0443,4.8415,4.875,2.7543,0.0,11.8562,4.8077
MED00363,2026-10-12,7,1.7179,1.4355,2.5109,2.5,1.7598,0.0,9.3445,4.0063
MED00364,2026-10-12,7,0.1519,0.2019,0.0,0.0,0.1424,0.0,4.1865,2.1361
MED00365,2026-10-12,7,2.1565,2.3085,2.1695,2.125,2.2325,0.0,10.5728,4.4054
MED00366,2026-10-12,7,9.562,9.5925,11.7462,11.25,10.0598,0.1391,26.4556,8.6604
MED00367,2026-10-12,7,2.1356,2.6163,1.6144,1.625,2.2491,0.0,10.6148,4.4188
MED00368,2026-10-12,7,2.737,3.2923,5.2367,5.0,3.5415,0.0,13.6848,5.3578
MED00369,2026-10-12,7,3.4172,3.7005,3.8283,5.0,3.6421,0.0,13.9108,5.424
MED00370,2026-10-12,7,0.4555,0.2384,0.0,0.0,0.2557,0.0,4.6419,2.3168
MED00371,2026-10-12,7,15.2061,14.0056,13.9641,14.0,14.3911,2.6102,33.8612,10.2843
MED00372,2026-10-12,7,0.2108,0.1052,0.1352,0.125,0.1453,0.0,4.1984,2.1409
MED00373,2026-10-12,7,0.6055,0.569,0.9362,0.875,0.6608,0.0,6.0969,2.8714
MED00374,2026-10-12,7,1.9749,1.2202,2.1892,2.75,1.6709,0.0,9.1051,3.9268
MED00375,2026-10-12,7,15.2973,16.5756,13.7891,13.5,15.5823,3.3393,35.8162,10.6877
MED00376,2026-10-12,7,2.0683,1.9768,2.0432,2.0,2.0222,0.0,10.0352,4.2325
MED00377,2026-10-12,7,0.4949,0.7012,0.9001,0.875,0.6797,0.0,6.1598,2.8946
MED00378,2026-10-12,7,2.1019,2.5107,2.3066,2.125,2.3393,0.0,10.8411,4.4907
MED00379,2026-10-12,7,0.5405,0.8943,2.6049,2.5,1.1543,0.0,7.6437,3.4278
MED00380,2026-10-12,7,0.5896,0.4041,0.0,0.0,0.3756,0.0,5.0969,2.4938
MED00381,2026-10-12,7,1.387,2.3663,1.3263,1.25,1.8325,0.0,9.5384,4.0703
MED00382,2026-10-12,7,2.1602,1.4527,3.0079,3.75,2.0159,0.0,10.019,4.2273
MED00383,2026-10-12,7,6.4535,8.5846,6.3586,5.75,7.4346,0.0,21.647,7.5071
MED00384,2026-10-12,7,2.0443,1.903,2.2843,2.125,2.0324,0.0,10.0616,4.2411
MED00385,2026-10-12,7,17.8397,20.7914,19.6582,20.25,19.6306,5.933,42.2683,11.9575
MED00386,2026-10-12,7,14.0208,13.6669,13.6115,14.125,13.7807,2.2438,32.8476,10.0713
MED00387,2026-10-12,7,17.9765,21.8446,23.5837,22.5,21.0177,6.856,44.4223,12.3625
MED00388,2026-10-12,7,98.7464,121.3271,89.8538,84.125,107.4606,75.7396,159.8855,27.6913
MED00389,2026-10-12,7,8.6444,9.0132,8.0513,11.25,8.6966,0.0,23.9975,8.0821
MED00390,2026-10-12,7,18.3281,20.1005,23.5709,34.25,20.3118,6.3844,43.3294,12.1581
MED00391,2026-10-12,7,16.83,16.7302,19.9134,24.875,17.4693,4.5279,38.8573,11.2973
MED00392,2026-10-12,7,16.812,18.2094,19.3687,22.625,18.0362,4.8923,39.7589,11.4742
MED00393,2026-10-12,7,11.4103,11.7592,9.0505,10.125,11.0726,0.687,28.2366,9.0662
MED00394,2026-10-12,7,13.7424,12.1046,13.5853,16.25,12.9572,1.7579,31.4662,9.7766
MED00395,2026-10-12,7,16.9321,17.2151,15.9937,18.375,16.8776,4.1511,37.9105,11.1098
MED00396,2026-10-12,7,53.5146,52.9543,47.5519,46.75,52.0126,29.8894,88.5751,19.3127
MED00397,2026-10-12,7,45.7891,48.1632,51.0311,48.125,48.0811,26.8022,83.2484,18.5757
MED00398,2026-10-12,7,107.1501,112.4649,121.404,128.0,112.8324,80.3317,166.5456,28.3718
MED00399,2026-10-12,7,91.6836,116.6406,110.6955,115.75,107.5558,75.8207,160.0037,27.7035
MED00400,2026-10-12,7,71.8956,73.0184,71.0874,69.875,72.3165,46.2652,115.3711,22.7418
MED00401,2026-10-12,7,12.6893,11.0965,12.5364,20.875,11.925,1.1637,29.7099,9.3942
MED00402,2026-10-12,7,17.4315,14.6723,20.2283,29.875,16.7673,4.0812,37.7333,11.0745
MED00403,2026-10-12,7,11.681,16.5768,8.8726,9.125,13.3696,2.0,32.16,9.9253
MED00404,2026-10-12,7,4.5576,6.0646,6.2057,6.125,5.6235,0.0,18.109,6.595
MED00405,2026-10-12,7,6.8917,8.0918,7.2422,7.375,7.5351,0.0,21.8372,7.5545
MED00406,2026-10-12,7,19.5928,23.3195,24.9753,26.75,22.5208,7.8729,46.729,12.787
MED00407,2026-10-12,7,17.0504,15.6919,21.8842,30.5,17.4819,4.536,38.8775,11.3013
MED00408,2026-10-12,7,6.5192,5.7331,7.8291,11.25,6.4429,0.0,19.7374,7.0223
MED00409,2026-10-12,7,9.2916,10.388,7.3324,10.875,9.3878,0.0,25.2533,8.3803
MED00410,2026-10-12,7,7.9977,8.3444,8.8872,14.0,8.3606,0.0,23.3795,7.9331
MED00411,2026-10-12,7,17.2099,17.4303,20.3259,26.125,18.0062,4.8729,39.7113,11.4649
MED00412,2026-10-12,7,12.2461,8.0013,10.5233,14.0,9.9022,0.0558,26.1751,8.5955
MED00413,2026-10-12,7,12.2095,10.1902,10.4406,12.875,10.8948,0.5893,27.9266,8.9963
MED00414,2026-10-12,7,17.7868,15.6728,18.2075,24.125,16.9086,4.1707,37.9603,11.1197
MED00415,2026-10-12,7,12.8532,9.1341,11.2361,15.75,10.7783,0.5256,27.7227,8.9502
MED00416,2026-10-12,7,16.2579,14.9801,18.4413,23.75,16.1512,3.6935,36.7399,10.8751
MED00417,2026-10-12,7,6.9388,6.3269,6.6951,7.5,6.6071,0.0,20.0579,7.1049
MED00418,2026-10-12,7,7.047,5.9022,7.833,9.375,6.69,0.0,20.219,7.1462
MED00419,2026-10-12,7,8.2375,7.4057,9.0621,10.125,8.0362,0.0,22.7776,7.7865
MED00420,2026-10-12,7,17.9031,15.8715,20.7032,30.625,17.5799,4.5987,39.0335,11.332
MED00421,2026-10-12,7,18.7449,14.6818,23.1661,34.125,17.8256,4.7566,39.4246,11.4088
MED00422,2026-10-12,7,16.3649,14.7416,18.7497,23.375,16.1407,3.6869,36.7228,10.8717
MED00423,2026-10-12,7,11.9261,10.7733,10.0054,11.25,10.9829,0.6376,28.0802,9.031
MED00424,2026-10-12,7,69.6969,84.0829,103.3889,118.875,83.796,55.7663,130.1202,24.4689
MED00001,2026-10-19,8,12.7421,8.9251,11.0642,15.125,10.6082,0.4332,27.4244,8.8825
MED00002,2026-10-19,8,0.094,0.1069,0.1343,0.125,0.1089,0.0,4.0459,2.0796
MED00003,2026-10-19,8,0.298,0.5151,0.0,0.0,0.335,0.0,4.9456,2.4354
MED00004,2026-10-19,8,0.6915,0.6752,1.821,1.75,0.9297,0.0,6.9625,3.1866
MED00005,2026-10-19,8,1.9767,3.3747,1.9619,1.875,2.6283,0.0,11.5524,4.7138
MED00006,2026-10-19,8,1.6537,1.0248,0.264,0.25,1.0601,0.0,7.362,3.3288
MED00007,2026-10-19,8,4.0572,3.4338,3.0185,2.75,3.5447,0.0,13.692,5.3599
MED00008,2026-10-19,8,0.6521,0.5213,1.4084,1.375,0.7558,0.0,6.4099,2.9865
MED00009,2026-10-19,8,3.0973,3.6684,3.2828,3.875,3.4074,0.0,13.3808,5.2681
MED00010,2026-10-19,8,4.1802,3.6151,4.4756,4.125,3.9846,0.0,14.6694,5.6438
MED00011,2026-10-19,8,19.1042,21.7761,24.1041,24.875,21.4561,7.1509,45.0979,12.4878
MED00012,2026-10-19,8,2.0668,2.7434,0.3825,0.375,2.0193,0.0,10.0278,4.2301
MED00013,2026-10-19,8,3.9402,3.9803,6.5904,6.375,4.538,0.0,15.8628,5.9819
MED00014,2026-10-19,8,16.1505,14.0886,27.4171,28.0,17.6486,4.6428,39.143,11.3536
MED00015,2026-10-19,8,0.5171,0.3468,0.9591,0.875,0.534,0.0,5.6645,2.71
MED00016,2026-10-19,8,2.0465,1.6251,4.777,4.75,2.4443,0.0,11.1018,4.573
MED00017,2026-10-19,8,1.868,1.7562,2.4007,2.375,1.9333,0.0,9.8037,4.1572
MED00018,2026-10-19,8,73.754,66.2628,81.4778,87.75,72.0054,46.0098,114.9679,22.6932
MED00019,2026-10-19,8,49.3656,38.7452,44.8631,49.375,43.4782,23.2325,76.938,17.6738
MED00020,2026-10-19,8,9.571,12.0001,15.6141,14.875,12.0263,1.2213,29.8836,9.4324
MED00021,2026-10-19,8,3.5948,3.442,3.0092,4.5,3.4,0.0,13.364,5.2631
MED00022,2026-10-19,8,2.2414,1.3459,2.3838,3.375,1.8564,0.0,9.6014,4.091
MED00023,2026-10-19,8,1.1898,0.8944,0.2037,0.25,0.839,0.0,6.6776,3.084
MED00024,2026-10-19,8,2.7003,2.793,2.0679,2.875,2.6091,0.0,11.5055,4.6992
MED00025,2026-10-19,8,0.0859,0.1049,0.0,0.0,0.0762,0.0,3.9063,2.0231
MED00026,2026-10-19,8,0.3741,0.3214,0.1281,0.125,0.2965,0.0,4.7995,2.3785
MED00027,2026-10-19,8,0.2029,0.1217,0.0,0.0,0.1212,0.0,4.0977,2.1005
MED00028,2026-10-19,8,0.5395,0.5863,0.5512,0.5,0.5644,0.0,5.77,2.7496
MED00029,2026-10-19,8,11.5108,11.4414,13.5166,17.375,11.9252,1.1638,29.7103,9.3942
MED00030,2026-10-19,8,3.772,3.3935,4.1864,5.5,3.6889,0.0,14.0155,5.4546
MED00031,2026-10-19,8,2.9881,3.2716,2.6007,3.25,3.0394,0.0,12.5317,5.0139
MED00032,2026-10-19,8,2.289,1.5375,2.0501,2.75,1.8885,0.0,9.6862,4.1188
MED00033,2026-10-19,8,0.8954,1.7097,1.9701,1.875,1.5098,0.0,8.6627,3.7782
MED00034,2026-10-19,8,19.1226,21.3593,24.0502,25.0,21.2555,7.0159,44.7892,12.4307
MED00035,2026-10-19,8,0.4025,0.202,0.3632,0.375,0.3007,0.0,4.8157,2.3848
MED00036,2026-10-19,8,1.4987,1.3856,2.2801,2.25,1.617,0.0,8.9581,3.8776
MED00037,2026-10-19,8,4.1685,3.2774,5.398,5.5,4.0233,0.0,14.7542,5.6681
MED00038,2026-10-19,8,12.8567,10.5221,13.3916,20.0,11.8954,1.147,29.6592,9.383
MED00039,2026-10-19,8,0.9817,1.2614,1.2333,1.25,1.1679,0.0,7.684,3.4419
MED00040,2026-10-19,8,0.5427,0.4665,0.9949,1.0,0.6058,0.0,5.9114,2.8025
MED00041,2026-10-19,8,0.5124,0.4228,0.114,0.125,0.3846,0.0,5.1302,2.5067
MED00042,2026-10-19,8,3.2671,3.4113,1.8712,2.0,3.0348,0.0,12.5209,5.0106
MED00043,2026-10-19,8,0.4174,0.4014,0.5185,0.5,0.4323,0.0,5.3041,2.5733
MED00044,2026-10-19,8,1.9084,1.6312,0.8761,1.25,1.5569,0.0,8.793,3.8222
MED00045,2026-10-19,8,1.7161,1.5612,0.1247,0.125,1.3001,0.0,8.0697,3.5757
MED00046,2026-10-19,8,2.2955,2.1809,0.7979,1.125,1.9193,0.0,9.7671,4.1453
MED00047,2026-10-19,8,5.3227,5.9609,7.7042,7.375,6.1428,0.0,19.147,6.8689
MED00048,2026-10-19,8,12.2332,14.1996,16.491,17.75,14.0877,2.4274,33.3584,10.179
MED00049,2026-10-19,8,0.1702,0.1141,0.0,0.0,0.1073,0.0,4.0391,2.0768
MED00050,2026-10-19,8,2.6888,3.3123,2.5911,2.625,2.9614,0.0,12.3486,4.9584
MED00051,2026-10-19,8,0.1169,0.1156,0.0,0.0,0.091,0.0,3.9699,2.0489
MED00052,2026-10-19,8,0.4552,0.5115,0.5166,0.5,0.4953,0.0,5.5288,2.6588
MED00053,2026-10-19,8,5.4458,6.177,6.1762,10.0,5.9512,0.0,18.7664,6.7691
MED00054,2026-10-19,8,5.7159,6.6193,7.6151,11.75,6.5556,0.0,19.9577,7.0791
MED00055,2026-10-19,8,0.8269,0.8248,1.213,1.25,0.9105,0.0,6.9029,3.1652
MED00056,2026-10-19,8,0.5794,0.434,0.9241,1.0,0.5869,0.0,5.847,2.7784
MED00057,2026-10-19,8,0.4364,0.3321,0.1183,0.125,0.3191,0.0,4.8855,2.412
MED00058,2026-10-19,8,1.6528,1.1325,0.1278,0.125,1.0805,0.0,7.4237,3.3505
MED00059,2026-10-19,8,7.705,6.639,10.1209,11.75,7.7391,0.0,22.2217,7.6498
MED00060,2026-10-19,8,5.6338,3.9364,5.5799,7.625,4.8351,0.0,16.489,6.1557
MED00061,2026-10-19,8,0.6018,0.8053,0.8729,0.75,0.7563,0.0,6.4114,2.9871
MED00062,2026-10-19,8,12.355,8.8621,11.0787,15.875,10.4592,0.3526,27.1622,8.8227
MED00063,2026-10-19,8,0.107,0.1186,0.0,0.0,0.0893,0.0,3.9626,2.0459
MED00064,2026-10-19,8,23.4824,26.089,23.1438,25.375,24.6497,9.3395,49.9526,13.3652
MED00065,2026-10-19,8,62.5372,56.3138,52.5534,51.5,57.5269,34.2712,95.9613,20.3014
MED00066,2026-10-19,8,0.4539,0.3478,0.5422,0.5,0.4239,0.0,5.2738,2.5617
MED00067,2026-10-19,8,2.0201,2.6743,3.9698,3.875,2.7507,0.0,11.8476,4.8051
MED00068,2026-10-19,8,3.1183,2.6702,4.4214,6.25,3.1949,0.0,12.8935,5.1229
MED00069,2026-10-19,8,1.7125,1.3194,0.8503,1.25,1.3435,0.0,8.1942,3.6186
MED00070,2026-10-19,8,11.4292,11.302,12.9681,15.625,11.7152,1.0452,29.3493,9.3145
MED00071,2026-10-19,8,2.0527,1.8579,1.4911,2.125,1.8419,0.0,9.5632,4.0785
MED00072,2026-10-19,8,2.1188,1.5063,2.1885,3.125,1.85,0.0,9.5847,4.0855
MED00073,2026-10-19,8,3.0252,2.7409,4.1735,6.25,3.1447,0.0,12.777,5.0879
MED00074,2026-10-19,8,2.7718,2.5026,3.6116,5.125,2.8311,0.0,12.0397,4.8641
MED00075,2026-10-19,8,3.0688,2.193,3.2586,4.875,2.704,0.0,11.7354,4.7704
MED00076,2026-10-19,8,0.2155,0.0923,0.2684,0.25,0.1697,0.0,4.2986,2.1809
MED00077,2026-10-19,8,3.5803,2.9366,4.8355,7.25,3.5557,0.0,13.7166,5.3671
MED00078,2026-10-19,8,2.7953,4.1034,2.5661,3.125,3.3593,0.0,13.2712,5.2356
MED00079,2026-10-19,8,20.7675,30.1911,16.8608,18.0,24.3413,9.1253,49.4887,13.2831
MED00080,2026-10-19,8,3.1217,2.1165,4.0241,6.125,2.8512,0.0,12.0876,4.8788
MED00081,2026-10-19,8,0.341,0.4028,0.2653,0.25,0.3538,0.0,5.0158,2.4625
MED00082,2026-10-19,8,2.5871,3.4367,1.9789,2.75,2.8545,0.0,12.0955,4.8812
MED00083,2026-10-19,8,2.9363,2.6227,3.0655,4.375,2.8208,0.0,12.0153,4.8566
MED00084,2026-10-19,8,44.6833,43.9738,44.384,39.875,44.3317,23.8905,78.1146,17.8444
MED00085,2026-10-19,8,2.0495,1.7316,3.3313,3.25,2.1812,0.0,10.443,4.3639
MED00086,2026-10-19,8,0.3669,0.2662,0.0,0.0,0.2406,0.0,4.5827,2.2935
MED00087,2026-10-19,8,1.7031,1.505,2.0338,2.0,1.6841,0.0,9.1406,3.9386
MED00088,2026-10-19,8,29.2785,28.3349,30.0365,28.0,29.0316,12.4411,56.4504,14.4828
MED00089,2026-10-19,8,14.9053,18.5897,8.6455,8.0,15.2824,3.1541,35.3268,10.5876
MED00090,2026-10-19,8,2.5866,3.3208,3.9707,4.875,3.2324,0.0,12.9801,5.1488
MED00091,2026-10-19,8,2.0944,1.7995,1.7838,2.5,1.8914,0.0,9.6938,4.1213
MED00092,2026-10-19,8,1.5136,1.4023,1.5242,1.5,1.4654,0.0,8.5389,3.7363
MED00093,2026-10-19,8,0.282,0.1642,0.2609,0.25,0.2227,0.0,4.5119,2.2656
MED00094,2026-10-19,8,0.5837,0.4313,0.7847,0.75,0.5567,0.0,5.7434,2.7397
MED00095,2026-10-19,8,2.879,3.4585,3.9355,3.875,3.3818,0.0,13.3226,5.2508
MED00096,2026-10-19,8,14.0981,9.7463,12.4171,13.75,11.7151,1.0451,29.3492,9.3145
MED00097,2026-10-19,8,0.4083,0.557,0.0,0.0,0.3895,0.0,5.1483,2.5136
MED00098,2026-10-19,8,7.8847,7.9023,9.0709,9.625,8.1582,0.0,23.0045,7.842
MED00099,2026-10-19,8,0.2284,0.2529,0.0,0.0,0.1905,0.0,4.3832,2.2146
MED00100,2026-10-19,8,0.1543,0.0895,0.1341,0.125,0.1198,0.0,4.0921,2.0982
MED00101,2026-10-19,8,3.9002,4.5233,7.6213,7.25,5.0026,0.0,16.8381,6.2516
MED00102,2026-10-19,8,4.2237,3.1362,3.3914,3.5,3.5394,0.0,13.6801,5.3564
MED00103,2026-10-19,8,2.7777,3.3022,1.0286,1.0,2.6458,0.0,11.5948,4.7269
MED00104,2026-10-19,8,7.2367,8.9104,9.2794,8.375,8.4688,0.0,23.579,7.9814
MED00105,2026-10-19,8,11.2341,12.9609,9.7988,9.75,11.7403,1.0593,29.3926,9.3241
MED00106,2026-10-19,8,0.1221,0.1655,0.0,0.0,0.116,0.0,4.076,2.0917
MED00107,2026-10-19,8,7.7133,9.9969,8.5785,8.25,8.9752,0.0,24.5061,8.2036
MED00108,2026-10-19,8,2.8071,2.9452,4.0242,3.875,3.1385,0.0,12.7627,5.0836
MED00109,2026-10-19,8,0.4527,0.6265,0.0,0.0,0.4361,0.0,5.3177,2.5785
MED00110,2026-10-19,8,0.3738,0.2381,0.0,0.0,0.2297,0.0,4.5397,2.2766
MED00111,2026-10-19,8,0.6736,0.6519,1.0884,1.0,0.7542,0.0,6.4046,2.9846
MED00112,2026-10-19,8,2.7127,2.8885,3.7866,3.75,3.0305,0.0,12.5109,5.0076
MED00113,2026-10-19,8,1.8542,1.4606,1.979,2.0,1.6993,0.0,9.1819,3.9523
MED00114,2026-10-19,8,12.3464,12.0679,18.2153,17.875,13.5023,2.0784,32.3824,9.9726
MED00115,2026-10-19,8,1.9922,2.1035,2.0344,2.0,2.0553,0.0,10.1208,4.2602
MED00116,2026-10-19,8,7.3809,8.5555,9.3606,10.0,8.3664,0.0,23.3901,7.9357
MED00117,2026-10-19,8,1.7521,1.8885,0.8984,0.875,1.6323,0.0,8.9999,3.8916
MED00118,2026-10-19,8,1.6925,0.906,1.8014,1.75,1.3505,0.0,8.2142,3.6254
MED00119,2026-10-19,8,2.0095,1.8675,0.7688,0.75,1.676,0.0,9.1186,3.9313
MED00120,2026-10-19,8,11.1595,12.6616,3.5905,3.5,10.2297,0.2295,26.7568,8.7298
MED00121,2026-10-19,8,3.3645,4.7499,3.6135,3.375,4.0689,0.0,14.8536,5.6966
MED00122,2026-10-19,8,2.3034,2.1631,5.5666,5.625,2.9483,0.0,12.3176,4.949
MED00123,2026-10-19,8,0.8269,0.7171,0.4581,0.5,0.6964,0.0,6.2152,2.9151
MED00124,2026-10-19,8,7.5402,8.4429,8.6034,8.0,8.2,0.0,23.0821,7.8609
MED00125,2026-10-19,8,0.249,0.1728,0.4011,0.375,0.2467,0.0,4.6064,2.3029
MED00126,2026-10-19,8,0.6593,1.0651,0.0,0.0,0.7064,0.0,6.2481,2.9272
MED00127,2026-10-19,8,2.0525,1.6555,0.899,1.125,1.6188,0.0,8.9632,3.8794
MED00128,2026-10-19,8,2.0483,2.2142,0.9945,1.0,1.8991,0.0,9.7142,4.128
MED00129,2026-10-19,8,1.7626,1.5189,0.3768,0.375,1.3498,0.0,8.2122,3.6247
MED00130,2026-10-19,8,0.171,0.1882,0.0,0.0,0.1421,0.0,4.1851,2.1356
MED00131,2026-10-19,8,2.0827,2.2256,1.7747,2.375,2.0847,0.0,10.1964,4.2847
MED00132,2026-10-19,8,0.4974,0.402,0.0,0.0,0.3454,0.0,4.9845,2.4504
MED00133,2026-10-19,8,0.5845,0.3211,0.6678,0.75,0.4801,0.0,5.4753,2.6385
MED00134,2026-10-19,8,0.428,0.3318,0.0,0.0,0.2906,0.0,4.777,2.3697
MED00135,2026-10-19,8,13.5771,14.6342,6.8842,6.875,12.632,1.5688,30.9159,9.6577
MED00136,2026-10-19,8,1.571,2.1891,2.6127,2.5,2.0873,0.0,10.2029,4.2868
MED00137,2026-10-19,8,2.3092,2.171,2.1304,2.0,2.2082,0.0,10.5113,4.3858
MED00138,2026-10-19,8,2.0551,2.2575,1.9663,2.0,2.1324,0.0,10.3186,4.324
MED00139,2026-10-19,8,3.1262,4.986,1.3153,1.25,3.6049,0.0,13.8273,5.3996
MED00140,2026-10-19,8,1.8406,1.2755,0.8808,0.875,1.3703,0.0,8.2704,3.6447
MED00141,2026-10-19,8,4.3957,3.8772,3.9779,6.125,4.0673,0.0,14.8502,5.6956
MED00142,2026-10-19,8,0.4256,0.591,0.3516,0.375,0.4872,0.0,5.5004,2.648
MED00143,2026-10-19,8,1.8814,1.094,1.723,1.75,1.4812,0.0,8.5829,3.7512
MED00144,2026-10-19,8,5.7983,7.6159,5.4986,5.375,6.5879,0.0,20.0206,7.0953
MED00145,2026-10-19,8,0.6334,0.6233,1.21,1.125,0.7544,0.0,6.4055,2.9849
MED00146,2026-10-19,8,1.6304,1.5656,2.406,2.375,1.7701,0.0,9.3721,4.0154
MED00147,2026-10-19,8,1.8576,0.922,1.509,2.0,1.3469,0.0,8.2037,3.6218
MED00148,2026-10-19,8,5.8616,3.5391,5.4177,7.375,4.6866,0.0,16.1772,6.0695
MED00149,2026-10-19,8,3.6721,4.3042,6.0046,5.75,4.4771,0.0,15.7334,5.9457
MED00150,2026-10-19,8,1.5604,1.4368,1.569,2.0,1.5061,0.0,8.6524,3.7747
MED00151,2026-10-19,8,2.0748,1.95,1.5224,1.5,1.8987,0.0,9.7132,4.1276
MED00152,2026-10-19,8,2.2149,1.9871,2.2378,2.125,2.1157,0.0,10.2759,4.3103
MED00153,2026-10-19,8,2.181,2.6036,0.8904,0.875,2.1005,0.0,10.2368,4.2977
MED00154,2026-10-19,8,14.8264,14.4564,18.3768,18.5,15.4389,3.2506,35.5824,10.64
MED00155,2026-10-19,8,1.9828,2.5986,2.7615,2.625,2.4413,0.0,11.0945,4.5707
MED00156,2026-10-19,8,2.4905,2.021,3.7833,5.0,2.5543,0.0,11.372,4.6576
MED00157,2026-10-19,8,4.5106,5.2948,6.2689,6.0,5.2629,0.0,17.3751,6.3978
MED00158,2026-10-19,8,0.2817,0.2056,0.1295,0.125,0.2134,0.0,4.475,2.251
MED00159,2026-10-19,8,11.1903,10.3396,9.2461,8.75,10.3823,0.3113,27.0267,8.7917
MED00160,2026-10-19,8,3.6373,5.816,4.2948,4.0,4.801,0.0,16.4178,6.1361
MED00161,2026-10-19,8,5.8266,7.9877,6.1581,6.375,6.9136,0.0,20.6515,7.2565
MED00162,2026-10-19,8,2.1087,2.9332,0.9277,0.875,2.2396,0.0,10.5907,4.4112
MED00163,2026-10-19,8,0.3542,0.2687,0.2667,0.25,0.2956,0.0,4.7961,2.3772
MED00164,2026-10-19,8,1.9384,1.5488,0.8982,1.25,1.5327,0.0,8.7261,3.7996
MED00165,2026-10-19,8,9.7783,10.9781,12.0783,13.5,10.8475,0.5634,27.8437,8.9776
MED00166,2026-10-19,8,2.0881,2.7609,1.1751,1.125,2.2063,0.0,10.5065,4.3842
MED00167,2026-10-19,8,1.8037,1.1657,3.7597,3.75,1.932,0.0,9.8005,4.1562
MED00168,2026-10-19,8,1.9703,1.3724,1.5412,1.625,1.5999,0.0,8.9115,3.862
MED00169,2026-10-19,8,1.7966,1.5727,1.3475,1.375,1.5963,0.0,8.9016,3.8587
MED00170,2026-10-19,8,1.8616,1.3812,2.0624,2.0,1.6827,0.0,9.1368,3.9374
MED00171,2026-10-19,8,2.2047,1.8734,2.164,2.125,2.0434,0.0,10.0899,4.2503
MED00172,2026-10-19,8,1.7369,1.7841,3.0545,3.75,2.0466,0.0,10.0982,4.2529
MED00173,2026-10-19,8,2.1518,2.2068,2.758,2.875,2.3112,0.0,10.7707,4.4684
MED00174,2026-10-19,8,5.7953,6.6774,5.1436,5.375,6.0716,0.0,19.0059,6.832
MED00175,2026-10-19,8,1.0874,1.2059,0.4703,0.5,1.0099,0.0,7.2098,3.2748
MED00176,2026-10-19,8,13.1542,17.0994,12.0169,11.75,14.763,2.8359,34.4747,10.4119
MED00177,2026-10-19,8,0.2398,0.4437,0.1294,0.125,0.3113,0.0,4.8559,2.4005
MED00178,2026-10-19,8,1.8804,1.1469,2.3489,2.75,1.6414,0.0,9.0248,3.9
MED00179,2026-10-19,8,0.4659,0.3015,0.6133,0.625,0.4216,0.0,5.2652,2.5584
MED00180,2026-10-19,8,1.9969,2.21,0.2599,0.25,1.7215,0.0,9.2417,3.9722
MED00181,2026-10-19,8,2.9825,3.6031,3.9445,3.625,3.4841,0.0,13.5549,5.3195
MED00182,2026-10-19,8,0.2693,0.4659,0.0,0.0,0.3029,0.0,4.8241,2.3881
MED00183,2026-10-19,8,15.2045,28.474,14.3786,15.0,21.2373,7.0036,44.7611,12.4255
MED00184,2026-10-19,8,6.9016,10.8774,5.4101,4.75,8.4416,0.0,23.5289,7.9692
MED00185,2026-10-19,8,1.694,1.0914,2.832,4.125,1.6612,0.0,9.0787,3.918
MED00186,2026-10-19,8,1.8891,1.6074,1.8091,1.75,1.7421,0.0,9.2971,3.9906
MED00187,2026-10-19,8,2.5748,2.6878,1.2754,1.625,2.3482,0.0,10.8632,4.4977
MED00188,2026-10-19,8,3.2608,4.0244,6.056,5.625,4.2272,0.0,15.1972,5.7945
MED00189,2026-10-19,8,0.193,0.1988,0.0,0.0,0.154,0.0,4.2344,2.1553
MED00190,2026-10-19,8,2.0931,2.861,3.3192,3.25,2.7199,0.0,11.7735,4.7822
MED00191,2026-10-19,8,10.8194,13.1642,14.0985,13.0,12.6368,1.5716,30.9241,9.6595
MED00192,2026-10-19,8,0.1704,0.1547,0.2679,0.25,0.1844,0.0,4.3583,2.2047
MED00193,2026-10-19,8,0.0834,0.1153,0.0,0.0,0.0803,0.0,3.9237,2.0302
MED00194,2026-10-19,8,6.6676,8.3164,10.6986,11.75,8.319,0.0,23.3025,7.9144
MED00195,2026-10-19,8,6.0644,6.8472,8.4513,9.375,6.954,0.0,20.7292,7.2762
MED00196,2026-10-19,8,6.6596,7.978,5.3126,5.625,6.9896,0.0,20.7978,7.2936
MED00197,2026-10-19,8,6.7376,7.1739,10.7098,11.625,7.81,0.0,22.3548,7.6827
MED00198,2026-10-19,8,1.715,1.2165,2.4154,2.375,1.6359,0.0,9.0098,3.895
MED00199,2026-10-19,8,1.437,1.413,0.899,1.375,1.3105,0.0,8.0994,3.586
MED00200,2026-10-19,8,1.8027,1.4636,1.5602,1.625,1.5935,0.0,8.8939,3.8561
MED00201,2026-10-19,8,8.307,7.0172,6.663,8.375,7.3563,0.0,21.4983,7.47
MED00202,2026-10-19,8,1.8302,1.7135,0.3784,0.375,1.4625,0.0,8.5307,3.7335
MED00203,2026-10-19,8,2.1161,2.0717,2.3392,3.25,2.1459,0.0,10.353,4.3351
MED00204,2026-10-19,8,2.0788,2.2849,0.7643,0.75,1.8919,0.0,9.6951,4.1217
MED00205,2026-10-19,8,11.5136,13.9396,9.7411,9.75,12.2734,1.3623,30.306,9.525
MED00206,2026-10-19,8,0.9789,0.9257,1.2244,1.5,1.0083,0.0,7.2049,3.2731
MED00207,2026-10-19,8,1.8826,1.7619,2.7348,2.75,2.013,0.0,10.0115,4.2248
MED00208,2026-10-19,8,11.3393,12.1772,11.5168,11.0,11.7805,1.082,29.4617,9.3394
MED00209,2026-10-19,8,2.3997,1.8009,4.6269,5.125,2.6058,0.0,11.4975,4.6967
MED00210,2026-10-19,8,1.2171,0.8582,2.1054,2.25,1.2435,0.0,7.9056,3.519
MED00211,2026-10-19,8,2.1265,1.9649,2.4632,2.625,2.1262,0.0,10.3028,4.3189
MED00212,2026-10-19,8,2.0009,2.0603,0.2032,0.25,1.6406,0.0,9.0225,3.8992
MED00213,2026-10-19,8,1.0813,1.9923,0.0,0.0,1.2732,0.0,7.9918,3.5489
MED00214,2026-10-19,8,9.8495,10.0017,13.8049,13.875,10.7888,0.5313,27.741,8.9543
MED00215,2026-10-19,8,2.2248,2.4015,2.2083,2.25,2.306,0.0,10.7577,4.4643
MED00216,2026-10-19,8,0.0789,0.1035,0.0,0.0,0.0734,0.0,3.8938,2.018
MED00217,2026-10-19,8,0.223,0.1959,0.2653,0.25,0.2197,0.0,4.5001,2.2609
MED00218,2026-10-19,8,4.2907,5.4831,5.7607,5.375,5.1708,0.0,17.1859,6.3465
MED00219,2026-10-19,8,14.2516,10.4208,10.5866,10.5,11.6816,1.0262,29.2914,9.3017
MED00220,2026-10-19,8,1.9783,1.8536,2.9126,2.875,2.1248,0.0,10.2991,4.3178
MED00221,2026-10-19,8,2.9861,3.3698,1.5601,2.25,2.8589,0.0,12.1059,4.8843
MED00222,2026-10-19,8,0.4463,0.5658,0.0,0.0,0.4057,0.0,5.2075,2.5363
MED00223,2026-10-19,8,8.9346,12.0852,4.6356,4.25,9.482,0.0,25.4229,8.4201
MED00224,2026-10-19,8,1.8024,1.3721,0.6314,0.625,1.3491,0.0,8.2102,3.6241
MED00225,2026-10-19,8,3.9145,4.0862,5.334,5.875,4.3066,0.0,15.3684,5.8429
MED00226,2026-10-19,8,2.1694,1.6939,2.4956,3.625,2.0203,0.0,10.0302,4.2309
MED00227,2026-10-19,8,15.6219,14.2969,18.9477,20.25,15.7404,3.4374,36.0735,10.7401
MED00228,2026-10-19,8,1.7266,0.8561,2.4794,3.0,1.4851,0.0,8.594,3.755
MED00229,2026-10-19,8,0.4961,0.7504,0.0,0.0,0.5077,0.0,5.5726,2.6753
MED00230,2026-10-19,8,12.66,14.7499,10.8568,11.25,13.2574,1.9338,31.9716,9.885
MED00231,2026-10-19,8,1.6603,0.5809,1.2439,1.25,1.0675,0.0,7.3845,3.3367
MED00232,2026-10-19,8,2.9506,3.9675,1.1355,1.125,3.0345,0.0,12.5203,5.0105
MED00233,2026-10-19,8,0.5656,0.3604,0.5622,0.625,0.4696,0.0,5.4377,2.6242
MED00234,2026-10-19,8,1.8208,1.1036,2.1469,2.125,1.5585,0.0,8.7974,3.8237
MED00235,2026-10-19,8,70.0245,70.831,66.0008,61.625,69.598,44.0376,111.8412,22.3133
MED00236,2026-10-19,8,2.1662,2.5979,1.8833,1.875,2.3086,0.0,10.7642,4.4664
MED00237,2026-10-19,8,3.6573,4.0378,5.1968,6.625,4.1727,0.0,15.0793,5.761
MED00238,2026-10-19,8,1.8907,1.6293,1.616,1.625,1.7109,0.0,9.2131,3.9627
MED00239,2026-10-19,8,3.2693,4.3332,4.3637,4.5,4.0069,0.0,14.7182,5.6578
MED00240,2026-10-19,8,3.7843,3.4691,4.2963,6.125,3.752,0.0,14.156,5.4955
MED00241,2026-10-19,8,2.3965,3.0027,2.4366,2.375,2.6907,0.0,11.7032,4.7605
MED00242,2026-10-19,8,9.384,12.6141,8.1011,8.75,10.6234,0.4414,27.4511,8.8885
MED00243,2026-10-19,8,0.1193,0.0806,0.1345,0.125,0.1046,0.0,4.028,2.0723
MED00244,2026-10-19,8,2.0461,2.1988,2.2021,2.125,2.1533,0.0,10.3719,4.3411
MED00245,2026-10-19,8,70.6082,60.7586,85.2813,79.25,69.2631,43.7639,111.4054,22.2599
MED00246,2026-10-19,8,5.0297,5.7687,6.5987,6.75,5.7203,0.0,18.3041,6.6469
MED00247,2026-10-19,8,11.2834,13.7134,12.7821,12.375,12.7547,1.6399,31.1239,9.7028
MED00248,2026-10-19,8,2.0912,1.6464,1.975,2.5,1.8604,0.0,9.612,4.0945
MED00249,2026-10-19,8,19.8766,24.937,31.0872,34.25,24.6924,9.3692,50.0168,13.3766
MED00250,2026-10-19,8,10.3208,8.3563,11.1872,16.125,9.6017,0.0,25.6379,8.4705
MED00251,2026-10-19,8,1.7888,1.3426,2.9692,2.875,1.8384,0.0,9.5538,4.0754
MED00252,2026-10-19,8,0.459,0.1615,0.7139,0.75,0.3758,0.0,5.0978,2.4942
MED00253,2026-10-19,8,3.5434,4.295,4.2191,4.0,4.0446,0.0,14.8006,5.6814
MED00254,2026-10-19,8,0.3622,0.1809,0.9514,1.0,0.4058,0.0,5.2077,2.5364
MED00255,2026-10-19,8,4.4077,6.0963,4.4433,6.625,5.2084,0.0,17.2633,6.3675
MED00256,2026-10-19,8,2.1991,1.8607,1.3188,1.25,1.8522,0.0,9.5905,4.0874
MED00257,2026-10-19,8,4.0409,4.3503,5.4121,7.5,4.487,0.0,15.7544,5.9515
MED00258,2026-10-19,8,2.0867,2.3782,3.7571,3.875,2.5874,0.0,11.4529,4.6828
MED00259,2026-10-19,8,2.1631,2.0043,3.1712,3.125,2.3098,0.0,10.7674,4.4674
MED00260,2026-10-19,8,0.4113,0.4546,1.1344,1.125,0.5888,0.0,5.8536,2.7809
MED00261,2026-10-19,8,0.6786,0.7336,0.1284,0.125,0.5856,0.0,5.8426,2.7768
MED00262,2026-10-19,8,3.0097,2.5862,3.56,5.0,2.9344,0.0,12.2847,4.9389
MED00263,2026-10-19,8,2.8248,3.4038,5.5311,5.375,3.6853,0.0,14.0075,5.4522
MED00264,2026-10-19,8,0.2522,0.1221,0.0,0.0,0.137,0.0,4.1638,2.127
MED00265,2026-10-19,8,6.1091,7.0036,10.5812,10.375,7.5034,0.0,21.7772,7.5396
MED00266,2026-10-19,8,13.2312,15.223,5.9623,6.25,12.5973,1.5487,30.857,9.645
MED00267,2026-10-19,8,4.3271,6.0154,3.7557,3.875,4.9959,0.0,16.8243,6.2478
MED00268,2026-10-19,8,2.1691,2.4748,3.6322,3.625,2.6315,0.0,11.5601,4.7162
MED00269,2026-10-19,8,2.1753,2.125,2.2459,2.125,2.1693,0.0,10.4127,4.3542
MED00270,2026-10-19,8,2.3081,2.0576,5.0489,4.875,2.7882,0.0,11.9374,4.8327
MED00271,2026-10-19,8,1.524,2.2299,3.474,4.25,2.2783,0.0,10.6883,4.4422
MED00272,2026-10-19,8,3.7528,4.0714,4.0718,4.875,3.9746,0.0,14.6475,5.6375
MED00273,2026-10-19,8,3.0822,2.8893,2.2808,2.625,2.8213,0.0,12.0164,4.857
MED00274,2026-10-19,8,0.4796,0.2993,0.3442,0.375,0.3665,0.0,5.0632,2.4808
MED00275,2026-10-19,8,11.0024,7.3806,11.5866,14.25,9.4488,0.0,25.3631,8.4061
MED00276,2026-10-19,8,1.8787,1.7653,2.3372,2.25,1.9271,0.0,9.7877,4.152
MED00277,2026-10-19,8,0.193,0.1817,0.0,0.0,0.146,0.0,4.2014,2.1421
MED00278,2026-10-19,8,7.8732,8.5915,11.4762,11.25,8.9984,0.0,24.5483,8.2136
MED00279,2026-10-19,8,19.7114,20.3276,23.7944,22.25,20.9049,6.7805,44.2482,12.3301
MED00280,2026-10-19,8,0.2109,0.1569,0.2722,0.25,0.1992,0.0,4.4181,2.2285
MED00281,2026-10-19,8,13.098,10.5525,14.4088,15.875,12.2068,1.3242,30.1923,9.5001
MED00282,2026-10-19,8,3.3293,2.647,2.6192,3.25,2.8599,0.0,12.1083,4.8851
MED00283,2026-10-19,8,2.1513,2.5089,3.4049,3.625,2.5925,0.0,11.4652,4.6867
MED00284,2026-10-19,8,1.3415,0.8483,0.4501,0.625,0.9191,0.0,6.9296,3.1748
MED00285,2026-10-19,8,5.0282,5.2285,7.8236,7.375,5.7334,0.0,18.3303,6.6538
MED00286,2026-10-19,8,4.0204,3.5262,6.0384,7.0,4.2315,0.0,15.2065,5.7971
MED00287,2026-10-19,8,3.0076,3.4861,3.677,3.625,3.3793,0.0,13.3169,5.2491
MED00288,2026-10-19,8,42.043,42.5492,37.2232,38.625,41.2755,21.5433,73.8866,17.2255
MED00289,2026-10-19,8,3.8884,3.9587,5.886,8.75,4.3586,0.0,15.48,5.8744
MED00290,2026-10-19,8,1.8169,1.1003,1.1102,1.125,1.3307,0.0,8.1575,3.606
MED00291,2026-10-19,8,9.3301,17.2334,2.8896,3.0,11.6327,0.9988,29.2072,9.283
MED00292,2026-10-19,8,1.6701,1.2586,0.9052,1.25,1.3136,0.0,8.1085,3.5891
MED00293,2026-10-19,8,4.4592,3.194,8.2827,9.875,4.7025,0.0,16.2108,6.0788
MED00294,2026-10-19,8,1.2225,0.6781,0.7148,1.0,0.8593,0.0,6.7418,3.1072
MED00295,2026-10-19,8,0.2639,0.2077,0.0,0.0,0.1807,0.0,4.3433,2.1988
MED00296,2026-10-19,8,3.8116,3.907,4.344,4.5,3.9755,0.0,14.6494,5.6381
MED00297,2026-10-19,8,5.7225,7.0019,6.6121,6.625,6.5187,0.0,19.8858,7.0606
MED00298,2026-10-19,8,2.143,1.6609,3.905,4.0,2.3023,0.0,10.7486,4.4614
MED00299,2026-10-19,8,0.3974,0.2911,0.2547,0.25,0.3172,0.0,4.8783,2.4092
MED00300,2026-10-19,8,1.8769,1.7686,0.2508,0.25,1.4753,0.0,8.5666,3.7457
MED00301,2026-10-19,8,4.7193,6.3618,5.5796,5.625,5.6777,0.0,18.2184,6.6241
MED00302,2026-10-19,8,8.6051,8.5479,4.5823,4.375,7.714,0.0,22.1745,7.6382
MED00303,2026-10-19,8,2.7474,2.2531,2.8742,3.625,2.5468,0.0,11.3538,4.6519
MED00304,2026-10-19,8,3.6379,4.3077,3.1751,4.625,3.8539,0.0,14.3819,5.561
MED00305,2026-10-19,8,1.8067,1.9006,1.1553,1.125,1.711,0.0,9.2133,3.9628
MED00306,2026-10-19,8,0.336,0.2359,0.0,0.0,0.2167,0.0,4.4881,2.2562
MED00307,2026-10-19,8,25.4628,27.5795,36.6604,36.375,28.9066,12.3513,56.2673,14.4522
MED00308,2026-10-19,8,0.6852,0.6964,0.4954,0.5,0.6499,0.0,6.0605,2.8579
MED00309,2026-10-19,8,2.9163,3.3569,1.5984,2.25,2.839,0.0,12.0586,4.8699
MED00310,2026-10-19,8,3.3875,3.0877,2.3217,3.25,3.0196,0.0,12.4852,4.9998
MED00311,2026-10-19,8,2.9385,3.3752,3.4667,4.375,3.26,0.0,13.0436,5.1678
MED00312,2026-10-19,8,0.5064,0.2025,0.3376,0.375,0.3284,0.0,4.9205,2.4256
MED00313,2026-10-19,8,0.3755,0.2366,1.825,1.75,0.6256,0.0,5.9784,2.8274
MED00314,2026-10-19,8,10.4803,11.6069,8.8298,8.75,10.6587,0.4606,27.5131,8.9026
MED00315,2026-10-19,8,9.1979,10.3872,11.3708,11.25,10.234,0.2318,26.7645,8.7316
MED00316,2026-10-19,8,2.7482,3.1058,2.5935,2.625,2.8844,0.0,12.1664,4.9029
MED00317,2026-10-19,8,2.1261,2.2646,2.85,2.875,2.35,0.0,10.8677,4.4992
MED00318,2026-10-19,8,2.4707,1.5655,3.4081,5.0,2.2539,0.0,10.6268,4.4226
MED00319,2026-10-19,8,11.0224,12.5224,11.8959,11.0,11.9235,1.1629,29.7073,9.3936
MED00320,2026-10-19,8,5.5967,6.6887,3.4521,3.75,5.6469,0.0,18.1562,6.6075
MED00321,2026-10-19,8,0.5425,0.93,3.8995,3.75,1.4525,0.0,8.5026,3.7239
MED00322,2026-10-19,8,0.1734,0.1491,0.0,0.0,0.1246,0.0,4.112,2.1062
MED00323,2026-10-19,8,0.9441,0.599,2.2232,2.5,1.0615,0.0,7.3662,3.3302
MED00324,2026-10-19,8,1.3604,0.9746,1.3129,2.0,1.1713,0.0,7.6941,3.4454
MED00325,2026-10-19,8,6.3838,8.0966,5.838,5.75,7.0716,0.0,20.9551,7.3334
MED00326,2026-10-19,8,8.8502,11.303,8.7445,8.5,9.9816,0.0977,26.3165,8.6283
MED00327,2026-10-19,8,2.9031,3.9441,2.3403,2.25,3.27,0.0,13.0666,5.1746
MED00328,2026-10-19,8,3.917,4.384,5.4517,5.625,4.472,0.0,15.7225,5.9426
MED00329,2026-10-19,8,10.8421,12.1409,12.3711,11.625,11.7913,1.0881,29.4803,9.3435
MED00330,2026-10-19,8,4.0461,4.5775,5.8818,6.125,4.6967,0.0,16.1985,6.0754
MED00331,2026-10-19,8,1.8716,1.2918,2.4824,2.375,1.7353,0.0,9.2787,3.9845
MED00332,2026-10-19,8,2.8479,3.6492,3.0441,2.875,3.2675,0.0,13.0609,5.173
MED00333,2026-10-19,8,2.5533,2.3711,6.0022,6.25,3.2192,0.0,12.9495,5.1396
MED00334,2026-10-19,8,9.7552,12.4002,4.2236,4.375,9.7998,0.002,25.9925,8.5531
MED00335,2026-10-19,8,5.4786,5.7707,6.8921,6.5,5.9272,0.0,18.7185,6.7565
MED00336,2026-10-19,8,9.1129,10.2425,12.3769,11.25,10.3578,0.2981,26.9834,8.7818
MED00337,2026-10-19,8,61.8119,51.8265,63.928,60.25,57.6697,34.3854,96.1513,20.3263
MED00338,2026-10-19,8,9.4084,13.7999,1.2804,1.25,9.7049,0.0,25.8228,8.5136
MED00339,2026-10-19,8,1.7678,1.177,0.2691,0.375,1.1684,0.0,7.6856,3.4424
MED00340,2026-10-19,8,1.6477,2.6012,0.2477,0.25,1.7908,0.0,9.4274,4.0337
MED00341,2026-10-19,8,4.975,6.1464,7.7377,8.375,6.1265,0.0,19.1147,6.8605
MED00342,2026-10-19,8,2.0993,1.8197,1.4337,1.375,1.8264,0.0,9.522,4.0649
MED00343,2026-10-19,8,10.0066,10.0463,11.6833,11.625,10.399,0.3202,27.056,8.7984
MED00344,2026-10-19,8,4.1013,4.9146,5.2055,5.625,4.7248,0.0,16.2578,6.0918
MED00345,2026-10-19,8,0.1775,0.1026,0.0,0.0,0.1042,0.0,4.026,2.0715
MED00346,2026-10-19,8,3.0565,3.5224,2.1033,2.0,3.0703,0.0,12.6039,5.0357
MED00347,2026-10-19,8,0.1607,0.1801,0.0,0.0,0.1351,0.0,4.1558,2.1238
MED00348,2026-10-19,8,1.7272,1.3063,1.4053,1.375,1.4625,0.0,8.5308,3.7335
MED00349,2026-10-19,8,2.2919,1.9869,2.0151,2.0,2.0917,0.0,10.2142,4.2904
MED00350,2026-10-19,8,0.863,1.9391,2.6186,2.5,1.7474,0.0,9.3112,3.9953
MED00351,2026-10-19,8,0.5271,0.6295,0.0,0.0,0.4611,0.0,5.4074,2.6127
MED00352,2026-10-19,8,0.186,0.3239,0.0,0.0,0.2102,0.0,4.4622,2.246
MED00353,2026-10-19,8,0.7093,0.5143,0.0,0.0,0.465,0.0,5.4215,2.6181
MED00354,2026-10-19,8,0.7293,1.1543,1.3,1.25,1.0523,0.0,7.3387,3.3205
MED00355,2026-10-19,8,9.1357,9.606,9.3555,11.5,9.4122,0.0,25.2973,8.3906
MED00356,2026-10-19,8,1.956,1.9672,1.9871,1.875,1.9699,0.0,9.8994,4.1884
MED00357,2026-10-19,8,0.2009,0.11,0.2704,0.25,0.1737,0.0,4.3152,2.1876
MED00358,2026-10-19,8,4.8497,5.0859,2.5518,3.375,4.4662,0.0,15.7101,5.9391
MED00359,2026-10-19,8,2.0834,2.2325,1.5949,1.5,2.0491,0.0,10.1047,4.2551
MED00360,2026-10-19,8,2.5221,1.871,3.289,3.875,2.3869,0.0,10.9597,4.5282
MED00361,2026-10-19,8,2.2101,2.1699,4.7941,4.875,2.7543,0.0,11.8561,4.8077
MED00362,2026-10-19,8,2.3606,2.0277,4.8563,4.875,2.7491,0.0,11.8437,4.8039
MED00363,2026-10-19,8,1.7154,1.4313,2.5013,2.5,1.755,0.0,9.3317,4.0021
MED00364,2026-10-19,8,0.1518,0.2002,0.0,0.0,0.1416,0.0,4.183,2.1347
MED00365,2026-10-19,8,2.1473,2.2957,2.1534,2.125,2.2201,0.0,10.5414,4.3954
MED00366,2026-10-19,8,9.4907,9.5181,11.6077,11.25,9.9724,0.0928,26.3002,8.6245
MED00367,2026-10-19,8,2.1305,2.5986,1.607,1.625,2.2377,0.0,10.5859,4.4096
MED00368,2026-10-19,8,2.6368,3.2734,5.1926,5.0,3.4913,0.0,13.5714,5.3244
MED00369,2026-10-19,8,3.4204,3.6567,3.7351,5.0,3.6025,0.0,13.8219,5.398
MED00370,2026-10-19,8,0.4231,0.2372,0.0,0.0,0.2449,0.0,4.5996,2.3002
MED00371,2026-10-19,8,15.5362,13.9198,14.0565,14.0,14.4758,2.6614,34.0012,10.3135
MED00372,2026-10-19,8,0.2077,0.1046,0.1342,0.125,0.1438,0.0,4.1922,2.1384
MED00373,2026-10-19,8,0.5973,0.5665,0.9315,0.875,0.656,0.0,6.0809,2.8655
MED00374,2026-10-19,8,1.9739,1.2055,2.1028,2.75,1.645,0.0,9.0346,3.9033
MED00375,2026-10-19,8,15.3774,16.4426,13.8319,13.5,15.5549,3.3223,35.7714,10.6786
MED00376,2026-10-19,8,2.0664,1.9709,2.0311,2.0,2.0162,0.0,10.0197,4.2275
MED00377,2026-10-19,8,0.4976,0.6974,0.9103,0.875,0.681,0.0,6.1641,2.8962
MED00378,2026-10-19,8,2.0965,2.4741,2.2863,2.125,2.3161,0.0,10.7831,4.4724
MED00379,2026-10-19,8,0.4681,0.892,2.6038,2.5,1.13,0.0,7.5717,3.4026
MED00380,2026-10-19,8,0.5208,0.4031,0.0,0.0,0.3533,0.0,5.0141,2.4619
MED00381,2026-10-19,8,1.2567,2.3498,1.3248,1.25,1.7832,0.0,9.4071,4.027
MED00382,2026-10-19,8,2.1535,1.4306,2.8962,3.75,1.9792,0.0,9.9236,4.1963
MED00383,2026-10-19,8,6.4396,8.4928,6.2626,5.75,7.3665,0.0,21.5177,7.4748
MED00384,2026-10-19,8,2.0413,1.8897,2.2585,2.125,2.0197,0.0,10.0287,4.2304
MED00385,2026-10-19,8,17.8905,20.6552,19.8738,20.25,19.6299,5.9326,42.2673,11.9573
MED00386,2026-10-19,8,13.7398,13.6056,13.6636,14.125,13.6743,2.1805,32.6701,10.0337
MED00387,2026-10-19,8,18.0448,21.6666,23.5936,22.5,20.9583,6.8163,44.3307,12.3455
MED00388,2026-10-19,8,96.0445,120.634,91.1331,84.125,106.5581,74.9699,158.7633,27.5753
MED00389,2026-10-19,8,8.6569,8.9226,7.9834,11.25,8.6435,0.0,23.9002,8.0587
MED00390,2026-10-19,8,18.1158,19.952,22.8895,34.25,20.0273,6.1954,42.887,12.0747
MED00391,2026-10-19,8,16.5201,16.6402,19.4284,24.875,17.2238,4.3711,38.4652,11.2199
MED00392,2026-10-19,8,16.5367,18.1206,18.9427,22.625,17.815,4.7497,39.4078,11.4055
MED00393,2026-10-19,8,11.1444,11.6423,8.8998,10.125,10.901,0.5927,27.9373,8.9987
MED00394,2026-10-19,8,13.4702,11.9743,13.3623,16.25,12.7617,1.644,31.1356,9.7053
MED00395,2026-10-19,8,16.6158,17.1206,15.705,18.375,16.6705,4.02,37.5777,11.0434
MED00396,2026-10-19,8,52.9055,52.7039,45.4448,46.75,51.2453,29.2844,87.5397,19.171
MED00397,2026-10-19,8,45.7827,47.7689,50.9728,48.125,47.8823,26.647,82.9774,18.5376
MED00398,2026-10-19,8,107.4047,111.6717,122.5312,128.0,112.7872,80.2931,166.4898,28.3662
MED00399,2026-10-19,8,92.0764,115.9252,111.7161,115.75,107.5677,75.8309,160.0185,27.705
MED00400,2026-10-19,8,72.6548,72.5878,71.5446,69.875,72.4552,46.3791,115.5508,22.7635
MED00401,2026-10-19,8,12.4992,10.9057,12.3166,20.875,11.7279,1.0523,29.3713,9.3194
MED00402,2026-10-19,8,17.2847,14.4947,19.9943,29.875,16.5871,3.9674,37.4434,11.0165
MED00403,2026-10-19,8,11.6699,16.5004,8.9583,9.125,13.349,1.9878,32.1255,9.9179
MED00404,2026-10-19,8,4.5533,6.0405,6.1801,6.125,5.6054,0.0,18.0724,6.5852
MED00405,2026-10-19,8,6.8852,8.0004,7.2268,7.375,7.487,0.0,21.7463,7.5319
MED00406,2026-10-19,8,19.399,23.071,24.9473,26.75,22.3372,7.7478,46.4488,12.736
MED00407,2026-10-19,8,16.9877,15.4719,21.5544,30.5,17.2878,4.4119,38.5675,11.2401
MED00408,2026-10-19,8,6.4388,5.658,7.6923,11.25,6.3526,0.0,19.5605,6.9765
MED00409,2026-10-19,8,9.2628,10.276,6.9734,10.875,9.2484,0.0,25.0017,8.321
MED00410,2026-10-19,8,7.9728,8.2248,8.4741,14.0,8.2072,0.0,23.0955,7.8641
MED00411,2026-10-19,8,17.1043,17.3017,19.414,26.125,17.7148,4.6853,39.2484,11.3742
MED00412,2026-10-19,8,12.1409,7.8842,10.2171,14.0,9.7477,0.0,25.8994,8.5315
MED00413,2026-10-19,8,11.9513,10.0827,10.0732,12.875,10.6831,0.4738,27.5558,8.9123
MED00414,2026-10-19,8,17.4219,15.571,17.6216,24.125,16.6183,3.9871,37.4937,11.0266
MED00415,2026-10-19,8,12.5997,9.0336,10.8664,15.75,10.5708,0.4129,27.3586,8.8675
MED00416,2026-10-19,8,15.9282,14.7764,17.7868,23.75,15.8095,3.4803,36.1858,10.7629
MED00417,2026-10-19,8,6.9874,6.2649,6.4834,7.5,6.5476,0.0,19.9421,7.0751
MED00418,2026-10-19,8,6.9658,5.8621,7.7434,9.375,6.6261,0.0,20.0949,7.1144
MED00419,2026-10-19,8,8.2601,7.3392,8.8009,10.125,7.9556,0.0,22.6272,7.7497
MED00420,2026-10-19,8,17.6302,15.5932,20.2644,30.625,17.2682,4.3995,38.5362,11.2339
MED00421,2026-10-19,8,18.386,14.4936,22.8931,34.125,17.5647,4.589,39.0094,11.3273
MED00422,2026-10-19,8,16.092,14.6297,18.0337,23.375,15.8466,3.5033,36.246,10.7752
MED00423,2026-10-19,8,11.673,10.6782,9.8243,11.25,10.8189,0.5478,27.7938,8.9663
MED00424,2026-10-19,8,82.3383,83.6396,105.7617,118.875,88.1112,59.373,135.6063,25.0873
MED00001,2026-10-26,9,12.6172,8.9355,10.9624,15.125,10.5514,0.6338,26.9609,9.0865
MED00002,2026-10-26,9,0.0965,0.1065,0.1331,0.125,0.1092,0.0,3.9621,2.1334
MED00003,2026-10-26,9,0.2971,0.5152,0.0,0.0,0.3348,0.0,4.8447,2.4973
MED00004,2026-10-26,9,0.7391,0.6831,1.8165,1.75,0.9475,0.0,6.8863,3.2885
MED00005,2026-10-26,9,2.0269,3.4158,1.9545,1.875,2.6618,0.0,11.439,4.8602
MED00006,2026-10-26,9,1.6065,1.0313,0.2616,0.25,1.0476,0.0,7.1884,3.4004
MED00007,2026-10-26,9,4.0458,3.4809,3.0149,2.75,3.5623,0.0,13.5112,5.509
MED00008,2026-10-26,9,0.664,0.5267,1.3974,1.375,0.7597,0.0,6.2999,3.0678
MED00009,2026-10-26,9,3.0195,3.6927,3.2077,3.875,3.3777,0.0,13.0979,5.3824
MED00010,2026-10-26,9,4.0855,3.6054,4.4486,4.125,3.9442,0.0,14.3501,5.7622
MED00011,2026-10-26,9,18.81,22.2087,24.2907,24.875,21.6053,7.579,44.8132,12.851
MED00012,2026-10-26,9,2.003,2.7551,0.3808,0.375,2.0042,0.0,9.8155,4.3254
MED00013,2026-10-26,9,3.8379,3.9928,6.5268,6.375,4.4976,0.0,15.5324,6.1104
MED00014,2026-10-26,9,16.0344,14.2733,27.2266,28.0,17.6567,4.9447,38.6899,11.6468
MED00015,2026-10-26,9,0.5159,0.347,0.9483,0.875,0.5313,0.0,5.5443,2.7758
MED00016,2026-10-26,9,2.0545,1.6458,4.7391,4.75,2.4482,0.0,10.9238,4.6932
MED00017,2026-10-26,9,1.8499,1.764,2.3874,2.375,1.9283,0.0,9.6202,4.2593
MED00018,2026-10-26,9,75.4148,66.3994,82.0288,87.75,72.7153,47.1885,114.9517,23.3878
MED00019,2026-10-26,9,50.4486,38.7667,45.6682,49.375,44.0063,24.1038,76.9367,18.2348
MED00020,2026-10-26,9,9.5474,12.0202,15.5083,14.875,12.0052,1.4555,29.4607,9.6657
MED00021,2026-10-26,9,3.5766,3.4551,2.9847,4.5,3.395,0.0,13.1368,5.3944
MED00022,2026-10-26,9,2.2447,1.3495,2.3582,3.375,1.8535,0.0,9.4261,4.1932
MED00023,2026-10-26,9,1.1807,0.9043,0.2032,0.25,0.8407,0.0,6.5562,3.1649
MED00024,2026-10-26,9,2.682,2.81,2.0446,2.875,2.6061,0.0,11.3057,4.8172
MED00025,2026-10-26,9,0.0906,0.1052,0.0,0.0,0.0778,0.0,3.8301,2.0777
MED00026,2026-10-26,9,0.3788,0.3242,0.1297,0.125,0.2996,0.0,4.7136,2.4442
MED00027,2026-10-26,9,0.2181,0.1228,0.0,0.0,0.1265,0.0,4.0335,2.1635
MED00028,2026-10-26,9,0.5473,0.5854,0.5441,0.5,0.565,0.0,5.659,2.8207
MED00029,2026-10-26,9,11.3945,11.5317,13.2191,17.375,11.8659,1.3751,29.2239,9.6117
MED00030,2026-10-26,9,3.7316,3.4267,4.1367,5.5,3.6809,0.0,13.7738,5.5888
MED00031,2026-10-26,9,3.0004,3.293,2.5586,3.25,3.0442,0.0,12.3369,5.1457
MED00032,2026-10-26,9,2.2506,1.5341,1.9803,2.75,1.8596,0.0,9.442,4.1987
MED00033,2026-10-26,9,0.9128,1.7281,1.9635,1.875,1.5225,0.0,8.5423,3.8871
MED00034,2026-10-26,9,20.5832,21.6402,24.354,25.0,21.9156,7.7912,45.2858,12.9409
MED00035,2026-10-26,9,0.4351,0.205,0.373,0.375,0.3146,0.0,4.7697,2.4669
MED00036,2026-10-26,9,1.4891,1.4087,2.2984,2.25,1.6287,0.0,8.8304,3.9879
MED00037,2026-10-26,9,3.9562,3.2962,5.4143,5.5,3.9683,0.0,14.4025,5.7778
MED00038,2026-10-26,9,12.7028,10.5806,13.2568,20.0,11.8446,1.3628,29.1876,9.6035
MED00039,2026-10-26,9,1.0136,1.2736,1.2344,1.25,1.184,0.0,7.5895,3.547
MED00040,2026-10-26,9,0.5571,0.4667,0.9979,1.0,0.6111,0.0,5.8142,2.8811
MED00041,2026-10-26,9,0.5338,0.4257,0.1139,0.125,0.3927,0.0,5.0566,2.5825
MED00042,2026-10-26,9,3.3696,3.4319,1.8838,2.0,3.0796,0.0,12.4187,5.1714
MED00043,2026-10-26,9,0.4161,0.4017,0.5159,0.5,0.4315,0.0,5.1954,2.638
MED00044,2026-10-26,9,1.9161,1.664,0.8637,1.25,1.5719,0.0,8.6771,3.9344
MED00045,2026-10-26,9,1.7059,1.5676,0.1243,0.125,1.2998,0.0,7.922,3.6669
MED00046,2026-10-26,9,2.2907,2.2137,0.7895,1.125,1.9313,0.0,9.6279,4.2619
MED00047,2026-10-26,9,5.1608,5.9902,7.5805,7.375,6.0784,0.0,18.7388,7.0105
MED00048,2026-10-26,9,12.0719,14.3118,16.4284,17.75,14.0754,2.6859,32.9204,10.4352
MED00049,2026-10-26,9,0.1807,0.1137,0.0,0.0,0.1104,0.0,3.9667,2.1354
MED00050,2026-10-26,9,2.6608,3.3098,2.599,2.625,2.9532,0.0,12.1258,5.0792
MED00051,2026-10-26,9,0.1231,0.1155,0.0,0.0,0.093,0.0,3.8939,2.1047
MED00052,2026-10-26,9,0.454,0.5122,0.513,0.5,0.4944,0.0,5.4167,2.7257
MED00053,2026-10-26,9,5.1864,6.1254,5.9368,10.0,5.793,0.0,18.1756,6.8567
MED00054,2026-10-26,9,5.3922,6.6681,7.3153,11.75,6.4107,0.0,19.3869,7.1854
MED00055,2026-10-26,9,0.84,0.843,1.244,1.25,0.9299,0.0,6.8325,3.2685
MED00056,2026-10-26,9,0.5731,0.4375,0.9365,1.0,0.5892,0.0,5.7407,2.8526
MED00057,2026-10-26,9,0.4249,0.333,0.1199,0.125,0.3162,0.0,4.7758,2.4694
MED00058,2026-10-26,9,1.642,1.136,0.1275,0.125,1.0787,0.0,7.2807,3.4343
MED00059,2026-10-26,9,7.6445,6.6421,10.1754,11.75,7.7332,0.0,21.8967,7.8429
MED00060,2026-10-26,9,5.399,3.9312,5.4073,7.625,4.7207,0.0,15.9992,6.2453
MED00061,2026-10-26,9,0.6003,0.8094,0.8609,0.75,0.7551,0.0,6.285,3.0621
MED00062,2026-10-26,9,11.8784,8.8844,10.7306,15.875,10.243,0.4648,26.4219,8.9588
MED00063,2026-10-26,9,0.1156,0.1186,0.0,0.0,0.092,0.0,3.8901,2.1031
MED00064,2026-10-26,9,24.0018,26.2236,23.5303,25.375,24.9611,9.9077,49.8683,13.792
MED00065,2026-10-26,9,62.1088,56.6091,51.9438,51.5,57.3968,34.6969,94.9557,20.7978
MED00066,2026-10-26,9,0.4605,0.3477,0.5363,0.5,0.4247,0.0,5.1714,2.6284
MED00067,2026-10-26,9,1.9984,2.7017,3.9488,3.875,2.7521,0.0,11.6537,4.9291
MED00068,2026-10-26,9,3.0794,2.674,4.3545,6.25,3.1699,0.0,12.6259,5.2362
MED00069,2026-10-26,9,1.709,1.3344,0.8421,1.25,1.3476,0.0,8.0572,3.7153
MED00070,2026-10-26,9,11.1746,11.3951,12.6995,15.625,11.6196,1.2338,28.8039,9.5156
MED00071,2026-10-26,9,2.0502,1.8677,1.4756,2.125,1.8423,0.0,9.3969,4.1832
MED00072,2026-10-26,9,2.1264,1.5211,2.1653,3.125,1.8543,0.0,9.4281,4.1939
MED00073,2026-10-26,9,3.0008,2.7499,4.1358,6.25,3.1329,0.0,12.5413,5.2098
MED00074,2026-10-26,9,2.7483,2.5097,3.5742,5.125,2.8189,0.0,11.8114,4.9795
MED00075,2026-10-26,9,2.9411,2.2226,3.2362,4.875,2.6725,0.0,11.4646,4.8685
MED00076,2026-10-26,9,0.226,0.0924,0.2661,0.25,0.1725,0.0,4.2206,2.2416
MED00077,2026-10-26,9,3.4542,2.9556,4.8052,7.25,3.518,0.0,13.4124,5.4789
MED00078,2026-10-26,9,2.8161,4.1393,2.5066,3.125,3.3697,0.0,13.0798,5.3768
MED00079,2026-10-26,9,20.5272,30.3638,16.6987,18.0,24.3106,9.4508,48.8976,13.6147
MED00080,2026-10-26,9,3.0998,2.127,3.9985,6.125,2.8436,0.0,11.8696,4.998
MED00081,2026-10-26,9,0.3378,0.4028,0.263,0.25,0.3523,0.0,4.9092,2.5233
MED00082,2026-10-26,9,2.5845,3.4573,1.9487,2.75,2.8567,0.0,11.9003,5.0078
MED00083,2026-10-26,9,2.938,2.6577,3.0362,4.375,2.8313,0.0,11.8407,4.9888
MED00084,2026-10-26,9,43.0578,44.2994,44.7945,39.875,44.0576,24.1437,77.0069,18.2453
MED00085,2026-10-26,9,2.0276,1.7546,3.2895,3.25,2.1759,0.0,10.2506,4.4712
MED00086,2026-10-26,9,0.3925,0.2669,0.0,0.0,0.249,0.0,4.5211,2.3656
MED00087,2026-10-26,9,1.6933,1.5221,2.0288,2.0,1.6879,0.0,8.9891,4.043
MED00088,2026-10-26,9,28.7684,28.3046,30.2513,28.0,28.9024,12.7258,55.668,14.8211
MED00089,2026-10-26,9,15.1798,18.4959,8.6414,8.0,15.3248,3.4571,34.9609,10.8732
MED00090,2026-10-26,9,2.6249,3.3486,3.9434,4.875,3.2516,0.0,12.8124,5.2942
MED00091,2026-10-26,9,2.1028,1.8153,1.7587,2.5,1.896,0.0,9.5365,4.2309
MED00092,2026-10-26,9,1.5212,1.4162,1.5134,1.5,1.472,0.0,8.4038,3.8384
MED00093,2026-10-26,9,0.2926,0.1669,0.2636,0.25,0.2279,0.0,4.4392,2.332
MED00094,2026-10-26,9,0.6147,0.4362,0.793,0.75,0.5706,0.0,5.6782,2.8282
MED00095,2026-10-26,9,2.8342,3.477,3.8898,3.875,3.3663,0.0,13.0722,5.3745
MED00096,2026-10-26,9,13.9638,9.7616,12.3752,13.75,11.6706,1.263,28.891,9.5356
MED00097,2026-10-26,9,0.436,0.5616,0.0,0.0,0.4005,0.0,5.0846,2.5937
MED00098,2026-10-26,9,7.7821,7.9613,9.0594,9.625,8.1507,0.0,22.6689,8.0392
MED00099,2026-10-26,9,0.2473,0.2569,0.0,0.0,0.1984,0.0,4.3234,2.2842
MED00100,2026-10-26,9,0.1647,0.0894,0.133,0.125,0.1228,0.0,4.0183,2.1571
MED00101,2026-10-26,9,3.8968,4.5992,7.5223,7.25,5.0154,0.0,16.6079,6.4192
MED00102,2026-10-26,9,4.0944,3.14,3.4023,3.5,3.5026,0.0,13.3781,5.4684
MED00103,2026-10-26,9,2.741,3.3356,1.025,1.0,2.649,0.0,11.4085,4.8504
MED00104,2026-10-26,9,7.1184,9.0041,9.1721,8.375,8.4518,0.0,23.2205,8.178
MED00105,2026-10-26,9,11.0865,13.1099,9.8027,9.75,11.7639,1.3165,29.0502,9.572
MED00106,2026-10-26,9,0.1304,0.1653,0.0,0.0,0.1185,0.0,4.0005,2.1496
MED00107,2026-10-26,9,7.5385,10.0932,8.4912,8.25,8.9458,0.0,24.1166,8.4006
MED00108,2026-10-26,9,2.7608,2.9586,3.9922,3.875,3.1231,0.0,12.5189,5.2027
MED00109,2026-10-26,9,0.4675,0.6291,0.0,0.0,0.442,0.0,5.2329,2.6529
MED00110,2026-10-26,9,0.3838,0.2393,0.0,0.0,0.2334,0.0,4.4607,2.3408
MED00111,2026-10-26,9,0.6819,0.6547,1.0756,1.0,0.7553,0.0,6.2858,3.0624
MED00112,2026-10-26,9,2.6701,2.9204,3.7728,3.75,3.029,0.0,12.3017,5.1347
MED00113,2026-10-26,9,1.8365,1.4632,1.9641,2.0,1.6917,0.0,8.9993,4.0465
MED00114,2026-10-26,9,12.375,12.1582,18.2592,17.875,13.563,2.3755,32.0739,10.2501
MED00115,2026-10-26,9,1.9786,2.1065,2.0257,2.0,2.0505,0.0,9.9337,4.3652
MED00116,2026-10-26,9,7.4921,8.6127,9.5305,10.0,8.4652,0.0,23.245,8.1841
MED00117,2026-10-26,9,1.7668,1.9042,0.9001,0.875,1.6446,0.0,8.8734,4.0028
MED00118,2026-10-26,9,1.6763,0.9298,1.7859,1.75,1.3532,0.0,8.0728,3.7209
MED00119,2026-10-26,9,1.9487,1.885,0.7662,0.75,1.6643,0.0,8.926,4.0211
MED00120,2026-10-26,9,11.1053,12.7022,3.6008,3.5,10.2337,0.4597,26.4056,8.955
MED00121,2026-10-26,9,3.2981,4.7788,3.5956,3.375,4.0574,0.0,14.5952,5.8351
MED00122,2026-10-26,9,2.28,2.1959,5.5094,5.625,2.9438,0.0,12.1039,5.0723
MED00123,2026-10-26,9,0.8584,0.7212,0.4566,0.5,0.708,0.0,6.1333,3.0042
MED00124,2026-10-26,9,7.3866,8.5025,8.5272,8.0,8.1626,0.0,22.6908,8.0448
MED00125,2026-10-26,9,0.2646,0.173,0.398,0.375,0.251,0.0,4.5287,2.3687
MED00126,2026-10-26,9,0.6744,1.0733,0.0,0.0,0.715,0.0,6.156,3.0129
MED00127,2026-10-26,9,2.0256,1.6766,0.8871,1.125,1.6176,0.0,8.8006,3.9775
MED00128,2026-10-26,9,2.0261,2.2188,0.994,1.0,1.8942,0.0,9.5318,4.2293
MED00129,2026-10-26,9,1.7549,1.5322,0.3763,0.375,1.3535,0.0,8.0738,3.7212
MED00130,2026-10-26,9,0.1793,0.1892,0.0,0.0,0.1452,0.0,4.1101,2.1955
MED00131,2026-10-26,9,2.0825,2.2554,1.7423,2.375,2.0915,0.0,10.0377,4.4001
MED00132,2026-10-26,9,0.5181,0.4066,0.0,0.0,0.3541,0.0,4.916,2.5261
MED00133,2026-10-26,9,0.5988,0.324,0.6674,0.75,0.4859,0.0,5.3872,2.714
MED00134,2026-10-26,9,0.4394,0.3324,0.0,0.0,0.2945,0.0,4.6944,2.4364
MED00135,2026-10-26,9,14.0982,14.7601,6.9411,6.875,12.8683,1.9606,30.9161,9.9937
MED00136,2026-10-26,9,1.6818,2.1943,2.5967,2.5,2.1213,0.0,10.1132,4.4254
MED00137,2026-10-26,9,2.2827,2.159,2.1275,2.0,2.1935,0.0,10.2947,4.4859
MED00138,2026-10-26,9,2.0397,2.2658,1.9623,2.0,2.1305,0.0,10.1364,4.4331
MED00139,2026-10-26,9,3.0571,5.0141,1.3092,1.25,3.5948,0.0,13.5833,5.531
MED00140,2026-10-26,9,1.8281,1.2921,0.878,0.875,1.3734,0.0,8.1297,3.7412
MED00141,2026-10-26,9,4.3586,3.8787,3.9571,6.125,4.0517,0.0,14.5829,5.8315
MED00142,2026-10-26,9,0.4506,0.5954,0.3579,0.375,0.4985,0.0,5.431,2.7313
MED00143,2026-10-26,9,1.8597,1.1007,1.7124,1.75,1.4751,0.0,8.4124,3.8414
MED00144,2026-10-26,9,5.6907,7.6582,5.4421,5.375,6.5613,0.0,19.6781,7.2632
MED00145,2026-10-26,9,0.6318,0.6255,1.2032,1.125,0.7535,0.0,6.2799,3.0602
MED00146,2026-10-26,9,1.6303,1.5817,2.4062,2.375,1.7776,0.0,9.2271,4.1251
MED00147,2026-10-26,9,1.8457,0.9246,1.4559,2.0,1.3328,0.0,8.0154,3.7004
MED00148,2026-10-26,9,5.6445,3.5532,5.2794,7.375,4.5943,0.0,15.7353,6.1692
MED00149,2026-10-26,9,3.5972,4.3456,5.9437,5.75,4.4595,0.0,15.4522,6.0871
MED00150,2026-10-26,9,1.5848,1.4454,1.5631,2.0,1.5166,0.0,8.5262,3.8815
MED00151,2026-10-26,9,2.0498,1.9606,1.5122,1.5,1.8935,0.0,9.5302,4.2287
MED00152,2026-10-26,9,2.1978,2.0077,2.2254,2.125,2.1172,0.0,10.1028,4.4219
MED00153,2026-10-26,9,2.1611,2.6017,0.8843,0.875,2.092,0.0,10.0389,4.4005
MED00154,2026-10-26,9,14.995,14.4182,18.6749,18.5,15.5392,3.5914,35.3078,10.9466
MED00155,2026-10-26,9,1.9781,2.6047,2.7328,2.625,2.4365,0.0,10.8951,4.6838
MED00156,2026-10-26,9,2.4428,2.0181,3.6594,5.0,2.5109,0.0,11.0761,4.7428
MED00157,2026-10-26,9,4.4265,5.3084,6.2332,6.0,5.2348,0.0,17.0556,6.5456
MED00158,2026-10-26,9,0.29,0.208,0.1309,0.125,0.2175,0.0,4.3986,2.3152
MED00159,2026-10-26,9,11.3886,10.4467,9.2778,8.75,10.5021,0.6067,26.8749,9.0662
MED00160,2026-10-26,9,3.5335,5.8636,4.2222,4.0,4.7747,0.0,16.1113,6.2775
MED00161,2026-10-26,9,5.7184,8.0931,6.1313,6.375,6.9227,0.0,20.3711,7.4468
MED00162,2026-10-26,9,2.0943,2.95,0.9187,0.875,2.2409,0.0,10.4129,4.5252
MED00163,2026-10-26,9,0.3522,0.2683,0.2654,0.25,0.2946,0.0,4.6945,2.4364
MED00164,2026-10-26,9,1.946,1.5786,0.8863,1.25,1.5464,0.0,8.6077,3.9101
MED00165,2026-10-26,9,9.4768,11.2036,11.568,13.5,10.7465,0.7418,27.3002,9.1664
MED00166,2026-10-26,9,2.0639,2.7843,1.1695,1.125,2.2083,0.0,10.3317,4.4982
MED00167,2026-10-26,9,1.788,1.184,3.7325,3.75,1.9297,0.0,9.6238,4.2605
MED00168,2026-10-26,9,1.9586,1.3889,1.5428,1.625,1.6043,0.0,8.7647,3.965
MED00169,2026-10-26,9,1.7793,1.5981,1.3503,1.375,1.6034,0.0,8.7623,3.9641
MED00170,2026-10-26,9,1.8452,1.3912,2.0468,2.0,1.6788,0.0,8.9649,4.0346
MED00171,2026-10-26,9,2.186,1.8882,2.1516,2.125,2.0417,0.0,9.9111,4.3576
MED00172,2026-10-26,9,1.7212,1.7982,3.0359,3.75,2.0442,0.0,9.9175,4.3598
MED00173,2026-10-26,9,2.1365,2.2102,2.7563,2.875,2.3076,0.0,10.5785,4.5799
MED00174,2026-10-26,9,5.9448,6.7239,5.2497,5.375,6.1638,0.0,18.906,7.0558
MED00175,2026-10-26,9,1.168,1.2213,0.4846,0.5,1.0458,0.0,7.1828,3.3983
MED00176,2026-10-26,9,13.2709,17.2964,11.9867,11.75,14.8854,3.1837,34.247,10.7212
MED00177,2026-10-26,9,0.2504,0.4483,0.1308,0.125,0.3171,0.0,4.7791,2.4708
MED00178,2026-10-26,9,1.8782,1.1554,2.358,2.75,1.6467,0.0,8.8788,4.0047
MED00179,2026-10-26,9,0.4731,0.3002,0.6199,0.625,0.4247,0.0,5.1713,2.6284
MED00180,2026-10-26,9,1.9355,2.2221,0.2586,0.25,1.7074,0.0,9.0412,4.061
MED00181,2026-10-26,9,2.9486,3.6397,3.9031,3.625,3.4814,0.0,13.3306,5.4539
MED00182,2026-10-26,9,0.2862,0.469,0.0,0.0,0.3098,0.0,4.7516,2.4596
MED00183,2026-10-26,9,15.1159,28.722,14.5615,15.0,21.3647,7.4149,44.446,12.7809
MED00184,2026-10-26,9,6.9713,10.9117,5.3513,4.75,8.4669,0.0,23.2481,8.1849
MED00185,2026-10-26,9,1.6877,1.101,2.8134,4.125,1.6597,0.0,8.9138,4.0168
MED00186,2026-10-26,9,1.8747,1.6186,1.7993,1.75,1.7406,0.0,9.1293,4.0914
MED00187,2026-10-26,9,2.6069,2.7041,1.2582,1.625,2.3622,0.0,10.7133,4.6243
MED00188,2026-10-26,9,3.1883,4.0704,5.9698,5.625,4.207,0.0,14.9163,5.9301
MED00189,2026-10-26,9,0.2023,0.1979,0.0,0.0,0.1566,0.0,4.1562,2.2148
MED00190,2026-10-26,9,2.0647,2.8759,3.2875,3.25,2.711,0.0,11.5561,4.8979
MED00191,2026-10-26,9,10.8261,13.2735,14.0068,13.0,12.6701,1.8435,30.5836,9.9194
MED00192,2026-10-26,9,0.1786,0.1555,0.2659,0.25,0.1869,0.0,4.278,2.2654
MED00193,2026-10-26,9,0.0866,0.1153,0.0,0.0,0.0813,0.0,3.8448,2.084
MED00194,2026-10-26,9,6.8307,8.3527,10.2562,11.75,8.2917,0.0,22.9277,8.1045
MED00195,2026-10-26,9,6.0151,6.8826,8.0744,9.375,6.8731,0.0,20.2765,7.4219
MED00196,2026-10-26,9,6.8905,8.0233,5.0795,5.625,7.0334,0.0,20.5816,7.5021
MED00197,2026-10-26,9,6.9369,7.2042,10.2772,11.625,7.7935,0.0,22.0088,7.8715
MED00198,2026-10-26,9,1.7023,1.221,2.41,2.375,1.6328,0.0,8.8417,3.9918
MED00199,2026-10-26,9,1.4303,1.4149,0.8635,1.375,1.3016,0.0,7.927,3.6687
MED00200,2026-10-26,9,1.792,1.479,1.5566,1.625,1.5966,0.0,8.7438,3.9577
MED00201,2026-10-26,9,8.1496,7.045,6.3992,8.375,7.2621,0.0,21.0144,7.6151
MED00202,2026-10-26,9,1.7805,1.7276,0.3757,0.375,1.4527,0.0,8.3505,3.8195
MED00203,2026-10-26,9,2.1237,2.0873,2.31,3.25,2.1492,0.0,10.1835,4.4489
MED00204,2026-10-26,9,2.0146,2.3011,0.7611,0.75,1.8784,0.0,9.4909,4.2153
MED00205,2026-10-26,9,11.3821,14.0321,9.7457,9.75,12.2759,1.6126,29.9194,9.7698
MED00206,2026-10-26,9,0.974,0.9282,1.2196,1.5,1.0069,0.0,7.0662,3.3553
MED00207,2026-10-26,9,1.8622,1.7856,2.7334,2.75,2.0174,0.0,9.8491,4.3367
MED00208,2026-10-26,9,11.1458,12.22,11.478,11.0,11.7307,1.2974,28.9935,9.559
MED00209,2026-10-26,9,2.2966,1.8364,4.6061,5.125,2.5851,0.0,11.2553,4.801
MED00210,2026-10-26,9,1.1829,0.8817,2.1677,2.25,1.2571,0.0,7.8003,3.6232
MED00211,2026-10-26,9,2.1115,1.9796,2.4634,2.625,2.1284,0.0,10.1309,4.4313
MED00212,2026-10-26,9,1.9816,2.0833,0.2003,0.25,1.6445,0.0,8.8731,4.0027
MED00213,2026-10-26,9,1.1018,2.0026,0.0,0.0,1.2845,0.0,7.8784,3.6513
MED00214,2026-10-26,9,9.6329,10.0648,13.7419,13.875,10.7359,0.7359,27.2818,9.1621
MED00215,2026-10-26,9,2.2091,2.4214,2.1999,2.25,2.3084,0.0,10.5806,4.5806
MED00216,2026-10-26,9,0.0847,0.1041,0.0,0.0,0.0754,0.0,3.8199,2.0734
MED00217,2026-10-26,9,0.2338,0.1968,0.2633,0.25,0.2231,0.0,4.4207,2.3243
MED00218,2026-10-26,9,4.1773,5.5285,5.6676,5.375,5.1359,0.0,16.8542,6.4889
MED00219,2026-10-26,9,15.1495,10.4741,10.7457,10.5,12.0256,1.4673,29.4953,9.6736
MED00220,2026-10-26,9,1.9502,1.8738,2.8872,2.875,2.1198,0.0,10.1093,4.4241
MED00221,2026-10-26,9,2.9914,3.4006,1.552,2.25,2.8731,0.0,11.9388,5.02
MED00222,2026-10-26,9,0.4746,0.571,0.0,0.0,0.4171,0.0,5.1443,2.6176
MED00223,2026-10-26,9,8.9523,12.2044,4.6062,4.25,9.5369,0.0855,25.1751,8.6594
MED00224,2026-10-26,9,1.7491,1.385,0.63,0.625,1.338,0.0,8.03,3.7056
MED00225,2026-10-26,9,3.8321,4.1243,5.3396,5.875,4.2995,0.0,15.1135,5.9881
MED00226,2026-10-26,9,2.1649,1.7225,2.4723,3.625,2.0272,0.0,9.8742,4.3452
MED00227,2026-10-26,9,15.7253,14.3623,19.2738,20.25,15.8745,3.8025,35.8488,11.0605
MED00228,2026-10-26,9,1.7321,0.856,2.4308,3.0,1.4763,0.0,8.4156,3.8425
MED00229,2026-10-26,9,0.7565,0.757,0.0,0.0,0.5933,0.0,5.7545,2.858
MED00230,2026-10-26,9,12.8153,14.6539,11.0583,11.25,13.3055,2.2208,31.646,10.1558
MED00231,2026-10-26,9,1.6444,0.5856,1.2395,1.25,1.0637,0.0,7.2362,3.4179
MED00232,2026-10-26,9,2.9007,3.9891,1.1419,1.125,3.0302,0.0,12.3047,5.1356
MED00233,2026-10-26,9,0.5824,0.3599,0.5602,0.625,0.4742,0.0,5.3464,2.6979
MED00234,2026-10-26,9,1.8033,1.1137,2.1325,2.125,1.5545,0.0,8.6297,3.9178
MED00235,2026-10-26,9,71.3316,71.1241,65.1854,61.625,69.9723,44.9282,111.41,22.9456
MED00236,2026-10-26,9,2.1819,2.5863,1.8791,1.875,2.3072,0.0,10.5776,4.5796
MED00237,2026-10-26,9,3.7328,4.0579,5.1156,6.625,4.1884,0.0,14.8765,5.9184
MED00238,2026-10-26,9,1.8622,1.6548,1.6108,1.625,1.7126,0.0,9.0551,4.0658
MED00239,2026-10-26,9,3.2259,4.3615,4.3417,4.5,4.0016,0.0,14.4746,5.7993
MED00240,2026-10-26,9,3.7425,3.4919,4.241,6.125,3.7374,0.0,13.8984,5.6265
MED00241,2026-10-26,9,2.3717,3.0025,2.408,2.375,2.6766,0.0,11.4742,4.8716
MED00242,2026-10-26,9,9.5049,12.7081,7.7391,8.75,10.6271,0.6757,27.0927,9.1176
MED00243,2026-10-26,9,0.1225,0.0807,0.1333,0.125,0.1055,0.0,3.9463,2.1268
MED00244,2026-10-26,9,2.0252,2.2093,2.1842,2.125,2.1477,0.0,10.1796,4.4476
MED00245,2026-10-26,9,73.9464,60.9471,83.9577,79.25,70.1221,45.0515,111.6039,22.9699
MED00246,2026-10-26,9,4.9449,5.8249,6.584,6.75,5.7165,0.0,18.0236,6.8149
MED00247,2026-10-26,9,11.1582,13.8288,12.6956,12.375,12.7502,1.8907,30.718,9.9495
MED00248,2026-10-26,9,2.0625,1.6494,1.9458,2.5,1.8463,0.0,9.4074,4.1868
MED00249,2026-10-26,9,19.1854,25.1665,31.2671,34.25,24.6195,9.6674,49.359,13.6992
MED00250,2026-10-26,9,10.0712,8.4672,11.0882,16.125,9.5529,0.094,25.2035,8.6663
MED00251,2026-10-26,9,1.764,1.3496,2.9496,2.875,1.8295,0.0,9.3633,4.1718
MED00252,2026-10-26,9,0.4718,0.1636,0.7246,0.75,0.3832,0.0,5.0222,2.5688
MED00253,2026-10-26,9,3.4762,4.3158,4.1622,4.0,4.0206,0.0,14.5158,5.8115
MED00254,2026-10-26,9,0.3564,0.1845,0.966,1.0,0.4087,0.0,5.1142,2.6056
MED00255,2026-10-26,9,4.3566,6.1036,4.2547,6.625,5.1547,0.0,16.8926,6.4997
MED00256,2026-10-26,9,2.1138,1.8677,1.3166,1.25,1.828,0.0,9.3594,4.1704
MED00257,2026-10-26,9,3.9933,4.3537,5.3538,7.5,4.4608,0.0,15.455,6.0879
MED00258,2026-10-26,9,2.0679,2.4181,3.7471,3.875,2.5979,0.0,11.2859,4.8109
MED00259,2026-10-26,9,2.1399,2.0072,3.1557,3.125,2.3005,0.0,10.5609,4.5741
MED00260,2026-10-26,9,0.4106,0.4566,1.142,1.125,0.5912,0.0,5.7475,2.8552
MED00261,2026-10-26,9,0.6906,0.7357,0.1295,0.125,0.5906,0.0,5.7454,2.8544
MED00262,2026-10-26,9,2.9772,2.5948,3.5148,5.0,2.9183,0.0,12.0445,5.0535
MED00263,2026-10-26,9,2.815,3.4293,5.4824,5.375,3.6835,0.0,13.7797,5.5906
MED00264,2026-10-26,9,0.2601,0.1234,0.0,0.0,0.1401,0.0,4.0891,2.1867
MED00265,2026-10-26,9,6.0141,7.0822,10.487,10.375,7.4895,0.0,21.4419,7.7259
MED00266,2026-10-26,9,13.5482,15.3419,6.0564,6.25,12.7737,1.9046,30.7575,9.9583
MED00267,2026-10-26,9,4.2618,6.0734,3.7406,3.875,4.999,0.0,16.5741,6.4096
MED00268,2026-10-26,9,2.1408,2.4986,3.6155,3.625,2.63,0.0,11.363,4.8358
MED00269,2026-10-26,9,2.1432,2.1384,2.2246,2.125,2.1608,0.0,10.2125,4.4586
MED00270,2026-10-26,9,2.3097,2.0735,5.0033,4.875,2.7862,0.0,11.7343,4.9549
MED00271,2026-10-26,9,1.5147,2.2384,3.4499,4.25,2.2741,0.0,10.4956,4.5525
MED00272,2026-10-26,9,3.6984,4.075,3.9989,4.875,3.9432,0.0,14.3481,5.7615
MED00273,2026-10-26,9,3.037,2.9122,2.2247,2.625,2.8055,0.0,11.7799,4.9694
MED00274,2026-10-26,9,0.4973,0.3048,0.343,0.375,0.3744,0.0,4.9902,2.5559
MED00275,2026-10-26,9,10.8123,7.3578,11.353,14.25,9.3272,0.0,24.8012,8.5685
MED00276,2026-10-26,9,1.8613,1.7745,2.3146,2.25,1.921,0.0,9.6014,4.2529
MED00277,2026-10-26,9,0.2023,0.1808,0.0,0.0,0.1486,0.0,4.1238,2.2012
MED00278,2026-10-26,9,7.7446,8.6822,11.3973,11.25,8.9829,0.0,24.1833,8.417
MED00279,2026-10-26,9,19.302,20.4102,23.7225,22.25,20.7981,7.0302,43.5782,12.6142
MED00280,2026-10-26,9,0.2211,0.157,0.2692,0.25,0.2018,0.0,4.3371,2.2898
MED00281,2026-10-26,9,12.9765,10.5879,13.9846,15.875,12.0927,1.5061,29.6092,9.6995
MED00282,2026-10-26,9,3.2688,2.6473,2.5692,3.25,2.83,0.0,11.8376,4.9878
MED00283,2026-10-26,9,2.1283,2.5189,3.4284,3.625,2.595,0.0,11.2789,4.8086
MED00284,2026-10-26,9,1.3392,0.8561,0.444,0.625,0.9207,0.0,6.8041,3.2579
MED00285,2026-10-26,9,4.9419,5.2415,7.7308,7.375,5.6919,0.0,17.9748,6.8015
MED00286,2026-10-26,9,3.9857,3.563,6.0576,7.0,4.2419,0.0,14.9907,5.952
MED00287,2026-10-26,9,2.9647,3.4888,3.6564,3.625,3.3625,0.0,13.0637,5.3719
MED00288,2026-10-26,9,41.6761,42.9225,38.0576,38.625,41.5146,22.1773,73.5099,17.717
MED00289,2026-10-26,9,3.9453,4.0209,5.8349,8.75,4.3946,0.0,15.3151,6.0471
MED00290,2026-10-26,9,1.8035,1.1115,1.1061,1.125,1.3308,0.0,8.0097,3.6983
MED00291,2026-10-26,9,9.2496,17.2196,2.9372,3.0,11.611,1.2289,28.7892,9.5122
MED00292,2026-10-26,9,1.6179,1.2663,0.8778,1.25,1.2947,0.0,7.9075,3.6617
MED00293,2026-10-26,9,4.4102,3.2483,8.2972,9.875,4.7155,0.0,15.9883,6.2422
MED00294,2026-10-26,9,1.2289,0.68,0.7058,1.0,0.8603,0.0,6.6173,3.1879
MED00295,2026-10-26,9,0.2812,0.2099,0.0,0.0,0.1871,0.0,4.2789,2.2657
MED00296,2026-10-26,9,3.7648,3.9322,4.3404,4.5,3.9716,0.0,14.4097,5.7799
MED00297,2026-10-26,9,5.5914,7.0824,6.595,6.625,6.5111,0.0,19.5812,7.2374
MED00298,2026-10-26,9,2.12,1.6703,3.8999,4.0,2.2983,0.0,10.5556,4.5723
MED00299,2026-10-26,9,0.4087,0.2895,0.2546,0.25,0.32,0.0,4.7899,2.4751
MED00300,2026-10-26,9,1.824,1.7869,0.25,0.25,1.467,0.0,8.3898,3.8334
MED00301,2026-10-26,9,4.6246,6.4205,5.5782,5.625,5.6748,0.0,17.9407,6.7921
MED00302,2026-10-26,9,8.5974,8.5841,4.5724,4.375,7.7264,0.0,21.884,7.8396
MED00303,2026-10-26,9,2.7629,2.2628,2.8376,3.625,2.5484,0.0,11.1666,4.7722
MED00304,2026-10-26,9,3.6329,4.3263,3.1346,4.625,3.8522,0.0,14.1499,5.7022
MED00305,2026-10-26,9,1.7949,1.9056,1.149,1.125,1.7082,0.0,9.0433,4.0617
MED00306,2026-10-26,9,0.3628,0.2342,0.0,0.0,0.2244,0.0,4.4256,2.3264
MED00307,2026-10-26,9,25.0907,27.7006,36.6411,36.375,28.8411,12.6813,55.5788,14.8056
MED00308,2026-10-26,9,0.6499,0.7102,0.5013,0.5,0.6464,0.0,5.9317,2.9266
MED00309,2026-10-26,9,2.9025,3.3752,1.5828,2.25,2.8398,0.0,11.8606,4.9952
MED00310,2026-10-26,9,3.247,3.1195,2.2569,3.25,2.9758,0.0,12.1786,5.0959
MED00311,2026-10-26,9,2.9239,3.4265,3.3982,4.375,3.2644,0.0,12.8416,5.3032
MED00312,2026-10-26,9,0.5275,0.2041,0.337,0.375,0.3357,0.0,4.8481,2.4987
MED00313,2026-10-26,9,0.3693,0.242,1.8206,1.75,0.6252,0.0,5.8611,2.8993
MED00314,2026-10-26,9,11.0481,11.7301,8.8813,8.75,10.9075,0.8314,27.5792,9.2317
MED00315,2026-10-26,9,9.0548,10.4521,11.2745,11.25,10.1981,0.4404,26.3432,8.9401
MED00316,2026-10-26,9,2.7066,3.1268,2.5729,2.625,2.8765,0.0,11.9468,5.0225
MED00317,2026-10-26,9,2.1098,2.2873,2.8391,2.875,2.3531,0.0,10.6907,4.6168
MED00318,2026-10-26,9,2.4824,1.5719,3.3759,5.0,2.2535,0.0,10.4445,4.5356
MED00319,2026-10-26,9,10.8412,12.6761,11.7328,11.0,11.9024,1.3961,29.286,9.6259
MED00320,2026-10-26,9,5.6405,6.7931,3.5279,3.75,5.726,0.0,18.0426,6.8201
MED00321,2026-10-26,9,0.5589,0.9385,3.8917,3.75,1.4599,0.0,8.3704,3.8266
MED00322,2026-10-26,9,0.1818,0.149,0.0,0.0,0.1272,0.0,4.0364,2.1647
MED00323,2026-10-26,9,0.9758,0.6105,2.22,2.5,1.0762,0.0,7.2732,3.4315
MED00324,2026-10-26,9,1.2972,0.9791,1.2608,2.0,1.142,0.0,7.4672,3.5025
MED00325,2026-10-26,9,6.2864,8.0734,5.7919,5.75,7.0199,0.0,20.556,7.4954
MED00326,2026-10-26,9,8.7142,11.3696,8.6817,8.5,9.9559,0.3093,25.9172,8.8383
MED00327,2026-10-26,9,2.8389,3.9545,2.3207,2.25,3.2503,0.0,12.8094,5.2932
MED00328,2026-10-26,9,3.8599,4.4301,5.4409,5.625,4.4731,0.0,15.4809,6.0954
MED00329,2026-10-26,9,10.725,12.2307,12.307,11.625,11.7822,1.327,29.0813,9.5792
MED00330,2026-10-26,9,3.9734,4.6307,5.8528,6.125,4.6921,0.0,15.9397,6.2282
MED00331,2026-10-26,9,1.8424,1.3048,2.4596,2.375,1.7271,0.0,9.0935,4.079
MED00332,2026-10-26,9,2.7784,3.6594,3.0103,2.875,3.2429,0.0,12.7926,5.288
MED00333,2026-10-26,9,2.5476,2.383,5.9742,6.25,3.2168,0.0,12.7332,5.2696
MED00334,2026-10-26,9,9.8933,12.4938,4.2954,4.375,9.9029,0.2807,25.8236,8.8159
MED00335,2026-10-26,9,5.4218,5.786,6.9166,6.5,5.9217,0.0,18.4303,6.9265
MED00336,2026-10-26,9,9.0722,10.3533,12.2192,11.25,10.3624,0.53,26.6311,9.0085
MED00337,2026-10-26,9,63.6767,51.7754,63.6856,60.25,58.1844,35.3307,95.998,20.9388
MED00338,2026-10-26,9,10.0787,13.8615,1.2862,1.25,9.9474,0.3047,25.9022,8.8347
MED00339,2026-10-26,9,1.7267,1.1984,0.2658,0.375,1.1647,0.0,7.5335,3.5266
MED00340,2026-10-26,9,1.7333,2.5968,0.2539,0.25,1.8172,0.0,9.3312,4.1608
MED00341,2026-10-26,9,4.8986,6.1781,7.7846,8.375,6.1273,0.0,18.8346,7.0365
MED00342,2026-10-26,9,2.0756,1.8245,1.4205,1.375,1.8182,0.0,9.3338,4.1617
MED00343,2026-10-26,9,9.7596,10.131,11.6278,11.625,10.3482,0.5222,26.6061,9.0026
MED00344,2026-10-26,9,3.9517,4.9304,5.2296,5.625,4.69,0.0,15.9353,6.2269
MED00345,2026-10-26,9,0.1885,0.1031,0.0,0.0,0.1079,0.0,3.9564,2.1311
MED00346,2026-10-26,9,2.9812,3.5385,2.0888,2.0,3.0508,0.0,12.3522,5.1505
MED00347,2026-10-26,9,0.1715,0.1804,0.0,0.0,0.1386,0.0,4.0832,2.1843
MED00348,2026-10-26,9,1.7111,1.3187,1.3946,1.375,1.4609,0.0,8.373,3.8275
MED00349,2026-10-26,9,2.2724,2.0106,2.0103,2.0,2.0955,0.0,10.048,4.4035
MED00350,2026-10-26,9,0.8726,1.9558,2.6113,2.5,1.7567,0.0,9.1718,4.106
MED00351,2026-10-26,9,0.5919,0.6342,0.0,0.0,0.4838,0.0,5.3798,2.7111
MED00352,2026-10-26,9,0.1933,0.3278,0.0,0.0,0.2144,0.0,4.3864,2.3102
MED00353,2026-10-26,9,0.7558,0.5247,0.0,0.0,0.4846,0.0,5.3826,2.7122
MED00354,2026-10-26,9,0.7501,1.1644,1.2988,1.25,1.0634,0.0,7.2353,3.4176
MED00355,2026-10-26,9,9.2016,9.7104,9.3172,11.5,9.4735,0.052,25.0622,8.632
MED00356,2026-10-26,9,1.9359,1.9829,1.9668,1.875,1.9665,0.0,9.7187,4.2927
MED00357,2026-10-26,9,0.2107,0.1099,0.2677,0.25,0.1762,0.0,4.2354,2.2477
MED00358,2026-10-26,9,4.7257,5.0808,2.4775,3.375,4.4084,0.0,15.3443,6.0556
MED00359,2026-10-26,9,2.062,2.2521,1.5904,1.5,2.0505,0.0,9.9337,4.3652
MED00360,2026-10-26,9,2.563,1.9019,3.2818,3.875,2.4128,0.0,10.8373,4.6649
MED00361,2026-10-26,9,2.1882,2.1849,4.7509,4.875,2.745,0.0,11.6368,4.9237
MED00362,2026-10-26,9,2.2979,2.0326,4.8765,4.875,2.7359,0.0,11.6153,4.9168
MED00363,2026-10-26,9,1.7032,1.449,2.4928,2.5,1.7576,0.0,9.1742,4.1068
MED00364,2026-10-26,9,0.162,0.2006,0.0,0.0,0.145,0.0,4.1093,2.1952
MED00365,2026-10-26,9,2.1235,2.3223,2.1372,2.125,2.2214,0.0,10.3644,4.5091
MED00366,2026-10-26,9,9.2819,9.5418,11.4552,11.25,9.8841,0.2707,25.7905,8.8079
MED00367,2026-10-26,9,2.1042,2.6161,1.6004,1.625,2.236,0.0,10.4008,4.5211
MED00368,2026-10-26,9,2.6242,3.3024,5.1452,5.0,3.4906,0.0,13.3513,5.4602
MED00369,2026-10-26,9,3.4146,3.6804,3.6614,5.0,3.5957,0.0,13.5854,5.5316
MED00370,2026-10-26,9,0.4245,0.2403,0.0,0.0,0.2468,0.0,4.5125,2.3621
MED00371,2026-10-26,9,16.2005,14.0555,14.1398,14.0,14.7678,3.1109,34.0553,10.6802
MED00372,2026-10-26,9,0.2178,0.1051,0.133,0.125,0.147,0.0,4.1174,2.1985
MED00373,2026-10-26,9,0.596,0.566,0.9257,0.875,0.6541,0.0,5.9571,2.9364
MED00374,2026-10-26,9,1.8226,1.2058,2.0224,2.75,1.5797,0.0,8.6982,3.9418
MED00375,2026-10-26,9,15.4263,16.3934,13.8621,13.5,15.5539,3.6006,35.3316,10.9517
MED00376,2026-10-26,9,2.0476,2.0019,2.0186,2.0,2.022,0.0,9.861,4.3407
MED00377,2026-10-26,9,0.5089,0.7045,0.9202,0.875,0.69,0.0,6.0748,2.9817
MED00378,2026-10-26,9,2.1131,2.4878,2.262,2.125,2.3225,0.0,10.6154,4.5921
MED00379,2026-10-26,9,0.5013,0.9028,2.598,2.5,1.1443,0.0,7.4739,3.5049
MED00380,2026-10-26,9,0.5356,0.4091,0.0,0.0,0.3608,0.0,4.9406,2.536
MED00381,2026-10-26,9,1.2916,2.3763,1.3203,1.25,1.8057,0.0,9.3009,4.1504
MED00382,2026-10-26,9,2.1685,1.429,2.7914,3.75,1.9605,0.0,9.7032,4.2874
MED00383,2026-10-26,9,6.2506,8.5301,6.1524,5.75,7.3001,0.0,21.086,7.6338
MED00384,2026-10-26,9,2.0195,1.9018,2.2298,2.125,2.0122,0.0,9.8359,4.3323
MED00385,2026-10-26,9,17.7232,20.6275,20.1306,20.25,19.6196,6.2381,41.7606,12.2603
MED00386,2026-10-26,9,13.6353,13.6844,13.7408,14.125,13.6948,2.4549,32.2921,10.298
MED00387,2026-10-26,9,17.9983,21.6679,23.5788,22.5,20.941,7.127,43.7974,12.6564
MED00388,2026-10-26,9,98.6908,121.2002,92.2746,84.125,107.9091,76.8472,159.3039,28.4592
MED00389,2026-10-26,9,8.6181,8.9409,7.9829,11.25,8.6396,0.0,23.5624,8.2633
MED00390,2026-10-26,9,17.8731,20.0302,22.397,34.25,19.88,6.4122,42.1638,12.3393
MED00391,2026-10-26,9,16.2234,16.6289,18.9632,24.875,17.0235,4.5351,37.6867,11.4419
MED00392,2026-10-26,9,16.3091,18.269,18.5037,22.625,17.7169,4.9838,38.7849,11.6661
MED00393,2026-10-26,9,10.8185,11.743,8.7353,10.125,10.809,0.7765,27.4086,9.1918
MED00394,2026-10-26,9,13.3381,11.9324,13.1479,16.25,12.6537,1.8339,30.5561,9.9132
MED00395,2026-10-26,9,16.3366,17.1713,15.3984,18.375,16.5391,4.2246,36.9147,11.2827
MED00396,2026-10-26,9,56.319,53.1177,43.3499,46.75,52.066,30.4364,87.8541,19.8172
MED00397,2026-10-26,9,45.9447,47.588,50.7692,48.125,47.805,27.0706,82.112,18.997
MED00398,2026-10-26,9,114.579,111.0918,123.7613,128.0,115.0576,82.9879,168.1199,29.3825
MED00399,2026-10-26,9,102.4744,116.3579,112.8718,115.75,111.3167,79.7703,163.513,28.903
MED00400,2026-10-26,9,77.2868,72.6538,71.9074,69.875,74.0331,48.2776,116.648,23.5974
MED00401,2026-10-26,9,12.0649,10.9862,12.2472,20.875,11.6128,1.2299,28.7922,9.5129
MED00402,2026-10-26,9,16.914,14.4729,19.9468,29.875,16.449,4.167,36.7706,11.2528
MED00403,2026-10-26,9,11.729,16.6591,9.0638,9.125,13.4647,2.3164,31.9108,10.2142
MED00404,2026-10-26,9,4.5376,6.1236,6.1556,6.125,5.6339,0.0,17.8591,6.7695
MED00405,2026-10-26,9,6.8675,8.0263,7.2168,7.375,7.4913,0.0,21.4452,7.7268
MED00406,2026-10-26,9,19.3286,23.0957,24.9752,26.75,22.3325,8.0773,45.919,13.0607
MED00407,2026-10-26,9,16.8331,15.4515,21.3882,30.5,17.1932,4.6445,37.9561,11.4972
MED00408,2026-10-26,9,6.3693,5.6796,7.6221,11.25,6.3254,0.0,19.2213,7.1409
MED00409,2026-10-26,9,9.1175,10.2473,6.6879,10.875,9.127,0.0,24.4425,8.4808
MED00410,2026-10-26,9,7.8363,8.2374,8.1617,14.0,8.1021,0.0,22.5794,8.0166
MED00411,2026-10-26,9,16.7073,17.3343,18.5453,26.125,17.4157,4.7883,38.3088,11.5693
MED00412,2026-10-26,9,11.9116,7.8607,9.9517,14.0,9.6064,0.1224,25.2987,8.6894
MED00413,2026-10-26,9,11.8556,10.0991,9.7249,12.875,10.5848,0.6523,27.0191,9.1003
MED00414,2026-10-26,9,16.8846,15.6349,17.1039,24.125,16.3655,4.1138,36.637,11.2251
MED00415,2026-10-26,9,12.2607,9.1062,10.557,15.75,10.4301,0.5671,26.7493,9.0365
MED00416,2026-10-26,9,15.5503,14.7151,17.1919,23.75,15.532,3.5869,35.2963,10.9442
MED00417,2026-10-26,9,6.8915,6.308,6.2638,7.5,6.4897,0.0,19.5398,7.2263
MED00418,2026-10-26,9,6.8354,5.8477,7.6571,9.375,6.5593,0.0,19.6742,7.2622
MED00419,2026-10-26,9,8.1698,7.4291,8.53,10.125,7.9102,0.0,22.2252,7.9267
MED00420,2026-10-26,9,17.2705,15.5929,19.9942,30.625,17.0954,4.5814,37.8009,11.4654
MED00421,2026-10-26,9,17.8783,14.4267,22.7946,34.125,17.3511,4.7465,38.2066,11.5484
MED00422,2026-10-26,9,15.7946,14.6474,17.3608,23.375,15.6145,3.6387,35.4296,10.9723
MED00423,2026-10-26,9,11.5618,10.6959,9.6369,11.25,10.7513,0.7444,27.3085,9.1683
MED00424,2026-10-26,9,83.5562,83.7019,108.6189,118.875,89.1464,60.9001,135.8826,25.8795
MED00001,2026-11-02,10,12.4666,8.8766,10.896,15.125,10.4617,0.5845,26.8045,9.0496
MED00002,2026-11-02,10,0.0965,0.1045,0.1319,0.125,0.108,0.0,3.957,2.1313
MED00003,2026-11-02,10,0.3149,0.5087,0.0,0.0,0.3374,0.0,4.8544,2.5012
MED00004,2026-11-02,10,1.0037,0.6752,1.8088,1.75,1.026,0.0,7.1236,3.3765
MED00005,2026-11-02,10,2.6465,3.3407,1.9434,1.875,2.8208,0.0,11.8159,4.9809
MED00006,2026-11-02,10,1.5986,1.0164,0.259,0.25,1.0376,0.0,7.1583,3.3893
MED00007,2026-11-02,10,4.066,3.3985,3.0056,2.75,3.5283,0.0,13.4353,5.4859
MED00008,2026-11-02,10,0.6743,0.5202,1.3871,1.375,0.7577,0.0,6.2934,3.0653
MED00009,2026-11-02,10,2.9899,3.6305,3.1327,3.875,3.323,0.0,12.9745,5.3443
MED00010,2026-11-02,10,3.9496,3.5359,4.4103,4.125,3.8603,0.0,14.1676,5.7075
MED00011,2026-11-02,10,18.8242,21.7797,24.4675,24.875,21.4479,7.4716,44.5729,12.8052
MED00012,2026-11-02,10,2.0015,2.722,0.3792,0.375,1.9879,0.0,9.7738,4.3113
MED00013,2026-11-02,10,3.7801,3.9479,6.4606,6.375,4.4439,0.0,15.4194,6.0775
MED00014,2026-11-02,10,15.7847,14.1489,27.0059,28.0,17.4716,4.8245,38.3972,11.5873
MED00015,2026-11-02,10,0.5281,0.3429,0.9362,0.875,0.5307,0.0,5.542,2.7749
MED00016,2026-11-02,10,2.0408,1.6388,4.7038,4.75,2.433,0.0,10.8866,4.6811
MED00017,2026-11-02,10,1.8418,1.7287,2.3746,2.375,1.9064,0.0,9.5636,4.2401
MED00018,2026-11-02,10,86.6266,65.381,82.6509,87.75,75.9288,49.8478,119.0822,23.8956
MED00019,2026-11-02,10,52.1427,38.2629,46.5615,49.375,44.5019,24.4889,77.6151,18.336
MED00020,2026-11-02,10,9.5014,11.7205,15.3707,14.875,11.8209,1.3492,29.1473,9.5942
MED00021,2026-11-02,10,3.5697,3.419,2.9844,4.5,3.3759,0.0,13.0938,5.3812
MED00022,2026-11-02,10,2.2235,1.3459,2.3475,3.375,1.8428,0.0,9.3981,4.1837
MED00023,2026-11-02,10,1.3153,0.8943,0.2039,0.25,0.8788,0.0,6.675,3.2095
MED00024,2026-11-02,10,2.709,2.7708,2.0343,2.875,2.5942,0.0,11.2769,4.808
MED00025,2026-11-02,10,0.09,0.1025,0.0,0.0,0.0764,0.0,3.824,2.0752
MED00026,2026-11-02,10,0.3887,0.3209,0.1312,0.125,0.3016,0.0,4.7209,2.4471
MED00027,2026-11-02,10,0.2166,0.1209,0.0,0.0,0.1251,0.0,4.028,2.1611
MED00028,2026-11-02,10,0.5565,0.5747,0.5364,0.5,0.5612,0.0,5.6461,2.8157
MED00029,2026-11-02,10,11.528,11.3426,12.9975,17.375,11.7718,1.321,29.0637,9.5751
MED00030,2026-11-02,10,3.8139,3.4022,4.1089,5.5,3.6895,0.0,13.7928,5.5946
MED00031,2026-11-02,10,3.0814,3.1842,2.5274,3.25,3.0122,0.0,12.263,5.1225
MED00032,2026-11-02,10,2.2059,1.5391,1.9191,2.75,1.8345,0.0,9.3763,4.1762
MED00033,2026-11-02,10,1.2059,1.704,1.953,1.875,1.6019,0.0,8.7582,3.9627
MED00034,2026-11-02,10,20.2509,21.2423,24.6762,25.0,21.6944,7.6398,44.949,12.8769
MED00035,2026-11-02,10,0.5168,0.2014,0.3841,0.375,0.3413,0.0,4.8687,2.507
MED00036,2026-11-02,10,1.5717,1.4066,2.3144,2.25,1.6574,0.0,8.9076,4.0147
MED00037,2026-11-02,10,3.7538,3.2189,5.429,5.5,3.8713,0.0,14.1915,5.7147
MED00038,2026-11-02,10,12.7084,10.5176,13.2208,20.0,11.8092,1.3425,29.1273,9.5897
MED00039,2026-11-02,10,1.1129,1.236,1.2364,1.25,1.1983,0.0,7.6309,3.562
MED00040,2026-11-02,10,0.5153,0.4582,1.0012,1.0,0.5946,0.0,5.7589,2.8597
MED00041,2026-11-02,10,0.6142,0.4162,0.114,0.125,0.4138,0.0,5.1324,2.6128
MED00042,2026-11-02,10,3.3015,3.3791,1.9003,2.0,3.037,0.0,12.3203,5.1405
MED00043,2026-11-02,10,0.4503,0.3949,0.5135,0.5,0.4386,0.0,5.2208,2.6481
MED00044,2026-11-02,10,1.8706,1.6459,0.8573,1.25,1.5477,0.0,8.6111,3.9113
MED00045,2026-11-02,10,1.7014,1.5496,0.1241,0.125,1.2899,0.0,7.8938,3.6568
MED00046,2026-11-02,10,2.2701,2.1822,0.7864,1.125,1.9094,0.0,9.5713,4.2427
MED00047,2026-11-02,10,5.0778,5.8931,7.454,7.375,5.9793,0.0,18.5439,6.9575
MED00048,2026-11-02,10,12.0693,14.1123,16.4034,17.75,13.976,2.6253,32.7566,10.3995
MED00049,2026-11-02,10,0.1798,0.1118,0.0,0.0,0.1092,0.0,3.962,2.1334
MED00050,2026-11-02,10,2.6389,3.251,2.6104,2.625,2.9212,0.0,12.0513,5.0557
MED00051,2026-11-02,10,0.1357,0.1132,0.0,0.0,0.0959,0.0,3.9061,2.1099
MED00052,2026-11-02,10,0.4757,0.5047,0.5097,0.5,0.4971,0.0,5.4261,2.7294
MED00053,2026-11-02,10,5.1497,6.0011,5.7662,10.0,5.6862,0.0,17.9634,6.7983
MED00054,2026-11-02,10,5.2186,6.6482,7.0971,11.75,6.2991,0.0,19.1701,7.1271
MED00055,2026-11-02,10,0.9519,0.8296,1.2793,1.25,0.9668,0.0,6.945,3.3103
MED00056,2026-11-02,10,0.6657,0.433,0.9506,1.0,0.6195,0.0,5.8424,2.8921
MED00057,2026-11-02,10,0.4942,0.3252,0.1217,0.125,0.3349,0.0,4.8453,2.4976
MED00058,2026-11-02,10,1.6381,1.1197,0.1272,0.125,1.0698,0.0,7.2543,3.4246
MED00059,2026-11-02,10,7.634,6.6248,10.2671,11.75,7.7417,0.0,21.9126,7.8469
MED00060,2026-11-02,10,5.1843,3.942,5.2607,7.625,4.6259,0.0,15.8015,6.1883
MED00061,2026-11-02,10,0.6087,0.7928,0.8464,0.75,0.7469,0.0,6.2587,3.0521
MED00062,2026-11-02,10,11.4115,8.8228,10.446,15.875,10.0045,0.3354,26.0027,8.8588
MED00063,2026-11-02,10,0.1283,0.1166,0.0,0.0,0.0951,0.0,3.9029,2.1085
MED00064,2026-11-02,10,24.0861,25.9207,23.9589,25.375,24.9393,9.8924,49.8359,13.7861
MED00065,2026-11-02,10,60.4236,55.5012,51.2614,51.5,56.1971,33.7337,93.3649,20.5812
MED00066,2026-11-02,10,0.4778,0.3407,0.5299,0.5,0.4255,0.0,5.1744,2.6296
MED00067,2026-11-02,10,1.986,2.6615,3.9289,3.875,2.7251,0.0,11.5896,4.9086
MED00068,2026-11-02,10,3.0673,2.6458,4.315,6.25,3.1443,0.0,12.5673,5.2179
MED00069,2026-11-02,10,1.7069,1.3114,0.8403,1.25,1.3359,0.0,8.024,3.7035
MED00070,2026-11-02,10,10.9702,11.2145,12.4603,15.625,11.4186,1.1193,28.4597,9.4363
MED00071,2026-11-02,10,1.9963,1.842,1.4699,2.125,1.812,0.0,9.3175,4.1561
MED00072,2026-11-02,10,2.1032,1.5099,2.1565,3.125,1.8398,0.0,9.3903,4.181
MED00073,2026-11-02,10,2.986,2.7346,4.1315,6.25,3.1202,0.0,12.512,5.2006
MED00074,2026-11-02,10,2.7314,2.5085,3.5586,5.125,2.8095,0.0,11.7894,4.9725
MED00075,2026-11-02,10,2.9357,2.2029,3.2418,4.875,2.6628,0.0,11.4414,4.861
MED00076,2026-11-02,10,0.2404,0.0908,0.2637,0.25,0.1758,0.0,4.2338,2.247
MED00077,2026-11-02,10,3.4368,2.9278,4.8105,7.25,3.5006,0.0,13.3737,5.4671
MED00078,2026-11-02,10,2.8032,4.0594,2.4578,3.125,3.3177,0.0,12.9623,5.3406
MED00079,2026-11-02,10,20.6189,29.6864,16.5451,18.0,23.99,9.2265,48.4177,13.5265
MED00080,2026-11-02,10,3.0691,2.1206,4.0073,6.125,2.8328,0.0,11.8442,4.9899
MED00081,2026-11-02,10,0.3597,0.3967,0.2607,0.25,0.3558,0.0,4.9223,2.5286
MED00082,2026-11-02,10,2.5224,3.4158,1.9309,2.75,2.8138,0.0,11.7994,4.9757
MED00083,2026-11-02,10,2.9245,2.6535,3.0263,4.375,2.823,0.0,11.821,4.9826
MED00084,2026-11-02,10,44.5076,43.3061,45.0994,39.875,44.1194,24.1917,77.0916,18.2579
MED00085,2026-11-02,10,2.0171,1.7416,3.2477,3.25,2.1575,0.0,10.2042,4.4558
MED00086,2026-11-02,10,0.4095,0.2623,0.0,0.0,0.2523,0.0,4.5336,2.3707
MED00087,2026-11-02,10,1.6894,1.5026,2.0242,2.0,1.6765,0.0,8.9588,4.0325
MED00088,2026-11-02,10,29.1735,27.5384,30.4323,28.0,28.7123,12.5881,55.3912,14.7731
MED00089,2026-11-02,10,15.1531,18.181,8.6119,8.0,15.1629,3.3561,34.6982,10.8174
MED00090,2026-11-02,10,2.654,3.298,3.9386,4.875,3.2362,0.0,12.7773,5.2833
MED00091,2026-11-02,10,2.0897,1.8051,1.7443,2.5,1.8839,0.0,9.5053,4.2202
MED00092,2026-11-02,10,1.5183,1.3932,1.503,1.5,1.4581,0.0,8.3652,3.8247
MED00093,2026-11-02,10,0.2765,0.1644,0.266,0.25,0.2222,0.0,4.4169,2.3228
MED00094,2026-11-02,10,0.5878,0.4355,0.8005,0.75,0.5634,0.0,5.6536,2.8186
MED00095,2026-11-02,10,2.783,3.4418,3.8451,3.875,3.3239,0.0,12.9763,5.3449
MED00096,2026-11-02,10,13.7666,9.5782,12.3514,13.75,11.5173,1.1754,28.6288,9.4753
MED00097,2026-11-02,10,0.4724,0.5468,0.0,0.0,0.4051,0.0,5.1012,2.6004
MED00098,2026-11-02,10,7.5881,7.8892,9.0673,9.625,8.0573,0.0,22.4969,7.9957
MED00099,2026-11-02,10,0.2537,0.2524,0.0,0.0,0.1983,0.0,4.3231,2.284
MED00100,2026-11-02,10,0.1776,0.0874,0.1318,0.125,0.1257,0.0,4.0304,2.1621
MED00101,2026-11-02,10,3.824,4.5681,7.4157,7.25,4.9547,0.0,16.4832,6.3837
MED00102,2026-11-02,10,3.8825,3.0636,3.4139,3.5,3.4023,0.0,13.1532,5.3994
MED00103,2026-11-02,10,2.7236,3.3149,1.0213,1.0,2.6331,0.0,11.3703,4.8381
MED00104,2026-11-02,10,6.954,8.9117,9.0499,8.375,8.33,0.0,22.9979,8.1221
MED00105,2026-11-02,10,10.9651,12.927,9.8066,9.75,11.6409,1.246,28.8402,9.5239
MED00106,2026-11-02,10,0.1435,0.1624,0.0,0.0,0.1213,0.0,4.0121,2.1545
MED00107,2026-11-02,10,7.3499,9.9829,8.4001,8.25,8.8148,0.0,23.8799,8.3421
MED00108,2026-11-02,10,2.7269,2.9325,3.9593,3.875,3.0931,0.0,12.4497,5.1811
MED00109,2026-11-02,10,0.5491,0.6197,0.0,0.0,0.4635,0.0,5.3086,2.6829
MED00110,2026-11-02,10,0.5351,0.2369,0.0,0.0,0.2803,0.0,4.6404,2.4144
MED00111,2026-11-02,10,0.7014,0.6448,1.0615,1.0,0.7538,0.0,6.281,3.0606
MED00112,2026-11-02,10,2.6533,2.8854,3.7592,3.75,3.0043,0.0,12.2447,5.1167
MED00113,2026-11-02,10,1.8329,1.4509,1.9514,2.0,1.682,0.0,8.9736,4.0376
MED00114,2026-11-02,10,12.4784,12.0232,18.3063,17.875,13.5429,2.3634,32.0406,10.2428
MED00115,2026-11-02,10,1.9707,2.0611,2.0175,2.0,2.025,0.0,9.8687,4.3433
MED00116,2026-11-02,10,7.2802,8.474,9.7104,10.0,8.3724,0.0,23.0754,8.1416
MED00117,2026-11-02,10,1.7816,1.8706,0.9014,0.875,1.6339,0.0,8.8447,3.9928
MED00118,2026-11-02,10,1.6649,0.9268,1.7696,1.75,1.3446,0.0,8.0488,3.7123
MED00119,2026-11-02,10,1.9485,1.8706,0.7637,0.75,1.657,0.0,8.9066,4.0143
MED00120,2026-11-02,10,11.0651,12.5003,3.6067,3.5,10.1279,0.4022,26.22,8.9107
MED00121,2026-11-02,10,3.2438,4.7303,3.5749,3.375,4.0131,0.0,14.4994,5.8067
MED00122,2026-11-02,10,2.2763,2.172,5.4567,5.625,2.92,0.0,12.0485,5.0548
MED00123,2026-11-02,10,0.9803,0.7054,0.4562,0.5,0.7392,0.0,6.234,3.0427
MED00124,2026-11-02,10,7.1667,8.4187,8.4391,8.0,8.0346,0.0,22.4551,7.9851
MED00125,2026-11-02,10,0.2762,0.1699,0.3947,0.375,0.2526,0.0,4.5347,2.3712
MED00126,2026-11-02,10,0.9187,1.0577,0.0,0.0,0.7852,0.0,6.3811,3.0986
MED00127,2026-11-02,10,2.0115,1.6498,0.8763,1.125,1.5983,0.0,8.7485,3.9593
MED00128,2026-11-02,10,2.026,2.1782,0.9947,1.0,1.8753,0.0,9.4829,4.2126
MED00129,2026-11-02,10,1.7546,1.5123,0.3761,0.375,1.3441,0.0,8.0472,3.7117
MED00130,2026-11-02,10,0.1792,0.1869,0.0,0.0,0.1441,0.0,4.1057,2.1937
MED00131,2026-11-02,10,2.08,2.2294,1.7192,2.375,2.0736,0.0,9.9923,4.3849
MED00132,2026-11-02,10,0.6217,0.4001,0.0,0.0,0.384,0.0,5.0249,2.5698
MED00133,2026-11-02,10,0.7009,0.3181,0.6689,0.75,0.5159,0.0,5.491,2.7549
MED00134,2026-11-02,10,0.5836,0.3272,0.0,0.0,0.3378,0.0,4.856,2.5019
MED00135,2026-11-02,10,14.1983,14.5675,6.993,6.875,12.8213,1.9328,30.8374,9.9762
MED00136,2026-11-02,10,1.553,2.1244,2.5771,2.5,2.0436,0.0,9.9161,4.3593
MED00137,2026-11-02,10,2.1711,2.1134,2.1209,2.0,2.1355,0.0,10.1488,4.4373
MED00138,2026-11-02,10,2.0299,2.2247,1.9605,2.0,2.1078,0.0,10.0791,4.414
MED00139,2026-11-02,10,3.0241,4.9625,1.3023,1.25,3.5587,0.0,13.5032,5.5066
MED00140,2026-11-02,10,1.8235,1.2789,0.8756,0.875,1.3653,0.0,8.1068,3.733
MED00141,2026-11-02,10,4.3504,3.8863,3.97,6.125,4.0555,0.0,14.5909,5.8339
MED00142,2026-11-02,10,0.4946,0.5862,0.3654,0.375,0.5098,0.0,5.4702,2.7467
MED00143,2026-11-02,10,1.8654,1.0885,1.7039,1.75,1.4694,0.0,8.3966,3.8358
MED00144,2026-11-02,10,5.5787,7.5374,5.3842,5.375,6.4568,0.0,19.4762,7.2093
MED00145,2026-11-02,10,0.6345,0.613,1.1957,1.125,0.7469,0.0,6.2587,3.0521
MED00146,2026-11-02,10,1.6274,1.5506,2.4068,2.375,1.7623,0.0,9.1866,4.1111
MED00147,2026-11-02,10,1.8148,0.9209,1.4088,2.0,1.3111,0.0,7.9539,3.6784
MED00148,2026-11-02,10,5.5152,3.5744,5.1615,7.375,4.5376,0.0,15.6166,6.1348
MED00149,2026-11-02,10,3.5426,4.2672,5.8782,5.75,4.3914,0.0,15.3083,6.0451
MED00150,2026-11-02,10,1.6126,1.4153,1.5673,2.0,1.5122,0.0,8.5143,3.8773
MED00151,2026-11-02,10,2.0479,1.9288,1.5025,1.5,1.876,0.0,9.4847,4.2132
MED00152,2026-11-02,10,2.1705,1.9766,2.2113,2.125,2.091,0.0,10.0364,4.3997
MED00153,2026-11-02,10,2.1481,2.5494,0.8783,0.875,2.0621,0.0,9.9631,4.3751
MED00154,2026-11-02,10,14.9455,14.1668,18.9684,18.5,15.4697,3.5479,35.1956,10.9229
MED00155,2026-11-02,10,1.9635,2.5803,2.7032,2.625,2.414,0.0,10.8403,4.6659
MED00156,2026-11-02,10,2.4123,2.0019,3.5498,5.0,2.4699,0.0,10.9765,4.7104
MED00157,2026-11-02,10,4.3732,5.2084,6.1939,6.0,5.1627,0.0,16.9089,6.5043
MED00158,2026-11-02,10,0.2938,0.2034,0.1322,0.125,0.2168,0.0,4.3959,2.3141
MED00159,2026-11-02,10,11.7265,10.261,9.2909,8.75,10.5253,0.6195,26.9154,9.0758
MED00160,2026-11-02,10,3.4529,5.764,4.1451,4.0,4.6858,0.0,15.9266,6.2244
MED00161,2026-11-02,10,5.5996,8.0014,6.1166,6.375,6.839,0.0,20.2114,7.4047
MED00162,2026-11-02,10,2.0752,2.9101,0.9088,0.875,2.2141,0.0,10.3461,4.503
MED00163,2026-11-02,10,0.3632,0.2637,0.264,0.25,0.2956,0.0,4.6983,2.438
MED00164,2026-11-02,10,1.9318,1.5846,0.8801,1.25,1.5434,0.0,8.5994,3.9072
MED00165,2026-11-02,10,8.7364,11.0439,11.1084,13.5,10.3375,0.5164,26.5874,8.9982
MED00166,2026-11-02,10,2.0505,2.7477,1.1631,1.125,2.1856,0.0,10.2748,4.4793
MED00167,2026-11-02,10,1.7798,1.1835,3.7072,3.75,1.9213,0.0,9.6022,4.2532
MED00168,2026-11-02,10,1.9479,1.3772,1.5474,1.625,1.5964,0.0,8.7435,3.9576
MED00169,2026-11-02,10,1.7848,1.5793,1.3549,1.375,1.5973,0.0,8.7459,3.9584
MED00170,2026-11-02,10,1.8387,1.364,2.0305,2.0,1.6604,0.0,8.9158,4.0175
MED00171,2026-11-02,10,2.1706,1.8684,2.1399,2.125,2.025,0.0,9.8685,4.3433
MED00172,2026-11-02,10,1.7487,1.7646,3.0349,3.75,2.037,0.0,9.8992,4.3536
MED00173,2026-11-02,10,2.1381,2.1745,2.7594,2.875,2.2921,0.0,10.5401,4.5672
MED00174,2026-11-02,10,5.7307,6.6347,5.3586,5.375,6.0779,0.0,18.7377,7.0102
MED00175,2026-11-02,10,1.3107,1.1974,0.5012,0.5,1.0834,0.0,7.2948,3.4394
MED00176,2026-11-02,10,12.9065,16.9617,11.9392,11.75,14.6033,3.0093,33.7865,10.6225
MED00177,2026-11-02,10,0.2762,0.4408,0.1322,0.125,0.3221,0.0,4.7977,2.4783
MED00178,2026-11-02,10,2.0831,1.1428,2.3762,2.75,1.7097,0.0,9.0472,4.0631
MED00179,2026-11-02,10,0.4878,0.2934,0.6267,0.625,0.4276,0.0,5.1817,2.6325
MED00180,2026-11-02,10,1.9255,2.1985,0.2573,0.25,1.6929,0.0,9.0026,4.0476
MED00181,2026-11-02,10,2.9071,3.5917,3.8538,3.625,3.4352,0.0,13.2271,5.4221
MED00182,2026-11-02,10,0.296,0.4589,0.0,0.0,0.3081,0.0,4.7455,2.4571
MED00183,2026-11-02,10,15.1129,28.1759,14.7577,15.0,21.1514,7.2698,44.1197,12.7184
MED00184,2026-11-02,10,6.9421,10.7276,5.2813,4.75,8.3565,0.0,23.0463,8.1343
MED00185,2026-11-02,10,1.7883,1.0996,2.8131,4.125,1.6908,0.0,8.997,4.0457
MED00186,2026-11-02,10,1.8654,1.5956,1.7889,1.75,1.7247,0.0,9.087,4.0768
MED00187,2026-11-02,10,2.6205,2.6541,1.2475,1.625,2.3409,0.0,10.6607,4.607
MED00188,2026-11-02,10,3.1481,4.027,5.8761,5.625,4.1537,0.0,14.8021,5.8964
MED00189,2026-11-02,10,0.2074,0.1943,0.0,0.0,0.1565,0.0,4.1558,2.2146
MED00190,2026-11-02,10,2.0522,2.8293,3.2556,3.25,2.6783,0.0,11.4784,4.8729
MED00191,2026-11-02,10,10.8808,12.96,13.8932,13.0,12.5164,1.7532,30.325,9.8613
MED00192,2026-11-02,10,0.1931,0.1534,0.2639,0.25,0.1901,0.0,4.2907,2.2707
MED00193,2026-11-02,10,0.0864,0.1138,0.0,0.0,0.0805,0.0,3.8415,2.0826
MED00194,2026-11-02,10,6.1252,8.2154,9.8566,11.75,7.9172,0.0,22.238,7.93
MED00195,2026-11-02,10,5.663,6.7634,7.7331,9.375,6.6318,0.0,19.8139,7.2994
MED00196,2026-11-02,10,6.5192,7.9257,4.8612,5.625,6.8227,0.0,20.1802,7.3965
MED00197,2026-11-02,10,5.9767,7.1316,9.8798,11.625,7.369,0.0,21.2157,7.6674
MED00198,2026-11-02,10,1.6972,1.2094,2.4056,2.375,1.6248,0.0,8.82,3.9843
MED00199,2026-11-02,10,1.3993,1.3914,0.8372,1.375,1.275,0.0,7.8514,3.6416
MED00200,2026-11-02,10,1.7873,1.459,1.556,1.625,1.5856,0.0,8.7141,3.9473
MED00201,2026-11-02,10,7.9199,6.9107,6.1567,8.375,7.0739,0.0,20.6585,7.5223
MED00202,2026-11-02,10,1.7822,1.7175,0.3731,0.375,1.448,0.0,8.3374,3.8149
MED00203,2026-11-02,10,2.1303,2.0675,2.295,3.25,2.1389,0.0,10.1574,4.4402
MED00204,2026-11-02,10,2.0007,2.2808,0.7582,0.75,1.8638,0.0,9.4531,4.2024
MED00205,2026-11-02,10,11.291,13.8026,9.7621,9.75,12.1435,1.5356,29.6952,9.719
MED00206,2026-11-02,10,1.0816,0.9056,1.2216,1.5,1.0308,0.0,7.1382,3.3819
MED00207,2026-11-02,10,1.8653,1.7645,2.7349,2.75,2.0088,0.0,9.8272,4.3293
MED00208,2026-11-02,10,11.0238,11.9845,11.4291,11.0,11.5714,1.2063,28.7215,9.4966
MED00209,2026-11-02,10,2.6428,1.8088,4.5962,5.125,2.6799,0.0,11.4821,4.8741
MED00210,2026-11-02,10,1.355,0.8701,2.2402,2.25,1.322,0.0,7.9849,3.6895
MED00211,2026-11-02,10,2.1047,1.9623,2.4693,2.625,2.1194,0.0,10.1084,4.4238
MED00212,2026-11-02,10,1.9355,2.0568,0.1975,0.25,1.617,0.0,8.7989,3.9769
MED00213,2026-11-02,10,1.4715,1.9644,0.0,0.0,1.3839,0.0,8.1589,3.7516
MED00214,2026-11-02,10,9.4168,9.9737,13.6934,13.875,10.6143,0.6686,27.0704,9.1124
MED00215,2026-11-02,10,2.2208,2.3834,2.1937,2.25,2.2931,0.0,10.5426,4.568
MED00216,2026-11-02,10,0.0863,0.1022,0.0,0.0,0.0751,0.0,3.8184,2.0728
MED00217,2026-11-02,10,0.2413,0.1929,0.2612,0.25,0.2232,0.0,4.4211,2.3245
MED00218,2026-11-02,10,4.1039,5.4445,5.568,5.375,5.0518,0.0,16.6823,6.4403
MED00219,2026-11-02,10,15.5332,10.2505,10.9095,10.5,12.0784,1.4978,29.5848,9.694
MED00220,2026-11-02,10,1.9429,1.8609,2.8627,2.875,2.1062,0.0,10.0749,4.4126
MED00221,2026-11-02,10,2.9283,3.3462,1.5551,2.25,2.8284,0.0,11.8338,4.9866
MED00222,2026-11-02,10,0.5148,0.5588,0.0,0.0,0.4241,0.0,5.1694,2.6276
MED00223,2026-11-02,10,8.6605,11.9336,4.5703,4.25,9.3101,0.0,24.7706,8.561
MED00224,2026-11-02,10,1.7553,1.3742,0.629,0.625,1.3347,0.0,8.0208,3.7023
MED00225,2026-11-02,10,3.806,4.0932,5.3628,5.875,4.2818,0.0,15.0757,5.977
MED00226,2026-11-02,10,2.1806,1.7074,2.4667,3.625,2.0239,0.0,9.8657,4.3423
MED00227,2026-11-02,10,15.5248,14.2243,19.613,20.25,15.8201,3.7682,35.7612,11.0421
MED00228,2026-11-02,10,1.7317,0.8544,2.3829,3.0,1.4651,0.0,8.3846,3.8316
MED00229,2026-11-02,10,0.6921,0.7465,0.0,0.0,0.568,0.0,5.6692,2.8247
MED00230,2026-11-02,10,12.7914,14.4236,11.2616,11.25,13.2345,2.1784,31.5278,10.1297
MED00231,2026-11-02,10,1.6402,0.5808,1.2359,1.25,1.0594,0.0,7.2234,3.4132
MED00232,2026-11-02,10,2.8768,3.9364,1.1491,1.125,2.9996,0.0,12.2337,5.1133
MED00233,2026-11-02,10,0.6618,0.3514,0.5597,0.625,0.4953,0.0,5.42,2.7269
MED00234,2026-11-02,10,1.7948,1.1141,2.1188,2.125,1.549,0.0,8.6148,3.9126
MED00235,2026-11-02,10,71.7705,69.8524,64.3223,61.625,69.3303,44.4006,110.5788,22.8408
MED00236,2026-11-02,10,2.2138,2.5268,1.8758,1.875,2.2888,0.0,10.532,4.5646
MED00237,2026-11-02,10,3.8151,4.0475,5.0556,6.625,4.1966,0.0,14.8941,5.9236
MED00238,2026-11-02,10,1.87,1.6257,1.6068,1.625,1.7007,0.0,9.0233,4.0548
MED00239,2026-11-02,10,3.2178,4.2908,4.3281,4.5,3.963,0.0,14.391,5.7744
MED00240,2026-11-02,10,3.7201,3.4954,4.2144,6.125,3.7262,0.0,13.8737,5.619
MED00241,2026-11-02,10,2.3663,2.9535,2.3798,2.375,2.6458,0.0,11.4007,4.8479
MED00242,2026-11-02,10,8.4048,12.5319,7.4068,8.75,10.124,0.4001,26.2131,8.9091
MED00243,2026-11-02,10,0.1233,0.0793,0.132,0.125,0.1048,0.0,3.9435,2.1256
MED00244,2026-11-02,10,2.0167,2.164,2.1652,2.125,2.1197,0.0,10.1092,4.424
MED00245,2026-11-02,10,74.5015,59.8428,82.6054,79.25,69.4889,44.5309,110.7843,22.8667
MED00246,2026-11-02,10,4.8562,5.7711,6.5758,6.75,5.6615,0.0,17.9141,6.7847
MED00247,2026-11-02,10,11.0422,13.6143,12.6049,12.375,12.5935,1.7985,30.4549,9.8905
MED00248,2026-11-02,10,2.0609,1.6405,1.9198,2.5,1.836,0.0,9.3803,4.1776
MED00249,2026-11-02,10,19.382,24.6686,31.4953,34.25,24.4988,9.5827,49.1789,13.6663
MED00250,2026-11-02,10,10.0527,8.4441,11.0581,16.125,9.5297,0.0817,25.1623,8.6563
MED00251,2026-11-02,10,1.748,1.3336,2.9287,2.875,1.8124,0.0,9.3187,4.1565
MED00252,2026-11-02,10,0.4795,0.1606,0.737,0.75,0.3869,0.0,5.0356,2.5741
MED00253,2026-11-02,10,3.3828,4.2524,4.1016,4.0,3.9482,0.0,14.359,5.7648
MED00254,2026-11-02,10,0.3764,0.1826,0.9828,1.0,0.4179,0.0,5.1469,2.6186
MED00255,2026-11-02,10,4.1983,6.0018,4.1101,6.625,5.0256,0.0,16.6288,6.4251
MED00256,2026-11-02,10,2.0935,1.8322,1.3134,1.25,1.8043,0.0,9.2973,4.1491
MED00257,2026-11-02,10,3.9407,4.2627,5.329,7.5,4.3963,0.0,15.3187,6.0482
MED00258,2026-11-02,10,2.0678,2.4054,3.7423,3.875,2.5909,0.0,11.2691,4.8054
MED00259,2026-11-02,10,2.1345,1.9854,3.1402,3.125,2.2853,0.0,10.5232,4.5617
MED00260,2026-11-02,10,0.4162,0.4486,1.1491,1.125,0.5908,0.0,5.746,2.8547
MED00261,2026-11-02,10,0.7379,0.7216,0.1305,0.125,0.5992,0.0,5.7745,2.8657
MED00262,2026-11-02,10,2.9405,2.5569,3.4922,5.0,2.8841,0.0,11.9645,5.0282
MED00263,2026-11-02,10,2.7798,3.4077,5.434,5.375,3.6518,0.0,13.7096,5.5694
MED00264,2026-11-02,10,0.3005,0.1217,0.0,0.0,0.1521,0.0,4.1382,2.2073
MED00265,2026-11-02,10,5.861,6.9617,10.3899,10.375,7.3637,0.0,21.2057,7.6648
MED00266,2026-11-02,10,14.0097,15.1866,6.1595,6.25,12.8698,1.9615,30.9187,9.9943
MED00267,2026-11-02,10,4.2147,6.0215,3.7303,3.875,4.9576,0.0,16.4891,6.3854
MED00268,2026-11-02,10,2.1115,2.4613,3.6014,3.625,2.6003,0.0,11.2917,4.8127
MED00269,2026-11-02,10,2.1159,2.1037,2.2013,2.125,2.1308,0.0,10.1372,4.4334
MED00270,2026-11-02,10,2.2974,2.0641,4.9557,4.875,2.7676,0.0,11.6904,4.9409
MED00271,2026-11-02,10,1.4693,2.1953,3.4447,4.25,2.2385,0.0,10.4069,4.5232
MED00272,2026-11-02,10,3.6632,4.0341,3.9287,4.875,3.8977,0.0,14.2491,5.7319
MED00273,2026-11-02,10,3.0291,2.8755,2.1664,2.625,2.7732,0.0,11.7037,4.9451
MED00274,2026-11-02,10,0.5527,0.3005,0.3425,0.375,0.3899,0.0,5.0462,2.5784
MED00275,2026-11-02,10,10.6204,7.2812,11.1235,14.25,9.1808,0.0,24.539,8.5044
MED00276,2026-11-02,10,1.8542,1.752,2.2913,2.25,1.9032,0.0,9.5552,4.2372
MED00277,2026-11-02,10,0.2151,0.1776,0.0,0.0,0.1511,0.0,4.1341,2.2056
MED00278,2026-11-02,10,7.5311,8.6351,11.3199,11.25,8.8764,0.0,23.9913,8.3696
MED00279,2026-11-02,10,19.5497,20.0682,23.6388,22.25,20.6987,6.963,43.4257,12.5847
MED00280,2026-11-02,10,0.2352,0.1536,0.266,0.25,0.204,0.0,4.3458,2.2934
MED00281,2026-11-02,10,12.834,10.4953,13.5274,15.875,11.9051,1.3977,29.2906,9.627
MED00282,2026-11-02,10,3.25,2.6134,2.5217,3.25,2.7979,0.0,11.762,4.9637
MED00283,2026-11-02,10,2.1362,2.4664,3.4604,3.625,2.5799,0.0,11.2427,4.7969
MED00284,2026-11-02,10,1.3784,0.8419,0.4405,0.625,0.9257,0.0,6.8196,3.2637
MED00285,2026-11-02,10,4.8928,5.1777,7.6309,7.375,5.6249,0.0,17.8411,6.7645
MED00286,2026-11-02,10,3.9989,3.5277,6.0973,7.0,4.2382,0.0,14.9829,5.9497
MED00287,2026-11-02,10,2.9515,3.4373,3.6358,3.625,3.3298,0.0,12.9899,5.3491
MED00288,2026-11-02,10,42.7013,42.5932,38.9102,38.625,41.8709,22.4517,74.0015,17.7919
MED00289,2026-11-02,10,3.9496,3.9687,5.829,8.75,4.3703,0.0,15.2637,6.0321
MED00290,2026-11-02,10,1.807,1.1044,1.1029,1.125,1.3279,0.0,8.0016,3.6955
MED00291,2026-11-02,10,9.5742,17.0395,2.9863,3.0,11.6405,1.2458,28.8396,9.5237
MED00292,2026-11-02,10,1.6046,1.2531,0.8548,1.25,1.2793,0.0,7.8637,3.646
MED00293,2026-11-02,10,4.2857,3.2251,8.3574,9.875,4.6782,0.0,15.9108,6.2199
MED00294,2026-11-02,10,1.253,0.6715,0.7011,1.0,0.8629,0.0,6.6256,3.191
MED00295,2026-11-02,10,0.2928,0.2062,0.0,0.0,0.1891,0.0,4.2868,2.269
MED00296,2026-11-02,10,3.7581,3.9016,4.3426,4.5,3.9557,0.0,14.3751,5.7696
MED00297,2026-11-02,10,5.4753,7.0008,6.5819,6.625,6.4333,0.0,19.4307,7.1971
MED00298,2026-11-02,10,2.109,1.6647,3.8989,4.0,2.292,0.0,10.54,4.5672
MED00299,2026-11-02,10,0.4235,0.2819,0.2543,0.25,0.3211,0.0,4.7939,2.4767
MED00300,2026-11-02,10,1.8277,1.7709,0.2493,0.25,1.4605,0.0,8.3719,3.8271
MED00301,2026-11-02,10,4.6209,6.3719,5.5854,5.625,5.6526,0.0,17.8963,6.7798
MED00302,2026-11-02,10,8.6025,8.4103,4.5621,4.375,7.6446,0.0,21.7317,7.8005
MED00303,2026-11-02,10,2.7693,2.2044,2.8135,3.625,2.5179,0.0,11.0929,4.7483
MED00304,2026-11-02,10,3.5467,4.2816,3.116,4.625,3.8,0.0,14.0357,5.6679
MED00305,2026-11-02,10,1.7874,1.877,1.1428,1.125,1.6911,0.0,8.9978,4.046
MED00306,2026-11-02,10,0.4589,0.2298,0.0,0.0,0.2528,0.0,4.5355,2.3715
MED00307,2026-11-02,10,25.1046,27.2181,36.5686,36.375,28.6044,12.51,55.2341,14.7458
MED00308,2026-11-02,10,0.6837,0.7001,0.5074,0.5,0.6538,0.0,5.9559,2.936
MED00309,2026-11-02,10,2.8978,3.3403,1.5773,2.25,2.8208,0.0,11.8159,4.9809
MED00310,2026-11-02,10,3.1167,3.0686,2.2046,3.25,2.8994,0.0,12.0004,5.0395
MED00311,2026-11-02,10,3.0519,3.345,3.3451,4.375,3.2554,0.0,12.8211,5.2969
MED00312,2026-11-02,10,0.6079,0.2001,0.3373,0.375,0.3593,0.0,4.9351,2.5338
MED00313,2026-11-02,10,0.4855,0.2371,1.813,1.75,0.658,0.0,5.9699,2.9414
MED00314,2026-11-02,10,11.2148,11.5358,8.924,8.75,10.8788,0.8154,27.5296,9.2201
MED00315,2026-11-02,10,8.7385,10.265,11.1811,11.25,9.9901,0.3277,25.9775,8.8528
MED00316,2026-11-02,10,2.6887,3.0816,2.554,2.625,2.8456,0.0,11.8744,4.9995
MED00317,2026-11-02,10,2.1058,2.249,2.8304,2.875,2.332,0.0,10.6388,4.5998
MED00318,2026-11-02,10,2.4575,1.59,3.3684,5.0,2.2525,0.0,10.4419,4.5348
MED00319,2026-11-02,10,10.6563,12.4974,11.5498,11.0,11.7206,1.2916,28.9764,9.5551
MED00320,2026-11-02,10,5.4905,6.7466,3.6086,3.75,5.6742,0.0,17.9394,6.7917
MED00321,2026-11-02,10,0.6776,0.9249,3.8775,3.75,1.4882,0.0,8.4482,3.854
MED00322,2026-11-02,10,0.1851,0.1462,0.0,0.0,0.127,0.0,4.0355,2.1643
MED00323,2026-11-02,10,1.0999,0.6073,2.2233,2.5,1.1147,0.0,7.3872,3.4733
MED00324,2026-11-02,10,1.2591,0.9747,1.2219,2.0,1.1195,0.0,7.4011,3.4784
MED00325,2026-11-02,10,6.0716,7.9138,5.7481,5.75,6.8678,0.0,20.2662,7.4192
MED00326,2026-11-02,10,8.5517,11.1834,8.6207,8.5,9.8042,0.2278,25.6493,8.774
MED00327,2026-11-02,10,2.8083,3.8865,2.3008,2.25,3.2045,0.0,12.7051,5.2608
MED00328,2026-11-02,10,3.8438,4.3753,5.4382,5.625,4.4418,0.0,15.415,6.0762
MED00329,2026-11-02,10,10.5883,12.0346,12.2321,11.625,11.631,1.2403,28.8233,9.52
MED00330,2026-11-02,10,3.9672,4.5731,5.8331,6.125,4.6591,0.0,15.8708,6.2083
MED00331,2026-11-02,10,1.8309,1.285,2.4357,2.375,1.7091,0.0,9.0456,4.0625
MED00332,2026-11-02,10,2.7327,3.5976,2.9733,2.875,3.1916,0.0,12.6756,5.2516
MED00333,2026-11-02,10,2.5622,2.3767,5.9561,6.25,3.2146,0.0,12.7282,5.268
MED00334,2026-11-02,10,9.9261,12.2532,4.3681,4.375,9.8167,0.2345,25.6714,8.7793
MED00335,2026-11-02,10,5.3905,5.6608,6.9283,6.5,5.8558,0.0,18.3002,6.8909
MED00336,2026-11-02,10,8.9487,10.2648,12.0283,11.25,10.2405,0.4635,26.4176,8.9578
MED00337,2026-11-02,10,63.2724,50.5678,63.2796,60.25,57.4042,34.7029,94.9655,20.7991
MED00338,2026-11-02,10,10.0036,13.6436,1.2903,1.25,9.8227,0.2377,25.6819,8.7818
MED00339,2026-11-02,10,1.7318,1.2034,0.2641,0.375,1.1683,0.0,7.544,3.5304
MED00340,2026-11-02,10,1.9341,2.5516,0.2607,0.25,1.8613,0.0,9.4464,4.2002
MED00341,2026-11-02,10,4.8669,6.1159,7.8593,8.375,6.1044,0.0,18.7898,7.0244
MED00342,2026-11-02,10,2.0657,1.7929,1.4066,1.375,1.7973,0.0,9.279,4.1429
MED00343,2026-11-02,10,9.5834,9.9789,11.5757,11.625,10.21,0.4469,26.3641,8.9451
MED00344,2026-11-02,10,3.8037,4.8194,5.261,5.625,4.5981,0.0,15.7433,6.1715
MED00345,2026-11-02,10,0.1827,0.1011,0.0,0.0,0.1051,0.0,3.9449,2.1262
MED00346,2026-11-02,10,2.9488,3.4785,2.0728,2.0,3.009,0.0,12.2555,5.1201
MED00347,2026-11-02,10,0.1927,0.1775,0.0,0.0,0.144,0.0,4.1052,2.1934
MED00348,2026-11-02,10,1.7188,1.3044,1.3838,1.375,1.4543,0.0,8.3549,3.8211
MED00349,2026-11-02,10,2.2724,2.0061,2.0065,2.0,2.0926,0.0,10.0406,4.4011
MED00350,2026-11-02,10,1.0849,1.9182,2.5988,2.5,1.8036,0.0,9.2956,4.1486
MED00351,2026-11-02,10,0.655,0.6241,0.0,0.0,0.4991,0.0,5.4329,2.7321
MED00352,2026-11-02,10,0.2393,0.323,0.0,0.0,0.2267,0.0,4.4347,2.3301
MED00353,2026-11-02,10,1.0348,0.5256,0.0,0.0,0.5735,0.0,5.6878,2.832
MED00354,2026-11-02,10,1.0012,1.1458,1.2954,1.25,1.1336,0.0,7.4425,3.4935
MED00355,2026-11-02,10,9.1393,9.5162,9.3318,11.5,9.3662,0.0,24.8709,8.5855
MED00356,2026-11-02,10,1.9158,1.9501,1.9451,1.875,1.9401,0.0,9.6507,4.2697
MED00357,2026-11-02,10,0.222,0.1073,0.2648,0.25,0.178,0.0,4.2424,2.2506
MED00358,2026-11-02,10,4.6176,4.9854,2.4131,3.375,4.3156,0.0,15.1477,5.9981
MED00359,2026-11-02,10,2.0609,2.217,1.5841,1.5,2.0324,0.0,9.8876,4.3497
MED00360,2026-11-02,10,2.546,1.8607,3.2919,3.875,2.3904,0.0,10.7824,4.6469
MED00361,2026-11-02,10,2.1859,2.165,4.7128,4.875,2.7267,0.0,11.5934,4.9098
MED00362,2026-11-02,10,2.3125,2.004,4.9007,4.875,2.7323,0.0,11.6069,4.9142
MED00363,2026-11-02,10,1.7017,1.4336,2.4857,2.5,1.7483,0.0,9.1498,4.0985
MED00364,2026-11-02,10,0.1705,0.1971,0.0,0.0,0.1461,0.0,4.1138,2.197
MED00365,2026-11-02,10,2.1051,2.2831,2.1215,2.125,2.1939,0.0,10.2955,4.4862
MED00366,2026-11-02,10,9.0639,9.4433,11.2975,11.25,9.7348,0.1907,25.5265,8.7444
MED00367,2026-11-02,10,2.0927,2.5913,1.595,1.625,2.2196,0.0,10.36,4.5076
MED00368,2026-11-02,10,2.5893,3.2499,5.0968,5.0,3.4445,0.0,13.2481,5.4286
MED00369,2026-11-02,10,3.3581,3.6406,3.6066,5.0,3.5473,0.0,13.4778,5.4989
MED00370,2026-11-02,10,0.4452,0.2353,0.0,0.0,0.251,0.0,4.5286,2.3687
MED00371,2026-11-02,10,16.1597,13.9106,14.2077,14.0,14.7019,3.0702,33.9478,10.6571
MED00372,2026-11-02,10,0.2369,0.1039,0.1317,0.125,0.1522,0.0,4.1386,2.2074
MED00373,2026-11-02,10,0.6328,0.5577,0.9194,0.875,0.6606,0.0,5.9782,2.9446
MED00374,2026-11-02,10,1.7834,1.2001,1.9503,2.75,1.549,0.0,8.6147,3.9126
MED00375,2026-11-02,10,15.3551,16.0433,13.8766,13.5,15.371,3.486,35.0358,10.8891
MED00376,2026-11-02,10,2.0352,1.9663,2.0064,2.0,1.9988,0.0,9.8017,4.3207
MED00377,2026-11-02,10,0.5146,0.6999,0.9291,0.875,0.6916,0.0,6.0798,2.9837
MED00378,2026-11-02,10,2.1097,2.47,2.2348,2.125,2.3072,0.0,10.5775,4.5796
MED00379,2026-11-02,10,0.6252,0.8859,2.5874,2.5,1.1734,0.0,7.5587,3.5358
MED00380,2026-11-02,10,0.7221,0.4038,0.0,0.0,0.4175,0.0,5.1455,2.6181
MED00381,2026-11-02,10,1.8169,2.341,1.3129,1.25,1.9541,0.0,9.6868,4.2819
MED00382,2026-11-02,10,2.1244,1.4376,2.6964,3.75,1.9299,0.0,9.6244,4.2607
MED00383,2026-11-02,10,6.0596,8.4387,6.0356,5.75,7.1715,0.0,20.8433,7.5706
MED00384,2026-11-02,10,2.0008,1.8781,2.1993,2.125,1.9886,0.0,9.7755,4.3119
MED00385,2026-11-02,10,18.0228,20.2739,20.4143,20.25,19.611,6.2324,41.7473,12.2576
MED00386,2026-11-02,10,13.6106,13.3879,13.8419,14.125,13.5704,2.3799,32.0861,10.2528
MED00387,2026-11-02,10,17.9914,21.2397,23.5327,22.5,20.7288,6.9834,43.4719,12.5937
MED00388,2026-11-02,10,120.7422,118.7887,93.2287,84.125,113.9802,82.0604,166.7945,29.2452
MED00389,2026-11-02,10,8.517,8.7654,8.0433,11.25,8.5387,0.0,23.3789,8.2175
MED00390,2026-11-02,10,18.1395,19.8352,22.0872,34.25,19.8062,6.3628,42.0495,12.317
MED00391,2026-11-02,10,16.0882,16.3919,18.5273,24.875,16.7754,4.3757,37.2918,11.3607
MED00392,2026-11-02,10,16.1796,17.9336,18.0625,22.625,17.4235,4.7934,38.3212,11.5718
MED00393,2026-11-02,10,10.7155,11.7129,8.5611,10.125,10.7245,0.7296,27.262,9.1574
MED00394,2026-11-02,10,13.3126,11.8818,12.9445,16.25,12.5778,1.7893,30.4285,9.8846
MED00395,2026-11-02,10,16.2524,16.8501,15.0818,18.375,16.2937,4.0682,36.5221,11.2012
MED00396,2026-11-02,10,55.2402,52.2138,41.3796,46.75,50.8743,29.4913,86.2545,19.5913
MED00397,2026-11-02,10,46.3752,46.7502,50.4199,48.125,47.4744,26.8111,81.6638,18.9319
MED00398,2026-11-02,10,135.8099,108.8464,124.9937,128.0,121.0067,88.1218,175.4176,30.1293
MED00399,2026-11-02,10,142.3015,114.5034,114.0923,115.75,123.3407,90.1415,178.2718,30.4173
MED00400,2026-11-02,10,78.1726,71.1857,72.1632,69.875,73.6839,47.9888,116.1988,23.542
MED00401,2026-11-02,10,12.1461,10.9758,12.3224,20.875,11.65,1.2512,28.8558,9.5275
MED00402,2026-11-02,10,17.0936,14.3542,20.0726,29.875,16.4778,4.1854,36.8167,11.2624
MED00403,2026-11-02,10,11.942,16.3799,9.1857,9.125,13.4283,2.2945,31.8503,10.2009
MED00404,2026-11-02,10,4.5741,5.9887,6.1335,6.125,5.5777,0.0,17.7467,6.7384
MED00405,2026-11-02,10,6.8278,7.8685,7.2122,7.375,7.404,0.0,21.2815,7.6845
MED00406,2026-11-02,10,19.5468,22.634,25.0523,26.75,22.2027,7.9881,45.7221,13.0235
MED00407,2026-11-02,10,16.8441,15.4112,21.3736,30.5,17.1747,4.6325,37.9268,11.4912
MED00408,2026-11-02,10,6.2668,5.6407,7.6145,11.25,6.2732,0.0,19.1196,7.1135
MED00409,2026-11-02,10,8.8087,10.133,6.4793,10.875,8.9305,0.0,24.0889,8.3938
MED00410,2026-11-02,10,7.466,8.2217,7.9511,14.0,7.9316,0.0,22.2648,7.9368
MED00411,2026-11-02,10,16.6403,17.161,17.7508,26.125,17.1411,4.6109,37.8734,11.4803
MED00412,2026-11-02,10,11.6692,7.8229,9.7318,14.0,9.4642,0.0471,25.0457,8.628
MED00413,2026-11-02,10,11.7773,10.066,9.4048,12.875,10.4751,0.5918,26.8278,9.0551
MED00414,2026-11-02,10,16.6352,15.4797,16.6658,24.125,16.1188,3.9571,36.2416,11.1427
MED00415,2026-11-02,10,12.0956,9.0647,10.3138,15.75,10.3056,0.499,26.5317,8.9849
MED00416,2026-11-02,10,14.9092,14.6483,16.6703,23.75,15.1844,3.3695,34.7332,10.8249
MED00417,2026-11-02,10,6.6789,6.2147,6.0438,7.5,6.331,0.0,19.2321,7.1438
MED00418,2026-11-02,10,6.7157,5.7765,7.5726,9.375,6.4698,0.0,19.5013,7.216
MED00419,2026-11-02,10,7.9486,7.3351,8.2576,10.125,7.7371,0.0,21.9039,7.8447
MED00420,2026-11-02,10,17.4322,15.445,19.8805,30.625,17.0529,4.554,37.7334,11.4515
MED00421,2026-11-02,10,17.8899,14.1657,22.8493,34.125,17.2448,4.6778,38.038,11.514
MED00422,2026-11-02,10,15.5919,14.5419,16.7505,23.375,15.3686,3.4845,35.0318,10.8882
MED00423,2026-11-02,10,11.4646,10.5048,9.4469,11.25,10.59,0.6552,27.0281,9.1024
MED00424,2026-11-02,10,98.1697,82.3502,111.7982,118.875,93.8375,64.8616,141.7809,26.548
MED00001,2026-11-09,11,12.4838,8.7799,10.8614,15.125,10.4145,0.5586,26.7221,9.0301
MED00002,2026-11-09,11,0.0979,0.1057,0.1306,0.125,0.1087,0.0,3.9599,2.1325
MED00003,2026-11-09,11,0.3117,0.5114,0.0,0.0,0.3376,0.0,4.8552,2.5016
MED00004,2026-11-09,11,0.8566,0.6738,1.7983,1.75,0.9764,0.0,6.9743,3.3212
MED00005,2026-11-09,11,2.1879,3.3503,1.929,1.875,2.6767,0.0,11.4746,4.8717
MED00006,2026-11-09,11,1.6093,1.0177,0.2561,0.25,1.041,0.0,7.1685,3.393
MED00007,2026-11-09,11,4.0275,3.4331,2.9909,2.75,3.529,0.0,13.437,5.4864
MED00008,2026-11-09,11,0.6556,0.5167,1.3783,1.375,0.7482,0.0,6.263,3.0538
MED00009,2026-11-09,11,3.1331,3.6176,3.0597,3.875,3.3466,0.0,13.0276,5.3608
MED00010,2026-11-09,11,4.2101,3.5755,4.3629,4.125,3.9511,0.0,14.3652,5.7667
MED00011,2026-11-09,11,18.866,21.9696,24.6216,24.875,21.5832,7.5639,44.7794,12.8446
MED00012,2026-11-09,11,1.9916,2.7155,0.3777,0.375,1.9814,0.0,9.757,4.3057
MED00013,2026-11-09,11,3.6764,3.9334,6.3956,6.375,4.3901,0.0,15.3057,6.0444
MED00014,2026-11-09,11,15.7822,14.0143,26.7518,28.0,17.3528,4.7476,38.2092,11.5489
MED00015,2026-11-09,11,0.5142,0.341,0.9235,0.875,0.5227,0.0,5.5144,2.7641
MED00016,2026-11-09,11,2.0376,1.6087,4.6723,4.75,2.4111,0.0,10.833,4.6635
MED00017,2026-11-09,11,1.8347,1.7427,2.363,2.375,1.9082,0.0,9.5683,4.2417
MED00018,2026-11-09,11,86.2098,65.8089,83.3075,87.75,76.139,50.0221,119.3517,23.9284
MED00019,2026-11-09,11,48.7864,38.3029,47.4967,49.375,43.6595,23.8348,76.4614,18.1636
MED00020,2026-11-09,11,9.4648,11.9504,15.2066,14.875,11.881,1.3838,29.2496,9.6176
MED00021,2026-11-09,11,3.5358,3.3708,3.0064,4.5,3.3474,0.0,13.0295,5.3613
MED00022,2026-11-09,11,2.2263,1.3127,2.3498,3.375,1.8287,0.0,9.3612,4.171
MED00023,2026-11-09,11,1.3639,0.8864,0.2057,0.25,0.8909,0.0,6.7125,3.2236
MED00024,2026-11-09,11,2.6728,2.7632,2.0355,2.875,2.5794,0.0,11.2415,4.7965
MED00025,2026-11-09,11,0.0927,0.1035,0.0,0.0,0.0777,0.0,3.8297,2.0776
MED00026,2026-11-09,11,0.3961,0.317,0.1325,0.125,0.3024,0.0,4.724,2.4484
MED00027,2026-11-09,11,0.229,0.121,0.0,0.0,0.1291,0.0,4.0442,2.168
MED00028,2026-11-09,11,0.5418,0.5784,0.5285,0.5,0.5565,0.0,5.6303,2.8095
MED00029,2026-11-09,11,10.4165,11.2942,12.8519,17.375,11.3653,1.089,28.3683,9.4152
MED00030,2026-11-09,11,3.5805,3.3641,4.1015,5.5,3.5961,0.0,13.5862,5.5319
MED00031,2026-11-09,11,2.9491,3.2298,2.5075,3.25,2.9873,0.0,12.2052,5.1043
MED00032,2026-11-09,11,2.2097,1.4866,1.8679,2.75,1.8,0.0,9.2861,4.1453
MED00033,2026-11-09,11,1.0104,1.7024,1.9391,1.875,1.5361,0.0,8.5796,3.9002
MED00034,2026-11-09,11,20.1341,21.4189,25.001,25.0,21.8104,7.7191,45.1256,12.9105
MED00035,2026-11-09,11,0.53,0.2027,0.3961,0.375,0.3486,0.0,4.8959,2.518
MED00036,2026-11-09,11,1.6811,1.3838,2.3269,2.25,1.6841,0.0,8.9789,4.0394
MED00037,2026-11-09,11,4.1248,3.2253,5.441,5.5,3.9945,0.0,14.4592,5.7947
MED00038,2026-11-09,11,12.3914,10.4016,13.2703,20.0,11.6653,1.2599,28.8819,9.5335
MED00039,2026-11-09,11,1.1686,1.2639,1.2393,1.25,1.2296,0.0,7.7214,3.5947
MED00040,2026-11-09,11,0.5195,0.4562,1.0047,1.0,0.5957,0.0,5.7627,2.8612
MED00041,2026-11-09,11,0.5987,0.4164,0.1143,0.125,0.4091,0.0,5.1154,2.6061
MED00042,2026-11-09,11,3.1499,3.3832,1.9208,2.0,2.9953,0.0,12.2238,5.1101
MED00043,2026-11-09,11,0.4475,0.3972,0.5115,0.5,0.4383,0.0,5.2199,2.6477
MED00044,2026-11-09,11,1.8718,1.6055,0.8564,1.25,1.529,0.0,8.5601,3.8934
MED00045,2026-11-09,11,1.7127,1.5624,0.1239,0.125,1.2995,0.0,7.9211,3.6666
MED00046,2026-11-09,11,2.2576,2.1665,0.7878,1.125,1.8984,0.0,9.5428,4.233
MED00047,2026-11-09,11,4.8908,5.8843,7.3302,7.375,5.889,0.0,18.3658,6.9088
MED00048,2026-11-09,11,11.9879,14.1355,16.4158,17.75,13.9637,2.6179,32.7363,10.3951
MED00049,2026-11-09,11,0.1835,0.1125,0.0,0.0,0.1107,0.0,3.9682,2.136
MED00050,2026-11-09,11,2.6237,3.2767,2.6248,2.625,2.9315,0.0,12.0754,5.0633
MED00051,2026-11-09,11,0.1798,0.1137,0.0,0.0,0.1101,0.0,3.9657,2.135
MED00052,2026-11-09,11,0.4737,0.5061,0.5069,0.5,0.4965,0.0,5.4241,2.7286
MED00053,2026-11-09,11,4.5456,6.0763,5.6632,10.0,5.5075,0.0,17.606,6.6994
MED00054,2026-11-09,11,4.7574,6.5981,6.9597,11.75,6.0996,0.0,18.7804,7.0218
MED00055,2026-11-09,11,1.0315,0.8348,1.3175,1.25,1.0027,0.0,7.0537,3.3506
MED00056,2026-11-09,11,0.6828,0.4331,0.9658,1.0,0.6283,0.0,5.8714,2.9033
MED00057,2026-11-09,11,0.4935,0.3282,0.1236,0.125,0.3365,0.0,4.8512,2.4999
MED00058,2026-11-09,11,1.6393,1.1288,0.1269,0.125,1.0744,0.0,7.2679,3.4296
MED00059,2026-11-09,11,7.3492,6.5295,10.3881,11.75,7.6332,0.0,21.7104,7.7951
MED00060,2026-11-09,11,5.4456,3.8248,5.1437,7.625,4.6286,0.0,15.8072,6.19
MED00061,2026-11-09,11,0.6238,0.7932,0.8304,0.75,0.7484,0.0,6.2635,3.0539
MED00062,2026-11-09,11,11.5166,8.6201,10.2315,15.875,9.8966,0.2773,25.8125,8.8132
MED00063,2026-11-09,11,0.1335,0.1172,0.0,0.0,0.097,0.0,3.9111,2.112
MED00064,2026-11-09,11,23.7462,25.9482,24.4,25.375,24.9401,9.893,49.8371,13.7863
MED00065,2026-11-09,11,58.6795,55.9044,50.5408,51.5,55.6761,33.3161,92.6728,20.4864
MED00066,2026-11-09,11,0.4663,0.3424,0.5235,0.5,0.4213,0.0,5.1592,2.6236
MED00067,2026-11-09,11,1.9829,2.68,3.9105,3.875,2.7287,0.0,11.5983,4.9114
MED00068,2026-11-09,11,3.016,2.6262,4.3002,6.25,3.1157,0.0,12.5016,5.1974
MED00069,2026-11-09,11,1.6965,1.3004,0.8443,1.25,1.3283,0.0,8.0027,3.6958
MED00070,2026-11-09,11,10.717,11.1636,12.2477,15.625,11.2684,1.0342,28.2019,9.3767
MED00071,2026-11-09,11,1.9976,1.8241,1.473,2.125,1.8048,0.0,9.2985,4.1496
MED00072,2026-11-09,11,2.1017,1.4877,2.1604,3.125,1.8298,0.0,9.3643,4.1721
MED00073,2026-11-09,11,2.9844,2.6867,4.1579,6.25,3.103,0.0,12.4726,5.1883
MED00074,2026-11-09,11,2.6857,2.4696,3.5613,5.125,2.7775,0.0,11.7138,4.9484
MED00075,2026-11-09,11,2.9419,2.1762,3.2733,4.875,2.6592,0.0,11.4326,4.8582
MED00076,2026-11-09,11,0.2433,0.0914,0.2612,0.25,0.1765,0.0,4.2364,2.2481
MED00077,2026-11-09,11,3.5485,2.8898,4.8458,7.25,3.526,0.0,13.4302,5.4843
MED00078,2026-11-09,11,2.8249,4.0709,2.42,3.125,3.3217,0.0,12.9715,5.3434
MED00079,2026-11-09,11,20.2986,30.1225,16.4079,18.0,24.0624,9.2771,48.5261,13.5464
MED00080,2026-11-09,11,3.0669,2.0686,4.0467,6.125,2.8164,0.0,11.8055,4.9776
MED00081,2026-11-09,11,0.3618,0.3991,0.2584,0.25,0.3571,0.0,4.9271,2.5305
MED00082,2026-11-09,11,2.5018,3.3842,1.9246,2.75,2.7911,0.0,11.746,4.9586
MED00083,2026-11-09,11,2.9762,2.5975,3.0332,4.375,2.8147,0.0,11.8016,4.9764
MED00084,2026-11-09,11,39.2564,43.7473,45.2785,39.875,42.6997,23.0916,75.1431,17.9651
MED00085,2026-11-09,11,2.0221,1.7246,3.2079,3.25,2.1425,0.0,10.1665,4.4432
MED00086,2026-11-09,11,0.4072,0.2659,0.0,0.0,0.2533,0.0,4.5374,2.3723
MED00087,2026-11-09,11,1.683,1.4975,2.0197,2.0,1.6711,0.0,8.9444,4.0275
MED00088,2026-11-09,11,27.3329,27.9855,30.5745,28.0,28.3684,12.3394,54.8899,14.6859
MED00089,2026-11-09,11,15.0209,18.4003,8.5588,8.0,15.2118,3.3866,34.7777,10.8343
MED00090,2026-11-09,11,2.5315,3.2754,3.9547,4.875,3.1903,0.0,12.6727,5.2507
MED00091,2026-11-09,11,2.0883,1.7701,1.7392,2.5,1.866,0.0,9.4587,4.2044
MED00092,2026-11-09,11,1.5433,1.4012,1.4936,1.5,1.4677,0.0,8.3918,3.8341
MED00093,2026-11-09,11,0.2844,0.162,0.268,0.25,0.224,0.0,4.4239,2.3257
MED00094,2026-11-09,11,0.6125,0.4264,0.8065,0.75,0.5683,0.0,5.6701,2.8251
MED00095,2026-11-09,11,2.7656,3.4263,3.8034,3.875,3.3021,0.0,12.9271,5.3297
MED00096,2026-11-09,11,13.7485,9.6247,12.3455,13.75,11.532,1.1838,28.654,9.4811
MED00097,2026-11-09,11,0.5116,0.5563,0.0,0.0,0.422,0.0,5.1616,2.6245
MED00098,2026-11-09,11,7.5251,7.8344,9.095,9.625,8.0178,0.0,22.4239,7.9772
MED00099,2026-11-09,11,0.2682,0.2512,0.0,0.0,0.2023,0.0,4.3391,2.2907
MED00100,2026-11-09,11,0.1799,0.088,0.1306,0.125,0.1265,0.0,4.0334,2.1634
MED00101,2026-11-09,11,3.7832,4.5202,7.3053,7.25,4.8954,0.0,16.3611,6.349
MED00102,2026-11-09,11,4.3114,3.0966,3.4259,3.5,3.5563,0.0,13.4977,5.5049
MED00103,2026-11-09,11,2.7256,3.2965,1.0177,1.0,2.6243,0.0,11.3493,4.8313
MED00104,2026-11-09,11,6.8736,8.8854,8.9165,8.375,8.2633,0.0,22.8756,8.0914
MED00105,2026-11-09,11,10.8351,12.9474,9.8119,9.75,11.6103,1.2285,28.788,9.5119
MED00106,2026-11-09,11,0.1466,0.1638,0.0,0.0,0.123,0.0,4.019,2.1574
MED00107,2026-11-09,11,7.2606,9.9869,8.3084,8.25,8.7684,0.0,23.796,8.3213
MED00108,2026-11-09,11,2.7112,2.9117,3.9274,3.875,3.0714,0.0,12.3999,5.1655
MED00109,2026-11-09,11,0.508,0.6244,0.0,0.0,0.4526,0.0,5.2704,2.6678
MED00110,2026-11-09,11,0.4417,0.2383,0.0,0.0,0.2513,0.0,4.5299,2.3692
MED00111,2026-11-09,11,0.6994,0.6447,1.047,1.0,0.75,0.0,6.2687,3.0559
MED00112,2026-11-09,11,2.6422,2.877,3.7461,3.75,2.994,0.0,12.2208,5.1092
MED00113,2026-11-09,11,1.8342,1.4427,1.9413,2.0,1.6764,0.0,8.9586,4.0324
MED00114,2026-11-09,11,12.5308,12.039,18.3512,17.875,13.5767,2.3837,32.0965,10.2551
MED00115,2026-11-09,11,1.9695,2.0908,2.0101,2.0,2.0369,0.0,9.899,4.3535
MED00116,2026-11-09,11,7.5162,8.4888,9.8871,10.0,8.4924,0.0,23.2945,8.1965
MED00117,2026-11-09,11,1.7769,1.8954,0.9022,0.875,1.6442,0.0,8.8722,4.0024
MED00118,2026-11-09,11,1.6761,0.9147,1.7532,1.75,1.3389,0.0,8.0327,3.7066
MED00119,2026-11-09,11,1.95,1.8653,0.7614,0.75,1.6545,0.0,8.8998,4.012
MED00120,2026-11-09,11,11.1915,12.5949,3.6086,3.5,10.2126,0.4482,26.3686,8.9462
MED00121,2026-11-09,11,3.2011,4.7418,3.5536,3.375,4.0003,0.0,14.4718,5.7984
MED00122,2026-11-09,11,2.2706,2.1634,5.4107,5.625,2.9042,0.0,12.0116,5.0431
MED00123,2026-11-09,11,0.9501,0.7061,0.4567,0.5,0.73,0.0,6.2044,3.0314
MED00124,2026-11-09,11,7.0874,8.3775,8.3407,8.0,7.9689,0.0,22.3338,7.9543
MED00125,2026-11-09,11,0.274,0.171,0.3913,0.375,0.2516,0.0,4.5311,2.3697
MED00126,2026-11-09,11,0.7913,1.0641,0.0,0.0,0.7478,0.0,6.2616,3.0532
MED00127,2026-11-09,11,2.0277,1.6397,0.867,1.125,1.5967,0.0,8.7441,3.9578
MED00128,2026-11-09,11,2.0275,2.2021,0.9967,1.0,1.8874,0.0,9.5143,4.2233
MED00129,2026-11-09,11,1.7559,1.5212,0.3762,0.375,1.3487,0.0,8.0601,3.7164
MED00130,2026-11-09,11,0.1852,0.187,0.0,0.0,0.146,0.0,4.1135,2.1969
MED00131,2026-11-09,11,2.0813,2.1926,1.7048,2.375,2.0537,0.0,9.9417,4.3679
MED00132,2026-11-09,11,0.592,0.3984,0.0,0.0,0.3737,0.0,4.9876,2.5549
MED00133,2026-11-09,11,0.678,0.3165,0.6723,0.75,0.5086,0.0,5.4659,2.7451
MED00134,2026-11-09,11,0.4923,0.3309,0.0,0.0,0.3106,0.0,4.7548,2.4609
MED00135,2026-11-09,11,14.2343,14.6926,7.0368,6.875,12.9007,1.9798,30.9704,10.0058
MED00136,2026-11-09,11,1.5767,2.1737,2.5548,2.5,2.0693,0.0,9.9814,4.3812
MED00137,2026-11-09,11,2.2064,2.1497,2.1113,2.0,2.1615,0.0,10.2143,4.4592
MED00138,2026-11-09,11,2.0314,2.2356,1.9613,2.0,2.1136,0.0,10.0937,4.4188
MED00139,2026-11-09,11,3.0408,5.0035,1.2953,1.25,3.5816,0.0,13.5541,5.5221
MED00140,2026-11-09,11,1.8344,1.2751,0.8735,0.875,1.3665,0.0,8.1103,3.7343
MED00141,2026-11-09,11,4.3187,3.7871,4.0134,6.125,4.0085,0.0,14.4895,5.8037
MED00142,2026-11-09,11,0.4884,0.5937,0.3736,0.375,0.5132,0.0,5.4817,2.7512
MED00143,2026-11-09,11,1.8649,1.0814,1.698,1.75,1.4646,0.0,8.3834,3.8312
MED00144,2026-11-09,11,5.4284,7.573,5.3285,5.375,6.4136,0.0,19.3926,7.1869
MED00145,2026-11-09,11,0.6444,0.6137,1.1879,1.125,0.7487,0.0,6.2645,3.0543
MED00146,2026-11-09,11,1.6013,1.5583,2.4078,2.375,1.7578,0.0,9.1748,4.1071
MED00147,2026-11-09,11,1.7938,0.8998,1.3686,2.0,1.2858,0.0,7.8822,3.6527
MED00148,2026-11-09,11,5.7933,3.4448,5.0653,7.375,4.5444,0.0,15.6307,6.1389
MED00149,2026-11-09,11,3.5067,4.2908,5.8109,5.75,4.3764,0.0,15.2766,6.0359
MED00150,2026-11-09,11,1.5931,1.4325,1.5811,2.0,1.5171,0.0,8.5275,3.8819
MED00151,2026-11-09,11,2.043,1.9395,1.4935,1.5,1.8775,0.0,9.4885,4.2145
MED00152,2026-11-09,11,2.1632,1.9819,2.1958,2.125,2.0878,0.0,10.0283,4.3969
MED00153,2026-11-09,11,2.143,2.583,0.8725,0.875,2.0749,0.0,9.9957,4.386
MED00154,2026-11-09,11,14.9786,14.2718,19.2329,18.5,15.5867,3.6212,35.3846,10.9628
MED00155,2026-11-09,11,1.959,2.5691,2.6737,2.625,2.401,0.0,10.8083,4.6555
MED00156,2026-11-09,11,2.4463,1.9768,3.457,5.0,2.4488,0.0,10.9252,4.6937
MED00157,2026-11-09,11,4.2907,5.252,6.1512,6.0,5.1477,0.0,16.8783,6.4957
MED00158,2026-11-09,11,0.3055,0.2034,0.1333,0.125,0.2208,0.0,4.4114,2.3205
MED00159,2026-11-09,11,12.3104,10.3724,9.2836,8.75,10.7608,0.7498,27.3251,9.1722
MED00160,2026-11-09,11,3.3861,5.8188,4.0677,4.0,4.6735,0.0,15.9008,6.217
MED00161,2026-11-09,11,5.5587,8.0081,6.1136,6.375,6.8285,0.0,20.1913,7.3994
MED00162,2026-11-09,11,2.0681,2.9223,0.8985,0.875,2.2153,0.0,10.3491,4.504
MED00163,2026-11-09,11,0.3679,0.2655,0.2626,0.25,0.2976,0.0,4.7059,2.4411
MED00164,2026-11-09,11,1.92,1.5286,0.8789,1.25,1.5132,0.0,8.517,3.8783
MED00165,2026-11-09,11,7.4105,10.9488,10.7191,13.5,9.7883,0.2193,25.621,8.7672
MED00166,2026-11-09,11,2.0439,2.7522,1.1562,1.125,2.1841,0.0,10.271,4.478
MED00167,2026-11-09,11,1.7769,1.1601,3.6845,3.75,1.9046,0.0,9.5589,4.2385
MED00168,2026-11-09,11,1.9493,1.372,1.5549,1.625,1.5961,0.0,8.7425,3.9573
MED00169,2026-11-09,11,1.7913,1.582,1.361,1.375,1.602,0.0,8.7585,3.9628
MED00170,2026-11-09,11,1.8316,1.3688,2.0141,2.0,1.6569,0.0,8.9063,4.0143
MED00171,2026-11-09,11,2.1636,1.8653,2.1289,2.125,2.0189,0.0,9.8531,4.3381
MED00172,2026-11-09,11,1.6672,1.775,3.0504,3.75,2.0194,0.0,9.8543,4.3385
MED00173,2026-11-09,11,2.1369,2.1867,2.7675,2.875,2.2991,0.0,10.5576,4.573
MED00174,2026-11-09,11,5.9099,6.6379,5.4629,5.375,6.1588,0.0,18.8963,7.0532
MED00175,2026-11-09,11,1.4503,1.2081,0.5194,0.5,1.1367,0.0,7.4515,3.4968
MED00176,2026-11-09,11,13.0475,17.1217,11.8749,11.75,14.7087,3.0744,33.9589,10.6595
MED00177,2026-11-09,11,0.2919,0.4398,0.1334,0.125,0.3268,0.0,4.8153,2.4854
MED00178,2026-11-09,11,2.1331,1.1272,2.4026,2.75,1.7239,0.0,9.0851,4.0762
MED00179,2026-11-09,11,0.511,0.2973,0.6333,0.625,0.4383,0.0,5.2197,2.6476
MED00180,2026-11-09,11,1.9184,2.201,0.2559,0.25,1.6915,0.0,8.9989,4.0463
MED00181,2026-11-09,11,2.8723,3.5987,3.7984,3.625,3.4154,0.0,13.1826,5.4085
MED00182,2026-11-09,11,0.3037,0.4621,0.0,0.0,0.3121,0.0,4.7603,2.4631
MED00183,2026-11-09,11,15.4726,28.6145,14.9603,15.0,21.5142,7.5168,44.6742,12.8245
MED00184,2026-11-09,11,6.9221,10.815,5.2036,4.75,8.3741,0.0,23.0785,8.1424
MED00185,2026-11-09,11,1.8025,1.0718,2.828,4.125,1.6856,0.0,8.983,4.0409
MED00186,2026-11-09,11,1.8667,1.597,1.7785,1.75,1.7235,0.0,9.084,4.0758
MED00187,2026-11-09,11,2.6256,2.6715,1.2429,1.625,2.3496,0.0,10.6822,4.6141
MED00188,2026-11-09,11,3.088,4.0169,5.7778,5.625,4.1086,0.0,14.7053,5.8678
MED00189,2026-11-09,11,0.2097,0.1958,0.0,0.0,0.1579,0.0,4.1616,2.217
MED00190,2026-11-09,11,2.0381,2.8471,3.2249,3.25,2.6754,0.0,11.4715,4.8707
MED00191,2026-11-09,11,10.7201,13.1649,13.7603,13.0,12.5323,1.7625,30.3518,9.8673
MED00192,2026-11-09,11,0.1971,0.1529,0.2619,0.25,0.1907,0.0,4.2931,2.2717
MED00193,2026-11-09,11,0.088,0.1142,0.0,0.0,0.0812,0.0,3.8444,2.0838
MED00194,2026-11-09,11,5.7048,8.2388,9.5155,11.75,7.7208,0.0,21.8736,7.8369
MED00195,2026-11-09,11,5.0256,6.7881,7.4419,9.375,6.3781,0.0,19.3236,7.1684
MED00196,2026-11-09,11,5.5492,7.9021,4.6663,5.625,6.462,0.0,19.4862,7.212
MED00197,2026-11-09,11,5.356,7.0819,9.5337,11.625,7.0739,0.0,20.6586,7.5223
MED00198,2026-11-09,11,1.6907,1.2031,2.4019,2.375,1.619,0.0,8.8044,3.9788
MED00199,2026-11-09,11,1.3515,1.4039,0.8199,1.375,1.262,0.0,7.8141,3.6282
MED00200,2026-11-09,11,1.7886,1.4645,1.5585,1.625,1.5891,0.0,8.7236,3.9506
MED00201,2026-11-09,11,7.9758,6.8719,5.9434,8.375,7.0272,0.0,20.5699,7.4991
MED00202,2026-11-09,11,1.7777,1.7044,0.3708,0.375,1.44,0.0,8.3151,3.807
MED00203,2026-11-09,11,2.0991,2.0407,2.2922,3.25,2.1158,0.0,10.0993,4.4207
MED00204,2026-11-09,11,1.9907,2.2835,0.7558,0.75,1.8614,0.0,9.4468,4.2003
MED00205,2026-11-09,11,11.2149,13.8099,9.7919,9.75,12.1292,1.5273,29.671,9.7135
MED00206,2026-11-09,11,1.0973,0.9119,1.2299,1.5,1.0406,0.0,7.1673,3.3926
MED00207,2026-11-09,11,1.8582,1.7629,2.7388,2.75,2.0066,0.0,9.8217,4.3275
MED00208,2026-11-09,11,10.8931,12.0824,11.3747,11.0,11.5639,1.202,28.7086,9.4936
MED00209,2026-11-09,11,2.5822,1.7955,4.5967,5.125,2.6545,0.0,11.4216,4.8546
MED00210,2026-11-09,11,1.4222,0.8703,2.3203,2.25,1.3608,0.0,8.0942,3.7285
MED00211,2026-11-09,11,2.1035,1.9525,2.4812,2.625,2.1171,0.0,10.1024,4.4218
MED00212,2026-11-09,11,1.9517,2.0432,0.1949,0.25,1.6152,0.0,8.7941,3.9752
MED00213,2026-11-09,11,1.2482,1.9825,0.0,0.0,1.3215,0.0,7.9834,3.6889
MED00214,2026-11-09,11,9.312,9.8892,13.6597,13.875,10.5343,0.6244,26.9311,9.0795
MED00215,2026-11-09,11,2.2087,2.3972,2.19,2.25,2.2949,0.0,10.547,4.5695
MED00216,2026-11-09,11,0.0859,0.102,0.0,0.0,0.0749,0.0,3.8175,2.0724
MED00217,2026-11-09,11,0.2471,0.1942,0.2592,0.25,0.2253,0.0,4.429,2.3278
MED00218,2026-11-09,11,4.0063,5.4604,5.4659,5.375,5.0061,0.0,16.5888,6.4137
MED00219,2026-11-09,11,14.2065,10.3597,11.0714,10.5,11.7439,1.305,29.0161,9.5642
MED00220,2026-11-09,11,1.9615,1.85,2.8404,2.875,2.1021,0.0,10.0646,4.4091
MED00221,2026-11-09,11,2.9043,3.3305,1.5684,2.25,2.8164,0.0,11.8055,4.9776
MED00222,2026-11-09,11,0.5098,0.567,0.0,0.0,0.4264,0.0,5.1773,2.6308
MED00223,2026-11-09,11,9.0564,12.0815,4.5296,4.25,9.4959,0.0638,25.1021,8.6417
MED00224,2026-11-09,11,1.7671,1.3622,0.6284,0.625,1.3327,0.0,8.0151,3.7003
MED00225,2026-11-09,11,3.7747,4.0579,5.4024,5.875,4.2639,0.0,15.0378,5.9659
MED00226,2026-11-09,11,2.1657,1.6848,2.4766,3.625,2.0108,0.0,9.8323,4.331
MED00227,2026-11-09,11,15.5641,14.1503,19.9389,20.25,15.8687,3.7988,35.8395,11.0585
MED00228,2026-11-09,11,1.7294,0.8399,2.3366,3.0,1.4475,0.0,8.3361,3.8144
MED00229,2026-11-09,11,0.5815,0.7483,0.0,0.0,0.5338,0.0,5.5526,2.7791
MED00230,2026-11-09,11,12.7752,14.5162,11.4526,11.25,13.314,2.226,31.6603,10.159
MED00231,2026-11-09,11,1.6331,0.576,1.2335,1.25,1.0544,0.0,7.2085,3.4077
MED00232,2026-11-09,11,2.9067,3.974,1.1569,1.125,3.0283,0.0,12.3003,5.1342
MED00233,2026-11-09,11,0.6418,0.352,0.5607,0.625,0.4895,0.0,5.3997,2.7189
MED00234,2026-11-09,11,1.7961,1.0933,2.1061,2.125,1.537,0.0,8.5819,3.9011
MED00235,2026-11-09,11,69.058,70.1415,63.4652,61.625,68.4194,43.6528,109.398,22.6913
MED00236,2026-11-09,11,2.1834,2.5704,1.8733,1.875,2.299,0.0,10.5573,4.5729
MED00237,2026-11-09,11,3.6473,3.9687,5.016,6.625,4.098,0.0,14.6826,5.861
MED00238,2026-11-09,11,1.8678,1.6304,1.6043,1.625,1.7016,0.0,9.0258,4.0557
MED00239,2026-11-09,11,3.1993,4.3246,4.324,4.5,3.9721,0.0,14.4107,5.7802
MED00240,2026-11-09,11,3.7148,3.3997,4.2134,6.125,3.6795,0.0,13.7709,5.588
MED00241,2026-11-09,11,2.3478,2.9682,2.3535,2.375,2.6411,0.0,11.3896,4.8443
MED00242,2026-11-09,11,7.4868,12.5601,7.1185,8.75,9.7836,0.2167,25.6127,8.7652
MED00243,2026-11-09,11,0.1248,0.079,0.1308,0.125,0.1048,0.0,3.9438,2.1257
MED00244,2026-11-09,11,2.0034,2.1926,2.1461,2.125,2.1247,0.0,10.1217,4.4282
MED00245,2026-11-09,11,72.4091,60.2564,81.2896,79.25,68.7333,43.9103,109.8051,22.7429
MED00246,2026-11-09,11,4.8234,5.7173,6.575,6.75,5.6258,0.0,17.8429,6.7651
MED00247,2026-11-09,11,10.9302,13.6893,12.5137,12.375,12.5732,1.7866,30.4207,9.8828
MED00248,2026-11-09,11,2.0697,1.6122,1.8974,2.5,1.8207,0.0,9.3404,4.1639
MED00249,2026-11-09,11,19.8764,24.8455,31.7595,34.25,24.7955,9.7911,49.6216,13.7471
MED00250,2026-11-09,11,9.8554,8.2649,11.0846,16.125,9.3892,0.0076,24.9119,8.5955
MED00251,2026-11-09,11,1.7388,1.3301,2.9073,2.875,1.8032,0.0,9.2945,4.1482
MED00252,2026-11-09,11,0.4704,0.1619,0.7505,0.75,0.3876,0.0,5.038,2.5751
MED00253,2026-11-09,11,3.3387,4.2773,4.04,4.0,3.9326,0.0,14.3249,5.7546
MED00254,2026-11-09,11,0.3651,0.1829,1.0011,1.0,0.4184,0.0,5.1488,2.6194
MED00255,2026-11-09,11,4.0182,6.0602,4.0104,6.625,4.9741,0.0,16.5231,6.3951
MED00256,2026-11-09,11,2.095,1.8446,1.3092,1.25,1.8097,0.0,9.3114,4.154
MED00257,2026-11-09,11,3.9386,4.2626,5.3338,7.5,4.3966,0.0,15.3193,6.0483
MED00258,2026-11-09,11,2.0645,2.3726,3.7429,3.875,2.5747,0.0,11.2301,4.7928
MED00259,2026-11-09,11,2.1482,1.9814,3.1253,3.125,2.2845,0.0,10.5213,4.561
MED00260,2026-11-09,11,0.4329,0.4519,1.1553,1.125,0.599,0.0,5.7736,2.8654
MED00261,2026-11-09,11,0.7698,0.7262,0.1313,0.125,0.6116,0.0,5.816,2.8818
MED00262,2026-11-09,11,2.9177,2.5434,3.4902,5.0,2.87,0.0,11.9316,5.0177
MED00263,2026-11-09,11,2.7611,3.3776,5.3881,5.375,3.6218,0.0,13.6433,5.5492
MED00264,2026-11-09,11,0.2719,0.1222,0.0,0.0,0.1433,0.0,4.1022,2.1922
MED00265,2026-11-09,11,5.7393,6.9801,10.2922,10.375,7.3125,0.0,21.1094,7.6398
MED00266,2026-11-09,11,14.429,15.3561,6.2678,6.25,13.1054,2.1014,31.3125,10.082
MED00267,2026-11-09,11,4.1919,5.9884,3.7262,3.875,4.934,0.0,16.4406,6.3716
MED00268,2026-11-09,11,2.1063,2.4693,3.5904,3.625,2.6,0.0,11.2909,4.8125
MED00269,2026-11-09,11,2.1119,2.1183,2.1772,2.125,2.1312,0.0,10.138,4.4337
MED00270,2026-11-09,11,2.296,2.0391,4.9076,4.875,2.7451,0.0,11.637,4.9238
MED00271,2026-11-09,11,1.4283,2.2095,3.4569,4.25,2.2348,0.0,10.3977,4.5201
MED00272,2026-11-09,11,3.8002,4.0026,3.8626,4.875,3.9121,0.0,14.2803,5.7413
MED00273,2026-11-09,11,3.1473,2.8552,2.1071,2.625,2.7883,0.0,11.7393,4.9565
MED00274,2026-11-09,11,0.5363,0.2999,0.3426,0.375,0.3844,0.0,5.0265,2.5705
MED00275,2026-11-09,11,10.635,7.2083,10.9037,14.25,9.1037,0.0,24.4006,8.4705
MED00276,2026-11-09,11,1.8444,1.7567,2.2685,2.25,1.8973,0.0,9.5401,4.2321
MED00277,2026-11-09,11,0.2144,0.1792,0.0,0.0,0.1517,0.0,4.1364,2.2065
MED00278,2026-11-09,11,7.3784,8.5557,11.245,11.25,8.7746,0.0,23.8073,8.3241
MED00279,2026-11-09,11,19.5417,20.1898,23.5489,22.25,20.7335,6.9865,43.4791,12.5951
MED00280,2026-11-09,11,0.2408,0.1545,0.2628,0.25,0.2055,0.0,4.3516,2.2958
MED00281,2026-11-09,11,12.8653,10.39,13.0525,15.875,11.7628,1.3158,29.0483,9.5716
MED00282,2026-11-09,11,3.3727,2.5983,2.4778,3.25,2.8202,0.0,11.8146,4.9805
MED00283,2026-11-09,11,2.1241,2.4955,3.4993,3.625,2.5981,0.0,11.2864,4.811
MED00284,2026-11-09,11,1.3774,0.8402,0.4395,0.625,0.9244,0.0,6.8155,3.2621
MED00285,2026-11-09,11,4.715,5.1671,7.5284,7.375,5.5414,0.0,17.674,6.7183
MED00286,2026-11-09,11,3.8797,3.4946,6.1534,7.0,4.1971,0.0,14.8951,5.9239
MED00287,2026-11-09,11,2.8934,3.4384,3.616,3.625,3.3076,0.0,12.9395,5.3335
MED00288,2026-11-09,11,37.1568,42.4875,39.7174,38.625,40.239,21.1975,71.7449,17.446
MED00289,2026-11-09,11,3.8923,3.9221,5.8625,8.75,4.3376,0.0,15.1944,6.0118
MED00290,2026-11-09,11,1.8083,1.095,1.1009,1.125,1.3235,0.0,7.989,3.691
MED00291,2026-11-09,11,9.7611,17.1419,3.0333,3.0,11.7578,1.3129,29.0397,9.5696
MED00292,2026-11-09,11,1.6272,1.2292,0.8367,1.25,1.2714,0.0,7.8411,3.6379
MED00293,2026-11-09,11,4.1824,3.1818,8.459,9.875,4.6473,0.0,15.8462,6.2012
MED00294,2026-11-09,11,1.2948,0.6696,0.7002,1.0,0.8751,0.0,6.6635,3.2052
MED00295,2026-11-09,11,0.2989,0.2054,0.0,0.0,0.1907,0.0,4.293,2.2716
MED00296,2026-11-09,11,3.7364,3.8745,4.3505,4.5,3.9379,0.0,14.3365,5.7581
MED00297,2026-11-09,11,5.451,7.0029,6.5723,6.625,6.4245,0.0,19.4137,7.1926
MED00298,2026-11-09,11,2.101,1.645,3.9013,4.0,2.2808,0.0,10.5121,4.558
MED00299,2026-11-09,11,0.4609,0.2857,0.2539,0.25,0.3346,0.0,4.8442,2.4971
MED00300,2026-11-09,11,1.829,1.7596,0.2488,0.25,1.4555,0.0,8.3582,3.8223
MED00301,2026-11-09,11,4.5944,6.3239,5.6013,5.625,5.6252,0.0,17.8416,6.7647
MED00302,2026-11-09,11,8.7728,8.4885,4.553,4.375,7.7331,0.0,21.8966,7.8428
MED00303,2026-11-09,11,2.7946,2.2338,2.8012,3.625,2.537,0.0,11.1391,4.7633
MED00304,2026-11-09,11,3.513,4.2478,3.1176,4.625,3.7738,0.0,13.9785,5.6507
MED00305,2026-11-09,11,1.7861,1.892,1.137,1.125,1.6965,0.0,9.0121,4.0509
MED00306,2026-11-09,11,0.4785,0.2346,0.0,0.0,0.2612,0.0,4.5679,2.3848
MED00307,2026-11-09,11,24.9345,27.541,36.4412,36.375,28.6736,12.5601,55.3349,14.7633
MED00308,2026-11-09,11,0.722,0.703,0.5133,0.5,0.6686,0.0,6.0045,2.9547
MED00309,2026-11-09,11,2.8741,3.3267,1.5809,2.25,2.8077,0.0,11.7851,4.9711
MED00310,2026-11-09,11,3.2739,3.0465,2.166,3.25,2.9305,0.0,12.0731,5.0626
MED00311,2026-11-09,11,3.0169,3.3536,3.3074,4.375,3.2402,0.0,12.7864,5.2861
MED00312,2026-11-09,11,0.5926,0.1997,0.3383,0.375,0.3545,0.0,4.9174,2.5267
MED00313,2026-11-09,11,0.4015,0.2371,1.8023,1.75,0.6291,0.0,5.8742,2.9044
MED00314,2026-11-09,11,11.5721,11.6921,8.9553,8.75,11.0719,0.9235,27.8633,9.298
MED00315,2026-11-09,11,8.6882,10.3125,11.0938,11.25,9.9775,0.3209,25.9552,8.8474
MED00316,2026-11-09,11,2.6869,3.1008,2.5381,2.625,2.8506,0.0,11.8859,5.0032
MED00317,2026-11-09,11,2.0978,2.2679,2.8246,2.875,2.337,0.0,10.6512,4.6039
MED00318,2026-11-09,11,2.4558,1.5279,3.383,5.0,2.2261,0.0,10.3761,4.513
MED00319,2026-11-09,11,10.5309,12.4748,11.3549,11.0,11.6281,1.2386,28.8183,9.5189
MED00320,2026-11-09,11,5.7558,6.7046,3.6889,3.75,5.7561,0.0,18.1025,6.8366
MED00321,2026-11-09,11,0.602,0.9215,3.8575,3.75,1.4583,0.0,8.3658,3.8249
MED00322,2026-11-09,11,0.189,0.1467,0.0,0.0,0.1284,0.0,4.0413,2.1667
MED00323,2026-11-09,11,1.0667,0.5958,2.2327,2.5,1.1009,0.0,7.3463,3.4583
MED00324,2026-11-09,11,1.251,0.9645,1.1963,2.0,1.1066,0.0,7.3631,3.4645
MED00325,2026-11-09,11,6.0307,7.9991,5.7086,5.75,6.886,0.0,20.3011,7.4284
MED00326,2026-11-09,11,8.4158,11.2278,8.564,8.5,9.7696,0.2093,25.588,8.7592
MED00327,2026-11-09,11,2.8312,3.9192,2.2821,2.25,3.223,0.0,12.7473,5.2739
MED00328,2026-11-09,11,3.8179,4.354,5.4441,5.625,4.425,0.0,15.3794,6.0658
MED00329,2026-11-09,11,10.4827,12.0657,12.1464,11.625,11.5935,1.2189,28.7592,9.5053
MED00330,2026-11-09,11,3.9343,4.5653,5.8237,6.125,4.6429,0.0,15.8371,6.1986
MED00331,2026-11-09,11,1.831,1.2829,2.4114,2.375,1.7028,0.0,9.0289,4.0567
MED00332,2026-11-09,11,2.7215,3.632,2.9348,2.875,3.1957,0.0,12.6851,5.2546
MED00333,2026-11-09,11,2.5641,2.335,5.948,6.25,3.194,0.0,12.681,5.2533
MED00334,2026-11-09,11,9.9886,12.3333,4.4363,4.375,9.8887,0.2731,25.7986,8.8099
MED00335,2026-11-09,11,5.5864,5.7148,6.9275,6.5,5.943,0.0,18.4724,6.938
MED00336,2026-11-09,11,8.874,10.1799,11.8113,11.25,10.1301,0.4034,26.2238,8.9117
MED00337,2026-11-09,11,56.4945,51.188,62.7211,60.25,55.424,33.1143,92.3376,20.4404
MED00338,2026-11-09,11,10.1804,13.8127,1.2923,1.25,9.9581,0.3105,25.9211,8.8393
MED00339,2026-11-09,11,1.7371,1.1616,0.2638,0.375,1.1504,0.0,7.4916,3.5114
MED00340,2026-11-09,11,1.9732,2.6033,0.2681,0.25,1.8995,0.0,9.5456,4.2339
MED00341,2026-11-09,11,4.7985,6.098,7.9618,8.375,6.0966,0.0,18.7745,7.0202
MED00342,2026-11-09,11,2.0601,1.8055,1.3925,1.375,1.7984,0.0,9.2818,4.1438
MED00343,2026-11-09,11,9.5188,9.985,11.5288,11.625,10.1822,0.4317,26.3152,8.9335
MED00344,2026-11-09,11,4.1746,4.871,5.2987,5.625,4.7479,0.0,16.0558,6.2616
MED00345,2026-11-09,11,0.1853,0.1011,0.0,0.0,0.1059,0.0,3.9484,2.1277
MED00346,2026-11-09,11,2.9114,3.4884,2.0561,2.0,2.9982,0.0,12.2304,5.1122
MED00347,2026-11-09,11,0.2069,0.1785,0.0,0.0,0.1489,0.0,4.1252,2.2018
MED00348,2026-11-09,11,1.7201,1.3039,1.3735,1.375,1.4523,0.0,8.3492,3.8191
MED00349,2026-11-09,11,2.274,1.9747,2.004,2.0,2.0779,0.0,10.0033,4.3886
MED00350,2026-11-09,11,0.9376,1.9238,2.5817,2.5,1.7559,0.0,9.1697,4.1053
MED00351,2026-11-09,11,0.5512,0.6281,0.0,0.0,0.4681,0.0,5.3247,2.6893
MED00352,2026-11-09,11,0.212,0.3239,0.0,0.0,0.2185,0.0,4.4024,2.3168
MED00353,2026-11-09,11,0.8861,0.517,0.0,0.0,0.5223,0.0,5.5133,2.7637
MED00354,2026-11-09,11,0.8552,1.1509,1.2901,1.25,1.0885,0.0,7.3098,3.445
MED00355,2026-11-09,11,8.7077,9.5572,9.3947,11.5,9.2622,0.0,24.6849,8.5401
MED00356,2026-11-09,11,1.911,1.9661,1.9229,1.875,1.9412,0.0,9.6536,4.2706
MED00357,2026-11-09,11,0.2254,0.1081,0.2619,0.25,0.1788,0.0,4.2456,2.2519
MED00358,2026-11-09,11,4.7242,4.9647,2.3605,3.375,4.3283,0.0,15.1747,6.006
MED00359,2026-11-09,11,2.0558,2.2282,1.5761,1.5,2.0342,0.0,9.8922,4.3512
MED00360,2026-11-09,11,2.5418,1.8636,3.3188,3.875,2.3962,0.0,10.7967,4.6516
MED00361,2026-11-09,11,2.1853,2.154,4.6812,4.875,2.7145,0.0,11.5645,4.9006
MED00362,2026-11-09,11,2.3111,2.008,4.9267,4.875,2.7394,0.0,11.6237,4.9195
MED00363,2026-11-09,11,1.6952,1.426,2.4799,2.5,1.7414,0.0,9.1315,4.0922
MED00364,2026-11-09,11,0.1792,0.1978,0.0,0.0,0.1492,0.0,4.1263,2.2023
MED00365,2026-11-09,11,2.1046,2.2982,2.1068,2.125,2.1976,0.0,10.3048,4.4893
MED00366,2026-11-09,11,8.8631,9.4029,11.1435,11.25,9.6189,0.129,25.3208,8.6947
MED00367,2026-11-09,11,2.0875,2.6004,1.5913,1.625,2.2214,0.0,10.3645,4.5091
MED00368,2026-11-09,11,2.6091,3.2744,5.0491,5.0,3.4519,0.0,13.2645,5.4336
MED00369,2026-11-09,11,3.3518,3.6034,3.5691,5.0,3.5198,0.0,13.4165,5.4802
MED00370,2026-11-09,11,0.4585,0.2385,0.0,0.0,0.2567,0.0,4.5507,2.3777
MED00371,2026-11-09,11,15.936,13.9302,14.2552,14.0,14.6505,3.0384,33.8637,10.639
MED00372,2026-11-09,11,0.2343,0.1042,0.1305,0.125,0.1513,0.0,4.1348,2.2058
MED00373,2026-11-09,11,0.6343,0.5602,0.9129,0.875,0.6608,0.0,5.979,2.9449
MED00374,2026-11-09,11,1.7145,1.1774,1.8882,2.75,1.5031,0.0,8.4893,3.8685
MED00375,2026-11-09,11,15.3559,16.2739,13.8734,13.5,15.4783,3.5532,35.2094,10.9258
MED00376,2026-11-09,11,2.0212,1.9743,1.9952,2.0,1.9957,0.0,9.7936,4.318
MED00377,2026-11-09,11,0.5298,0.6906,0.9362,0.875,0.6936,0.0,6.0865,2.9862
MED00378,2026-11-09,11,2.0376,2.4512,2.2053,2.125,2.2692,0.0,10.4833,4.5485
MED00379,2026-11-09,11,0.5645,0.8916,2.5725,2.5,1.1536,0.0,7.501,3.5148
MED00380,2026-11-09,11,0.6253,0.4035,0.0,0.0,0.3867,0.0,5.0347,2.5738
MED00381,2026-11-09,11,1.4452,2.3497,1.3028,1.25,1.8381,0.0,9.3859,4.1795
MED00382,2026-11-09,11,2.146,1.3875,2.6137,3.75,1.8954,0.0,9.5351,4.2304
MED00383,2026-11-09,11,5.888,8.4197,5.9195,5.75,7.083,0.0,20.6758,7.5268
MED00384,2026-11-09,11,2.0023,1.8807,2.1681,2.125,1.9835,0.0,9.7624,4.3074
MED00385,2026-11-09,11,18.0694,20.47,20.7078,20.25,19.7811,6.346,42.0107,12.3093
MED00386,2026-11-09,11,13.606,13.5116,13.9648,14.125,13.6534,2.4299,32.2236,10.283
MED00387,2026-11-09,11,17.9523,21.5084,23.4483,22.5,20.8236,7.0475,43.6174,12.6218
MED00388,2026-11-09,11,120.7521,120.4663,93.9599,84.125,114.9255,82.8741,167.9574,29.3657
MED00389,2026-11-09,11,8.401,8.8039,8.1556,11.25,8.5443,0.0,23.3891,8.2201
MED00390,2026-11-09,11,17.8339,19.7061,21.948,34.25,19.6188,6.2376,41.7594,12.26
MED00391,2026-11-09,11,16.045,16.33,18.1306,24.875,16.6467,4.2933,37.0865,11.3183
MED00392,2026-11-09,11,16.1965,17.91,17.6317,22.625,17.3243,4.7292,38.1641,11.5397
MED00393,2026-11-09,11,10.7946,11.4689,8.3825,10.125,10.5969,0.6589,27.0401,9.1052
MED00394,2026-11-09,11,13.3309,11.7217,12.7548,16.25,12.4677,1.7247,30.2431,9.8429
MED00395,2026-11-09,11,16.1592,16.8093,14.7657,18.375,16.1766,3.9937,36.3342,11.162
MED00396,2026-11-09,11,48.1965,52.3439,39.6249,46.75,48.3215,27.4765,82.8114,19.0983
MED00397,2026-11-09,11,42.4568,47.1804,49.9333,48.125,46.3276,25.9127,80.1059,18.7043
MED00398,2026-11-09,11,131.3085,110.1558,126.1237,128.0,120.4364,87.6288,174.7195,30.0585
MED00399,2026-11-09,11,138.0496,115.1133,115.3023,115.75,122.5402,89.4485,177.2935,30.3189
MED00400,2026-11-09,11,77.0296,71.9756,72.3103,69.875,73.7224,48.0206,116.2483,23.5481
MED00401,2026-11-09,11,12.2959,10.7195,12.5343,20.875,11.6237,1.2362,28.8109,9.5172
MED00402,2026-11-09,11,17.048,14.1946,20.3526,29.875,16.4496,4.1674,36.7716,11.253
MED00403,2026-11-09,11,11.6942,16.5257,9.3193,9.125,13.4469,2.3056,31.8811,10.2077
MED00404,2026-11-09,11,4.4216,6.0598,6.1146,6.125,5.5585,0.0,17.7082,6.7278
MED00405,2026-11-09,11,6.8136,7.8948,7.2126,7.375,7.4119,0.0,21.2964,7.6883
MED00406,2026-11-09,11,19.5253,22.841,25.1681,26.75,22.3177,8.0672,45.8965,13.0565
MED00407,2026-11-09,11,16.7992,15.1628,21.4926,30.5,17.0703,4.5652,37.761,11.4572
MED00408,2026-11-09,11,6.2501,5.5579,7.6638,11.25,6.2398,0.0,19.0546,7.096
MED00409,2026-11-09,11,8.2008,10.1434,6.3484,10.875,8.7142,0.0,23.6978,8.297
MED00410,2026-11-09,11,6.8529,8.1291,7.8406,14.0,7.6701,0.0,21.7792,7.8127
MED00411,2026-11-09,11,16.7376,16.909,17.0571,26.125,16.9037,4.4581,37.4961,11.4028
MED00412,2026-11-09,11,11.6327,7.6294,9.5614,14.0,9.3253,0.0,24.7978,8.5677
MED00413,2026-11-09,11,11.7107,9.8494,9.1205,12.875,10.2911,0.4911,26.5062,8.9789
MED00414,2026-11-09,11,16.6352,15.2203,16.3164,24.125,15.9219,3.8324,35.925,11.0765
MED00415,2026-11-09,11,12.079,8.839,10.141,15.75,10.1574,0.4183,26.2718,8.9231
MED00416,2026-11-09,11,15.0055,14.3379,16.232,23.75,14.9749,3.2392,34.3927,10.7523
MED00417,2026-11-09,11,6.7444,6.1291,5.831,7.5,6.2656,0.0,19.1049,7.1096
MED00418,2026-11-09,11,6.7697,5.7767,7.4891,9.375,6.4689,0.0,19.4996,7.2156
MED00419,2026-11-09,11,7.9489,7.2283,7.9921,10.125,7.6297,0.0,21.7039,7.7934
MED00420,2026-11-09,11,17.5209,15.2249,19.9061,30.625,16.9838,4.5096,37.6235,11.429
MED00421,2026-11-09,11,17.9753,14.1093,23.0303,34.125,17.2848,4.7036,38.1014,11.5269
MED00422,2026-11-09,11,15.528,14.3003,16.2191,23.375,15.1202,3.3295,34.6289,10.8027
MED00423,2026-11-09,11,11.4788,10.46,9.2583,11.25,10.5327,0.6235,26.9283,9.0788
MED00424,2026-11-09,11,94.7381,82.5226,115.1028,118.875,93.5473,64.616,141.4169,26.5071
MED00001,2026-11-16,12,12.6319,8.8488,10.8555,15.125,10.4924,0.6013,26.858,9.0622
MED00002,2026-11-16,12,0.0955,0.1051,0.1295,0.125,0.1074,0.0,3.9545,2.1303
MED00003,2026-11-16,12,0.3139,0.5076,0.0,0.0,0.3365,0.0,4.8513,2.5
MED00004,2026-11-16,12,0.8939,0.6704,1.7856,1.75,0.9839,0.0,6.997,3.3296
MED00005,2026-11-16,12,2.0632,3.3137,1.9121,1.875,2.6164,0.0,11.3303,4.8252
MED00006,2026-11-16,12,1.6216,1.0236,0.2532,0.25,1.047,0.0,7.1865,3.3997
MED00007,2026-11-16,12,3.9555,3.3793,2.971,2.75,3.4767,0.0,13.3202,5.4507
MED00008,2026-11-16,12,0.6604,0.5191,1.3716,1.375,0.7494,0.0,6.2669,3.0552
MED00009,2026-11-16,12,3.108,3.5969,2.9909,3.875,3.314,0.0,12.954,5.338
MED00010,2026-11-16,12,5.0269,3.5746,4.3093,4.125,4.198,0.0,14.897,5.9244
MED00011,2026-11-16,12,19.3888,22.1557,24.7418,24.875,21.8619,7.7544,45.2041,12.9254
MED00012,2026-11-16,12,2.0055,2.7292,0.3764,0.375,1.9919,0.0,9.784,4.3148
MED00013,2026-11-16,12,3.569,3.9549,6.3352,6.375,4.353,0.0,15.2272,6.0214
MED00014,2026-11-16,12,17.2755,14.263,26.462,28.0,17.8794,5.0897,39.0412,11.718
MED00015,2026-11-16,12,0.4985,0.3406,0.911,0.875,0.5148,0.0,5.4873,2.7534
MED00016,2026-11-16,12,2.0475,1.6281,4.6452,4.75,2.4174,0.0,10.8485,4.6686
MED00017,2026-11-16,12,1.8439,1.7453,2.3531,2.375,1.9102,0.0,9.5734,4.2434
MED00018,2026-11-16,12,81.743,65.6465,83.9635,87.75,74.7895,48.9036,117.6201,23.7168
MED00019,2026-11-16,12,48.5591,38.0382,48.4251,49.375,43.6653,23.8392,76.4693,18.1648
MED00020,2026-11-16,12,9.6157,12.0004,15.0226,14.875,11.9123,1.4018,29.3028,9.6298
MED00021,2026-11-16,12,3.4345,3.3766,3.0483,4.5,3.3271,0.0,12.9837,5.3472
MED00022,2026-11-16,12,2.1046,1.3174,2.3629,3.375,1.7951,0.0,9.2733,4.1409
MED00023,2026-11-16,12,1.3697,0.9045,0.2083,0.25,0.9018,0.0,6.746,3.2362
MED00024,2026-11-16,12,2.6417,2.7734,2.0461,2.875,2.5766,0.0,11.2346,4.7943
MED00025,2026-11-16,12,0.1122,0.1024,0.0,0.0,0.0834,0.0,3.8536,2.0877
MED00026,2026-11-16,12,0.4793,0.3145,0.1337,0.125,0.3278,0.0,4.8189,2.4869
MED00027,2026-11-16,12,0.2691,0.1204,0.0,0.0,0.1415,0.0,4.0951,2.1892
MED00028,2026-11-16,12,0.5419,0.5787,0.5209,0.5,0.555,0.0,5.6252,2.8075
MED00029,2026-11-16,12,10.2795,11.4008,12.7788,17.375,11.3558,1.0836,28.352,9.4114
MED00030,2026-11-16,12,3.545,3.4045,4.112,5.5,3.606,0.0,13.6081,5.5386
MED00031,2026-11-16,12,2.7339,3.2406,2.4991,3.25,2.9223,0.0,12.0539,5.0565
MED00032,2026-11-16,12,2.2028,1.4978,1.8278,2.75,1.7944,0.0,9.2713,4.1402
MED00033,2026-11-16,12,1.047,1.6985,1.9223,1.875,1.5422,0.0,8.5963,3.9061
MED00034,2026-11-16,12,20.826,21.2087,25.3126,25.0,21.9991,7.8484,45.4128,12.965
MED00035,2026-11-16,12,0.4603,0.2053,0.4085,0.375,0.3304,0.0,4.8287,2.4908
MED00036,2026-11-16,12,1.6974,1.3987,2.3344,2.25,1.6978,0.0,9.0157,4.0522
MED00037,2026-11-16,12,4.1398,3.1987,5.4494,5.5,3.9886,0.0,14.4465,5.7909
MED00038,2026-11-16,12,12.5163,10.5348,13.3887,20.0,11.7928,1.333,29.0994,9.5833
MED00039,2026-11-16,12,1.1715,1.2617,1.2432,1.25,1.2304,0.0,7.7235,3.5955
MED00040,2026-11-16,12,0.601,0.4581,1.0082,1.0,0.6232,0.0,5.8547,2.8968
MED00041,2026-11-16,12,0.6471,0.4162,0.1149,0.125,0.4244,0.0,5.1703,2.628
MED00042,2026-11-16,12,3.1791,3.3872,1.9452,2.0,3.0117,0.0,12.2618,5.1221
MED00043,2026-11-16,12,0.4769,0.3947,0.51,0.5,0.4461,0.0,5.2475,2.6587
MED00044,2026-11-16,12,1.8467,1.6261,0.8603,1.25,1.5315,0.0,8.5669,3.8958
MED00045,2026-11-16,12,1.7399,1.5581,0.1239,0.125,1.3061,0.0,7.9397,3.6733
MED00046,2026-11-16,12,2.2742,2.1779,0.793,1.125,1.9101,0.0,9.5731,4.2433
MED00047,2026-11-16,12,4.8535,5.9698,7.2137,7.375,5.8919,0.0,18.3714,6.9104
MED00048,2026-11-16,12,12.3065,14.1397,16.4634,17.75,14.0769,2.6868,32.923,10.4357
MED00049,2026-11-16,12,0.1883,0.1125,0.0,0.0,0.1122,0.0,3.9744,2.1387
MED00050,2026-11-16,12,2.6513,3.2779,2.6419,2.625,2.9445,0.0,12.1057,5.0729
MED00051,2026-11-16,12,0.1999,0.1122,0.0,0.0,0.1158,0.0,3.9892,2.1448
MED00052,2026-11-16,12,0.4787,0.5054,0.5051,0.5,0.4974,0.0,5.427,2.7297
MED00053,2026-11-16,12,4.5255,6.053,5.6249,10.0,5.482,0.0,17.5547,6.6851
MED00054,2026-11-16,12,4.7631,6.7347,6.9,11.75,6.1523,0.0,18.8836,7.0498
MED00055,2026-11-16,12,1.0743,0.8377,1.3571,1.25,1.0262,0.0,7.1244,3.3768
MED00056,2026-11-16,12,0.7394,0.4389,0.9812,1.0,0.6523,0.0,5.9509,2.934
MED00057,2026-11-16,12,0.5774,0.3278,0.1254,0.125,0.3633,0.0,4.9498,2.5397
MED00058,2026-11-16,12,1.67,1.1274,0.1266,0.125,1.0833,0.0,7.2945,3.4394
MED00059,2026-11-16,12,7.5221,6.6125,10.5285,11.75,7.7572,0.0,21.9414,7.8543
MED00060,2026-11-16,12,5.2954,3.8679,5.0593,7.625,4.5828,0.0,15.7114,6.1623
MED00061,2026-11-16,12,0.6531,0.7838,0.8137,0.75,0.7496,0.0,6.2675,3.0555
MED00062,2026-11-16,12,11.579,8.634,10.0921,15.875,9.8926,0.2752,25.8055,8.8115
MED00063,2026-11-16,12,0.138,0.1161,0.0,0.0,0.098,0.0,3.915,2.1136
MED00064,2026-11-16,12,23.6664,26.0279,24.8219,25.375,25.0436,9.9659,49.9912,13.8144
MED00065,2026-11-16,12,58.9753,56.1185,49.8184,51.5,55.7131,33.3458,92.7219,20.4931
MED00066,2026-11-16,12,0.4805,0.3409,0.5172,0.5,0.4238,0.0,5.168,2.627
MED00067,2026-11-16,12,1.9887,2.6983,3.894,3.875,2.7355,0.0,11.6144,4.9166
MED00068,2026-11-16,12,2.9506,2.6394,4.3069,6.25,3.1026,0.0,12.4715,5.1879
MED00069,2026-11-16,12,1.6811,1.2864,0.8535,1.25,1.3189,0.0,7.976,3.6863
MED00070,2026-11-16,12,10.7247,11.147,12.0574,15.625,11.2218,1.0079,28.1217,9.3581
MED00071,2026-11-16,12,1.9567,1.8367,1.4834,2.125,1.7999,0.0,9.2858,4.1452
MED00072,2026-11-16,12,2.0396,1.4832,2.1748,3.125,1.8111,0.0,9.3152,4.1553
MED00073,2026-11-16,12,2.965,2.6992,4.2115,6.25,3.1143,0.0,12.4986,5.1964
MED00074,2026-11-16,12,2.5986,2.4787,3.5784,5.125,2.7578,0.0,11.6672,4.9335
MED00075,2026-11-16,12,2.9189,2.2103,3.3278,4.875,2.6797,0.0,11.4815,4.8739
MED00076,2026-11-16,12,0.2463,0.0915,0.259,0.25,0.177,0.0,4.2384,2.249
MED00077,2026-11-16,12,3.4524,2.9138,4.9047,7.25,3.5195,0.0,13.4158,5.4799
MED00078,2026-11-16,12,2.7032,4.0983,2.3931,3.125,3.2901,0.0,12.8999,5.3213
MED00079,2026-11-16,12,21.3254,29.8856,16.2948,18.0,24.2527,9.4102,48.811,13.5988
MED00080,2026-11-16,12,3.0208,2.0818,4.1116,6.125,2.822,0.0,11.8188,4.9818
MED00081,2026-11-16,12,0.3585,0.3957,0.2565,0.25,0.3541,0.0,4.916,2.5261
MED00082,2026-11-16,12,2.4668,3.3984,1.9286,2.75,2.7875,0.0,11.7375,4.9559
MED00083,2026-11-16,12,2.9719,2.6356,3.0535,4.375,2.8355,0.0,11.8505,4.992
MED00084,2026-11-16,12,40.3719,44.011,45.3179,39.875,43.185,23.4671,75.8102,18.0657
MED00085,2026-11-16,12,2.0278,1.7324,3.172,3.25,2.1402,0.0,10.1607,4.4412
MED00086,2026-11-16,12,0.446,0.2673,0.0,0.0,0.2662,0.0,4.5869,2.3925
MED00087,2026-11-16,12,1.6932,1.502,2.0153,2.0,1.6755,0.0,8.9562,4.0316
MED00088,2026-11-16,12,28.7627,27.9865,30.6749,28.0,28.8439,12.6834,55.583,14.8064
MED00089,2026-11-16,12,14.9044,18.3798,8.4856,8.0,15.1494,3.3477,34.6764,10.8128
MED00090,2026-11-16,12,2.507,3.3478,3.9891,4.875,3.2237,0.0,12.749,5.2745
MED00091,2026-11-16,12,2.0495,1.7901,1.7419,2.5,1.8636,0.0,9.4525,4.2022
MED00092,2026-11-16,12,1.5499,1.4021,1.4855,1.5,1.4684,0.0,8.3939,3.8349
MED00093,2026-11-16,12,0.3588,0.1607,0.2696,0.25,0.2473,0.0,4.5144,2.3628
MED00094,2026-11-16,12,0.6478,0.4244,0.8109,0.75,0.5796,0.0,5.7083,2.84
MED00095,2026-11-16,12,2.7427,3.464,3.7667,3.875,3.3045,0.0,12.9324,5.3313
MED00096,2026-11-16,12,14.5578,9.63,12.3574,13.75,11.7936,1.3335,29.1007,9.5836
MED00097,2026-11-16,12,0.5523,0.5577,0.0,0.0,0.4355,0.0,5.2099,2.6437
MED00098,2026-11-16,12,7.6128,7.852,9.1422,9.625,8.064,0.0,22.5092,7.9988
MED00099,2026-11-16,12,0.3038,0.2473,0.0,0.0,0.2118,0.0,4.3763,2.306
MED00100,2026-11-16,12,0.2012,0.087,0.1295,0.125,0.1325,0.0,4.0583,2.1738
MED00101,2026-11-16,12,3.7472,4.6015,7.1947,7.25,4.898,0.0,16.3665,6.3505
MED00102,2026-11-16,12,5.3129,3.0864,3.4384,3.5,3.8717,0.0,14.1924,5.7149
MED00103,2026-11-16,12,2.7279,3.3156,1.0143,1.0,2.6332,0.0,11.3706,4.8382
MED00104,2026-11-16,12,6.9072,8.939,8.7749,8.375,8.2683,0.0,22.8848,8.0937
MED00105,2026-11-16,12,11.0879,12.9427,9.8203,9.75,11.6901,1.2741,28.9243,9.5432
MED00106,2026-11-16,12,0.1496,0.1631,0.0,0.0,0.1236,0.0,4.0216,2.1585
MED00107,2026-11-16,12,7.2347,10.0489,8.2188,8.25,8.7697,0.0,23.7984,8.3219
MED00108,2026-11-16,12,2.6751,2.9149,3.898,3.875,3.0551,0.0,12.3622,5.1537
MED00109,2026-11-16,12,0.5543,0.6222,0.0,0.0,0.4663,0.0,5.3184,2.6868
MED00110,2026-11-16,12,0.5644,0.2377,0.0,0.0,0.2899,0.0,4.6769,2.4293
MED00111,2026-11-16,12,0.7217,0.6462,1.0327,1.0,0.7546,0.0,6.2836,3.0616
MED00112,2026-11-16,12,2.6204,2.8942,3.7337,3.75,2.9925,0.0,12.2172,5.1081
MED00113,2026-11-16,12,1.8422,1.4425,1.9342,2.0,1.6774,0.0,8.9611,4.0332
MED00114,2026-11-16,12,12.9716,12.0349,18.3879,17.875,13.7225,2.4717,32.338,10.3081
MED00115,2026-11-16,12,2.0045,2.0718,2.0035,2.0,2.0377,0.0,9.901,4.3542
MED00116,2026-11-16,12,7.7564,8.3656,10.0465,10.0,8.5456,0.0,23.3914,8.2207
MED00117,2026-11-16,12,1.7966,1.8771,0.902,0.875,1.6419,0.0,8.8659,4.0002
MED00118,2026-11-16,12,1.7029,0.9315,1.7369,1.75,1.3518,0.0,8.0688,3.7195
MED00119,2026-11-16,12,1.982,1.8702,0.7594,0.75,1.6665,0.0,8.9319,4.0231
MED00120,2026-11-16,12,11.3667,12.6695,3.6073,3.5,10.3027,0.4974,26.5265,8.9837
MED00121,2026-11-16,12,3.1601,4.7745,3.5338,3.375,3.9983,0.0,14.4674,5.7971
MED00122,2026-11-16,12,2.268,2.1764,5.3729,5.625,2.9013,0.0,12.0047,5.0409
MED00123,2026-11-16,12,0.9402,0.6999,0.4581,0.5,0.7243,0.0,6.186,3.0244
MED00124,2026-11-16,12,7.1539,8.433,8.2334,8.0,7.9926,0.0,22.3775,7.9654
MED00125,2026-11-16,12,0.2678,0.1695,0.3881,0.375,0.2483,0.0,4.5181,2.3644
MED00126,2026-11-16,12,0.8237,1.0574,0.0,0.0,0.7549,0.0,6.2846,3.062
MED00127,2026-11-16,12,2.0182,1.6216,0.8593,1.125,1.5835,0.0,8.7085,3.9454
MED00128,2026-11-16,12,2.0527,2.1977,0.9997,1.0,1.894,0.0,9.5314,4.2291
MED00129,2026-11-16,12,1.7753,1.5187,0.3766,0.375,1.3537,0.0,8.0743,3.7214
MED00130,2026-11-16,12,0.1889,0.1863,0.0,0.0,0.1469,0.0,4.1171,2.1984
MED00131,2026-11-16,12,2.0773,2.2114,1.6982,2.375,2.0597,0.0,9.9571,4.3731
MED00132,2026-11-16,12,0.6341,0.3956,0.0,0.0,0.3858,0.0,5.0315,2.5725
MED00133,2026-11-16,12,0.7192,0.3172,0.6774,0.75,0.5231,0.0,5.516,2.7647
MED00134,2026-11-16,12,0.6697,0.3292,0.0,0.0,0.366,0.0,4.9596,2.5436
MED00135,2026-11-16,12,14.4043,14.6358,7.0702,6.875,12.9353,2.0003,31.0283,10.0187
MED00136,2026-11-16,12,1.5789,2.1671,2.5305,2.5,2.0617,0.0,9.962,4.3747
MED00137,2026-11-16,12,2.2445,2.148,2.0994,2.0,2.1702,0.0,10.2361,4.4664
MED00138,2026-11-16,12,2.0449,2.2286,1.965,2.0,2.1154,0.0,10.0982,4.4204
MED00139,2026-11-16,12,3.0243,4.9941,1.2886,1.25,3.5706,0.0,13.5296,5.5147
MED00140,2026-11-16,12,1.8458,1.2856,0.8719,0.875,1.3747,0.0,8.1333,3.7425
MED00141,2026-11-16,12,4.2983,3.854,4.0832,6.125,4.0484,0.0,14.5758,5.8294
MED00142,2026-11-16,12,0.5361,0.5935,0.3822,0.375,0.5301,0.0,5.5399,2.7741
MED00143,2026-11-16,12,1.8771,1.0923,1.6949,1.75,1.4729,0.0,8.4062,3.8392
MED00144,2026-11-16,12,5.4968,7.5811,5.2782,5.375,6.4282,0.0,19.4209,7.1945
MED00145,2026-11-16,12,0.6814,0.6069,1.1804,1.125,0.7556,0.0,6.2867,3.0628
MED00146,2026-11-16,12,1.7397,1.5689,2.4087,2.375,1.8069,0.0,9.304,4.1514
MED00147,2026-11-16,12,1.7892,0.9023,1.3365,2.0,1.2786,0.0,7.8616,3.6453
MED00148,2026-11-16,12,5.6334,3.4831,4.9917,7.375,4.4956,0.0,15.5282,6.1092
MED00149,2026-11-16,12,3.4636,4.2874,5.7446,5.75,4.3467,0.0,15.2138,6.0175
MED00150,2026-11-16,12,1.5975,1.4306,1.6031,2.0,1.5223,0.0,8.542,3.887
MED00151,2026-11-16,12,2.0598,1.9325,1.4855,1.5,1.8778,0.0,9.4893,4.2148
MED00152,2026-11-16,12,2.1795,1.9871,2.1789,2.125,2.0917,0.0,10.0382,4.4003
MED00153,2026-11-16,12,2.1642,2.5665,0.8674,0.875,2.0728,0.0,9.9904,4.3842
MED00154,2026-11-16,12,14.8979,14.1922,19.4441,18.5,15.5698,3.6106,35.3573,10.9571
MED00155,2026-11-16,12,1.9612,2.6005,2.6453,2.625,2.4101,0.0,10.8308,4.6628
MED00156,2026-11-16,12,2.4603,1.9724,3.3826,5.0,2.4351,0.0,10.8917,4.6827
MED00157,2026-11-16,12,4.2167,5.2474,6.105,6.0,5.112,0.0,16.8056,6.4751
MED00158,2026-11-16,12,0.377,0.2,0.1342,0.125,0.242,0.0,4.4941,2.3545
MED00159,2026-11-16,12,12.297,10.4046,9.255,8.75,10.7654,0.7523,27.3331,9.1741
MED00160,2026-11-16,12,3.312,5.7933,3.9937,4.0,4.622,0.0,15.7934,6.186
MED00161,2026-11-16,12,5.5862,8.0442,6.1213,6.375,6.8558,0.0,20.2433,7.4132
MED00162,2026-11-16,12,2.0758,2.9273,0.8882,0.875,2.2178,0.0,10.3554,4.5061
MED00163,2026-11-16,12,0.3559,0.2659,0.2612,0.25,0.2937,0.0,4.6912,2.4351
MED00164,2026-11-16,12,1.8743,1.5688,0.8821,1.25,1.5182,0.0,8.5307,3.8831
MED00165,2026-11-16,12,7.1959,11.0316,10.415,13.5,9.6929,0.1684,25.4522,8.7265
MED00166,2026-11-16,12,2.0542,2.7523,1.1488,1.125,2.1858,0.0,10.2753,4.4795
MED00167,2026-11-16,12,1.7846,1.1849,3.665,3.75,1.9144,0.0,9.5842,4.2471
MED00168,2026-11-16,12,1.9802,1.3736,1.5653,1.625,1.6089,0.0,8.7771,3.9693
MED00169,2026-11-16,12,1.8856,1.5971,1.3684,1.375,1.6406,0.0,8.8624,3.999
MED00170,2026-11-16,12,1.8395,1.3546,1.9984,2.0,1.6494,0.0,8.8861,4.0072
MED00171,2026-11-16,12,2.1624,1.8939,2.1185,2.125,2.0297,0.0,9.8805,4.3473
MED00172,2026-11-16,12,1.6708,1.7896,3.0806,3.75,2.0339,0.0,9.8913,4.3509
MED00173,2026-11-16,12,2.1639,2.1771,2.7803,2.875,2.306,0.0,10.5745,4.5786
MED00174,2026-11-16,12,6.1519,6.5766,5.5547,5.375,6.2268,0.0,19.0292,7.0891
MED00175,2026-11-16,12,1.4189,1.2136,0.5386,0.5,1.1334,0.0,7.4421,3.4933
MED00176,2026-11-16,12,14.5149,17.1963,11.7954,11.75,15.1915,3.3739,34.7447,10.8273
MED00177,2026-11-16,12,0.3385,0.4356,0.1343,0.125,0.3399,0.0,4.8636,2.505
MED00178,2026-11-16,12,2.1472,1.1319,2.4363,2.75,1.7379,0.0,9.1223,4.089
MED00179,2026-11-16,12,0.6766,0.2954,0.6395,0.625,0.4912,0.0,5.4056,2.7213
MED00180,2026-11-16,12,1.9547,2.2058,0.2545,0.25,1.705,0.0,9.0348,4.0588
MED00181,2026-11-16,12,2.8498,3.6023,3.7385,3.625,3.3969,0.0,13.1412,5.3957
MED00182,2026-11-16,12,0.3962,0.4574,0.0,0.0,0.3392,0.0,4.8612,2.504
MED00183,2026-11-16,12,16.9353,28.5649,15.1631,15.0,21.9987,7.8481,45.4121,12.9649
MED00184,2026-11-16,12,6.8537,10.663,5.122,4.75,8.2637,0.0,22.8764,8.0916
MED00185,2026-11-16,12,1.8258,1.0898,2.8543,4.125,1.7071,0.0,9.0404,4.0607
MED00186,2026-11-16,12,1.8925,1.5944,1.7683,1.75,1.7283,0.0,9.0966,4.0801
MED00187,2026-11-16,12,2.6189,2.6891,1.2441,1.625,2.356,0.0,10.6978,4.6192
MED00188,2026-11-16,12,3.0735,4.0637,5.6777,5.625,4.1041,0.0,14.6957,5.8649
MED00189,2026-11-16,12,0.2248,0.1945,0.0,0.0,0.1621,0.0,4.1785,2.2241
MED00190,2026-11-16,12,2.0422,2.851,3.1966,3.25,2.6724,0.0,11.4644,4.8684
MED00191,2026-11-16,12,11.6019,13.045,13.6107,13.0,12.7234,1.8749,30.6731,9.9394
MED00192,2026-11-16,12,0.2034,0.1513,0.26,0.25,0.1916,0.0,4.2964,2.273
MED00193,2026-11-16,12,0.0893,0.1138,0.0,0.0,0.0814,0.0,3.8454,2.0842
MED00194,2026-11-16,12,5.468,8.208,9.2444,11.75,7.5726,0.0,21.5972,7.766
MED00195,2026-11-16,12,4.8593,6.7615,7.2116,9.375,6.2629,0.0,19.0996,7.1081
MED00196,2026-11-16,12,5.3908,7.9117,4.5014,5.625,6.3804,0.0,19.3282,7.1696
MED00197,2026-11-16,12,5.2031,7.0945,9.2508,11.625,6.97,0.0,20.461,7.4705
MED00198,2026-11-16,12,1.7017,1.2113,2.3986,2.375,1.6256,0.0,8.8223,3.9851
MED00199,2026-11-16,12,1.3315,1.4018,0.8115,1.375,1.2528,0.0,7.7879,3.6187
MED00200,2026-11-16,12,1.8269,1.4709,1.5642,1.625,1.6055,0.0,8.768,3.9661
MED00201,2026-11-16,12,7.9947,6.7943,5.7652,8.375,6.9583,0.0,20.4388,7.4647
MED00202,2026-11-16,12,1.7924,1.7316,0.3689,0.375,1.4569,0.0,8.362,3.8236
MED00203,2026-11-16,12,2.0217,2.051,2.2993,3.25,2.0976,0.0,10.0533,4.4053
MED00204,2026-11-16,12,2.0191,2.2805,0.7541,0.75,1.8687,0.0,9.4656,4.2067
MED00205,2026-11-16,12,11.4942,13.7015,9.8361,9.75,12.1767,1.5549,29.7514,9.7318
MED00206,2026-11-16,12,1.1594,0.9259,1.2436,1.5,1.0698,0.0,7.2544,3.4246
MED00207,2026-11-16,12,1.8737,1.7755,2.7447,2.75,2.0187,0.0,9.8525,4.3379
MED00208,2026-11-16,12,11.1582,11.9875,11.3196,11.0,11.5917,1.2179,28.7561,9.5046
MED00209,2026-11-16,12,2.4549,1.812,4.6065,5.125,2.624,0.0,11.3486,4.8311
MED00210,2026-11-16,12,1.4563,0.8855,2.4048,2.25,1.397,0.0,8.1956,3.7646
MED00211,2026-11-16,12,2.1325,1.9808,2.4986,2.625,2.1432,0.0,10.1684,4.4438
MED00212,2026-11-16,12,1.9468,2.0201,0.1927,0.25,1.6023,0.0,8.7594,3.9631
MED00213,2026-11-16,12,1.3117,1.9573,0.0,0.0,1.3299,0.0,8.0071,3.6974
MED00214,2026-11-16,12,9.5026,9.9731,13.6392,13.875,10.6295,0.677,27.0968,9.1186
MED00215,2026-11-16,12,2.2207,2.3974,2.1892,2.25,2.2986,0.0,10.5563,4.5726
MED00216,2026-11-16,12,0.0927,0.1017,0.0,0.0,0.0769,0.0,3.8261,2.0761
MED00217,2026-11-16,12,0.2485,0.1926,0.2574,0.25,0.2246,0.0,4.4263,2.3266
MED00218,2026-11-16,12,3.8966,5.4707,5.3647,5.375,4.9542,0.0,16.4821,6.3834
MED00219,2026-11-16,12,14.7067,10.4096,11.2251,10.5,11.9592,1.4289,29.3825,9.6479
MED00220,2026-11-16,12,1.9655,1.8717,2.821,2.875,2.1093,0.0,10.0828,4.4152
MED00221,2026-11-16,12,2.9198,3.3189,1.5905,2.25,2.8207,0.0,11.8156,4.9808
MED00222,2026-11-16,12,0.5613,0.5649,0.0,0.0,0.4417,0.0,5.232,2.6525
MED00223,2026-11-16,12,9.8342,11.9762,4.486,4.25,9.6838,0.1635,25.436,8.7226
MED00224,2026-11-16,12,1.7823,1.3681,0.6281,0.625,1.3402,0.0,8.0363,3.7079
MED00225,2026-11-16,12,3.7378,4.1244,5.4563,5.875,4.295,0.0,15.1039,5.9853
MED00226,2026-11-16,12,2.1817,1.703,2.4996,3.625,2.0293,0.0,9.8796,4.347
MED00227,2026-11-16,12,15.5485,14.0953,20.2246,20.25,15.9001,3.8187,35.89,11.0691
MED00228,2026-11-16,12,1.7475,0.8445,2.2926,3.0,1.4458,0.0,8.3314,3.8128
MED00229,2026-11-16,12,0.6227,0.7454,0.0,0.0,0.5455,0.0,5.5926,2.7948
MED00230,2026-11-16,12,12.4376,14.4656,11.6173,11.25,13.2191,2.1692,31.5022,10.124
MED00231,2026-11-16,12,1.6402,0.5829,1.2323,1.25,1.0596,0.0,7.2239,3.4134
MED00232,2026-11-16,12,2.9023,3.9556,1.1653,1.125,3.0201,0.0,12.2813,5.1283
MED00233,2026-11-16,12,0.6252,0.3514,0.563,0.625,0.4845,0.0,5.3821,2.712
MED00234,2026-11-16,12,1.8097,1.115,2.0948,2.125,1.5489,0.0,8.6145,3.9125
MED00235,2026-11-16,12,62.8972,69.7239,62.6635,61.625,66.0974,41.7516,106.3798,22.3058
MED00236,2026-11-16,12,2.2033,2.5495,1.8717,1.875,2.2952,0.0,10.5479,4.5698
MED00237,2026-11-16,12,3.5317,4.0357,4.995,6.625,4.0881,0.0,14.6612,5.8547
MED00238,2026-11-16,12,1.922,1.6274,1.6033,1.625,1.7172,0.0,9.0672,4.07
MED00239,2026-11-16,12,3.211,4.3448,4.3303,4.5,3.9866,0.0,14.4421,5.7896
MED00240,2026-11-16,12,3.6754,3.4583,4.2343,6.125,3.699,0.0,13.8138,5.601
MED00241,2026-11-16,12,2.3314,2.98,2.3304,2.375,2.6364,0.0,11.3783,4.8407
MED00242,2026-11-16,12,7.5385,12.5607,6.8846,8.75,9.7495,0.1986,25.5525,8.7507
MED00243,2026-11-16,12,0.1232,0.0785,0.1296,0.125,0.1038,0.0,3.9395,2.1239
MED00244,2026-11-16,12,2.0124,2.1741,2.1273,2.125,2.1149,0.0,10.0968,4.4199
MED00245,2026-11-16,12,64.3541,59.9477,80.0641,79.25,65.7697,41.4839,105.9529,22.2509
MED00246,2026-11-16,12,4.7963,5.7547,6.5819,6.75,5.6362,0.0,17.8636,6.7708
MED00247,2026-11-16,12,11.1645,13.6946,12.4247,12.375,12.6307,1.8203,30.5174,9.9045
MED00248,2026-11-16,12,2.0726,1.6158,1.879,2.5,1.8193,0.0,9.3368,4.1627
MED00249,2026-11-16,12,20.1799,24.8192,32.0467,34.25,24.9418,9.8941,49.8395,13.7868
MED00250,2026-11-16,12,10.147,8.3866,11.1533,16.125,9.5534,0.0942,25.2044,8.6665
MED00251,2026-11-16,12,1.7471,1.3347,2.8857,2.875,1.8033,0.0,9.2947,4.1483
MED00252,2026-11-16,12,0.4584,0.1635,0.7646,0.75,0.3876,0.0,5.038,2.5751
MED00253,2026-11-16,12,3.2886,4.2953,3.9801,4.0,3.9121,0.0,14.2805,5.7413
MED00254,2026-11-16,12,0.3748,0.1877,1.0202,1.0,0.4278,0.0,5.1826,2.6329
MED00255,2026-11-16,12,4.0098,6.0631,3.9548,6.625,4.9607,0.0,16.4956,6.3873
MED00256,2026-11-16,12,2.2628,1.8248,1.3041,1.25,1.8525,0.0,9.4234,4.1923
MED00257,2026-11-16,12,3.7734,4.2414,5.3627,7.5,4.3406,0.0,15.2008,6.0137
MED00258,2026-11-16,12,2.0807,2.3917,3.7489,3.875,2.59,0.0,11.267,4.8047
MED00259,2026-11-16,12,2.149,1.9977,3.1112,3.125,2.2893,0.0,10.5332,4.565
MED00260,2026-11-16,12,0.5296,0.453,1.16,1.125,0.6311,0.0,5.8809,2.907
MED00261,2026-11-16,12,0.7819,0.7182,0.1318,0.125,0.6119,0.0,5.8167,2.8821
MED00262,2026-11-16,12,2.79,2.5333,3.5058,5.0,2.8283,0.0,11.8335,4.9865
MED00263,2026-11-16,12,2.7254,3.4161,5.3462,5.375,3.6194,0.0,13.6379,5.5476
MED00264,2026-11-16,12,0.3572,0.1211,0.0,0.0,0.1698,0.0,4.2095,2.237
MED00265,2026-11-16,12,5.6901,6.9419,10.1951,10.375,7.258,0.0,21.0067,7.6131
MED00266,2026-11-16,12,14.7917,15.3278,6.3772,6.25,13.2309,2.1763,31.5219,10.1284
MED00267,2026-11-16,12,4.1926,6.0263,3.7293,3.875,4.9526,0.0,16.4788,6.3825
MED00268,2026-11-16,12,2.1111,2.4794,3.5827,3.625,2.6046,0.0,11.3019,4.816
MED00269,2026-11-16,12,2.1382,2.1058,2.1534,2.125,2.1285,0.0,10.1313,4.4314
MED00270,2026-11-16,12,2.2882,2.0618,4.8604,4.875,2.7429,0.0,11.6319,4.9222
MED00271,2026-11-16,12,1.44,2.2308,3.4842,4.25,2.2543,0.0,10.4464,4.5362
MED00272,2026-11-16,12,3.751,3.9931,3.802,4.875,3.8789,0.0,14.2081,5.7197
MED00273,2026-11-16,12,3.1222,2.8328,2.0483,2.625,2.7571,0.0,11.6656,4.933
MED00274,2026-11-16,12,0.5312,0.2988,0.3433,0.375,0.3824,0.0,5.0193,2.5676
MED00275,2026-11-16,12,10.71,7.2048,10.7002,14.25,9.0817,0.0,24.3611,8.4608
MED00276,2026-11-16,12,1.8554,1.768,2.2473,2.25,1.9015,0.0,9.5508,4.2357
MED00277,2026-11-16,12,0.2269,0.1781,0.0,0.0,0.1551,0.0,4.1502,2.2123
MED00278,2026-11-16,12,7.4786,8.6368,11.1722,11.25,8.8285,0.0,23.9047,8.3482
MED00279,2026-11-16,12,19.9342,19.9676,23.4572,22.25,20.7342,6.987,43.4802,12.5953
MED00280,2026-11-16,12,0.2466,0.1528,0.2597,0.25,0.2059,0.0,4.3531,2.2965
MED00281,2026-11-16,12,13.036,10.388,12.5761,15.875,11.7126,1.287,28.9627,9.552
MED00282,2026-11-16,12,3.3359,2.5703,2.4385,3.25,2.787,0.0,11.7361,4.9555
MED00283,2026-11-16,12,2.1517,2.4865,3.5431,3.625,2.6122,0.0,11.3201,4.8219
MED00284,2026-11-16,12,1.3667,0.8441,0.4406,0.625,0.923,0.0,6.8114,3.2606
MED00285,2026-11-16,12,4.6461,5.1738,7.4272,7.375,5.5007,0.0,17.5923,6.6956
MED00286,2026-11-16,12,3.987,3.5105,6.2209,7.0,4.2532,0.0,15.0149,5.9591
MED00287,2026-11-16,12,2.8749,3.4525,3.5977,3.625,3.3044,0.0,12.9322,5.3313
MED00288,2026-11-16,12,37.7725,42.6376,40.4125,38.625,40.6552,21.5167,72.3215,17.5348
MED00289,2026-11-16,12,3.7524,3.9688,5.9282,8.75,4.3294,0.0,15.1769,6.0067
MED00290,2026-11-16,12,1.8303,1.104,1.0999,1.125,1.3344,0.0,8.02,3.702
MED00291,2026-11-16,12,10.369,17.2204,3.0745,3.0,11.9961,1.4502,29.4452,9.6622
MED00292,2026-11-16,12,1.6843,1.2265,0.8239,1.25,1.2855,0.0,7.8813,3.6523
MED00293,2026-11-16,12,4.3531,3.2179,8.5955,9.875,4.7479,0.0,16.0557,6.2616
MED00294,2026-11-16,12,1.3136,0.6666,0.7026,1.0,0.8802,0.0,6.6791,3.2111
MED00295,2026-11-16,12,0.3429,0.2032,0.0,0.0,0.2036,0.0,4.3441,2.2927
MED00296,2026-11-16,12,3.7464,3.9042,4.3635,4.5,3.9578,0.0,14.3796,5.771
MED00297,2026-11-16,12,5.4611,7.0224,6.5654,6.625,6.4353,0.0,19.4346,7.1982
MED00298,2026-11-16,12,2.1062,1.6496,3.9062,4.0,2.2857,0.0,10.5242,4.562
MED00299,2026-11-16,12,0.4988,0.2851,0.2534,0.25,0.3462,0.0,4.8869,2.5144
MED00300,2026-11-16,12,1.8672,1.7616,0.2485,0.25,1.4685,0.0,8.394,3.8349
MED00301,2026-11-16,12,4.6135,6.3514,5.6254,5.625,5.6493,0.0,17.8898,6.778
MED00302,2026-11-16,12,9.0598,8.4518,4.5466,4.375,7.8056,0.0,22.0312,7.8772
MED00303,2026-11-16,12,2.7875,2.2397,2.7991,3.625,2.537,0.0,11.1392,4.7634
MED00304,2026-11-16,12,3.4382,4.2673,3.1371,4.625,3.7635,0.0,13.9557,5.6438
MED00305,2026-11-16,12,1.8088,1.891,1.1318,1.125,1.7021,0.0,9.0269,4.0561
MED00306,2026-11-16,12,0.4318,0.2349,0.0,0.0,0.2466,0.0,4.5116,2.3617
MED00307,2026-11-16,12,25.0943,27.5075,36.2612,36.375,28.6696,12.5571,55.329,14.7623
MED00308,2026-11-16,12,0.742,0.7038,0.5187,0.5,0.6765,0.0,6.0304,2.9647
MED00309,2026-11-16,12,2.8561,3.36,1.5924,2.25,2.8201,0.0,11.8142,4.9804
MED00310,2026-11-16,12,3.1921,3.012,2.1422,3.25,2.8833,0.0,11.9628,5.0276
MED00311,2026-11-16,12,2.9702,3.4006,3.2845,4.375,3.2423,0.0,12.7914,5.2876
MED00312,2026-11-16,12,0.647,0.2,0.34,0.375,0.3723,0.0,4.9824,2.5528
MED00313,2026-11-16,12,0.5178,0.2381,1.7893,1.75,0.6636,0.0,5.9882,2.9484
MED00314,2026-11-16,12,12.1378,11.686,8.9733,8.75,11.2523,1.0251,28.1741,9.3702
MED00315,2026-11-16,12,8.7518,10.2746,11.0152,11.25,9.9628,0.313,25.9294,8.8413
MED00316,2026-11-16,12,2.6826,3.1202,2.5259,2.625,2.8556,0.0,11.8978,5.007
MED00317,2026-11-16,12,2.1124,2.2617,2.8217,2.875,2.3382,0.0,10.654,4.6048
MED00318,2026-11-16,12,2.4018,1.5595,3.4163,5.0,2.231,0.0,10.3884,4.517
MED00319,2026-11-16,12,10.6454,12.5106,11.1557,11.0,11.6378,1.2442,28.835,9.5227
MED00320,2026-11-16,12,5.9282,6.708,3.7633,3.75,5.8285,0.0,18.2461,6.8761
MED00321,2026-11-16,12,0.6335,0.9292,3.8326,3.75,1.4664,0.0,8.3883,3.8329
MED00322,2026-11-16,12,0.1939,0.1461,0.0,0.0,0.1297,0.0,4.0468,2.169
MED00323,2026-11-16,12,1.061,0.6001,2.2476,2.5,1.1043,0.0,7.3565,3.4621
MED00324,2026-11-16,12,1.2341,0.9845,1.1835,2.0,1.1078,0.0,7.3667,3.4658
MED00325,2026-11-16,12,6.0478,7.9554,5.6749,5.75,6.8638,0.0,20.2586,7.4172
MED00326,2026-11-16,12,8.5074,11.228,8.5133,8.5,9.7877,0.219,25.6201,8.767
MED00327,2026-11-16,12,2.8245,3.9085,2.2662,2.25,3.2124,0.0,12.7231,5.2664
MED00328,2026-11-16,12,3.7921,4.3545,5.4585,5.625,4.4201,0.0,15.3691,6.0629
MED00329,2026-11-16,12,10.612,12.1107,12.0494,11.625,11.6344,1.2423,28.8292,9.5214
MED00330,2026-11-16,12,3.9335,4.5698,5.8247,6.125,4.645,0.0,15.8413,6.1998
MED00331,2026-11-16,12,1.8447,1.2994,2.3872,2.375,1.7096,0.0,9.0471,4.063
MED00332,2026-11-16,12,2.7043,3.6401,2.8965,2.875,3.1857,0.0,12.6622,5.2475
MED00333,2026-11-16,12,2.5452,2.36,5.9489,6.25,3.1998,0.0,12.6944,5.2575
MED00334,2026-11-16,12,10.1764,12.134,4.4944,4.375,9.8678,0.2619,25.7617,8.801
MED00335,2026-11-16,12,5.3599,5.7179,6.9156,6.5,5.87,0.0,18.3283,6.8986
MED00336,2026-11-16,12,9.2951,10.2896,11.5754,11.25,10.2637,0.4761,26.4581,8.9675
MED00337,2026-11-16,12,51.5117,51.1163,62.03,60.25,53.6611,31.7058,89.9881,20.1156
MED00338,2026-11-16,12,10.7838,13.8082,1.292,1.25,10.1472,0.4127,26.2539,8.9188
MED00339,2026-11-16,12,1.7376,1.1881,0.2648,0.375,1.1631,0.0,7.5288,3.5249
MED00340,2026-11-16,12,1.9629,2.6114,0.2758,0.25,1.9016,0.0,9.5512,4.2358
MED00341,2026-11-16,12,4.7867,6.1285,8.091,8.375,6.1351,0.0,18.85,7.0407
MED00342,2026-11-16,12,2.0701,1.7957,1.3789,1.375,1.794,0.0,9.2703,4.1399
MED00343,2026-11-16,12,9.7237,9.9577,11.4883,11.625,10.2256,0.4553,26.3914,8.9516
MED00344,2026-11-16,12,4.267,4.8584,5.3418,5.625,4.7807,0.0,16.1238,6.2811
MED00345,2026-11-16,12,0.1869,0.1006,0.0,0.0,0.1063,0.0,3.9497,2.1282
MED00346,2026-11-16,12,2.8857,3.4707,2.0398,2.0,2.9782,0.0,12.1841,5.0976
MED00347,2026-11-16,12,0.221,0.1768,0.0,0.0,0.1526,0.0,4.1402,2.2081
MED00348,2026-11-16,12,1.7256,1.3129,1.3642,1.375,1.4561,0.0,8.3599,3.8229
MED00349,2026-11-16,12,2.2892,1.9938,2.0027,2.0,2.0914,0.0,10.0374,4.4
MED00350,2026-11-16,12,0.9559,1.9078,2.5609,2.5,1.7497,0.0,9.1533,4.0997
MED00351,2026-11-16,12,0.6053,0.6221,0.0,0.0,0.4824,0.0,5.3748,2.7091
MED00352,2026-11-16,12,0.2415,0.3206,0.0,0.0,0.2263,0.0,4.4329,2.3293
MED00353,2026-11-16,12,0.9391,0.523,0.0,0.0,0.5419,0.0,5.5805,2.79
MED00354,2026-11-16,12,0.8894,1.1431,1.2831,1.25,1.0942,0.0,7.3266,3.4511
MED00355,2026-11-16,12,8.8095,9.6712,9.4986,11.5,9.3703,0.0,24.8781,8.5872
MED00356,2026-11-16,12,1.9136,1.9658,1.9013,1.875,1.9372,0.0,9.6434,4.2672
MED00357,2026-11-16,12,0.2343,0.1084,0.2592,0.25,0.1812,0.0,4.2551,2.2559
MED00358,2026-11-16,12,4.6663,4.9306,2.3214,3.375,4.2856,0.0,15.0838,5.9794
MED00359,2026-11-16,12,2.0669,2.2249,1.566,1.5,2.0341,0.0,9.8918,4.3511
MED00360,2026-11-16,12,2.6285,1.8634,3.3611,3.875,2.4328,0.0,10.886,4.6809
MED00361,2026-11-16,12,2.1898,2.1625,4.657,4.875,2.7146,0.0,11.5648,4.9007
MED00362,2026-11-16,12,2.3178,2.022,4.952,4.875,2.7536,0.0,11.6572,4.9303
MED00363,2026-11-16,12,1.7062,1.4238,2.4754,2.5,1.7429,0.0,9.1354,4.0935
MED00364,2026-11-16,12,0.195,0.1954,0.0,0.0,0.1531,0.0,4.1422,2.2089
MED00365,2026-11-16,12,2.11,2.3034,2.0936,2.125,2.1989,0.0,10.3081,4.4904
MED00366,2026-11-16,12,8.9264,9.4597,11.001,11.25,9.6346,0.1373,25.3487,8.7015
MED00367,2026-11-16,12,2.1172,2.6157,1.5897,1.625,2.2376,0.0,10.4049,4.5225
MED00368,2026-11-16,12,2.5881,3.2902,5.0036,5.0,3.4428,0.0,13.2441,5.4274
MED00369,2026-11-16,12,3.2401,3.6245,3.5466,5.0,3.4893,0.0,13.3484,5.4593
MED00370,2026-11-16,12,0.4837,0.2405,0.0,0.0,0.2656,0.0,4.5848,2.3917
MED00371,2026-11-16,12,16.1958,14.0453,14.2788,14.0,14.7917,3.1257,34.0943,10.6885
MED00372,2026-11-16,12,0.2456,0.1038,0.1293,0.125,0.1544,0.0,4.1475,2.2111
MED00373,2026-11-16,12,0.6271,0.5602,0.9067,0.875,0.6571,0.0,5.967,2.9402
MED00374,2026-11-16,12,1.7208,1.1837,1.8375,2.75,1.497,0.0,8.4725,3.8626
MED00375,2026-11-16,12,15.4967,16.2416,13.8515,13.5,15.5031,3.5687,35.2495,10.9343
MED00376,2026-11-16,12,2.0353,1.9639,1.9854,2.0,1.9932,0.0,9.7872,4.3159
MED00377,2026-11-16,12,0.5498,0.6911,0.9409,0.875,0.7012,0.0,6.1112,2.9957
MED00378,2026-11-16,12,2.1075,2.5098,2.1743,2.125,2.312,0.0,10.5894,4.5835
MED00379,2026-11-16,12,0.559,0.8903,2.554,2.5,1.1472,0.0,7.4823,3.508
MED00380,2026-11-16,12,0.6984,0.4058,0.0,0.0,0.4109,0.0,5.122,2.6087
MED00381,2026-11-16,12,1.3639,2.339,1.2905,1.25,1.8047,0.0,9.2983,4.1495
MED00382,2026-11-16,12,2.1414,1.4091,2.545,3.75,1.8891,0.0,9.5188,4.2248
MED00383,2026-11-16,12,5.8666,8.5011,5.8108,5.75,7.0907,0.0,20.6903,7.5306
MED00384,2026-11-16,12,2.0159,1.8861,2.1373,2.125,1.9836,0.0,9.7628,4.3076
MED00385,2026-11-16,12,18.7619,20.4504,20.9915,20.25,20.053,6.5281,42.4312,12.3916
MED00386,2026-11-16,12,14.2149,13.3495,14.1064,14.125,13.8014,2.5194,32.4685,10.3366
MED00387,2026-11-16,12,18.4636,21.6186,23.3194,22.5,21.0091,7.1732,43.9019,12.6765
MED00388,2026-11-16,12,122.8684,119.7175,94.45,84.125,115.353,83.2423,168.483,29.42
MED00389,2026-11-16,12,8.0987,8.8045,8.3079,11.25,8.4818,0.0,23.2752,8.1916
MED00390,2026-11-16,12,18.0741,19.754,21.9617,34.25,19.7203,6.3053,41.9166,12.2909
MED00391,2026-11-16,12,16.5747,16.1739,17.7829,24.875,16.6663,4.3058,37.1177,11.3247
MED00392,2026-11-16,12,16.6745,17.7357,17.2243,22.625,17.3061,4.7174,38.1352,11.5338
MED00393,2026-11-16,12,10.7405,11.5528,8.2058,10.125,10.5806,0.6499,27.0117,9.0985
MED00394,2026-11-16,12,13.622,11.8261,12.5822,16.25,12.5713,1.7854,30.4175,9.8821
MED00395,2026-11-16,12,16.7974,16.6031,14.4617,18.375,16.2167,4.0192,36.3985,11.1754
MED00396,2026-11-16,12,42.8729,52.0555,38.1543,46.75,46.1801,25.7974,79.9051,18.6748
MED00397,2026-11-16,12,39.7742,47.1796,49.3262,48.125,45.3451,25.1455,78.7671,18.507
MED00398,2026-11-16,12,130.0171,109.9992,127.0497,128.0,120.1548,87.3854,174.3747,30.0235
MED00399,2026-11-16,12,137.783,114.6429,116.4255,115.75,122.4798,89.3962,177.2196,30.3114
MED00400,2026-11-16,12,73.4718,71.6303,72.3588,69.875,72.4438,46.9643,114.6018,23.3444
MED00401,2026-11-16,12,13.3001,10.9743,12.8717,20.875,12.1343,1.5303,29.6797,9.7155
MED00402,2026-11-16,12,17.8203,14.3349,20.7616,29.875,16.8487,4.4228,37.4086,11.3847
MED00403,2026-11-16,12,11.8646,16.436,9.4591,9.125,13.4893,2.3311,31.9516,10.2232
MED00404,2026-11-16,12,4.4088,6.0021,6.0995,6.125,5.5242,0.0,17.6395,6.7087
MED00405,2026-11-16,12,6.8666,7.9304,7.2171,7.375,7.4463,0.0,21.3609,7.705
MED00406,2026-11-16,12,19.8747,23.0268,25.309,26.75,22.5458,8.2242,46.2423,13.1216
MED00407,2026-11-16,12,17.5212,15.4741,21.7217,30.5,17.4942,4.8392,38.4331,11.5946
MED00408,2026-11-16,12,6.3824,5.6389,7.7615,11.25,6.3408,0.0,19.2512,7.149
MED00409,2026-11-16,12,8.2813,10.2222,6.2942,10.875,8.7648,0.0,23.7894,8.3197
MED00410,2026-11-16,12,6.9555,8.3222,7.8269,14.0,7.7898,0.0,22.0019,7.8697
MED00411,2026-11-16,12,17.1219,16.7647,16.4864,26.125,16.8343,4.4135,37.3856,11.38
MED00412,2026-11-16,12,11.6142,7.6425,9.4428,14.0,9.2998,0.0,24.7522,8.5565
MED00413,2026-11-16,12,11.7505,9.8669,8.8781,12.875,10.2593,0.4737,26.4504,8.9656
MED00414,2026-11-16,12,16.9924,15.0523,16.0623,24.125,15.9015,3.8196,35.8923,11.0696
MED00415,2026-11-16,12,12.1951,8.8402,10.0415,15.75,10.1732,0.4268,26.2995,8.9297
MED00416,2026-11-16,12,15.2343,14.4242,15.8845,23.75,15.0123,3.2624,34.4536,10.7653
MED00417,2026-11-16,12,6.7604,6.0771,5.6323,7.5,6.2033,0.0,18.9833,7.0767
MED00418,2026-11-16,12,6.769,5.7953,7.4063,9.375,6.4593,0.0,19.4811,7.2106
MED00419,2026-11-16,12,7.9501,7.199,7.7414,10.125,7.562,0.0,21.5775,7.7609
MED00420,2026-11-16,12,17.841,15.4984,20.0487,30.625,17.2439,4.6772,38.0366,11.5137
MED00421,2026-11-16,12,18.5127,14.1148,23.305,34.125,17.5173,4.8542,38.4696,11.602
MED00422,2026-11-16,12,16.0547,14.212,15.779,23.375,15.1504,3.3483,34.678,10.8131
MED00423,2026-11-16,12,11.562,10.3785,9.0753,11.25,10.4813,0.5952,26.8386,9.0576
MED00424,2026-11-16,12,93.7501,81.8464,118.3083,118.875,93.6139,64.6723,141.5005,26.5165
