medicine_id,h,week,season,bias,margin,prediction
MED00001,1,2026-08-31,Monsoon,2.02008,2.621111,13.750991
MED00002,1,2026-08-31,Monsoon,2.02008,-2.141966,0.117424
MED00003,1,2026-08-31,Monsoon,2.02008,-1.256531,0.28464
MED00004,1,2026-08-31,Monsoon,2.02008,-0.033689,0.966872
MED00005,1,2026-08-31,Monsoon,2.02008,0.906799,2.476382
MED00006,1,2026-08-31,Monsoon,2.02008,0.562416,1.754907
MED00007,1,2026-08-31,Monsoon,2.02008,1.196238,3.307652
MED00008,1,2026-08-31,Monsoon,2.02008,-0.464223,0.628623
MED00009,1,2026-08-31,Monsoon,2.02008,1.285485,3.616421
MED00010,1,2026-08-31,Monsoon,2.02008,1.37362,3.949621
MED00011,1,2026-08-31,Monsoon,2.02008,2.99682,20.021757
MED00012,1,2026-08-31,Monsoon,2.02008,0.808017,2.243454
MED00013,1,2026-08-31,Monsoon,2.02008,1.467434,4.338088
MED00014,1,2026-08-31,Monsoon,2.02008,2.866897,17.582373
MED00015,1,2026-08-31,Monsoon,2.02008,-0.742542,0.475902
MED00016,1,2026-08-31,Monsoon,2.02008,0.787798,2.19855
MED00017,1,2026-08-31,Monsoon,2.02008,0.671295,1.95677
MED00018,1,2026-08-31,Monsoon,2.02008,4.404331,81.80441
MED00019,1,2026-08-31,Monsoon,2.02008,3.822274,45.70805
MED00020,1,2026-08-31,Monsoon,2.02008,2.325247,10.229204
MED00021,1,2026-08-31,Monsoon,2.02008,1.63817,5.145744
MED00022,1,2026-08-31,Monsoon,2.02008,1.148752,3.154255
MED00023,1,2026-08-31,Monsoon,2.02008,0.442838,1.557121
MED00024,1,2026-08-31,Monsoon,2.02008,1.334676,3.798764
MED00025,1,2026-08-31,Monsoon,2.02008,-2.082914,0.124567
MED00026,1,2026-08-31,Monsoon,2.02008,-1.116897,0.327294
MED00027,1,2026-08-31,Monsoon,2.02008,-1.387324,0.249743
MED00028,1,2026-08-31,Monsoon,2.02008,-0.823806,0.438758
MED00029,1,2026-08-31,Monsoon,2.02008,2.762627,15.841398
MED00030,1,2026-08-31,Monsoon,2.02008,1.838145,6.284868
MED00031,1,2026-08-31,Monsoon,2.02008,1.324354,3.759756
MED00032,1,2026-08-31,Monsoon,2.02008,1.004189,2.729693
MED00033,1,2026-08-31,Monsoon,2.02008,-0.014811,0.985298
MED00034,1,2026-08-31,Monsoon,2.02008,2.957214,19.244286
MED00035,1,2026-08-31,Monsoon,2.02008,-0.778164,0.459248
MED00036,1,2026-08-31,Monsoon,2.02008,0.571488,1.770901
MED00037,1,2026-08-31,Monsoon,2.02008,1.560291,4.760206
MED00038,1,2026-08-31,Monsoon,2.02008,2.947131,19.05122
MED00039,1,2026-08-31,Monsoon,2.02008,-0.030251,0.970202
MED00040,1,2026-08-31,Monsoon,2.02008,-0.590773,0.553899
MED00041,1,2026-08-31,Monsoon,2.02008,-1.01449,0.362587
MED00042,1,2026-08-31,Monsoon,2.02008,1.33895,3.815037
MED00043,1,2026-08-31,Monsoon,2.02008,-0.901612,0.405915
MED00044,1,2026-08-31,Monsoon,2.02008,0.850845,2.341624
MED00045,1,2026-08-31,Monsoon,2.02008,0.556065,1.743796
MED00046,1,2026-08-31,Monsoon,2.02008,0.984043,2.675251
MED00047,1,2026-08-31,Monsoon,2.02008,1.892472,6.635749
MED00048,1,2026-08-31,Monsoon,2.02008,2.604556,13.525213
MED00049,1,2026-08-31,Monsoon,2.02008,-1.876049,0.153194
MED00050,1,2026-08-31,Monsoon,2.02008,1.16496,3.205794
MED00051,1,2026-08-31,Monsoon,2.02008,-1.953768,0.141739
MED00052,1,2026-08-31,Monsoon,2.02008,-0.835623,0.433604
MED00053,1,2026-08-31,Monsoon,2.02008,2.30832,10.057509
MED00054,1,2026-08-31,Monsoon,2.02008,2.227526,9.276891
MED00055,1,2026-08-31,Monsoon,2.02008,0.011857,1.011927
MED00056,1,2026-08-31,Monsoon,2.02008,-0.424861,0.65386
MED00057,1,2026-08-31,Monsoon,2.02008,-0.818958,0.440891
MED00058,1,2026-08-31,Monsoon,2.02008,0.537208,1.711222
MED00059,1,2026-08-31,Monsoon,2.02008,2.452896,11.621951
MED00060,1,2026-08-31,Monsoon,2.02008,1.949404,7.024502
MED00061,1,2026-08-31,Monsoon,2.02008,-0.487658,0.614063
MED00062,1,2026-08-31,Monsoon,2.02008,2.611754,13.622931
MED00063,1,2026-08-31,Monsoon,2.02008,-2.070113,0.126171
MED00064,1,2026-08-31,Monsoon,2.02008,3.180088,24.048882
MED00065,1,2026-08-31,Monsoon,2.02008,4.137107,62.621414
MED00066,1,2026-08-31,Monsoon,2.02008,-0.93684,0.391864
MED00067,1,2026-08-31,Monsoon,2.02008,0.789285,2.201822
MED00068,1,2026-08-31,Monsoon,2.02008,1.566164,4.788243
MED00069,1,2026-08-31,Monsoon,2.02008,0.775157,2.170932
MED00070,1,2026-08-31,Monsoon,2.02008,2.734288,15.398779
MED00071,1,2026-08-31,Monsoon,2.02008,0.920277,2.509986
MED00072,1,2026-08-31,Monsoon,2.02008,1.067442,2.90793
MED00073,1,2026-08-31,Monsoon,2.02008,1.475289,4.3723
MED00074,1,2026-08-31,Monsoon,2.02008,1.436134,4.204412
MED00075,1,2026-08-31,Monsoon,2.02008,1.4081,4.088179
MED00076,1,2026-08-31,Monsoon,2.02008,-1.553363,0.211535
MED00077,1,2026-08-31,Monsoon,2.02008,1.837959,6.2837
MED00078,1,2026-08-31,Monsoon,2.02008,1.407558,4.085966
MED00079,1,2026-08-31,Monsoon,2.02008,3.041724,20.941305
MED00080,1,2026-08-31,Monsoon,2.02008,1.576072,4.835925
MED00081,1,2026-08-31,Monsoon,2.02008,-1.091245,0.335798
MED00082,1,2026-08-31,Monsoon,2.02008,1.325834,3.765325
MED00083,1,2026-08-31,Monsoon,2.02008,1.543382,4.680392
MED00084,1,2026-08-31,Monsoon,2.02008,3.783296,43.96068
MED00085,1,2026-08-31,Monsoon,2.02008,0.78362,2.189384
MED00086,1,2026-08-31,Monsoon,2.02008,-0.990904,0.371241
MED00087,1,2026-08-31,Monsoon,2.02008,0.625647,1.869455
MED00088,1,2026-08-31,Monsoon,2.02008,3.32082,27.683037
MED00089,1,2026-08-31,Monsoon,2.02008,2.688744,14.713193
MED00090,1,2026-08-31,Monsoon,2.02008,1.393618,4.029403
MED00091,1,2026-08-31,Monsoon,2.02008,1.08486,2.959024
MED00092,1,2026-08-31,Monsoon,2.02008,0.492939,1.63712
MED00093,1,2026-08-31,Monsoon,2.02008,-1.272524,0.280124
MED00094,1,2026-08-31,Monsoon,2.02008,-0.534382,0.586031
MED00095,1,2026-08-31,Monsoon,2.02008,1.22329,3.398349
MED00096,1,2026-08-31,Monsoon,2.02008,2.752688,15.684728
MED00097,1,2026-08-31,Monsoon,2.02008,-0.846494,0.428916
MED00098,1,2026-08-31,Monsoon,2.02008,2.250187,9.48951
MED00099,1,2026-08-31,Monsoon,2.02008,-1.355073,0.257928
MED00100,1,2026-08-31,Monsoon,2.02008,-1.813162,0.163137
MED00101,1,2026-08-31,Monsoon,2.02008,1.587172,4.8899
MED00102,1,2026-08-31,Monsoon,2.02008,1.559474,4.756318
MED00103,1,2026-08-31,Monsoon,2.02008,1.194726,3.302654
MED00104,1,2026-08-31,Monsoon,2.02008,2.136762,8.471964
MED00105,1,2026-08-31,Monsoon,2.02008,2.472118,11.847507
MED00106,1,2026-08-31,Monsoon,2.02008,-2.016668,0.133098
MED00107,1,2026-08-31,Monsoon,2.02008,2.205155,9.071659
MED00108,1,2026-08-31,Monsoon,2.02008,1.18773,3.279628
MED00109,1,2026-08-31,Monsoon,2.02008,-0.592432,0.552981
MED00110,1,2026-08-31,Monsoon,2.02008,-0.54831,0.577926
MED00111,1,2026-08-31,Monsoon,2.02008,-0.43909,0.644623
MED00112,1,2026-08-31,Monsoon,2.02008,1.17852,3.24956
MED00113,1,2026-08-31,Monsoon,2.02008,0.6858,1.985358
MED00114,1,2026-08-31,Monsoon,2.02008,2.569536,13.059756
MED00115,1,2026-08-31,Monsoon,2.02008,0.791934,2.207662
MED00116,1,2026-08-31,Monsoon,2.02008,2.09676,8.139754
MED00117,1,2026-08-31,Monsoon,2.02008,0.666364,1.947145
MED00118,1,2026-08-31,Monsoon,2.02008,0.530673,1.700076
MED00119,1,2026-08-31,Monsoon,2.02008,0.743615,2.103525
MED00120,1,2026-08-31,Monsoon,2.02008,2.435917,11.426291
MED00121,1,2026-08-31,Monsoon,2.02008,1.393652,4.029539
MED00122,1,2026-08-31,Monsoon,2.02008,0.897219,2.452773
MED00123,1,2026-08-31,Monsoon,2.02008,-0.209467,0.811017
MED00124,1,2026-08-31,Monsoon,2.02008,2.183252,8.875118
MED00125,1,2026-08-31,Monsoon,2.02008,-1.475398,0.228688
MED00126,1,2026-08-31,Monsoon,2.02008,-0.099235,0.90553
MED00127,1,2026-08-31,Monsoon,2.02008,0.786998,2.196792
MED00128,1,2026-08-31,Monsoon,2.02008,0.837644,2.310916
MED00129,1,2026-08-31,Monsoon,2.02008,0.641296,1.89894
MED00130,1,2026-08-31,Monsoon,2.02008,-1.854848,0.156477
MED00131,1,2026-08-31,Monsoon,2.02008,0.908246,2.479969
MED00132,1,2026-08-31,Monsoon,2.02008,-0.943417,0.389295
MED00133,1,2026-08-31,Monsoon,2.02008,-0.773173,0.461546
MED00134,1,2026-08-31,Monsoon,2.02008,-0.361075,0.696927
MED00135,1,2026-08-31,Monsoon,2.02008,2.565974,13.01333
MED00136,1,2026-08-31,Monsoon,2.02008,0.580894,1.787635
MED00137,1,2026-08-31,Monsoon,2.02008,0.818366,2.266793
MED00138,1,2026-08-31,Monsoon,2.02008,0.811987,2.252378
MED00139,1,2026-08-31,Monsoon,2.02008,1.241729,3.461593
MED00140,1,2026-08-31,Monsoon,2.02008,0.647327,1.910428
MED00141,1,2026-08-31,Monsoon,2.02008,1.831863,6.245512
MED00142,1,2026-08-31,Monsoon,2.02008,-0.896535,0.407981
MED00143,1,2026-08-31,Monsoon,2.02008,0.682031,1.97789
MED00144,1,2026-08-31,Monsoon,2.02008,1.980079,7.243317
MED00145,1,2026-08-31,Monsoon,2.02008,-0.484839,0.615796
MED00146,1,2026-08-31,Monsoon,2.02008,0.71668,2.047625
MED00147,1,2026-08-31,Monsoon,2.02008,0.723541,2.061721
MED00148,1,2026-08-31,Monsoon,2.02008,1.965643,7.1395
MED00149,1,2026-08-31,Monsoon,2.02008,1.496592,4.46644
MED00150,1,2026-08-31,Monsoon,2.02008,0.822568,2.276338
MED00151,1,2026-08-31,Monsoon,2.02008,0.841388,2.319584
MED00152,1,2026-08-31,Monsoon,2.02008,0.891724,2.439332
MED00153,1,2026-08-31,Monsoon,2.02008,0.873101,2.394323
MED00154,1,2026-08-31,Monsoon,2.02008,2.717735,15.145979
MED00155,1,2026-08-31,Monsoon,2.02008,0.792968,2.209946
MED00156,1,2026-08-31,Monsoon,2.02008,1.021201,2.776528
MED00157,1,2026-08-31,Monsoon,2.02008,1.723897,5.606334
MED00158,1,2026-08-31,Monsoon,2.02008,-1.295444,0.273776
MED00159,1,2026-08-31,Monsoon,2.02008,2.384001,10.84822
MED00160,1,2026-08-31,Monsoon,2.02008,1.491293,4.442838
MED00161,1,2026-08-31,Monsoon,2.02008,2.014939,7.50027
MED00162,1,2026-08-31,Monsoon,2.02008,0.859403,2.36175
MED00163,1,2026-08-31,Monsoon,2.02008,-1.199099,0.301466
MED00164,1,2026-08-31,Monsoon,2.02008,0.791902,2.207592
MED00165,1,2026-08-31,Monsoon,2.02008,2.298859,9.962808
MED00166,1,2026-08-31,Monsoon,2.02008,0.831901,2.297683
MED00167,1,2026-08-31,Monsoon,2.02008,0.634272,1.885649
MED00168,1,2026-08-31,Monsoon,2.02008,0.734633,2.084717
MED00169,1,2026-08-31,Monsoon,2.02008,0.632746,1.882774
MED00170,1,2026-08-31,Monsoon,2.02008,0.63309,1.883422
MED00171,1,2026-08-31,Monsoon,2.02008,0.885524,2.424255
MED00172,1,2026-08-31,Monsoon,2.02008,1.103111,3.013526
MED00173,1,2026-08-31,Monsoon,2.02008,0.88177,2.415172
MED00174,1,2026-08-31,Monsoon,2.02008,2.05676,7.82059
MED00175,1,2026-08-31,Monsoon,2.02008,0.184897,1.203095
MED00176,1,2026-08-31,Monsoon,2.02008,2.421591,11.263769
MED00177,1,2026-08-31,Monsoon,2.02008,-1.298453,0.272954
MED00178,1,2026-08-31,Monsoon,2.02008,0.641427,1.899189
MED00179,1,2026-08-31,Monsoon,2.02008,-0.361819,0.696408
MED00180,1,2026-08-31,Monsoon,2.02008,0.75368,2.124804
MED00181,1,2026-08-31,Monsoon,2.02008,1.261572,3.530968
MED00182,1,2026-08-31,Monsoon,2.02008,-1.21758,0.295946
MED00183,1,2026-08-31,Monsoon,2.02008,2.798754,16.424177
MED00184,1,2026-08-31,Monsoon,2.02008,2.024808,7.574652
MED00185,1,2026-08-31,Monsoon,2.02008,0.985678,2.679627
MED00186,1,2026-08-31,Monsoon,2.02008,0.704802,2.023446
MED00187,1,2026-08-31,Monsoon,2.02008,1.005941,2.734478
MED00188,1,2026-08-31,Monsoon,2.02008,1.277029,3.58597
MED00189,1,2026-08-31,Monsoon,2.02008,-1.62923,0.19608
MED00190,1,2026-08-31,Monsoon,2.02008,0.84321,2.323814
MED00191,1,2026-08-31,Monsoon,2.02008,2.487355,12.029416
MED00192,1,2026-08-31,Monsoon,2.02008,-1.788715,0.167175
MED00193,1,2026-08-31,Monsoon,2.02008,-2.193771,0.111496
MED00194,1,2026-08-31,Monsoon,2.02008,2.166346,8.726336
MED00195,1,2026-08-31,Monsoon,2.02008,2.127361,8.39269
MED00196,1,2026-08-31,Monsoon,2.02008,2.1686,8.74603
MED00197,1,2026-08-31,Monsoon,2.02008,2.151222,8.595351
MED00198,1,2026-08-31,Monsoon,2.02008,0.62069,1.860211
MED00199,1,2026-08-31,Monsoon,2.02008,0.684999,1.983771
MED00200,1,2026-08-31,Monsoon,2.02008,0.669872,1.953988
MED00201,1,2026-08-31,Monsoon,2.02008,2.276796,9.745405
MED00202,1,2026-08-31,Monsoon,2.02008,0.650912,1.917288
MED00203,1,2026-08-31,Monsoon,2.02008,1.084337,2.957477
MED00204,1,2026-08-31,Monsoon,2.02008,0.80832,2.244134
MED00205,1,2026-08-31,Monsoon,2.02008,2.513989,12.354109
MED00206,1,2026-08-31,Monsoon,2.02008,0.408293,1.504248
MED00207,1,2026-08-31,Monsoon,2.02008,0.752453,2.1222
MED00208,1,2026-08-31,Monsoon,2.02008,2.475507,11.887735
MED00209,1,2026-08-31,Monsoon,2.02008,0.983558,2.673953
MED00210,1,2026-08-31,Monsoon,2.02008,0.204756,1.227226
MED00211,1,2026-08-31,Monsoon,2.02008,0.890433,2.436183
MED00212,1,2026-08-31,Monsoon,2.02008,0.779831,2.181104
MED00213,1,2026-08-31,Monsoon,2.02008,0.467923,1.596674
MED00214,1,2026-08-31,Monsoon,2.02008,2.365267,10.646881
MED00215,1,2026-08-31,Monsoon,2.02008,0.903756,2.468858
MED00216,1,2026-08-31,Monsoon,2.02008,-2.449233,0.08636
MED00217,1,2026-08-31,Monsoon,2.02008,-1.591592,0.203601
MED00218,1,2026-08-31,Monsoon,2.02008,1.673575,5.331193
MED00219,1,2026-08-31,Monsoon,2.02008,2.604095,13.518988
MED00220,1,2026-08-31,Monsoon,2.02008,0.81086,2.249842
MED00221,1,2026-08-31,Monsoon,2.02008,1.370861,3.938739
MED00222,1,2026-08-31,Monsoon,2.02008,-0.756132,0.469479
MED00223,1,2026-08-31,Monsoon,2.02008,2.102515,8.186732
MED00224,1,2026-08-31,Monsoon,2.02008,0.631403,1.880246
MED00225,1,2026-08-31,Monsoon,2.02008,1.597386,4.940104
MED00226,1,2026-08-31,Monsoon,2.02008,1.088301,2.969224
MED00227,1,2026-08-31,Monsoon,2.02008,2.752913,15.688269
MED00228,1,2026-08-31,Monsoon,2.02008,0.586927,1.798454
MED00229,1,2026-08-31,Monsoon,2.02008,-0.508006,0.601694
MED00230,1,2026-08-31,Monsoon,2.02008,2.553807,12.855957
MED00231,1,2026-08-31,Monsoon,2.02008,0.546063,1.726443
MED00232,1,2026-08-31,Monsoon,2.02008,1.21003,3.353584
MED00233,1,2026-08-31,Monsoon,2.02008,-0.774255,0.461047
MED00234,1,2026-08-31,Monsoon,2.02008,0.665829,1.946104
MED00235,1,2026-08-31,Monsoon,2.02008,4.207106,67.161896
MED00236,1,2026-08-31,Monsoon,2.02008,0.813706,2.256254
MED00237,1,2026-08-31,Monsoon,2.02008,1.823365,6.192662
MED00238,1,2026-08-31,Monsoon,2.02008,0.741136,2.098318
MED00239,1,2026-08-31,Monsoon,2.02008,1.421333,4.142638
MED00240,1,2026-08-31,Monsoon,2.02008,1.787714,5.975776
MED00241,1,2026-08-31,Monsoon,2.02008,1.020288,2.773994
MED00242,1,2026-08-31,Monsoon,2.02008,2.333222,10.311114
MED00243,1,2026-08-31,Monsoon,2.02008,-1.950648,0.142182
MED00244,1,2026-08-31,Monsoon,2.02008,0.801997,2.22999
MED00245,1,2026-08-31,Monsoon,2.02008,4.3,73.69981
MED00246,1,2026-08-31,Monsoon,2.02008,1.89202,6.632752
MED00247,1,2026-08-31,Monsoon,2.02008,2.50385,12.229492
MED00248,1,2026-08-31,Monsoon,2.02008,0.820883,2.272504
MED00249,1,2026-08-31,Monsoon,2.02008,3.041848,20.943901
MED00250,1,2026-08-31,Monsoon,2.02008,2.768406,15.933211
MED00251,1,2026-08-31,Monsoon,2.02008,0.650691,1.916865
MED00252,1,2026-08-31,Monsoon,2.02008,-0.928836,0.395013
MED00253,1,2026-08-31,Monsoon,2.02008,1.464497,4.325368
MED00254,1,2026-08-31,Monsoon,2.02008,-1.011341,0.363731
MED00255,1,2026-08-31,Monsoon,2.02008,1.93118,6.897646
MED00256,1,2026-08-31,Monsoon,2.02008,0.846855,2.3323
MED00257,1,2026-08-31,Monsoon,2.02008,1.806744,6.090582
MED00258,1,2026-08-31,Monsoon,2.02008,0.835081,2.305001
MED00259,1,2026-08-31,Monsoon,2.02008,0.878624,2.407586
MED00260,1,2026-08-31,Monsoon,2.02008,-0.618251,0.538886
MED00261,1,2026-08-31,Monsoon,2.02008,-0.182464,0.833215
MED00262,1,2026-08-31,Monsoon,2.02008,1.469752,4.348156
MED00263,1,2026-08-31,Monsoon,2.02008,1.245601,3.475021
MED00264,1,2026-08-31,Monsoon,2.02008,-0.756916,0.469111
MED00265,1,2026-08-31,Monsoon,2.02008,2.017384,7.518629
MED00266,1,2026-08-31,Monsoon,2.02008,2.628048,13.846717
MED00267,1,2026-08-31,Monsoon,2.02008,1.760153,5.813328
MED00268,1,2026-08-31,Monsoon,2.02008,0.823764,2.279061
MED00269,1,2026-08-31,Monsoon,2.02008,0.862691,2.369528
MED00270,1,2026-08-31,Monsoon,2.02008,0.879081,2.408684
MED00271,1,2026-08-31,Monsoon,2.02008,1.101928,3.009965
MED00272,1,2026-08-31,Monsoon,2.02008,1.49514,4.459959
MED00273,1,2026-08-31,Monsoon,2.02008,1.280584,3.598739
MED00274,1,2026-08-31,Monsoon,2.02008,-0.881181,0.414293
MED00275,1,2026-08-31,Monsoon,2.02008,2.55768,12.905843
MED00276,1,2026-08-31,Monsoon,2.02008,0.709414,2.032799
MED00277,1,2026-08-31,Monsoon,2.02008,-1.668638,0.188504
MED00278,1,2026-08-31,Monsoon,2.02008,2.198989,9.015893
MED00279,1,2026-08-31,Monsoon,2.02008,2.921496,18.569054
MED00280,1,2026-08-31,Monsoon,2.02008,-1.623276,0.197251
MED00281,1,2026-08-31,Monsoon,2.02008,2.671699,14.46452
MED00282,1,2026-08-31,Monsoon,2.02008,1.311726,3.712577
MED00283,1,2026-08-31,Monsoon,2.02008,0.949332,2.583983
MED00284,1,2026-08-31,Monsoon,2.02008,0.493295,1.637703
MED00285,1,2026-08-31,Monsoon,2.02008,1.86623,6.463882
MED00286,1,2026-08-31,Monsoon,2.02008,1.750838,5.759428
MED00287,1,2026-08-31,Monsoon,2.02008,1.338888,3.814798
MED00288,1,2026-08-31,Monsoon,2.02008,3.712904,40.972607
MED00289,1,2026-08-31,Monsoon,2.02008,1.868897,6.481146
MED00290,1,2026-08-31,Monsoon,2.02008,0.677426,1.968803
MED00291,1,2026-08-31,Monsoon,2.02008,2.274126,9.719417
MED00292,1,2026-08-31,Monsoon,2.02008,0.664044,1.942633
MED00293,1,2026-08-31,Monsoon,2.02008,1.805417,6.082508
MED00294,1,2026-08-31,Monsoon,2.02008,0.289373,1.33559
MED00295,1,2026-08-31,Monsoon,2.02008,-1.215,0.29671
MED00296,1,2026-08-31,Monsoon,2.02008,1.610304,5.004334
MED00297,1,2026-08-31,Monsoon,2.02008,2.004906,7.425394
MED00298,1,2026-08-31,Monsoon,2.02008,0.865153,2.375369
MED00299,1,2026-08-31,Monsoon,2.02008,-1.01274,0.363222
MED00300,1,2026-08-31,Monsoon,2.02008,0.71805,2.050432
MED00301,1,2026-08-31,Monsoon,2.02008,1.864708,6.454048
MED00302,1,2026-08-31,Monsoon,2.02008,2.200364,9.028296
MED00303,1,2026-08-31,Monsoon,2.02008,1.103503,3.014708
MED00304,1,2026-08-31,Monsoon,2.02008,1.652865,5.22192
MED00305,1,2026-08-31,Monsoon,2.02008,0.683093,1.979992
MED00306,1,2026-08-31,Monsoon,2.02008,-0.832025,0.435167
MED00307,1,2026-08-31,Monsoon,2.02008,3.261394,26.08587
MED00308,1,2026-08-31,Monsoon,2.02008,-0.362094,0.696217
MED00309,1,2026-08-31,Monsoon,2.02008,1.44508,4.242192
MED00310,1,2026-08-31,Monsoon,2.02008,1.409377,4.093404
MED00311,1,2026-08-31,Monsoon,2.02008,1.606416,4.984912
MED00312,1,2026-08-31,Monsoon,2.02008,-0.953488,0.385394
MED00313,1,2026-08-31,Monsoon,2.02008,-0.425415,0.653499
MED00314,1,2026-08-31,Monsoon,2.02008,2.344429,10.427318
MED00315,1,2026-08-31,Monsoon,2.02008,2.344358,10.426572
MED00316,1,2026-08-31,Monsoon,2.02008,1.181561,3.259457
MED00317,1,2026-08-31,Monsoon,2.02008,0.863311,2.370999
MED00318,1,2026-08-31,Monsoon,2.02008,1.118335,3.059754
MED00319,1,2026-08-31,Monsoon,2.02008,2.465882,11.77386
MED00320,1,2026-08-31,Monsoon,2.02008,2.09731,8.144234
MED00321,1,2026-08-31,Monsoon,2.02008,-0.306165,0.736265
MED00322,1,2026-08-31,Monsoon,2.02008,-1.881692,0.152332
MED00323,1,2026-08-31,Monsoon,2.02008,-0.026381,0.973964
MED00324,1,2026-08-31,Monsoon,2.02008,0.450891,1.56971
MED00325,1,2026-08-31,Monsoon,2.02008,2.10958,8.244782
MED00326,1,2026-08-31,Monsoon,2.02008,2.298221,9.956453
MED00327,1,2026-08-31,Monsoon,2.02008,1.208839,3.349593
MED00328,1,2026-08-31,Monsoon,2.02008,1.620507,5.055653
MED00329,1,2026-08-31,Monsoon,2.02008,2.462452,11.733546
MED00330,1,2026-08-31,Monsoon,2.02008,1.666576,5.294012
MED00331,1,2026-08-31,Monsoon,2.02008,0.65722,1.929421
MED00332,1,2026-08-31,Monsoon,2.02008,1.189683,3.286038
MED00333,1,2026-08-31,Monsoon,2.02008,1.156765,3.179632
MED00334,1,2026-08-31,Monsoon,2.02008,2.373489,10.734782
MED00335,1,2026-08-31,Monsoon,2.02008,1.869982,6.48818
MED00336,1,2026-08-31,Monsoon,2.02008,2.328253,10.260002
MED00337,1,2026-08-31,Monsoon,2.02008,4.230275,68.736145
MED00338,1,2026-08-31,Monsoon,2.02008,2.235474,9.350912
MED00339,1,2026-08-31,Monsoon,2.02008,0.678034,1.970001
MED00340,1,2026-08-31,Monsoon,2.02008,0.501374,1.650989
MED00341,1,2026-08-31,Monsoon,2.02008,1.892865,6.638359
MED00342,1,2026-08-31,Monsoon,2.02008,0.786764,2.196278
MED00343,1,2026-08-31,Monsoon,2.02008,2.39047,10.918622
MED00344,1,2026-08-31,Monsoon,2.02008,1.757366,5.79715
MED00345,1,2026-08-31,Monsoon,2.02008,-1.871681,0.153865
MED00346,1,2026-08-31,Monsoon,2.02008,1.314884,3.724317
MED00347,1,2026-08-31,Monsoon,2.02008,-1.743977,0.174824
MED00348,1,2026-08-31,Monsoon,2.02008,0.63916,1.894888
MED00349,1,2026-08-31,Monsoon,2.02008,0.928676,2.531155
MED00350,1,2026-08-31,Monsoon,2.02008,0.275155,1.316735
MED00351,1,2026-08-31,Monsoon,2.02008,-0.418679,0.657915
MED00352,1,2026-08-31,Monsoon,2.02008,-1.164796,0.311986
MED00353,1,2026-08-31,Monsoon,2.02008,0.098688,1.103722
MED00354,1,2026-08-31,Monsoon,2.02008,-0.057376,0.944239
MED00355,1,2026-08-31,Monsoon,2.02008,2.605944,13.543997
MED00356,1,2026-08-31,Monsoon,2.02008,0.718917,2.05221
MED00357,1,2026-08-31,Monsoon,2.02008,-1.669408,0.188358
MED00358,1,2026-08-31,Monsoon,2.02008,1.798901,6.043004
MED00359,1,2026-08-31,Monsoon,2.02008,0.845093,2.328195
MED00360,1,2026-08-31,Monsoon,2.02008,1.137299,3.118333
MED00361,1,2026-08-31,Monsoon,2.02008,0.859806,2.362702
MED00362,1,2026-08-31,Monsoon,2.02008,0.974902,2.650908
MED00363,1,2026-08-31,Monsoon,2.02008,0.625474,1.869131
MED00364,1,2026-08-31,Monsoon,2.02008,-1.773768,0.169692
MED00365,1,2026-08-31,Monsoon,2.02008,0.876983,2.403638
MED00366,1,2026-08-31,Monsoon,2.02008,2.335087,10.330361
MED00367,1,2026-08-31,Monsoon,2.02008,0.858773,2.360263
MED00368,1,2026-08-31,Monsoon,2.02008,1.139415,3.12494
MED00369,1,2026-08-31,Monsoon,2.02008,1.665691,5.289329
MED00370,1,2026-08-31,Monsoon,2.02008,-0.976237,0.376726
MED00371,1,2026-08-31,Monsoon,2.02008,2.719911,15.178973
MED00372,1,2026-08-31,Monsoon,2.02008,-1.678843,0.18659
MED00373,1,2026-08-31,Monsoon,2.02008,-0.460885,0.630725
MED00374,1,2026-08-31,Monsoon,2.02008,0.66668,1.94776
MED00375,1,2026-08-31,Monsoon,2.02008,2.682783,14.625746
MED00376,1,2026-08-31,Monsoon,2.02008,0.815808,2.261001
MED00377,1,2026-08-31,Monsoon,2.02008,-0.596417,0.550782
MED00378,1,2026-08-31,Monsoon,2.02008,0.885152,2.423354
MED00379,1,2026-08-31,Monsoon,2.02008,-0.338425,0.712892
MED00380,1,2026-08-31,Monsoon,2.02008,-0.386246,0.679604
MED00381,1,2026-08-31,Monsoon,2.02008,0.298195,1.347425
MED00382,1,2026-08-31,Monsoon,2.02008,0.897895,2.454432
MED00383,1,2026-08-31,Monsoon,2.02008,2.055493,7.810684
MED00384,1,2026-08-31,Monsoon,2.02008,0.791549,2.206811
MED00385,1,2026-08-31,Monsoon,2.02008,2.966197,19.417929
MED00386,1,2026-08-31,Monsoon,2.02008,2.717767,15.146459
MED00387,1,2026-08-31,Monsoon,2.02008,2.994379,19.972954
MED00388,1,2026-08-31,Monsoon,2.02008,4.454088,85.97764
MED00389,1,2026-08-31,Monsoon,2.02008,2.606056,13.545522
MED00390,1,2026-08-31,Monsoon,2.02008,3.207059,24.70631
MED00391,1,2026-08-31,Monsoon,2.02008,3.046014,21.031347
MED00392,1,2026-08-31,Monsoon,2.02008,3.036994,20.842506
MED00393,1,2026-08-31,Monsoon,2.02008,2.572392,13.097121
MED00394,1,2026-08-31,Monsoon,2.02008,2.690014,14.731874
MED00395,1,2026-08-31,Monsoon,2.02008,2.894381,18.072317
MED00396,1,2026-08-31,Monsoon,2.02008,4.021189,55.767387
MED00397,1,2026-08-31,Monsoon,2.02008,3.836757,46.374825
MED00398,1,2026-08-31,Monsoon,2.02008,4.710734,111.13374
MED00399,1,2026-08-31,Monsoon,2.02008,4.544287,94.09333
MED00400,1,2026-08-31,Monsoon,2.02008,4.303256,73.940155
MED00401,1,2026-08-31,Monsoon,2.02008,2.98912,19.8682
MED00402,1,2026-08-31,Monsoon,2.02008,3.315234,27.528847
MED00403,1,2026-08-31,Monsoon,2.02008,2.513558,12.348794
MED00404,1,2026-08-31,Monsoon,2.02008,1.831546,6.243532
MED00405,1,2026-08-31,Monsoon,2.02008,2.180679,8.852318
MED00406,1,2026-08-31,Monsoon,2.02008,3.111896,22.463596
MED00407,1,2026-08-31,Monsoon,2.02008,3.287388,26.772856
MED00408,1,2026-08-31,Monsoon,2.02008,2.40588,11.088188
MED00409,1,2026-08-31,Monsoon,2.02008,2.561243,12.951904
MED00410,1,2026-08-31,Monsoon,2.02008,2.502902,12.217894
MED00411,1,2026-08-31,Monsoon,2.02008,3.044146,20.992092
MED00412,1,2026-08-31,Monsoon,2.02008,2.553774,12.855534
MED00413,1,2026-08-31,Monsoon,2.02008,2.585044,13.263868
MED00414,1,2026-08-31,Monsoon,2.02008,3.099402,22.18468
MED00415,1,2026-08-31,Monsoon,2.02008,2.609688,13.594806
MED00416,1,2026-08-31,Monsoon,2.02008,3.05306,21.180067
MED00417,1,2026-08-31,Monsoon,2.02008,2.153309,8.61331
MED00418,1,2026-08-31,Monsoon,2.02008,2.181688,8.861252
MED00419,1,2026-08-31,Monsoon,2.02008,2.341914,10.401119
MED00420,1,2026-08-31,Monsoon,2.02008,3.26208,26.103764
MED00421,1,2026-08-31,Monsoon,2.02008,3.34837,28.456314
MED00422,1,2026-08-31,Monsoon,2.02008,3.060476,21.337713
MED00423,1,2026-08-31,Monsoon,2.02008,2.578366,13.175589
MED00424,1,2026-08-31,Monsoon,2.02008,4.429227,83.866554
MED00001,2,2026-09-07,Monsoon,2.02008,2.633195,13.91817
MED00002,2,2026-09-07,Monsoon,2.02008,-2.113212,0.120849
MED00003,2,2026-09-07,Monsoon,2.02008,-1.227776,0.292943
MED00004,2,2026-09-07,Monsoon,2.02008,-0.060356,0.941429
MED00005,2,2026-09-07,Monsoon,2.02008,0.902867,2.466664
MED00006,2,2026-09-07,Monsoon,2.02008,0.562416,1.754907
MED00007,2,2026-09-07,Monsoon,2.02008,1.196238,3.307652
MED00008,2,2026-09-07,Monsoon,2.02008,-0.48289,0.616998
MED00009,2,2026-09-07,Monsoon,2.02008,1.297383,3.659707
MED00010,2,2026-09-07,Monsoon,2.02008,1.37362,3.949621
MED00011,2,2026-09-07,Monsoon,2.02008,3.093564,22.05554
MED00012,2,2026-09-07,Monsoon,2.02008,0.808017,2.243454
MED00013,2,2026-09-07,Monsoon,2.02008,1.466901,4.335778
MED00014,2,2026-09-07,Monsoon,2.02008,2.893443,18.05536
MED00015,2,2026-09-07,Monsoon,2.02008,-0.740463,0.476893
MED00016,2,2026-09-07,Monsoon,2.02008,0.788218,2.199474
MED00017,2,2026-09-07,Monsoon,2.02008,0.671295,1.95677
MED00018,2,2026-09-07,Monsoon,2.02008,4.339122,76.64017
MED00019,2,2026-09-07,Monsoon,2.02008,3.794465,44.45445
MED00020,2,2026-09-07,Monsoon,2.02008,2.360994,10.601488
MED00021,2,2026-09-07,Monsoon,2.02008,1.637217,5.140843
MED00022,2,2026-09-07,Monsoon,2.02008,1.148752,3.154255
MED00023,2,2026-09-07,Monsoon,2.02008,0.442838,1.557121
MED00024,2,2026-09-07,Monsoon,2.02008,1.334676,3.798764
MED00025,2,2026-09-07,Monsoon,2.02008,-2.118241,0.120243
MED00026,2,2026-09-07,Monsoon,2.02008,-1.116897,0.327294
MED00027,2,2026-09-07,Monsoon,2.02008,-1.387324,0.249743
MED00028,2,2026-09-07,Monsoon,2.02008,-0.821727,0.439672
MED00029,2,2026-09-07,Monsoon,2.02008,2.781365,16.141033
MED00030,2,2026-09-07,Monsoon,2.02008,1.847914,6.346566
MED00031,2,2026-09-07,Monsoon,2.02008,1.324354,3.759756
MED00032,2,2026-09-07,Monsoon,2.02008,1.004189,2.729693
MED00033,2,2026-09-07,Monsoon,2.02008,-0.023636,0.976641
MED00034,2,2026-09-07,Monsoon,2.02008,3.00438,20.1737
MED00035,2,2026-09-07,Monsoon,2.02008,-0.766457,0.464657
MED00036,2,2026-09-07,Monsoon,2.02008,0.559929,1.750548
MED00037,2,2026-09-07,Monsoon,2.02008,1.564784,4.781642
MED00038,2,2026-09-07,Monsoon,2.02008,2.956466,19.229883
MED00039,2,2026-09-07,Monsoon,2.02008,-0.014829,0.98528
MED00040,2,2026-09-07,Monsoon,2.02008,-0.595327,0.551382
MED00041,2,2026-09-07,Monsoon,2.02008,-0.999691,0.367993
MED00042,2,2026-09-07,Monsoon,2.02008,1.33895,3.815037
MED00043,2,2026-09-07,Monsoon,2.02008,-0.899532,0.40676
MED00044,2,2026-09-07,Monsoon,2.02008,0.870045,2.387018
MED00045,2,2026-09-07,Monsoon,2.02008,0.556065,1.743796
MED00046,2,2026-09-07,Monsoon,2.02008,0.984043,2.675251
MED00047,2,2026-09-07,Monsoon,2.02008,1.891939,6.632214
MED00048,2,2026-09-07,Monsoon,2.02008,2.610176,13.601445
MED00049,2,2026-09-07,Monsoon,2.02008,-1.847294,0.157663
MED00050,2,2026-09-07,Monsoon,2.02008,1.16496,3.205794
MED00051,2,2026-09-07,Monsoon,2.02008,-1.922771,0.146201
MED00052,2,2026-09-07,Monsoon,2.02008,-0.833543,0.434507
MED00053,2,2026-09-07,Monsoon,2.02008,2.324494,10.221513
MED00054,2,2026-09-07,Monsoon,2.02008,2.279589,9.772665
MED00055,2,2026-09-07,Monsoon,2.02008,0.00796,1.007992
MED00056,2,2026-09-07,Monsoon,2.02008,-0.422782,0.655222
MED00057,2,2026-09-07,Monsoon,2.02008,-0.809462,0.445097
MED00058,2,2026-09-07,Monsoon,2.02008,0.537208,1.711222
MED00059,2,2026-09-07,Monsoon,2.02008,2.449594,11.58364
MED00060,2,2026-09-07,Monsoon,2.02008,1.953897,7.056134
MED00061,2,2026-09-07,Monsoon,2.02008,-0.498922,0.607185
MED00062,2,2026-09-07,Monsoon,2.02008,2.627254,13.835729
MED00063,2,2026-09-07,Monsoon,2.02008,-2.076686,0.125345
MED00064,2,2026-09-07,Monsoon,2.02008,3.20601,24.680418
MED00065,2,2026-09-07,Monsoon,2.02008,4.167624,64.56184
MED00066,2,2026-09-07,Monsoon,2.02008,-0.934761,0.39268
MED00067,2,2026-09-07,Monsoon,2.02008,0.808067,2.243567
MED00068,2,2026-09-07,Monsoon,2.02008,1.566164,4.788243
MED00069,2,2026-09-07,Monsoon,2.02008,0.794357,2.213017
MED00070,2,2026-09-07,Monsoon,2.02008,2.743622,15.543189
MED00071,2,2026-09-07,Monsoon,2.02008,0.939477,2.558643
MED00072,2,2026-09-07,Monsoon,2.02008,1.086641,2.964302
MED00073,2,2026-09-07,Monsoon,2.02008,1.476608,4.378068
MED00074,2,2026-09-07,Monsoon,2.02008,1.455334,4.285916
MED00075,2,2026-09-07,Monsoon,2.02008,1.409418,4.093573
MED00076,2,2026-09-07,Monsoon,2.02008,-1.551283,0.211976
MED00077,2,2026-09-07,Monsoon,2.02008,1.85297,6.378738
MED00078,2,2026-09-07,Monsoon,2.02008,1.426758,4.165175
MED00079,2,2026-09-07,Monsoon,2.02008,3.129077,22.85287
MED00080,2,2026-09-07,Monsoon,2.02008,1.576072,4.835925
MED00081,2,2026-09-07,Monsoon,2.02008,-1.058507,0.346973
MED00082,2,2026-09-07,Monsoon,2.02008,1.345034,3.838318
MED00083,2,2026-09-07,Monsoon,2.02008,1.543382,4.680392
MED00084,2,2026-09-07,Monsoon,2.02008,3.774609,43.58048
MED00085,2,2026-09-07,Monsoon,2.02008,0.78362,2.189384
MED00086,2,2026-09-07,Monsoon,2.02008,-0.995458,0.369554
MED00087,2,2026-09-07,Monsoon,2.02008,0.625647,1.869455
MED00088,2,2026-09-07,Monsoon,2.02008,3.359501,28.774826
MED00089,2,2026-09-07,Monsoon,2.02008,2.78984,16.27842
MED00090,2,2026-09-07,Monsoon,2.02008,1.392665,4.025565
MED00091,2,2026-09-07,Monsoon,2.02008,1.10406,3.016386
MED00092,2,2026-09-07,Monsoon,2.02008,0.492939,1.63712
MED00093,2,2026-09-07,Monsoon,2.02008,-1.263028,0.282796
MED00094,2,2026-09-07,Monsoon,2.02008,-0.54175,0.581729
MED00095,2,2026-09-07,Monsoon,2.02008,1.22329,3.398349
MED00096,2,2026-09-07,Monsoon,2.02008,2.750713,15.65379
MED00097,2,2026-09-07,Monsoon,2.02008,-0.851047,0.426968
MED00098,2,2026-09-07,Monsoon,2.02008,2.247424,9.463332
MED00099,2,2026-09-07,Monsoon,2.02008,-1.349396,0.259397
MED00100,2,2026-09-07,Monsoon,2.02008,-1.824556,0.161289
MED00101,2,2026-09-07,Monsoon,2.02008,1.597671,4.941512
MED00102,2,2026-09-07,Monsoon,2.02008,1.580432,4.857055
MED00103,2,2026-09-07,Monsoon,2.02008,1.194726,3.302654
MED00104,2,2026-09-07,Monsoon,2.02008,2.134849,8.45577
MED00105,2,2026-09-07,Monsoon,2.02008,2.476889,11.904172
MED00106,2,2026-09-07,Monsoon,2.02008,-2.02324,0.132226
MED00107,2,2026-09-07,Monsoon,2.02008,2.203242,9.054318
MED00108,2,2026-09-07,Monsoon,2.02008,1.18773,3.279628
MED00109,2,2026-09-07,Monsoon,2.02008,-0.639378,0.52762
MED00110,2,2026-09-07,Monsoon,2.02008,-0.54831,0.577926
MED00111,2,2026-09-07,Monsoon,2.02008,-0.431154,0.649759
MED00112,2,2026-09-07,Monsoon,2.02008,1.17852,3.24956
MED00113,2,2026-09-07,Monsoon,2.02008,0.6858,1.985358
MED00114,2,2026-09-07,Monsoon,2.02008,2.60395,13.517019
MED00115,2,2026-09-07,Monsoon,2.02008,0.791934,2.207662
MED00116,2,2026-09-07,Monsoon,2.02008,2.107874,8.230726
MED00117,2,2026-09-07,Monsoon,2.02008,0.666364,1.947145
MED00118,2,2026-09-07,Monsoon,2.02008,0.530673,1.700076
MED00119,2,2026-09-07,Monsoon,2.02008,0.743615,2.103525
MED00120,2,2026-09-07,Monsoon,2.02008,2.507124,12.269591
MED00121,2,2026-09-07,Monsoon,2.02008,1.392699,4.0257
MED00122,2,2026-09-07,Monsoon,2.02008,0.897219,2.452773
MED00123,2,2026-09-07,Monsoon,2.02008,-0.207333,0.812749
MED00124,2,2026-09-07,Monsoon,2.02008,2.190752,8.941937
MED00125,2,2026-09-07,Monsoon,2.02008,-1.437148,0.237604
MED00126,2,2026-09-07,Monsoon,2.02008,-0.117132,0.889467
MED00127,2,2026-09-07,Monsoon,2.02008,0.786998,2.196792
MED00128,2,2026-09-07,Monsoon,2.02008,0.837644,2.310916
MED00129,2,2026-09-07,Monsoon,2.02008,0.641296,1.89894
MED00130,2,2026-09-07,Monsoon,2.02008,-1.826093,0.161041
MED00131,2,2026-09-07,Monsoon,2.02008,0.908246,2.479969
MED00132,2,2026-09-07,Monsoon,2.02008,-0.937387,0.39165
MED00133,2,2026-09-07,Monsoon,2.02008,-0.753973,0.470494
MED00134,2,2026-09-07,Monsoon,2.02008,-0.365629,0.69376
MED00135,2,2026-09-07,Monsoon,2.02008,2.641346,14.032084
MED00136,2,2026-09-07,Monsoon,2.02008,0.580894,1.787635
MED00137,2,2026-09-07,Monsoon,2.02008,0.818366,2.266793
MED00138,2,2026-09-07,Monsoon,2.02008,0.811987,2.252378
MED00139,2,2026-09-07,Monsoon,2.02008,1.241729,3.461593
MED00140,2,2026-09-07,Monsoon,2.02008,0.647327,1.910428
MED00141,2,2026-09-07,Monsoon,2.02008,1.832229,6.247796
MED00142,2,2026-09-07,Monsoon,2.02008,-0.896535,0.407981
MED00143,2,2026-09-07,Monsoon,2.02008,0.682031,1.97789
MED00144,2,2026-09-07,Monsoon,2.02008,1.975168,7.20783
MED00145,2,2026-09-07,Monsoon,2.02008,-0.50189,0.605385
MED00146,2,2026-09-07,Monsoon,2.02008,0.71668,2.047625
MED00147,2,2026-09-07,Monsoon,2.02008,0.723541,2.061721
MED00148,2,2026-09-07,Monsoon,2.02008,1.967539,7.153051
MED00149,2,2026-09-07,Monsoon,2.02008,1.506671,4.511687
MED00150,2,2026-09-07,Monsoon,2.02008,0.822568,2.276338
MED00151,2,2026-09-07,Monsoon,2.02008,0.841388,2.319584
MED00152,2,2026-09-07,Monsoon,2.02008,0.891724,2.439332
MED00153,2,2026-09-07,Monsoon,2.02008,0.873101,2.394323
MED00154,2,2026-09-07,Monsoon,2.02008,2.740892,15.500801
MED00155,2,2026-09-07,Monsoon,2.02008,0.792968,2.209946
MED00156,2,2026-09-07,Monsoon,2.02008,1.020303,2.774034
MED00157,2,2026-09-07,Monsoon,2.02008,1.723364,5.603348
MED00158,2,2026-09-07,Monsoon,2.02008,-1.285948,0.276388
MED00159,2,2026-09-07,Monsoon,2.02008,2.390724,10.921403
MED00160,2,2026-09-07,Monsoon,2.02008,1.49034,4.438606
MED00161,2,2026-09-07,Monsoon,2.02008,2.010028,7.463526
MED00162,2,2026-09-07,Monsoon,2.02008,0.859403,2.36175
MED00163,2,2026-09-07,Monsoon,2.02008,-1.16085,0.31322
MED00164,2,2026-09-07,Monsoon,2.02008,0.78912,2.201458
MED00165,2,2026-09-07,Monsoon,2.02008,2.33547,10.33432
MED00166,2,2026-09-07,Monsoon,2.02008,0.831901,2.297683
MED00167,2,2026-09-07,Monsoon,2.02008,0.634692,1.886441
MED00168,2,2026-09-07,Monsoon,2.02008,0.734633,2.084717
MED00169,2,2026-09-07,Monsoon,2.02008,0.632746,1.882774
MED00170,2,2026-09-07,Monsoon,2.02008,0.63309,1.883422
MED00171,2,2026-09-07,Monsoon,2.02008,0.885524,2.424255
MED00172,2,2026-09-07,Monsoon,2.02008,1.097324,2.996137
MED00173,2,2026-09-07,Monsoon,2.02008,0.88177,2.415172
MED00174,2,2026-09-07,Monsoon,2.02008,2.065296,7.887632
MED00175,2,2026-09-07,Monsoon,2.02008,0.172231,1.187952
MED00176,2,2026-09-07,Monsoon,2.02008,2.466013,11.775404
MED00177,2,2026-09-07,Monsoon,2.02008,-1.291388,0.274889
MED00178,2,2026-09-07,Monsoon,2.02008,0.621097,1.860969
MED00179,2,2026-09-07,Monsoon,2.02008,-0.370589,0.690327
MED00180,2,2026-09-07,Monsoon,2.02008,0.75368,2.124804
MED00181,2,2026-09-07,Monsoon,2.02008,1.261572,3.530968
MED00182,2,2026-09-07,Monsoon,2.02008,-1.21758,0.295946
MED00183,2,2026-09-07,Monsoon,2.02008,2.944203,18.99551
MED00184,2,2026-09-07,Monsoon,2.02008,2.111375,8.259593
MED00185,2,2026-09-07,Monsoon,2.02008,0.989604,2.690169
MED00186,2,2026-09-07,Monsoon,2.02008,0.704802,2.023446
MED00187,2,2026-09-07,Monsoon,2.02008,1.005941,2.734478
MED00188,2,2026-09-07,Monsoon,2.02008,1.275178,3.579337
MED00189,2,2026-09-07,Monsoon,2.02008,-1.600476,0.2018
MED00190,2,2026-09-07,Monsoon,2.02008,0.84321,2.323814
MED00191,2,2026-09-07,Monsoon,2.02008,2.532715,12.587639
MED00192,2,2026-09-07,Monsoon,2.02008,-1.792147,0.166602
MED00193,2,2026-09-07,Monsoon,2.02008,-2.165016,0.114748
MED00194,2,2026-09-07,Monsoon,2.02008,2.226782,9.269983
MED00195,2,2026-09-07,Monsoon,2.02008,2.138824,8.489446
MED00196,2,2026-09-07,Monsoon,2.02008,2.193148,8.963387
MED00197,2,2026-09-07,Monsoon,2.02008,2.17577,8.808964
MED00198,2,2026-09-07,Monsoon,2.02008,0.62069,1.860211
MED00199,2,2026-09-07,Monsoon,2.02008,0.662886,1.940384
MED00200,2,2026-09-07,Monsoon,2.02008,0.669872,1.953988
MED00201,2,2026-09-07,Monsoon,2.02008,2.282165,9.797871
MED00202,2,2026-09-07,Monsoon,2.02008,0.650912,1.917288
MED00203,2,2026-09-07,Monsoon,2.02008,1.081554,2.94926
MED00204,2,2026-09-07,Monsoon,2.02008,0.80832,2.244134
MED00205,2,2026-09-07,Monsoon,2.02008,2.51876,12.413198
MED00206,2,2026-09-07,Monsoon,2.02008,0.402506,1.495568
MED00207,2,2026-09-07,Monsoon,2.02008,0.751555,2.120294
MED00208,2,2026-09-07,Monsoon,2.02008,2.481128,11.954739
MED00209,2,2026-09-07,Monsoon,2.02008,0.950239,2.586328
MED00210,2,2026-09-07,Monsoon,2.02008,0.205378,1.227989
MED00211,2,2026-09-07,Monsoon,2.02008,0.890433,2.436183
MED00212,2,2026-09-07,Monsoon,2.02008,0.779831,2.181104
MED00213,2,2026-09-07,Monsoon,2.02008,0.441255,1.554657
MED00214,2,2026-09-07,Monsoon,2.02008,2.366722,10.662387
MED00215,2,2026-09-07,Monsoon,2.02008,0.903756,2.468858
MED00216,2,2026-09-07,Monsoon,2.02008,-2.455806,0.085794
MED00217,2,2026-09-07,Monsoon,2.02008,-1.553342,0.21154
MED00218,2,2026-09-07,Monsoon,2.02008,1.672622,5.326115
MED00219,2,2026-09-07,Monsoon,2.02008,2.627172,13.834594
MED00220,2,2026-09-07,Monsoon,2.02008,0.829642,2.292498
MED00221,2,2026-09-07,Monsoon,2.02008,1.370861,3.938739
MED00222,2,2026-09-07,Monsoon,2.02008,-0.760686,0.467346
MED00223,2,2026-09-07,Monsoon,2.02008,2.16189,8.687538
MED00224,2,2026-09-07,Monsoon,2.02008,0.631403,1.880246
MED00225,2,2026-09-07,Monsoon,2.02008,1.595535,4.930966
MED00226,2,2026-09-07,Monsoon,2.02008,1.088301,2.969224
MED00227,2,2026-09-07,Monsoon,2.02008,2.771561,15.983567
MED00228,2,2026-09-07,Monsoon,2.02008,0.586927,1.798454
MED00229,2,2026-09-07,Monsoon,2.02008,-0.52133,0.59373
MED00230,2,2026-09-07,Monsoon,2.02008,2.600924,13.476185
MED00231,2,2026-09-07,Monsoon,2.02008,0.546063,1.726443
MED00232,2,2026-09-07,Monsoon,2.02008,1.21003,3.353584
MED00233,2,2026-09-07,Monsoon,2.02008,-0.783025,0.457022
MED00234,2,2026-09-07,Monsoon,2.02008,0.665829,1.946104
MED00235,2,2026-09-07,Monsoon,2.02008,4.235594,69.10273
MED00236,2,2026-09-07,Monsoon,2.02008,0.813706,2.256254
MED00237,2,2026-09-07,Monsoon,2.02008,1.833134,6.253455
MED00238,2,2026-09-07,Monsoon,2.02008,0.741136,2.098318
MED00239,2,2026-09-07,Monsoon,2.02008,1.42038,4.138692
MED00240,2,2026-09-07,Monsoon,2.02008,1.786761,5.970084
MED00241,2,2026-09-07,Monsoon,2.02008,1.020288,2.773994
MED00242,2,2026-09-07,Monsoon,2.02008,2.361139,10.603024
MED00243,2,2026-09-07,Monsoon,2.02008,-1.921894,0.14633
MED00244,2,2026-09-07,Monsoon,2.02008,0.801997,2.22999
MED00245,2,2026-09-07,Monsoon,2.02008,4.295534,73.37143
MED00246,2,2026-09-07,Monsoon,2.02008,1.891487,6.629219
MED00247,2,2026-09-07,Monsoon,2.02008,2.509471,12.298422
MED00248,2,2026-09-07,Monsoon,2.02008,0.820883,2.272504
MED00249,2,2026-09-07,Monsoon,2.02008,3.12672,22.799068
MED00250,2,2026-09-07,Monsoon,2.02008,2.773575,16.015785
MED00251,2,2026-09-07,Monsoon,2.02008,0.650691,1.916865
MED00252,2,2026-09-07,Monsoon,2.02008,-0.93339,0.393218
MED00253,2,2026-09-07,Monsoon,2.02008,1.463544,4.321248
MED00254,2,2026-09-07,Monsoon,2.02008,-1.011341,0.363731
MED00255,2,2026-09-07,Monsoon,2.02008,1.934846,6.922981
MED00256,2,2026-09-07,Monsoon,2.02008,0.846855,2.3323
MED00257,2,2026-09-07,Monsoon,2.02008,1.807109,6.09281
MED00258,2,2026-09-07,Monsoon,2.02008,0.853863,2.348703
MED00259,2,2026-09-07,Monsoon,2.02008,0.879045,2.408598
MED00260,2,2026-09-07,Monsoon,2.02008,-0.618251,0.538886
MED00261,2,2026-09-07,Monsoon,2.02008,-0.18636,0.829974
MED00262,2,2026-09-07,Monsoon,2.02008,1.469752,4.348156
MED00263,2,2026-09-07,Monsoon,2.02008,1.246021,3.476482
MED00264,2,2026-09-07,Monsoon,2.02008,-0.803862,0.447597
MED00265,2,2026-09-07,Monsoon,2.02008,2.012043,7.478582
MED00266,2,2026-09-07,Monsoon,2.02008,2.70342,14.930714
MED00267,2,2026-09-07,Monsoon,2.02008,1.7592,5.807791
MED00268,2,2026-09-07,Monsoon,2.02008,0.823764,2.279061
MED00269,2,2026-09-07,Monsoon,2.02008,0.862691,2.369528
MED00270,2,2026-09-07,Monsoon,2.02008,0.879081,2.408684
MED00271,2,2026-09-07,Monsoon,2.02008,1.09746,2.996545
MED00272,2,2026-09-07,Monsoon,2.02008,1.494187,4.455711
MED00273,2,2026-09-07,Monsoon,2.02008,1.280584,3.598739
MED00274,2,2026-09-07,Monsoon,2.02008,-0.773981,0.461174
MED00275,2,2026-09-07,Monsoon,2.02008,2.566396,13.018817
MED00276,2,2026-09-07,Monsoon,2.02008,0.709414,2.032799
MED00277,2,2026-09-07,Monsoon,2.02008,-1.639884,0.194003
MED00278,2,2026-09-07,Monsoon,2.02008,2.197076,8.998659
MED00279,2,2026-09-07,Monsoon,2.02008,2.95591,19.219213
MED00280,2,2026-09-07,Monsoon,2.02008,-1.590538,0.203816
MED00281,2,2026-09-07,Monsoon,2.02008,2.692802,14.773007
MED00282,2,2026-09-07,Monsoon,2.02008,1.311726,3.712577
MED00283,2,2026-09-07,Monsoon,2.02008,0.949332,2.583983
MED00284,2,2026-09-07,Monsoon,2.02008,0.493295,1.637703
MED00285,2,2026-09-07,Monsoon,2.02008,1.865277,6.457726
MED00286,2,2026-09-07,Monsoon,2.02008,1.751204,5.761534
MED00287,2,2026-09-07,Monsoon,2.02008,1.338888,3.814798
MED00288,2,2026-09-07,Monsoon,2.02008,3.690703,40.073006
MED00289,2,2026-09-07,Monsoon,2.02008,1.869263,6.483516
MED00290,2,2026-09-07,Monsoon,2.02008,0.677426,1.968803
MED00291,2,2026-09-07,Monsoon,2.02008,2.409344,11.126654
MED00292,2,2026-09-07,Monsoon,2.02008,0.664044,1.942633
MED00293,2,2026-09-07,Monsoon,2.02008,1.807959,6.09799
MED00294,2,2026-09-07,Monsoon,2.02008,0.289373,1.33559
MED00295,2,2026-09-07,Monsoon,2.02008,-1.205504,0.299541
MED00296,2,2026-09-07,Monsoon,2.02008,1.609772,5.001668
MED00297,2,2026-09-07,Monsoon,2.02008,1.999995,7.389021
MED00298,2,2026-09-07,Monsoon,2.02008,0.864254,2.373236
MED00299,2,2026-09-07,Monsoon,2.02008,-0.997662,0.36874
MED00300,2,2026-09-07,Monsoon,2.02008,0.71805,2.050432
MED00301,2,2026-09-07,Monsoon,2.02008,1.874787,6.51943
MED00302,2,2026-09-07,Monsoon,2.02008,2.247676,9.465707
MED00303,2,2026-09-07,Monsoon,2.02008,1.103503,3.014708
MED00304,2,2026-09-07,Monsoon,2.02008,1.671112,5.318079
MED00305,2,2026-09-07,Monsoon,2.02008,0.683093,1.979992
MED00306,2,2026-09-07,Monsoon,2.02008,-0.820318,0.440292
MED00307,2,2026-09-07,Monsoon,2.02008,3.335887,28.103306
MED00308,2,2026-09-07,Monsoon,2.02008,-0.362094,0.696217
MED00309,2,2026-09-07,Monsoon,2.02008,1.44508,4.242192
MED00310,2,2026-09-07,Monsoon,2.02008,1.412226,4.105084
MED00311,2,2026-09-07,Monsoon,2.02008,1.610082,5.003222
MED00312,2,2026-09-07,Monsoon,2.02008,-0.938688,0.391141
MED00313,2,2026-09-07,Monsoon,2.02008,-0.425415,0.653499
MED00314,2,2026-09-07,Monsoon,2.02008,2.389981,10.913284
MED00315,2,2026-09-07,Monsoon,2.02008,2.344964,10.432895
MED00316,2,2026-09-07,Monsoon,2.02008,1.181561,3.259457
MED00317,2,2026-09-07,Monsoon,2.02008,0.863311,2.370999
MED00318,2,2026-09-07,Monsoon,2.02008,1.137535,3.119069
MED00319,2,2026-09-07,Monsoon,2.02008,2.470653,11.830173
MED00320,2,2026-09-07,Monsoon,2.02008,2.13613,8.466609
MED00321,2,2026-09-07,Monsoon,2.02008,-0.32985,0.719032
MED00322,2,2026-09-07,Monsoon,2.02008,-1.852938,0.156776
MED00323,2,2026-09-07,Monsoon,2.02008,-0.039047,0.961705
MED00324,2,2026-09-07,Monsoon,2.02008,0.442065,1.555918
MED00325,2,2026-09-07,Monsoon,2.02008,2.106818,8.222038
MED00326,2,2026-09-07,Monsoon,2.02008,2.299676,9.970953
MED00327,2,2026-09-07,Monsoon,2.02008,1.208839,3.349593
MED00328,2,2026-09-07,Monsoon,2.02008,1.619974,5.05296
MED00329,2,2026-09-07,Monsoon,2.02008,2.463058,11.740663
MED00330,2,2026-09-07,Monsoon,2.02008,1.666044,5.291192
MED00331,2,2026-09-07,Monsoon,2.02008,0.65722,1.929421
MED00332,2,2026-09-07,Monsoon,2.02008,1.189683,3.286038
MED00333,2,2026-09-07,Monsoon,2.02008,1.157185,3.180968
MED00334,2,2026-09-07,Monsoon,2.02008,2.379796,10.802694
MED00335,2,2026-09-07,Monsoon,2.02008,1.869029,6.482
MED00336,2,2026-09-07,Monsoon,2.02008,2.355294,10.541223
MED00337,2,2026-09-07,Monsoon,2.02008,4.206534,67.12345
MED00338,2,2026-09-07,Monsoon,2.02008,2.283713,9.813049
MED00339,2,2026-09-07,Monsoon,2.02008,0.678034,1.970001
MED00340,2,2026-09-07,Monsoon,2.02008,0.489754,1.631914
MED00341,2,2026-09-07,Monsoon,2.02008,1.891912,6.632036
MED00342,2,2026-09-07,Monsoon,2.02008,0.786764,2.196278
MED00343,2,2026-09-07,Monsoon,2.02008,2.391076,10.925244
MED00344,2,2026-09-07,Monsoon,2.02008,1.761859,5.823255
MED00345,2,2026-09-07,Monsoon,2.02008,-1.842927,0.158353
MED00346,2,2026-09-07,Monsoon,2.02008,1.314884,3.724317
MED00347,2,2026-09-07,Monsoon,2.02008,-1.745876,0.174492
MED00348,2,2026-09-07,Monsoon,2.02008,0.63916,1.894888
MED00349,2,2026-09-07,Monsoon,2.02008,0.928676,2.531155
MED00350,2,2026-09-07,Monsoon,2.02008,0.236202,1.26643
MED00351,2,2026-09-07,Monsoon,2.02008,-0.423233,0.654926
MED00352,2,2026-09-07,Monsoon,2.02008,-1.173431,0.309304
MED00353,2,2026-09-07,Monsoon,2.02008,0.07202,1.074677
MED00354,2,2026-09-07,Monsoon,2.02008,-0.070755,0.93169
MED00355,2,2026-09-07,Monsoon,2.02008,2.60487,13.529464
MED00356,2,2026-09-07,Monsoon,2.02008,0.718917,2.05221
MED00357,2,2026-09-07,Monsoon,2.02008,-1.661652,0.189825
MED00358,2,2026-09-07,Monsoon,2.02008,1.800798,6.054474
MED00359,2,2026-09-07,Monsoon,2.02008,0.845093,2.328195
MED00360,2,2026-09-07,Monsoon,2.02008,1.159156,3.187241
MED00361,2,2026-09-07,Monsoon,2.02008,0.859806,2.362702
MED00362,2,2026-09-07,Monsoon,2.02008,0.974902,2.650908
MED00363,2,2026-09-07,Monsoon,2.02008,0.625474,1.869131
MED00364,2,2026-09-07,Monsoon,2.02008,-1.785162,0.16777
MED00365,2,2026-09-07,Monsoon,2.02008,0.876983,2.403638
MED00366,2,2026-09-07,Monsoon,2.02008,2.336542,10.345407
MED00367,2,2026-09-07,Monsoon,2.02008,0.858773,2.360263
MED00368,2,2026-09-07,Monsoon,2.02008,1.139835,3.126253
MED00369,2,2026-09-07,Monsoon,2.02008,1.683938,5.386729
MED00370,2,2026-09-07,Monsoon,2.02008,-0.961437,0.382343
MED00371,2,2026-09-07,Monsoon,2.02008,2.808487,16.5848
MED00372,2,2026-09-07,Monsoon,2.02008,-1.644412,0.193126
MED00373,2,2026-09-07,Monsoon,2.02008,-0.468253,0.626095
MED00374,2,2026-09-07,Monsoon,2.02008,0.66668,1.94776
MED00375,2,2026-09-07,Monsoon,2.02008,2.752928,15.688504
MED00376,2,2026-09-07,Monsoon,2.02008,0.815808,2.261001
MED00377,2,2026-09-07,Monsoon,2.02008,-0.600265,0.548666
MED00378,2,2026-09-07,Monsoon,2.02008,0.885152,2.423354
MED00379,2,2026-09-07,Monsoon,2.02008,-0.362109,0.696206
MED00380,2,2026-09-07,Monsoon,2.02008,-0.390799,0.676516
MED00381,2,2026-09-07,Monsoon,2.02008,0.293851,1.341584
MED00382,2,2026-09-07,Monsoon,2.02008,0.900492,2.460814
MED00383,2,2026-09-07,Monsoon,2.02008,2.053159,7.79248
MED00384,2,2026-09-07,Monsoon,2.02008,0.791549,2.206811
MED00385,2,2026-09-07,Monsoon,2.02008,2.97775,19.643566
MED00386,2,2026-09-07,Monsoon,2.02008,2.72932,15.322461
MED00387,2,2026-09-07,Monsoon,2.02008,3.026714,20.629326
MED00388,2,2026-09-07,Monsoon,2.02008,4.201009,66.75364
MED00389,2,2026-09-07,Monsoon,2.02008,2.603049,13.504848
MED00390,2,2026-09-07,Monsoon,2.02008,3.218579,24.992577
MED00391,2,2026-09-07,Monsoon,2.02008,3.062264,21.375887
MED00392,2,2026-09-07,Monsoon,2.02008,3.058946,21.305098
MED00393,2,2026-09-07,Monsoon,2.02008,2.619284,13.725898
MED00394,2,2026-09-07,Monsoon,2.02008,2.719167,15.167683
MED00395,2,2026-09-07,Monsoon,2.02008,2.919993,18.541157
MED00396,2,2026-09-07,Monsoon,2.02008,4.039903,56.820812
MED00397,2,2026-09-07,Monsoon,2.02008,3.829514,46.04017
MED00398,2,2026-09-07,Monsoon,2.02008,4.642932,103.84833
MED00399,2,2026-09-07,Monsoon,2.02008,4.478193,88.07536
MED00400,2,2026-09-07,Monsoon,2.02008,4.298385,73.58087
MED00401,2,2026-09-07,Monsoon,2.02008,3.0235,20.563131
MED00402,2,2026-09-07,Monsoon,2.02008,3.319863,27.65657
MED00403,2,2026-09-07,Monsoon,2.02008,2.524554,12.485323
MED00404,2,2026-09-07,Monsoon,2.02008,1.830593,6.237585
MED00405,2,2026-09-07,Monsoon,2.02008,2.18235,8.867123
MED00406,2,2026-09-07,Monsoon,2.02008,3.126657,22.79764
MED00407,2,2026-09-07,Monsoon,2.02008,3.292018,26.897072
MED00408,2,2026-09-07,Monsoon,2.02008,2.396633,10.986125
MED00409,2,2026-09-07,Monsoon,2.02008,2.587665,13.298684
MED00410,2,2026-09-07,Monsoon,2.02008,2.529324,12.54502
MED00411,2,2026-09-07,Monsoon,2.02008,3.059646,21.320002
MED00412,2,2026-09-07,Monsoon,2.02008,2.56426,12.991041
MED00413,2,2026-09-07,Monsoon,2.02008,2.633628,13.924197
MED00414,2,2026-09-07,Monsoon,2.02008,3.11555,22.545834
MED00415,2,2026-09-07,Monsoon,2.02008,2.625188,13.807164
MED00416,2,2026-09-07,Monsoon,2.02008,3.081097,21.782276
MED00417,2,2026-09-07,Monsoon,2.02008,2.158678,8.65968
MED00418,2,2026-09-07,Monsoon,2.02008,2.171122,8.768119
MED00419,2,2026-09-07,Monsoon,2.02008,2.356332,10.552171
MED00420,2,2026-09-07,Monsoon,2.02008,3.285476,26.7217
MED00421,2,2026-09-07,Monsoon,2.02008,3.372616,29.154684
MED00422,2,2026-09-07,Monsoon,2.02008,3.075976,21.67102
MED00423,2,2026-09-07,Monsoon,2.02008,2.595464,13.402808
MED00424,2,2026-09-07,Monsoon,2.02008,4.26448,71.1279
MED00001,3,2026-09-14,Monsoon,2.02008,2.633826,13.926947
MED00002,3,2026-09-14,Monsoon,2.02008,-2.043361,0.129592
MED00003,3,2026-09-14,Monsoon,2.02008,-1.204877,0.299729
MED00004,3,2026-09-14,Monsoon,2.02008,-0.089782,0.91413
MED00005,3,2026-09-14,Monsoon,2.02008,0.898853,2.456783
MED00006,3,2026-09-14,Monsoon,2.02008,0.562416,1.754907
MED00007,3,2026-09-14,Monsoon,2.02008,1.178973,3.251033
MED00008,3,2026-09-14,Monsoon,2.02008,-0.514961,0.597524
MED00009,3,2026-09-14,Monsoon,2.02008,1.285438,3.616253
MED00010,3,2026-09-14,Monsoon,2.02008,1.361675,3.902724
MED00011,3,2026-09-14,Monsoon,2.02008,3.107041,22.354807
MED00012,3,2026-09-14,Monsoon,2.02008,0.808017,2.243454
MED00013,3,2026-09-14,Monsoon,2.02008,1.455587,4.286998
MED00014,3,2026-09-14,Monsoon,2.02008,2.903088,18.230356
MED00015,3,2026-09-14,Monsoon,2.02008,-0.733077,0.480428
MED00016,3,2026-09-14,Monsoon,2.02008,0.788218,2.199474
MED00017,3,2026-09-14,Monsoon,2.02008,0.671295,1.95677
MED00018,3,2026-09-14,Monsoon,2.02008,4.331332,76.045494
MED00019,3,2026-09-14,Monsoon,2.02008,3.794465,44.45445
MED00020,3,2026-09-14,Monsoon,2.02008,2.362387,10.61626
MED00021,3,2026-09-14,Monsoon,2.02008,1.625272,5.079802
MED00022,3,2026-09-14,Monsoon,2.02008,1.148752,3.154255
MED00023,3,2026-09-14,Monsoon,2.02008,0.442838,1.557121
MED00024,3,2026-09-14,Monsoon,2.02008,1.322731,3.753659
MED00025,3,2026-09-14,Monsoon,2.02008,-1.97067,0.139363
MED00026,3,2026-09-14,Monsoon,2.02008,-1.114495,0.328081
MED00027,3,2026-09-14,Monsoon,2.02008,-1.36803,0.254608
MED00028,3,2026-09-14,Monsoon,2.02008,-0.819325,0.440729
MED00029,3,2026-09-14,Monsoon,2.02008,2.804624,16.520864
MED00030,3,2026-09-14,Monsoon,2.02008,1.834553,6.262332
MED00031,3,2026-09-14,Monsoon,2.02008,1.310993,3.709854
MED00032,3,2026-09-14,Monsoon,2.02008,1.004189,2.729693
MED00033,3,2026-09-14,Monsoon,2.02008,-0.028111,0.97228
MED00034,3,2026-09-14,Monsoon,2.02008,3.028265,20.661348
MED00035,3,2026-09-14,Monsoon,2.02008,-0.765093,0.465291
MED00036,3,2026-09-14,Monsoon,2.02008,0.536034,1.709215
MED00037,3,2026-09-14,Monsoon,2.02008,1.552053,4.721154
MED00038,3,2026-09-14,Monsoon,2.02008,2.957096,19.242008
MED00039,3,2026-09-14,Monsoon,2.02008,-0.01987,0.980326
MED00040,3,2026-09-14,Monsoon,2.02008,-0.600181,0.548712
MED00041,3,2026-09-14,Monsoon,2.02008,-0.984972,0.37345
MED00042,3,2026-09-14,Monsoon,2.02008,1.327006,3.769738
MED00043,3,2026-09-14,Monsoon,2.02008,-0.884814,0.412791
MED00044,3,2026-09-14,Monsoon,2.02008,0.870045,2.387018
MED00045,3,2026-09-14,Monsoon,2.02008,0.556065,1.743796
MED00046,3,2026-09-14,Monsoon,2.02008,0.984043,2.675251
MED00047,3,2026-09-14,Monsoon,2.02008,1.892569,6.636397
MED00048,3,2026-09-14,Monsoon,2.02008,2.610806,13.610023
MED00049,3,2026-09-14,Monsoon,2.02008,-1.765837,0.171044
MED00050,3,2026-09-14,Monsoon,2.02008,1.153015,3.167729
MED00051,3,2026-09-14,Monsoon,2.02008,-1.734206,0.17654
MED00052,3,2026-09-14,Monsoon,2.02008,-0.831141,0.435552
MED00053,3,2026-09-14,Monsoon,2.02008,2.325125,10.227959
MED00054,3,2026-09-14,Monsoon,2.02008,2.28022,9.778827
MED00055,3,2026-09-14,Monsoon,2.02008,0.00123,1.00123
MED00056,3,2026-09-14,Monsoon,2.02008,-0.427823,0.651927
MED00057,3,2026-09-14,Monsoon,2.02008,-0.809462,0.445097
MED00058,3,2026-09-14,Monsoon,2.02008,0.537208,1.711222
MED00059,3,2026-09-14,Monsoon,2.02008,2.450224,11.590944
MED00060,3,2026-09-14,Monsoon,2.02008,1.954528,7.060584
MED00061,3,2026-09-14,Monsoon,2.02008,-0.498209,0.607618
MED00062,3,2026-09-14,Monsoon,2.02008,2.627885,13.844453
MED00063,3,2026-09-14,Monsoon,2.02008,-1.847089,0.157696
MED00064,3,2026-09-14,Monsoon,2.02008,3.219488,25.0153
MED00065,3,2026-09-14,Monsoon,2.02008,4.167624,64.56184
MED00066,3,2026-09-14,Monsoon,2.02008,-0.927375,0.395591
MED00067,3,2026-09-14,Monsoon,2.02008,0.808067,2.243567
MED00068,3,2026-09-14,Monsoon,2.02008,1.555353,4.73676
MED00069,3,2026-09-14,Monsoon,2.02008,0.794357,2.213017
MED00070,3,2026-09-14,Monsoon,2.02008,2.744253,15.55299
MED00071,3,2026-09-14,Monsoon,2.02008,0.939477,2.558643
MED00072,3,2026-09-14,Monsoon,2.02008,1.086641,2.964302
MED00073,3,2026-09-14,Monsoon,2.02008,1.469794,4.348338
MED00074,3,2026-09-14,Monsoon,2.02008,1.44339,4.235026
MED00075,3,2026-09-14,Monsoon,2.02008,1.406991,4.083649
MED00076,3,2026-09-14,Monsoon,2.02008,-1.47257,0.229335
MED00077,3,2026-09-14,Monsoon,2.02008,1.84024,6.298046
MED00078,3,2026-09-14,Monsoon,2.02008,1.413397,4.109893
MED00079,3,2026-09-14,Monsoon,2.02008,3.129077,22.85287
MED00080,3,2026-09-14,Monsoon,2.02008,1.565262,4.78393
MED00081,3,2026-09-14,Monsoon,2.02008,-1.046032,0.351329
MED00082,3,2026-09-14,Monsoon,2.02008,1.333089,3.792742
MED00083,3,2026-09-14,Monsoon,2.02008,1.531437,4.62482
MED00084,3,2026-09-14,Monsoon,2.02008,3.788087,44.17181
MED00085,3,2026-09-14,Monsoon,2.02008,0.78362,2.189384
MED00086,3,2026-09-14,Monsoon,2.02008,-0.995458,0.369554
MED00087,3,2026-09-14,Monsoon,2.02008,0.625647,1.869455
MED00088,3,2026-09-14,Monsoon,2.02008,3.372978,29.165264
MED00089,3,2026-09-14,Monsoon,2.02008,2.791232,16.3011
MED00090,3,2026-09-14,Monsoon,2.02008,1.3754,3.956657
MED00091,3,2026-09-14,Monsoon,2.02008,1.10406,3.016386
MED00092,3,2026-09-14,Monsoon,2.02008,0.492939,1.63712
MED00093,3,2026-09-14,Monsoon,2.02008,-1.236118,0.29051
MED00094,3,2026-09-14,Monsoon,2.02008,-0.544388,0.580196
MED00095,3,2026-09-14,Monsoon,2.02008,1.211345,3.357998
MED00096,3,2026-09-14,Monsoon,2.02008,2.760358,15.80551
MED00097,3,2026-09-14,Monsoon,2.02008,-0.851047,0.426968
MED00098,3,2026-09-14,Monsoon,2.02008,2.248055,9.4693
MED00099,3,2026-09-14,Monsoon,2.02008,-1.331818,0.263997
MED00100,3,2026-09-14,Monsoon,2.02008,-1.626657,0.196586
MED00101,3,2026-09-14,Monsoon,2.02008,1.610388,5.004753
MED00102,3,2026-09-14,Monsoon,2.02008,1.567071,4.79259
MED00103,3,2026-09-14,Monsoon,2.02008,1.182782,3.263439
MED00104,3,2026-09-14,Monsoon,2.02008,2.13548,8.461102
MED00105,3,2026-09-14,Monsoon,2.02008,2.478281,11.920758
MED00106,3,2026-09-14,Monsoon,2.02008,-1.7914,0.166726
MED00107,3,2026-09-14,Monsoon,2.02008,2.203872,9.060028
MED00108,3,2026-09-14,Monsoon,2.02008,1.175785,3.240687
MED00109,3,2026-09-14,Monsoon,2.02008,-0.639378,0.52762
MED00110,3,2026-09-14,Monsoon,2.02008,-0.54831,0.577926
MED00111,3,2026-09-14,Monsoon,2.02008,-0.430442,0.650222
MED00112,3,2026-09-14,Monsoon,2.02008,1.166575,3.210976
MED00113,3,2026-09-14,Monsoon,2.02008,0.6858,1.985358
MED00114,3,2026-09-14,Monsoon,2.02008,2.613595,13.648027
MED00115,3,2026-09-14,Monsoon,2.02008,0.791934,2.207662
MED00116,3,2026-09-14,Monsoon,2.02008,2.11752,8.310498
MED00117,3,2026-09-14,Monsoon,2.02008,0.666364,1.947145
MED00118,3,2026-09-14,Monsoon,2.02008,0.530673,1.700076
MED00119,3,2026-09-14,Monsoon,2.02008,0.743615,2.103525
MED00120,3,2026-09-14,Monsoon,2.02008,2.507124,12.269591
MED00121,3,2026-09-14,Monsoon,2.02008,1.380754,3.9779
MED00122,3,2026-09-14,Monsoon,2.02008,0.897219,2.452773
MED00123,3,2026-09-14,Monsoon,2.02008,-0.213118,0.808061
MED00124,3,2026-09-14,Monsoon,2.02008,2.191383,8.947576
MED00125,3,2026-09-14,Monsoon,2.02008,-1.357406,0.257327
MED00126,3,2026-09-14,Monsoon,2.02008,-0.118822,0.887966
MED00127,3,2026-09-14,Monsoon,2.02008,0.786998,2.196792
MED00128,3,2026-09-14,Monsoon,2.02008,0.837644,2.310916
MED00129,3,2026-09-14,Monsoon,2.02008,0.641296,1.89894
MED00130,3,2026-09-14,Monsoon,2.02008,-1.74695,0.174305
MED00131,3,2026-09-14,Monsoon,2.02008,0.908246,2.479969
MED00132,3,2026-09-14,Monsoon,2.02008,-0.978096,0.376026
MED00133,3,2026-09-14,Monsoon,2.02008,-0.746587,0.473981
MED00134,3,2026-09-14,Monsoon,2.02008,-0.365629,0.69376
MED00135,3,2026-09-14,Monsoon,2.02008,2.642739,14.051636
MED00136,3,2026-09-14,Monsoon,2.02008,0.568752,1.766062
MED00137,3,2026-09-14,Monsoon,2.02008,0.818366,2.266793
MED00138,3,2026-09-14,Monsoon,2.02008,0.811987,2.252378
MED00139,3,2026-09-14,Monsoon,2.02008,1.229784,3.420491
MED00140,3,2026-09-14,Monsoon,2.02008,0.647327,1.910428
MED00141,3,2026-09-14,Monsoon,2.02008,1.832859,6.251736
MED00142,3,2026-09-14,Monsoon,2.02008,-0.896535,0.407981
MED00143,3,2026-09-14,Monsoon,2.02008,0.682031,1.97789
MED00144,3,2026-09-14,Monsoon,2.02008,1.975798,7.212376
MED00145,3,2026-09-14,Monsoon,2.02008,-0.506219,0.602771
MED00146,3,2026-09-14,Monsoon,2.02008,0.71668,2.047625
MED00147,3,2026-09-14,Monsoon,2.02008,0.723541,2.061721
MED00148,3,2026-09-14,Monsoon,2.02008,1.96817,7.157562
MED00149,3,2026-09-14,Monsoon,2.02008,1.496491,4.465992
MED00150,3,2026-09-14,Monsoon,2.02008,0.822568,2.276338
MED00151,3,2026-09-14,Monsoon,2.02008,0.841388,2.319584
MED00152,3,2026-09-14,Monsoon,2.02008,0.891724,2.439332
MED00153,3,2026-09-14,Monsoon,2.02008,0.873101,2.394323
MED00154,3,2026-09-14,Monsoon,2.02008,2.750537,15.651036
MED00155,3,2026-09-14,Monsoon,2.02008,0.792968,2.209946
MED00156,3,2026-09-14,Monsoon,2.02008,1.020303,2.774034
MED00157,3,2026-09-14,Monsoon,2.02008,1.721521,5.593028
MED00158,3,2026-09-14,Monsoon,2.02008,-1.259038,0.283927
MED00159,3,2026-09-14,Monsoon,2.02008,2.392117,10.93662
MED00160,3,2026-09-14,Monsoon,2.02008,1.48532,4.41638
MED00161,3,2026-09-14,Monsoon,2.02008,2.010658,7.468232
MED00162,3,2026-09-14,Monsoon,2.02008,0.859403,2.36175
MED00163,3,2026-09-14,Monsoon,2.02008,-1.144416,0.31841
MED00164,3,2026-09-14,Monsoon,2.02008,0.78912,2.201458
MED00165,3,2026-09-14,Monsoon,2.02008,2.367745,10.673296
MED00166,3,2026-09-14,Monsoon,2.02008,0.831901,2.297683
MED00167,3,2026-09-14,Monsoon,2.02008,0.634692,1.886441
MED00168,3,2026-09-14,Monsoon,2.02008,0.734633,2.084717
MED00169,3,2026-09-14,Monsoon,2.02008,0.632746,1.882774
MED00170,3,2026-09-14,Monsoon,2.02008,0.63309,1.883422
MED00171,3,2026-09-14,Monsoon,2.02008,0.885524,2.424255
MED00172,3,2026-09-14,Monsoon,2.02008,1.097324,2.996137
MED00173,3,2026-09-14,Monsoon,2.02008,0.88177,2.415172
MED00174,3,2026-09-14,Monsoon,2.02008,2.065926,7.892606
MED00175,3,2026-09-14,Monsoon,2.02008,0.146371,1.157626
MED00176,3,2026-09-14,Monsoon,2.02008,2.467405,11.791811
MED00177,3,2026-09-14,Monsoon,2.02008,-1.136289,0.321008
MED00178,3,2026-09-14,Monsoon,2.02008,0.593108,1.809603
MED00179,3,2026-09-14,Monsoon,2.02008,-0.446122,0.640106
MED00180,3,2026-09-14,Monsoon,2.02008,0.75368,2.124804
MED00181,3,2026-09-14,Monsoon,2.02008,1.249627,3.489042
MED00182,3,2026-09-14,Monsoon,2.02008,-1.215178,0.296657
MED00183,3,2026-09-14,Monsoon,2.02008,2.944203,18.99551
MED00184,3,2026-09-14,Monsoon,2.02008,2.112768,8.271102
MED00185,3,2026-09-14,Monsoon,2.02008,0.989604,2.690169
MED00186,3,2026-09-14,Monsoon,2.02008,0.704802,2.023446
MED00187,3,2026-09-14,Monsoon,2.02008,1.005941,2.734478
MED00188,3,2026-09-14,Monsoon,2.02008,1.263233,3.536836
MED00189,3,2026-09-14,Monsoon,2.02008,-1.524926,0.217637
MED00190,3,2026-09-14,Monsoon,2.02008,0.84321,2.323814
MED00191,3,2026-09-14,Monsoon,2.02008,2.552843,12.843568
MED00192,3,2026-09-14,Monsoon,2.02008,-1.728203,0.177603
MED00193,3,2026-09-14,Monsoon,2.02008,-2.095165,0.12305
MED00194,3,2026-09-14,Monsoon,2.02008,2.236427,9.35983
MED00195,3,2026-09-14,Monsoon,2.02008,2.148469,8.571727
MED00196,3,2026-09-14,Monsoon,2.02008,2.193778,8.969039
MED00197,3,2026-09-14,Monsoon,2.02008,2.185415,8.894341
MED00198,3,2026-09-14,Monsoon,2.02008,0.62069,1.860211
MED00199,3,2026-09-14,Monsoon,2.02008,0.641845,1.899983
MED00200,3,2026-09-14,Monsoon,2.02008,0.669872,1.953988
MED00201,3,2026-09-14,Monsoon,2.02008,2.282796,9.804049
MED00202,3,2026-09-14,Monsoon,2.02008,0.650912,1.917288
MED00203,3,2026-09-14,Monsoon,2.02008,1.081554,2.94926
MED00204,3,2026-09-14,Monsoon,2.02008,0.80832,2.244134
MED00205,3,2026-09-14,Monsoon,2.02008,2.520152,12.430493
MED00206,3,2026-09-14,Monsoon,2.02008,0.402506,1.495568
MED00207,3,2026-09-14,Monsoon,2.02008,0.751555,2.120294
MED00208,3,2026-09-14,Monsoon,2.02008,2.48252,11.971395
MED00209,3,2026-09-14,Monsoon,2.02008,0.943856,2.569872
MED00210,3,2026-09-14,Monsoon,2.02008,0.205378,1.227989
MED00211,3,2026-09-14,Monsoon,2.02008,0.890433,2.436183
MED00212,3,2026-09-14,Monsoon,2.02008,0.779831,2.181104
MED00213,3,2026-09-14,Monsoon,2.02008,0.335333,1.398406
MED00214,3,2026-09-14,Monsoon,2.02008,2.367353,10.669111
MED00215,3,2026-09-14,Monsoon,2.02008,0.903756,2.468858
MED00216,3,2026-09-14,Monsoon,2.02008,-2.226237,0.107934
MED00217,3,2026-09-14,Monsoon,2.02008,-1.477792,0.228141
MED00218,3,2026-09-14,Monsoon,2.02008,1.670779,5.316306
MED00219,3,2026-09-14,Monsoon,2.02008,2.628564,13.853869
MED00220,3,2026-09-14,Monsoon,2.02008,0.829642,2.292498
MED00221,3,2026-09-14,Monsoon,2.02008,1.358916,3.891971
MED00222,3,2026-09-14,Monsoon,2.02008,-0.760686,0.467346
MED00223,3,2026-09-14,Monsoon,2.02008,2.16189,8.687538
MED00224,3,2026-09-14,Monsoon,2.02008,0.631403,1.880246
MED00225,3,2026-09-14,Monsoon,2.02008,1.589352,4.90057
MED00226,3,2026-09-14,Monsoon,2.02008,1.088301,2.969224
MED00227,3,2026-09-14,Monsoon,2.02008,2.781206,16.138481
MED00228,3,2026-09-14,Monsoon,2.02008,0.586927,1.798454
MED00229,3,2026-09-14,Monsoon,2.02008,-0.521439,0.593666
MED00230,3,2026-09-14,Monsoon,2.02008,2.61057,13.606797
MED00231,3,2026-09-14,Monsoon,2.02008,0.546063,1.726443
MED00232,3,2026-09-14,Monsoon,2.02008,1.198085,3.313765
MED00233,3,2026-09-14,Monsoon,2.02008,-0.768296,0.463803
MED00234,3,2026-09-14,Monsoon,2.02008,0.665829,1.946104
MED00235,3,2026-09-14,Monsoon,2.02008,4.235594,69.10273
MED00236,3,2026-09-14,Monsoon,2.02008,0.813706,2.256254
MED00237,3,2026-09-14,Monsoon,2.02008,1.833765,6.2574
MED00238,3,2026-09-14,Monsoon,2.02008,0.741136,2.098318
MED00239,3,2026-09-14,Monsoon,2.02008,1.408435,4.08955
MED00240,3,2026-09-14,Monsoon,2.02008,1.77998,5.929738
MED00241,3,2026-09-14,Monsoon,2.02008,1.015755,2.761447
MED00242,3,2026-09-14,Monsoon,2.02008,2.370785,10.705791
MED00243,3,2026-09-14,Monsoon,2.02008,-1.852042,0.156916
MED00244,3,2026-09-14,Monsoon,2.02008,0.801997,2.22999
MED00245,3,2026-09-14,Monsoon,2.02008,4.295534,73.37143
MED00246,3,2026-09-14,Monsoon,2.02008,1.892118,6.6334
MED00247,3,2026-09-14,Monsoon,2.02008,2.510101,12.306177
MED00248,3,2026-09-14,Monsoon,2.02008,0.820883,2.272504
MED00249,3,2026-09-14,Monsoon,2.02008,3.140197,23.108425
MED00250,3,2026-09-14,Monsoon,2.02008,2.774205,16.025885
MED00251,3,2026-09-14,Monsoon,2.02008,0.650691,1.916865
MED00252,3,2026-09-14,Monsoon,2.02008,-0.93339,0.393218
MED00253,3,2026-09-14,Monsoon,2.02008,1.45673,4.291904
MED00254,3,2026-09-14,Monsoon,2.02008,-1.011341,0.363731
MED00255,3,2026-09-14,Monsoon,2.02008,1.935477,6.927346
MED00256,3,2026-09-14,Monsoon,2.02008,0.846855,2.3323
MED00257,3,2026-09-14,Monsoon,2.02008,1.80272,6.066122
MED00258,3,2026-09-14,Monsoon,2.02008,0.853863,2.348703
MED00259,3,2026-09-14,Monsoon,2.02008,0.879045,2.408598
MED00260,3,2026-09-14,Monsoon,2.02008,-0.623292,0.536177
MED00261,3,2026-09-14,Monsoon,2.02008,-0.18805,0.828573
MED00262,3,2026-09-14,Monsoon,2.02008,1.458942,4.301404
MED00263,3,2026-09-14,Monsoon,2.02008,1.234076,3.435202
MED00264,3,2026-09-14,Monsoon,2.02008,-0.803862,0.447597
MED00265,3,2026-09-14,Monsoon,2.02008,2.012674,7.483298
MED00266,3,2026-09-14,Monsoon,2.02008,2.704813,14.951517
MED00267,3,2026-09-14,Monsoon,2.02008,1.7592,5.807791
MED00268,3,2026-09-14,Monsoon,2.02008,0.823764,2.279061
MED00269,3,2026-09-14,Monsoon,2.02008,0.862691,2.369528
MED00270,3,2026-09-14,Monsoon,2.02008,0.879081,2.408684
MED00271,3,2026-09-14,Monsoon,2.02008,1.09746,2.996545
MED00272,3,2026-09-14,Monsoon,2.02008,1.486775,4.42281
MED00273,3,2026-09-14,Monsoon,2.02008,1.269773,3.560045
MED00274,3,2026-09-14,Monsoon,2.02008,-0.75192,0.471461
MED00275,3,2026-09-14,Monsoon,2.02008,2.567026,13.027026
MED00276,3,2026-09-14,Monsoon,2.02008,0.709414,2.032799
MED00277,3,2026-09-14,Monsoon,2.02008,-1.566576,0.208759
MED00278,3,2026-09-14,Monsoon,2.02008,2.197706,9.004333
MED00279,3,2026-09-14,Monsoon,2.02008,2.979796,19.68379
MED00280,3,2026-09-14,Monsoon,2.02008,-1.51723,0.219319
MED00281,3,2026-09-14,Monsoon,2.02008,2.693432,14.782323
MED00282,3,2026-09-14,Monsoon,2.02008,1.300916,3.672659
MED00283,3,2026-09-14,Monsoon,2.02008,0.949332,2.583983
MED00284,3,2026-09-14,Monsoon,2.02008,0.493295,1.637703
MED00285,3,2026-09-14,Monsoon,2.02008,1.865908,6.461798
MED00286,3,2026-09-14,Monsoon,2.02008,1.739608,5.695108
MED00287,3,2026-09-14,Monsoon,2.02008,1.326943,3.769502
MED00288,3,2026-09-14,Monsoon,2.02008,3.70418,40.61675
MED00289,3,2026-09-14,Monsoon,2.02008,1.86742,6.471576
MED00290,3,2026-09-14,Monsoon,2.02008,0.677426,1.968803
MED00291,3,2026-09-14,Monsoon,2.02008,2.428841,11.345723
MED00292,3,2026-09-14,Monsoon,2.02008,0.664044,1.942633
MED00293,3,2026-09-14,Monsoon,2.02008,1.781565,5.939142
MED00294,3,2026-09-14,Monsoon,2.02008,0.284332,1.328875
MED00295,3,2026-09-14,Monsoon,2.02008,-1.186211,0.305376
MED00296,3,2026-09-14,Monsoon,2.02008,1.597827,4.94228
MED00297,3,2026-09-14,Monsoon,2.02008,2.000626,7.393682
MED00298,3,2026-09-14,Monsoon,2.02008,0.864254,2.373236
MED00299,3,2026-09-14,Monsoon,2.02008,-0.997476,0.368809
MED00300,3,2026-09-14,Monsoon,2.02008,0.71805,2.050432
MED00301,3,2026-09-14,Monsoon,2.02008,1.875418,6.523542
MED00302,3,2026-09-14,Monsoon,2.02008,2.247676,9.465707
MED00303,3,2026-09-14,Monsoon,2.02008,1.103503,3.014708
MED00304,3,2026-09-14,Monsoon,2.02008,1.668638,5.30494
MED00305,3,2026-09-14,Monsoon,2.02008,0.683093,1.979992
MED00306,3,2026-09-14,Monsoon,2.02008,-0.820398,0.440256
MED00307,3,2026-09-14,Monsoon,2.02008,3.335887,28.103306
MED00308,3,2026-09-14,Monsoon,2.02008,-0.362094,0.696217
MED00309,3,2026-09-14,Monsoon,2.02008,1.433135,4.191821
MED00310,3,2026-09-14,Monsoon,2.02008,1.398865,4.0506
MED00311,3,2026-09-14,Monsoon,2.02008,1.601852,4.962212
MED00312,3,2026-09-14,Monsoon,2.02008,-0.92397,0.39694
MED00313,3,2026-09-14,Monsoon,2.02008,-0.430455,0.650213
MED00314,3,2026-09-14,Monsoon,2.02008,2.400388,11.027457
MED00315,3,2026-09-14,Monsoon,2.02008,2.345594,10.439474
MED00316,3,2026-09-14,Monsoon,2.02008,1.169616,3.220755
MED00317,3,2026-09-14,Monsoon,2.02008,0.863311,2.370999
MED00318,3,2026-09-14,Monsoon,2.02008,1.137535,3.119069
MED00319,3,2026-09-14,Monsoon,2.02008,2.471284,11.837633
MED00320,3,2026-09-14,Monsoon,2.02008,2.13613,8.466609
MED00321,3,2026-09-14,Monsoon,2.02008,-0.359276,0.698182
MED00322,3,2026-09-14,Monsoon,2.02008,-1.765613,0.171082
MED00323,3,2026-09-14,Monsoon,2.02008,-0.049873,0.95135
MED00324,3,2026-09-14,Monsoon,2.02008,0.442065,1.555918
MED00325,3,2026-09-14,Monsoon,2.02008,2.107448,8.227224
MED00326,3,2026-09-14,Monsoon,2.02008,2.300306,9.977241
MED00327,3,2026-09-14,Monsoon,2.02008,1.196894,3.309821
MED00328,3,2026-09-14,Monsoon,2.02008,1.613193,5.018812
MED00329,3,2026-09-14,Monsoon,2.02008,2.463688,11.748066
MED00330,3,2026-09-14,Monsoon,2.02008,1.659262,5.255434
MED00331,3,2026-09-14,Monsoon,2.02008,0.65722,1.929421
MED00332,3,2026-09-14,Monsoon,2.02008,1.177738,3.24702
MED00333,3,2026-09-14,Monsoon,2.02008,1.154758,3.173256
MED00334,3,2026-09-14,Monsoon,2.02008,2.379796,10.802694
MED00335,3,2026-09-14,Monsoon,2.02008,1.870422,6.491032
MED00336,3,2026-09-14,Monsoon,2.02008,2.375421,10.755544
MED00337,3,2026-09-14,Monsoon,2.02008,4.206534,67.12345
MED00338,3,2026-09-14,Monsoon,2.02008,2.283713,9.813049
MED00339,3,2026-09-14,Monsoon,2.02008,0.678034,1.970001
MED00340,3,2026-09-14,Monsoon,2.02008,0.49032,1.632838
MED00341,3,2026-09-14,Monsoon,2.02008,1.893304,6.641278
MED00342,3,2026-09-14,Monsoon,2.02008,0.786764,2.196278
MED00343,3,2026-09-14,Monsoon,2.02008,2.391706,10.932134
MED00344,3,2026-09-14,Monsoon,2.02008,1.76249,5.826928
MED00345,3,2026-09-14,Monsoon,2.02008,-1.76147,0.171792
MED00346,3,2026-09-14,Monsoon,2.02008,1.302939,3.680096
MED00347,3,2026-09-14,Monsoon,2.02008,-1.545705,0.213162
MED00348,3,2026-09-14,Monsoon,2.02008,0.63916,1.894888
MED00349,3,2026-09-14,Monsoon,2.02008,0.928676,2.531155
MED00350,3,2026-09-14,Monsoon,2.02008,0.155733,1.168514
MED00351,3,2026-09-14,Monsoon,2.02008,-0.423233,0.654926
MED00352,3,2026-09-14,Monsoon,2.02008,-1.17354,0.30927
MED00353,3,2026-09-14,Monsoon,2.02008,-0.063102,0.938848
MED00354,3,2026-09-14,Monsoon,2.02008,-0.075796,0.927005
MED00355,3,2026-09-14,Monsoon,2.02008,2.6055,13.537995
MED00356,3,2026-09-14,Monsoon,2.02008,0.718917,2.05221
MED00357,3,2026-09-14,Monsoon,2.02008,-1.596426,0.202619
MED00358,3,2026-09-14,Monsoon,2.02008,1.800798,6.054474
MED00359,3,2026-09-14,Monsoon,2.02008,0.845093,2.328195
MED00360,3,2026-09-14,Monsoon,2.02008,1.159156,3.187241
MED00361,3,2026-09-14,Monsoon,2.02008,0.859806,2.362702
MED00362,3,2026-09-14,Monsoon,2.02008,0.974902,2.650908
MED00363,3,2026-09-14,Monsoon,2.02008,0.625474,1.869131
MED00364,3,2026-09-14,Monsoon,2.02008,-1.584992,0.20495
MED00365,3,2026-09-14,Monsoon,2.02008,0.876983,2.403638
MED00366,3,2026-09-14,Monsoon,2.02008,2.337173,10.35193
MED00367,3,2026-09-14,Monsoon,2.02008,0.858773,2.360263
MED00368,3,2026-09-14,Monsoon,2.02008,1.12789,3.089132
MED00369,3,2026-09-14,Monsoon,2.02008,1.671994,5.322768
MED00370,3,2026-09-14,Monsoon,2.02008,-0.946091,0.388256
MED00371,3,2026-09-14,Monsoon,2.02008,2.818894,16.758308
MED00372,3,2026-09-14,Monsoon,2.02008,-1.580465,0.205879
MED00373,3,2026-09-14,Monsoon,2.02008,-0.470891,0.624445
MED00374,3,2026-09-14,Monsoon,2.02008,0.66668,1.94776
MED00375,3,2026-09-14,Monsoon,2.02008,2.763336,15.852634
MED00376,3,2026-09-14,Monsoon,2.02008,0.815808,2.261001
MED00377,3,2026-09-14,Monsoon,2.02008,-0.604593,0.546297
MED00378,3,2026-09-14,Monsoon,2.02008,0.90465,2.471066
MED00379,3,2026-09-14,Monsoon,2.02008,-0.404485,0.66732
MED00380,3,2026-09-14,Monsoon,2.02008,-0.390799,0.676516
MED00381,3,2026-09-14,Monsoon,2.02008,0.294417,1.342344
MED00382,3,2026-09-14,Monsoon,2.02008,0.900492,2.460814
MED00383,3,2026-09-14,Monsoon,2.02008,2.054552,7.803338
MED00384,3,2026-09-14,Monsoon,2.02008,0.791549,2.206811
MED00385,3,2026-09-14,Monsoon,2.02008,2.97838,19.655952
MED00386,3,2026-09-14,Monsoon,2.02008,2.72995,15.332124
MED00387,3,2026-09-14,Monsoon,2.02008,3.027344,20.642334
MED00388,3,2026-09-14,Monsoon,2.02008,4.324723,75.5446
MED00389,3,2026-09-14,Monsoon,2.02008,2.603679,13.513365
MED00390,3,2026-09-14,Monsoon,2.02008,3.218579,24.992577
MED00391,3,2026-09-14,Monsoon,2.02008,3.062894,21.389366
MED00392,3,2026-09-14,Monsoon,2.02008,3.059577,21.318533
MED00393,3,2026-09-14,Monsoon,2.02008,2.619915,13.734553
MED00394,3,2026-09-14,Monsoon,2.02008,2.719797,15.177247
MED00395,3,2026-09-14,Monsoon,2.02008,2.920623,18.552849
MED00396,3,2026-09-14,Monsoon,2.02008,4.039903,56.820812
MED00397,3,2026-09-14,Monsoon,2.02008,3.829514,46.04017
MED00398,3,2026-09-14,Monsoon,2.02008,4.635054,103.03345
MED00399,3,2026-09-14,Monsoon,2.02008,4.470315,87.38424
MED00400,3,2026-09-14,Monsoon,2.02008,4.298385,73.58087
MED00401,3,2026-09-14,Monsoon,2.02008,3.02413,20.576097
MED00402,3,2026-09-14,Monsoon,2.02008,3.320494,27.67401
MED00403,3,2026-09-14,Monsoon,2.02008,2.525946,12.502719
MED00404,3,2026-09-14,Monsoon,2.02008,1.831224,6.241519
MED00405,3,2026-09-14,Monsoon,2.02008,2.182981,8.872714
MED00406,3,2026-09-14,Monsoon,2.02008,3.126657,22.79764
MED00407,3,2026-09-14,Monsoon,2.02008,3.284006,26.682451
MED00408,3,2026-09-14,Monsoon,2.02008,2.397264,10.993053
MED00409,3,2026-09-14,Monsoon,2.02008,2.588296,13.30707
MED00410,3,2026-09-14,Monsoon,2.02008,2.552583,12.84023
MED00411,3,2026-09-14,Monsoon,2.02008,3.051004,21.136547
MED00412,3,2026-09-14,Monsoon,2.02008,2.56489,12.999233
MED00413,3,2026-09-14,Monsoon,2.02008,2.634258,13.932978
MED00414,3,2026-09-14,Monsoon,2.02008,3.107539,22.365927
MED00415,3,2026-09-14,Monsoon,2.02008,2.625818,13.815871
MED00416,3,2026-09-14,Monsoon,2.02008,3.081727,21.796013
MED00417,3,2026-09-14,Monsoon,2.02008,2.159308,8.665141
MED00418,3,2026-09-14,Monsoon,2.02008,2.171753,8.773648
MED00419,3,2026-09-14,Monsoon,2.02008,2.356962,10.558825
MED00420,3,2026-09-14,Monsoon,2.02008,3.285476,26.7217
MED00421,3,2026-09-14,Monsoon,2.02008,3.373246,29.173067
MED00422,3,2026-09-14,Monsoon,2.02008,3.076606,21.684685
MED00423,3,2026-09-14,Monsoon,2.02008,2.596094,13.41126
MED00424,3,2026-09-14,Monsoon,2.02008,4.394348,80.99178
MED00001,4,2026-09-21,Monsoon,2.02008,2.630486,13.880518
MED00002,4,2026-09-21,Monsoon,2.02008,-1.905084,0.14881
MED00003,4,2026-09-21,Monsoon,2.02008,-1.153698,0.315468
MED00004,4,2026-09-21,Monsoon,2.02008,-0.131968,0.876369
MED00005,4,2026-09-21,Monsoon,2.02008,0.890449,2.436222
MED00006,4,2026-09-21,Monsoon,2.02008,0.567582,1.763996
MED00007,4,2026-09-21,Monsoon,2.02008,1.19027,3.287967
MED00008,4,2026-09-21,Monsoon,2.02008,-0.500665,0.606127
MED00009,4,2026-09-21,Monsoon,2.02008,1.273902,3.574774
MED00010,4,2026-09-21,Monsoon,2.02008,1.335233,3.800881
MED00011,4,2026-09-21,Monsoon,2.02008,3.213318,24.861448
MED00012,4,2026-09-21,Monsoon,2.02008,0.820198,2.270949
MED00013,4,2026-09-21,Monsoon,2.02008,1.440892,4.224464
MED00014,4,2026-09-21,Monsoon,2.02008,2.901818,18.207222
MED00015,4,2026-09-21,Monsoon,2.02008,-0.670441,0.511483
MED00016,4,2026-09-21,Monsoon,2.02008,0.800541,2.226745
MED00017,4,2026-09-21,Monsoon,2.02008,0.670098,1.95443
MED00018,4,2026-09-21,Monsoon,2.02008,4.335603,76.37098
MED00019,4,2026-09-21,Monsoon,2.02008,3.792702,44.37614
MED00020,4,2026-09-21,Monsoon,2.02008,2.380876,10.814378
MED00021,4,2026-09-21,Monsoon,2.02008,1.598726,4.946724
MED00022,4,2026-09-21,Monsoon,2.02008,1.147176,3.149287
MED00023,4,2026-09-21,Monsoon,2.02008,0.487321,1.62795
MED00024,4,2026-09-21,Monsoon,2.02008,1.303658,3.682744
MED00025,4,2026-09-21,Monsoon,2.02008,-1.978697,0.138249
MED00026,4,2026-09-21,Monsoon,2.02008,-1.026338,0.358317
MED00027,4,2026-09-21,Monsoon,2.02008,-1.272026,0.280263
MED00028,4,2026-09-21,Monsoon,2.02008,-0.830541,0.435813
MED00029,4,2026-09-21,Monsoon,2.02008,2.806111,16.54545
MED00030,4,2026-09-21,Monsoon,2.02008,1.812516,6.125842
MED00031,4,2026-09-21,Monsoon,2.02008,1.318549,3.737995
MED00032,4,2026-09-21,Monsoon,2.02008,1.00085,2.720593
MED00033,4,2026-09-21,Monsoon,2.02008,-0.046714,0.95436
MED00034,4,2026-09-21,Monsoon,2.02008,3.095956,22.108366
MED00035,4,2026-09-21,Monsoon,2.02008,-0.735982,0.479035
MED00036,4,2026-09-21,Monsoon,2.02008,0.504895,1.656811
MED00037,4,2026-09-21,Monsoon,2.02008,1.534832,4.640544
MED00038,4,2026-09-21,Monsoon,2.02008,2.951556,19.13571
MED00039,4,2026-09-21,Monsoon,2.02008,0.103258,1.108777
MED00040,4,2026-09-21,Monsoon,2.02008,-0.656303,0.518766
MED00041,4,2026-09-21,Monsoon,2.02008,-0.93952,0.390815
MED00042,4,2026-09-21,Monsoon,2.02008,1.325427,3.763792
MED00043,4,2026-09-21,Monsoon,2.02008,-0.90839,0.403173
MED00044,4,2026-09-21,Monsoon,2.02008,0.905115,2.472215
MED00045,4,2026-09-21,Monsoon,2.02008,0.569822,1.767952
MED00046,4,2026-09-21,Monsoon,2.02008,0.980105,2.664737
MED00047,4,2026-09-21,Monsoon,2.02008,1.883041,6.573462
MED00048,4,2026-09-21,Monsoon,2.02008,2.605267,13.534836
MED00049,4,2026-09-21,Monsoon,2.02008,-1.644373,0.193134
MED00050,4,2026-09-21,Monsoon,2.02008,1.159401,3.188023
MED00051,4,2026-09-21,Monsoon,2.02008,-1.723924,0.178365
MED00052,4,2026-09-21,Monsoon,2.02008,-0.838015,0.432568
MED00053,4,2026-09-21,Monsoon,2.02008,2.339084,10.371728
MED00054,4,2026-09-21,Monsoon,2.02008,2.313601,10.110765
MED00055,4,2026-09-21,Monsoon,2.02008,-0.019518,0.980671
MED00056,4,2026-09-21,Monsoon,2.02008,-0.408399,0.664714
MED00057,4,2026-09-21,Monsoon,2.02008,-0.7918,0.453028
MED00058,4,2026-09-21,Monsoon,2.02008,0.550965,1.734927
MED00059,4,2026-09-21,Monsoon,2.02008,2.461245,11.719391
MED00060,4,2026-09-21,Monsoon,2.02008,1.946196,7.002001
MED00061,4,2026-09-21,Monsoon,2.02008,-0.537465,0.584227
MED00062,4,2026-09-21,Monsoon,2.02008,2.622345,13.767971
MED00063,4,2026-09-21,Monsoon,2.02008,-1.745158,0.174617
MED00064,4,2026-09-21,Monsoon,2.02008,3.24672,25.7059
MED00065,4,2026-09-21,Monsoon,2.02008,4.166354,64.47994
MED00066,4,2026-09-21,Monsoon,2.02008,-0.900644,0.406308
MED00067,4,2026-09-21,Monsoon,2.02008,0.818627,2.267384
MED00068,4,2026-09-21,Monsoon,2.02008,1.561618,4.76653
MED00069,4,2026-09-21,Monsoon,2.02008,0.848481,2.336096
MED00070,4,2026-09-21,Monsoon,2.02008,2.740914,15.501141
MED00071,4,2026-09-21,Monsoon,2.02008,0.972784,2.645298
MED00072,4,2026-09-21,Monsoon,2.02008,1.084282,2.957317
MED00073,4,2026-09-21,Monsoon,2.02008,1.476059,4.375667
MED00074,4,2026-09-21,Monsoon,2.02008,1.452889,4.27545
MED00075,4,2026-09-21,Monsoon,2.02008,1.449548,4.261186
MED00076,4,2026-09-21,Monsoon,2.02008,-1.42483,0.240549
MED00077,4,2026-09-21,Monsoon,2.02008,1.829399,6.230141
MED00078,4,2026-09-21,Monsoon,2.02008,1.380688,3.977638
MED00079,4,2026-09-21,Monsoon,2.02008,3.212905,24.85118
MED00080,4,2026-09-21,Monsoon,2.02008,1.571527,4.813996
MED00081,4,2026-09-21,Monsoon,2.02008,-1.048173,0.350578
MED00082,4,2026-09-21,Monsoon,2.02008,1.313167,3.71793
MED00083,4,2026-09-21,Monsoon,2.02008,1.511267,4.532472
MED00084,4,2026-09-21,Monsoon,2.02008,3.818956,45.556606
MED00085,4,2026-09-21,Monsoon,2.02008,0.780848,2.183322
MED00086,4,2026-09-21,Monsoon,2.02008,-0.944036,0.389054
MED00087,4,2026-09-21,Monsoon,2.02008,0.639404,1.895351
MED00088,4,2026-09-21,Monsoon,2.02008,3.382914,29.4565
MED00089,4,2026-09-21,Monsoon,2.02008,2.904066,18.248194
MED00090,4,2026-09-21,Monsoon,2.02008,1.378905,3.970553
MED00091,4,2026-09-21,Monsoon,2.02008,1.1017,3.009279
MED00092,4,2026-09-21,Monsoon,2.02008,0.491742,1.635163
MED00093,4,2026-09-21,Monsoon,2.02008,-1.18238,0.306548
MED00094,4,2026-09-21,Monsoon,2.02008,-0.570889,0.565023
MED00095,4,2026-09-21,Monsoon,2.02008,1.197671,3.312394
MED00096,4,2026-09-21,Monsoon,2.02008,2.754366,15.711076
MED00097,4,2026-09-21,Monsoon,2.02008,-0.804845,0.447157
MED00098,4,2026-09-21,Monsoon,2.02008,2.242761,9.419306
MED00099,4,2026-09-21,Monsoon,2.02008,-1.232288,0.291625
MED00100,4,2026-09-21,Monsoon,2.02008,-1.610207,0.199846
MED00101,4,2026-09-21,Monsoon,2.02008,1.611078,5.008207
MED00102,4,2026-09-21,Monsoon,2.02008,1.576284,4.83695
MED00103,4,2026-09-21,Monsoon,2.02008,1.189168,3.284346
MED00104,4,2026-09-21,Monsoon,2.02008,2.130944,8.422812
MED00105,4,2026-09-21,Monsoon,2.02008,2.472361,11.850393
MED00106,4,2026-09-21,Monsoon,2.02008,-1.678721,0.186613
MED00107,4,2026-09-21,Monsoon,2.02008,2.199336,9.019028
MED00108,4,2026-09-21,Monsoon,2.02008,1.162112,3.196677
MED00109,4,2026-09-21,Monsoon,2.02008,-0.631951,0.531554
MED00110,4,2026-09-21,Monsoon,2.02008,-0.575726,0.562296
MED00111,4,2026-09-21,Monsoon,2.02008,-0.286368,0.750986
MED00112,4,2026-09-21,Monsoon,2.02008,1.152901,3.167369
MED00113,4,2026-09-21,Monsoon,2.02008,0.684603,1.982984
MED00114,4,2026-09-21,Monsoon,2.02008,2.614956,13.666623
MED00115,4,2026-09-21,Monsoon,2.02008,0.80664,2.240367
MED00116,4,2026-09-21,Monsoon,2.02008,2.112331,8.267488
MED00117,4,2026-09-21,Monsoon,2.02008,0.702391,2.018574
MED00118,4,2026-09-21,Monsoon,2.02008,0.529476,1.698043
MED00119,4,2026-09-21,Monsoon,2.02008,0.742418,2.10101
MED00120,4,2026-09-21,Monsoon,2.02008,2.578244,13.173978
MED00121,4,2026-09-21,Monsoon,2.02008,1.369218,3.932274
MED00122,4,2026-09-21,Monsoon,2.02008,0.892683,2.441673
MED00123,4,2026-09-21,Monsoon,2.02008,-0.218531,0.803698
MED00124,4,2026-09-21,Monsoon,2.02008,2.186847,8.907084
MED00125,4,2026-09-21,Monsoon,2.02008,-1.33698,0.262638
MED00126,4,2026-09-21,Monsoon,2.02008,-0.161008,0.851285
MED00127,4,2026-09-21,Monsoon,2.02008,0.799179,2.223714
MED00128,4,2026-09-21,Monsoon,2.02008,0.833108,2.300458
MED00129,4,2026-09-21,Monsoon,2.02008,0.646461,1.908774
MED00130,4,2026-09-21,Monsoon,2.02008,-1.618157,0.198264
MED00131,4,2026-09-21,Monsoon,2.02008,0.904907,2.471702
MED00132,4,2026-09-21,Monsoon,2.02008,-0.932643,0.393512
MED00133,4,2026-09-21,Monsoon,2.02008,-0.706562,0.493337
MED00134,4,2026-09-21,Monsoon,2.02008,-0.39697,0.672354
MED00135,4,2026-09-21,Monsoon,2.02008,2.732834,15.376392
MED00136,4,2026-09-21,Monsoon,2.02008,0.8659,2.377146
MED00137,4,2026-09-21,Monsoon,2.02008,0.81915,2.268571
MED00138,4,2026-09-21,Monsoon,2.02008,0.807451,2.242185
MED00139,4,2026-09-21,Monsoon,2.02008,1.262142,3.532979
MED00140,4,2026-09-21,Monsoon,2.02008,0.64613,1.908143
MED00141,4,2026-09-21,Monsoon,2.02008,1.798415,6.040068
MED00142,4,2026-09-21,Monsoon,2.02008,-0.846945,0.428723
MED00143,4,2026-09-21,Monsoon,2.02008,0.680834,1.975525
MED00144,4,2026-09-21,Monsoon,2.02008,1.97344,7.195388
MED00145,4,2026-09-21,Monsoon,2.02008,-0.528773,0.589328
MED00146,4,2026-09-21,Monsoon,2.02008,0.804673,2.235966
MED00147,4,2026-09-21,Monsoon,2.02008,0.738495,2.092784
MED00148,4,2026-09-21,Monsoon,2.02008,1.959838,7.098174
MED00149,4,2026-09-21,Monsoon,2.02008,1.481797,4.400847
MED00150,4,2026-09-21,Monsoon,2.02008,0.864527,2.373882
MED00151,4,2026-09-21,Monsoon,2.02008,0.836852,2.309087
MED00152,4,2026-09-21,Monsoon,2.02008,0.887188,2.428292
MED00153,4,2026-09-21,Monsoon,2.02008,0.87669,2.402933
MED00154,4,2026-09-21,Monsoon,2.02008,2.741851,15.515676
MED00155,4,2026-09-21,Monsoon,2.02008,0.788432,2.199945
MED00156,4,2026-09-21,Monsoon,2.02008,1.016964,2.764787
MED00157,4,2026-09-21,Monsoon,2.02008,1.711992,5.539987
MED00158,4,2026-09-21,Monsoon,2.02008,-1.167171,0.311246
MED00159,4,2026-09-21,Monsoon,2.02008,2.412578,11.162708
MED00160,4,2026-09-21,Monsoon,2.02008,1.472727,4.361112
MED00161,4,2026-09-21,Monsoon,2.02008,2.00572,7.43144
MED00162,4,2026-09-21,Monsoon,2.02008,0.871584,2.390694
MED00163,4,2026-09-21,Monsoon,2.02008,-1.114019,0.328237
MED00164,4,2026-09-21,Monsoon,2.02008,0.805022,2.236745
MED00165,4,2026-09-21,Monsoon,2.02008,2.38572,10.866884
MED00166,4,2026-09-21,Monsoon,2.02008,0.844082,2.325842
MED00167,4,2026-09-21,Monsoon,2.02008,0.633496,1.884186
MED00168,4,2026-09-21,Monsoon,2.02008,0.74839,2.113595
MED00169,4,2026-09-21,Monsoon,2.02008,0.648786,1.913217
MED00170,4,2026-09-21,Monsoon,2.02008,0.631894,1.88117
MED00171,4,2026-09-21,Monsoon,2.02008,0.880988,2.413284
MED00172,4,2026-09-21,Monsoon,2.02008,1.12432,3.078123
MED00173,4,2026-09-21,Monsoon,2.02008,0.893952,2.444771
MED00174,4,2026-09-21,Monsoon,2.02008,2.05944,7.84158
MED00175,4,2026-09-21,Monsoon,2.02008,0.120919,1.128533
MED00176,4,2026-09-21,Monsoon,2.02008,2.482645,11.972888
MED00177,4,2026-09-21,Monsoon,2.02008,-1.13084,0.322762
MED00178,4,2026-09-21,Monsoon,2.02008,0.58433,1.793789
MED00179,4,2026-09-21,Monsoon,2.02008,-0.457549,0.632833
MED00180,4,2026-09-21,Monsoon,2.02008,0.765861,2.150845
MED00181,4,2026-09-21,Monsoon,2.02008,1.256013,3.511394
MED00182,4,2026-09-21,Monsoon,2.02008,-1.122884,0.32534
MED00183,4,2026-09-21,Monsoon,2.02008,3.104126,22.28974
MED00184,4,2026-09-21,Monsoon,2.02008,2.146159,8.551947
MED00185,4,2026-09-21,Monsoon,2.02008,0.990584,2.692808
MED00186,4,2026-09-21,Monsoon,2.02008,0.709968,2.033926
MED00187,4,2026-09-21,Monsoon,2.02008,1.036735,2.819994
MED00188,4,2026-09-21,Monsoon,2.02008,1.251696,3.496269
MED00189,4,2026-09-21,Monsoon,2.02008,-1.453294,0.233799
MED00190,4,2026-09-21,Monsoon,2.02008,0.846799,2.33217
MED00191,4,2026-09-21,Monsoon,2.02008,2.561451,12.954603
MED00192,4,2026-09-21,Monsoon,2.02008,-1.691544,0.184235
MED00193,4,2026-09-21,Monsoon,2.02008,-1.960621,0.140771
MED00194,4,2026-09-21,Monsoon,2.02008,2.237399,9.368935
MED00195,4,2026-09-21,Monsoon,2.02008,2.149442,8.580065
MED00196,4,2026-09-21,Monsoon,2.02008,2.194751,8.977763
MED00197,4,2026-09-21,Monsoon,2.02008,2.186388,8.902993
MED00198,4,2026-09-21,Monsoon,2.02008,0.619494,1.857987
MED00199,4,2026-09-21,Monsoon,2.02008,0.698122,2.009974
MED00200,4,2026-09-21,Monsoon,2.02008,0.68363,1.981055
MED00201,4,2026-09-21,Monsoon,2.02008,2.279456,9.771365
MED00202,4,2026-09-21,Monsoon,2.02008,0.664669,1.943847
MED00203,4,2026-09-21,Monsoon,2.02008,1.106788,3.024627
MED00204,4,2026-09-21,Monsoon,2.02008,0.820501,2.271637
MED00205,4,2026-09-21,Monsoon,2.02008,2.514613,12.361823
MED00206,4,2026-09-21,Monsoon,2.02008,0.429511,1.536506
MED00207,4,2026-09-21,Monsoon,2.02008,0.748782,2.114424
MED00208,4,2026-09-21,Monsoon,2.02008,2.4766,11.900732
MED00209,4,2026-09-21,Monsoon,2.02008,0.964348,2.623077
MED00210,4,2026-09-21,Monsoon,2.02008,0.185919,1.204325
MED00211,4,2026-09-21,Monsoon,2.02008,0.902614,2.46604
MED00212,4,2026-09-21,Monsoon,2.02008,0.792012,2.207834
MED00213,4,2026-09-21,Monsoon,2.02008,0.29115,1.337966
MED00214,4,2026-09-21,Monsoon,2.02008,2.364014,10.633543
MED00215,4,2026-09-21,Monsoon,2.02008,0.907345,2.477736
MED00216,4,2026-09-21,Monsoon,2.02008,-2.13048,0.11878
MED00217,4,2026-09-21,Monsoon,2.02008,-1.433719,0.23842
MED00218,4,2026-09-21,Monsoon,2.02008,1.66125,5.265889
MED00219,4,2026-09-21,Monsoon,2.02008,2.622057,13.764009
MED00220,4,2026-09-21,Monsoon,2.02008,0.841823,2.320593
MED00221,4,2026-09-21,Monsoon,2.02008,1.343293,3.83164
MED00222,4,2026-09-21,Monsoon,2.02008,-0.698702,0.49723
MED00223,4,2026-09-21,Monsoon,2.02008,2.224685,9.25057
MED00224,4,2026-09-21,Monsoon,2.02008,0.64516,1.906292
MED00225,4,2026-09-21,Monsoon,2.02008,1.574657,4.829086
MED00226,4,2026-09-21,Monsoon,2.02008,1.082793,2.952916
MED00227,4,2026-09-21,Monsoon,2.02008,2.779444,16.110054
MED00228,4,2026-09-21,Monsoon,2.02008,0.585731,1.796303
MED00229,4,2026-09-21,Monsoon,2.02008,-0.543545,0.580686
MED00230,4,2026-09-21,Monsoon,2.02008,2.608806,13.582829
MED00231,4,2026-09-21,Monsoon,2.02008,0.544867,1.724378
MED00232,4,2026-09-21,Monsoon,2.02008,1.228305,3.415435
MED00233,4,2026-09-21,Monsoon,2.02008,-0.750306,0.472222
MED00234,4,2026-09-21,Monsoon,2.02008,0.664633,1.943777
MED00235,4,2026-09-21,Monsoon,2.02008,4.23381,68.97954
MED00236,4,2026-09-21,Monsoon,2.02008,0.840052,2.316486
MED00237,4,2026-09-21,Monsoon,2.02008,1.830259,6.2355
MED00238,4,2026-09-21,Monsoon,2.02008,0.73744,2.090577
MED00239,4,2026-09-21,Monsoon,2.02008,1.396899,4.042643
MED00240,4,2026-09-21,Monsoon,2.02008,1.760318,5.814283
MED00241,4,2026-09-21,Monsoon,2.02008,1.017243,2.76556
MED00242,4,2026-09-21,Monsoon,2.02008,2.371757,10.716205
MED00243,4,2026-09-21,Monsoon,2.02008,-1.730265,0.177237
MED00244,4,2026-09-21,Monsoon,2.02008,0.805587,2.23801
MED00245,4,2026-09-21,Monsoon,2.02008,4.284564,72.57094
MED00246,4,2026-09-21,Monsoon,2.02008,1.882589,6.570494
MED00247,4,2026-09-21,Monsoon,2.02008,2.506762,12.265151
MED00248,4,2026-09-21,Monsoon,2.02008,0.816347,2.26222
MED00249,4,2026-09-21,Monsoon,2.02008,3.132825,22.938692
MED00250,4,2026-09-21,Monsoon,2.02008,2.770866,15.972459
MED00251,4,2026-09-21,Monsoon,2.02008,0.649495,1.914573
MED00252,4,2026-09-21,Monsoon,2.02008,-0.854464,0.425511
MED00253,4,2026-09-21,Monsoon,2.02008,1.454377,4.281816
MED00254,4,2026-09-21,Monsoon,2.02008,-0.932719,0.393482
MED00255,4,2026-09-21,Monsoon,2.02008,1.945845,6.999544
MED00256,4,2026-09-21,Monsoon,2.02008,0.900251,2.46022
MED00257,4,2026-09-21,Monsoon,2.02008,1.784727,5.957954
MED00258,4,2026-09-21,Monsoon,2.02008,0.865616,2.37647
MED00259,4,2026-09-21,Monsoon,2.02008,0.874509,2.397697
MED00260,4,2026-09-21,Monsoon,2.02008,-0.583121,0.558154
MED00261,4,2026-09-21,Monsoon,2.02008,-0.194449,0.823288
MED00262,4,2026-09-21,Monsoon,2.02008,1.465207,4.328438
MED00263,4,2026-09-21,Monsoon,2.02008,1.220402,3.38855
MED00264,4,2026-09-21,Monsoon,2.02008,-0.796435,0.450934
MED00265,4,2026-09-21,Monsoon,2.02008,2.006736,7.438998
MED00266,4,2026-09-21,Monsoon,2.02008,2.775932,16.05359
MED00267,4,2026-09-21,Monsoon,2.02008,1.749672,5.752713
MED00268,4,2026-09-21,Monsoon,2.02008,0.819228,2.268747
MED00269,4,2026-09-21,Monsoon,2.02008,0.858155,2.358805
MED00270,4,2026-09-21,Monsoon,2.02008,0.874545,2.397784
MED00271,4,2026-09-21,Monsoon,2.02008,1.122178,3.071538
MED00272,4,2026-09-21,Monsoon,2.02008,1.481695,4.400397
MED00273,4,2026-09-21,Monsoon,2.02008,1.2561,3.511698
MED00274,4,2026-09-21,Monsoon,2.02008,-0.693515,0.499816
MED00275,4,2026-09-21,Monsoon,2.02008,2.563687,12.983598
MED00276,4,2026-09-21,Monsoon,2.02008,0.708217,2.030368
MED00277,4,2026-09-21,Monsoon,2.02008,-1.501959,0.222693
MED00278,4,2026-09-21,Monsoon,2.02008,2.19317,8.963586
MED00279,4,2026-09-21,Monsoon,2.02008,3.017125,20.432455
MED00280,4,2026-09-21,Monsoon,2.02008,-1.483906,0.22675
MED00281,4,2026-09-21,Monsoon,2.02008,2.690093,14.733043
MED00282,4,2026-09-21,Monsoon,2.02008,1.296425,3.656204
MED00283,4,2026-09-21,Monsoon,2.02008,0.989004,2.688556
MED00284,4,2026-09-21,Monsoon,2.02008,0.493295,1.637703
MED00285,4,2026-09-21,Monsoon,2.02008,1.856379,6.40052
MED00286,4,2026-09-21,Monsoon,2.02008,1.728767,5.633703
MED00287,4,2026-09-21,Monsoon,2.02008,1.313269,3.71831
MED00288,4,2026-09-21,Monsoon,2.02008,3.729436,41.655586
MED00289,4,2026-09-21,Monsoon,2.02008,1.859088,6.417878
MED00290,4,2026-09-21,Monsoon,2.02008,0.676229,1.966449
MED00291,4,2026-09-21,Monsoon,2.02008,2.541124,12.69393
MED00292,4,2026-09-21,Monsoon,2.02008,0.696234,2.006184
MED00293,4,2026-09-21,Monsoon,2.02008,1.768071,5.859538
MED00294,4,2026-09-21,Monsoon,2.02008,0.281971,1.32574
MED00295,4,2026-09-21,Monsoon,2.02008,-1.099441,0.333057
MED00296,4,2026-09-21,Monsoon,2.02008,1.578938,4.849805
MED00297,4,2026-09-21,Monsoon,2.02008,1.992108,7.330968
MED00298,4,2026-09-21,Monsoon,2.02008,0.859719,2.362496
MED00299,4,2026-09-21,Monsoon,2.02008,-1.028326,0.357605
MED00300,4,2026-09-21,Monsoon,2.02008,0.731808,2.078834
MED00301,4,2026-09-21,Monsoon,2.02008,1.865889,6.461678
MED00302,4,2026-09-21,Monsoon,2.02008,2.300725,9.981416
MED00303,4,2026-09-21,Monsoon,2.02008,1.101632,3.009074
MED00304,4,2026-09-21,Monsoon,2.02008,1.642737,5.169298
MED00305,4,2026-09-21,Monsoon,2.02008,0.69685,2.00742
MED00306,4,2026-09-21,Monsoon,2.02008,-0.80573,0.446762
MED00307,4,2026-09-21,Monsoon,2.02008,3.334124,28.0538
MED00308,4,2026-09-21,Monsoon,2.02008,-0.349696,0.704902
MED00309,4,2026-09-21,Monsoon,2.02008,1.420747,4.140211
MED00310,4,2026-09-21,Monsoon,2.02008,1.369594,3.933753
MED00311,4,2026-09-21,Monsoon,2.02008,1.582973,4.869413
MED00312,4,2026-09-21,Monsoon,2.02008,-0.895648,0.408343
MED00313,4,2026-09-21,Monsoon,2.02008,-0.435308,0.647065
MED00314,4,2026-09-21,Monsoon,2.02008,2.446706,11.550239
MED00315,4,2026-09-21,Monsoon,2.02008,2.341058,10.392231
MED00316,4,2026-09-21,Monsoon,2.02008,1.155942,3.177015
MED00317,4,2026-09-21,Monsoon,2.02008,0.875492,2.400056
MED00318,4,2026-09-21,Monsoon,2.02008,1.199414,3.318172
MED00319,4,2026-09-21,Monsoon,2.02008,2.466748,11.784062
MED00320,4,2026-09-21,Monsoon,2.02008,2.177038,8.820144
MED00321,4,2026-09-21,Monsoon,2.02008,-0.368053,0.69208
MED00322,4,2026-09-21,Monsoon,2.02008,-1.644149,0.193177
MED00323,4,2026-09-21,Monsoon,2.02008,-0.083857,0.919563
MED00324,4,2026-09-21,Monsoon,2.02008,0.498343,1.645991
MED00325,4,2026-09-21,Monsoon,2.02008,2.102913,8.189992
MED00326,4,2026-09-21,Monsoon,2.02008,2.295771,9.93209
MED00327,4,2026-09-21,Monsoon,2.02008,1.18322,3.264871
MED00328,4,2026-09-21,Monsoon,2.02008,1.6006,4.956004
MED00329,4,2026-09-21,Monsoon,2.02008,2.459153,11.694901
MED00330,4,2026-09-21,Monsoon,2.02008,1.650249,5.208275
MED00331,4,2026-09-21,Monsoon,2.02008,0.656023,1.927113
MED00332,4,2026-09-21,Monsoon,2.02008,1.164064,3.202924
MED00333,4,2026-09-21,Monsoon,2.02008,1.145622,3.144396
MED00334,4,2026-09-21,Monsoon,2.02008,2.397453,10.995139
MED00335,4,2026-09-21,Monsoon,2.02008,1.866213,6.463769
MED00336,4,2026-09-21,Monsoon,2.02008,2.406088,11.090491
MED00337,4,2026-09-21,Monsoon,2.02008,4.169066,64.65507
MED00338,4,2026-09-21,Monsoon,2.02008,2.359285,10.583383
MED00339,4,2026-09-21,Monsoon,2.02008,0.684397,1.982575
MED00340,4,2026-09-21,Monsoon,2.02008,0.462985,1.58881
MED00341,4,2026-09-21,Monsoon,2.02008,1.883776,6.578296
MED00342,4,2026-09-21,Monsoon,2.02008,0.79193,2.207653
MED00343,4,2026-09-21,Monsoon,2.02008,2.388367,10.895689
MED00344,4,2026-09-21,Monsoon,2.02008,1.770364,5.872992
MED00345,4,2026-09-21,Monsoon,2.02008,-1.632677,0.195406
MED00346,4,2026-09-21,Monsoon,2.02008,1.298448,3.663607
MED00347,4,2026-09-21,Monsoon,2.02008,-1.536584,0.215115
MED00348,4,2026-09-21,Monsoon,2.02008,0.6552,1.925527
MED00349,4,2026-09-21,Monsoon,2.02008,0.92414,2.5197
MED00350,4,2026-09-21,Monsoon,2.02008,0.140441,1.150782
MED00351,4,2026-09-21,Monsoon,2.02008,-0.454574,0.634718
MED00352,4,2026-09-21,Monsoon,2.02008,-1.1695,0.310522
MED00353,4,2026-09-21,Monsoon,2.02008,-0.107285,0.89827
MED00354,4,2026-09-21,Monsoon,2.02008,-0.098323,0.906356
MED00355,4,2026-09-21,Monsoon,2.02008,2.616006,13.680974
MED00356,4,2026-09-21,Monsoon,2.02008,0.717721,2.049756
MED00357,4,2026-09-21,Monsoon,2.02008,-1.520559,0.21859
MED00358,4,2026-09-21,Monsoon,2.02008,1.7805,5.932822
MED00359,4,2026-09-21,Monsoon,2.02008,0.857274,2.356728
MED00360,4,2026-09-21,Monsoon,2.02008,1.181736,3.260028
MED00361,4,2026-09-21,Monsoon,2.02008,0.85527,2.352009
MED00362,4,2026-09-21,Monsoon,2.02008,0.970832,2.64014
MED00363,4,2026-09-21,Monsoon,2.02008,0.624277,1.866896
MED00364,4,2026-09-21,Monsoon,2.02008,-1.579604,0.206057
MED00365,4,2026-09-21,Monsoon,2.02008,0.872448,2.39276
MED00366,4,2026-09-21,Monsoon,2.02008,2.332637,10.305083
MED00367,4,2026-09-21,Monsoon,2.02008,0.870954,2.389189
MED00368,4,2026-09-21,Monsoon,2.02008,1.114217,3.04718
MED00369,4,2026-09-21,Monsoon,2.02008,1.688546,5.411608
MED00370,4,2026-09-21,Monsoon,2.02008,-0.836224,0.433344
MED00371,4,2026-09-21,Monsoon,2.02008,2.96509,19.396454
MED00372,4,2026-09-21,Monsoon,2.02008,-1.500963,0.222915
MED00373,4,2026-09-21,Monsoon,2.02008,-0.500903,0.605983
MED00374,4,2026-09-21,Monsoon,2.02008,0.66668,1.94776
MED00375,4,2026-09-21,Monsoon,2.02008,2.761572,15.824709
MED00376,4,2026-09-21,Monsoon,2.02008,0.819397,2.269132
MED00377,4,2026-09-21,Monsoon,2.02008,-0.635529,0.529655
MED00378,4,2026-09-21,Monsoon,2.02008,0.934554,2.546078
MED00379,4,2026-09-21,Monsoon,2.02008,-0.413262,0.661489
MED00380,4,2026-09-21,Monsoon,2.02008,-0.42214,0.655642
MED00381,4,2026-09-21,Monsoon,2.02008,0.291814,1.338854
MED00382,4,2026-09-21,Monsoon,2.02008,0.928965,2.531888
MED00383,4,2026-09-21,Monsoon,2.02008,2.050016,7.768025
MED00384,4,2026-09-21,Monsoon,2.02008,0.788776,2.2007
MED00385,4,2026-09-21,Monsoon,2.02008,2.976596,19.620907
MED00386,4,2026-09-21,Monsoon,2.02008,2.727076,15.28812
MED00387,4,2026-09-21,Monsoon,2.02008,3.025066,20.595367
MED00388,4,2026-09-21,Monsoon,2.02008,4.282966,72.45503
MED00389,4,2026-09-21,Monsoon,2.02008,2.60034,13.468315
MED00390,4,2026-09-21,Monsoon,2.02008,3.216816,24.94855
MED00391,4,2026-09-21,Monsoon,2.02008,3.061131,21.351686
MED00392,4,2026-09-21,Monsoon,2.02008,3.048318,21.079851
MED00393,4,2026-09-21,Monsoon,2.02008,2.671398,14.460173
MED00394,4,2026-09-21,Monsoon,2.02008,2.714258,15.093402
MED00395,4,2026-09-21,Monsoon,2.02008,2.909364,18.34513
MED00396,4,2026-09-21,Monsoon,2.02008,4.028438,56.173107
MED00397,4,2026-09-21,Monsoon,2.02008,3.818565,45.53882
MED00398,4,2026-09-21,Monsoon,2.02008,4.59543,99.03075
MED00399,4,2026-09-21,Monsoon,2.02008,4.441408,84.89444
MED00400,4,2026-09-21,Monsoon,2.02008,4.287436,72.779655
MED00401,4,2026-09-21,Monsoon,2.02008,3.020431,20.500122
MED00402,4,2026-09-21,Monsoon,2.02008,3.33309,28.02482
MED00403,4,2026-09-21,Monsoon,2.02008,2.627417,13.837981
MED00404,4,2026-09-21,Monsoon,2.02008,1.821667,6.182156
MED00405,4,2026-09-21,Monsoon,2.02008,2.178417,8.832314
MED00406,4,2026-09-21,Monsoon,2.02008,3.124379,22.74577
MED00407,4,2026-09-21,Monsoon,2.02008,3.296603,27.020693
MED00408,4,2026-09-21,Monsoon,2.02008,2.411222,11.147577
MED00409,4,2026-09-21,Monsoon,2.02008,2.584076,13.251039
MED00410,4,2026-09-21,Monsoon,2.02008,2.567944,13.038983
MED00411,4,2026-09-21,Monsoon,2.02008,3.039744,20.899904
MED00412,4,2026-09-21,Monsoon,2.02008,2.561551,12.955897
MED00413,4,2026-09-21,Monsoon,2.02008,2.650294,14.158208
MED00414,4,2026-09-21,Monsoon,2.02008,3.09628,22.11552
MED00415,4,2026-09-21,Monsoon,2.02008,2.622479,13.769813
MED00416,4,2026-09-21,Monsoon,2.02008,3.06199,21.37004
MED00417,4,2026-09-21,Monsoon,2.02008,2.155969,8.636253
MED00418,4,2026-09-21,Monsoon,2.02008,2.165815,8.72171
MED00419,4,2026-09-21,Monsoon,2.02008,2.352426,10.511042
MED00420,4,2026-09-21,Monsoon,2.02008,3.283713,26.67463
MED00421,4,2026-09-21,Monsoon,2.02008,3.385843,29.542883
MED00422,4,2026-09-21,Monsoon,2.02008,3.074843,21.646486
MED00423,4,2026-09-21,Monsoon,2.02008,2.592755,13.36655
MED00424,4,2026-09-21,Monsoon,2.02008,4.363911,78.56381
MED00001,5,2026-09-28,Post-Monsoon,2.02008,2.540932,12.691499
MED00002,5,2026-09-28,Post-Monsoon,2.02008,-1.994524,0.136078
MED00003,5,2026-09-28,Post-Monsoon,2.02008,-1.242954,0.288531
MED00004,5,2026-09-28,Post-Monsoon,2.02008,-0.213935,0.807401
MED00005,5,2026-09-28,Post-Monsoon,2.02008,0.804043,2.234558
MED00006,5,2026-09-28,Post-Monsoon,2.02008,0.4931,1.637384
MED00007,5,2026-09-28,Post-Monsoon,2.02008,1.100266,3.004965
MED00008,5,2026-09-28,Post-Monsoon,2.02008,-0.47379,0.622638
MED00009,5,2026-09-28,Post-Monsoon,2.02008,1.210686,3.355785
MED00010,5,2026-09-28,Post-Monsoon,2.02008,1.331062,3.785062
MED00011,5,2026-09-28,Post-Monsoon,2.02008,3.231199,25.309992
MED00012,5,2026-09-28,Post-Monsoon,2.02008,0.725038,2.06481
MED00013,5,2026-09-28,Post-Monsoon,2.02008,1.264052,3.539735
MED00014,5,2026-09-28,Post-Monsoon,2.02008,2.750687,15.653377
MED00015,5,2026-09-28,Post-Monsoon,2.02008,-0.725706,0.483983
MED00016,5,2026-09-28,Post-Monsoon,2.02008,0.74501,2.106462
MED00017,5,2026-09-28,Post-Monsoon,2.02008,0.636876,1.890565
MED00018,5,2026-09-28,Post-Monsoon,2.02008,4.338612,76.60111
MED00019,5,2026-09-28,Post-Monsoon,2.02008,3.81083,45.187946
MED00020,5,2026-09-28,Post-Monsoon,2.02008,2.405625,11.085358
MED00021,5,2026-09-28,Post-Monsoon,2.02008,1.314962,3.72461
MED00022,5,2026-09-28,Post-Monsoon,2.02008,0.861812,2.367447
MED00023,5,2026-09-28,Post-Monsoon,2.02008,0.231197,1.260108
MED00024,5,2026-09-28,Post-Monsoon,2.02008,1.010052,2.745745
MED00025,5,2026-09-28,Post-Monsoon,2.02008,-1.978369,0.138295
MED00026,5,2026-09-28,Post-Monsoon,2.02008,-1.094289,0.334777
MED00027,5,2026-09-28,Post-Monsoon,2.02008,-1.521257,0.218437
MED00028,5,2026-09-28,Post-Monsoon,2.02008,-0.716968,0.488231
MED00029,5,2026-09-28,Post-Monsoon,2.02008,2.48823,12.039941
MED00030,5,2026-09-28,Post-Monsoon,2.02008,1.304772,3.686847
MED00031,5,2026-09-28,Post-Monsoon,2.02008,1.12631,3.084256
MED00032,5,2026-09-28,Post-Monsoon,2.02008,0.841758,2.320444
MED00033,5,2026-09-28,Post-Monsoon,2.02008,-0.013631,0.986462
MED00034,5,2026-09-28,Post-Monsoon,2.02008,3.113712,22.504425
MED00035,5,2026-09-28,Post-Monsoon,2.02008,-0.756581,0.469268
MED00036,5,2026-09-28,Post-Monsoon,2.02008,0.475294,1.608487
MED00037,5,2026-09-28,Post-Monsoon,2.02008,1.339252,3.816188
MED00038,5,2026-09-28,Post-Monsoon,2.02008,2.546598,12.763611
MED00039,5,2026-09-28,Post-Monsoon,2.02008,0.014186,1.014288
MED00040,5,2026-09-28,Post-Monsoon,2.02008,-0.63762,0.528549
MED00041,5,2026-09-28,Post-Monsoon,2.02008,-0.501696,0.605503
MED00042,5,2026-09-28,Post-Monsoon,2.02008,1.181379,3.258865
MED00043,5,2026-09-28,Post-Monsoon,2.02008,-0.797985,0.450235
MED00044,5,2026-09-28,Post-Monsoon,2.02008,0.702318,2.018426
MED00045,5,2026-09-28,Post-Monsoon,2.02008,0.556328,1.744255
MED00046,5,2026-09-28,Post-Monsoon,2.02008,0.805374,2.237532
MED00047,5,2026-09-28,Post-Monsoon,2.02008,1.584826,4.878441
MED00048,5,2026-09-28,Post-Monsoon,2.02008,2.546438,12.761569
MED00049,5,2026-09-28,Post-Monsoon,2.02008,-1.800533,0.165211
MED00050,5,2026-09-28,Post-Monsoon,2.02008,0.995482,2.706028
MED00051,5,2026-09-28,Post-Monsoon,2.02008,-1.770176,0.170303
MED00052,5,2026-09-28,Post-Monsoon,2.02008,-0.748946,0.472864
MED00053,5,2026-09-28,Post-Monsoon,2.02008,1.767811,5.858014
MED00054,5,2026-09-28,Post-Monsoon,2.02008,1.784396,5.955979
MED00055,5,2026-09-28,Post-Monsoon,2.02008,-0.092605,0.911554
MED00056,5,2026-09-28,Post-Monsoon,2.02008,-0.431251,0.649696
MED00057,5,2026-09-28,Post-Monsoon,2.02008,-0.842721,0.430537
MED00058,5,2026-09-28,Post-Monsoon,2.02008,0.511871,1.668409
MED00059,5,2026-09-28,Post-Monsoon,2.02008,2.054848,7.805654
MED00060,5,2026-09-28,Post-Monsoon,2.02008,1.765059,5.841916
MED00061,5,2026-09-28,Post-Monsoon,2.02008,-0.48038,0.618548
MED00062,5,2026-09-28,Post-Monsoon,2.02008,2.569256,13.056108
MED00063,5,2026-09-28,Post-Monsoon,2.02008,-1.824342,0.161324
MED00064,5,2026-09-28,Post-Monsoon,2.02008,3.18753,24.228498
MED00065,5,2026-09-28,Post-Monsoon,2.02008,4.15157,63.53369
MED00066,5,2026-09-28,Post-Monsoon,2.02008,-0.847747,0.428379
MED00067,5,2026-09-28,Post-Monsoon,2.02008,0.772532,2.165242
MED00068,5,2026-09-28,Post-Monsoon,2.02008,1.210355,3.354677
MED00069,5,2026-09-28,Post-Monsoon,2.02008,0.618666,1.85645
MED00070,5,2026-09-28,Post-Monsoon,2.02008,2.443743,11.516068
MED00071,5,2026-09-28,Post-Monsoon,2.02008,0.757822,2.133624
MED00072,5,2026-09-28,Post-Monsoon,2.02008,0.757089,2.13206
MED00073,5,2026-09-28,Post-Monsoon,2.02008,1.160301,3.190893
MED00074,5,2026-09-28,Post-Monsoon,2.02008,1.0946,2.987989
MED00075,5,2026-09-28,Post-Monsoon,2.02008,1.101597,3.008966
MED00076,5,2026-09-28,Post-Monsoon,2.02008,-1.448391,0.234948
MED00077,5,2026-09-28,Post-Monsoon,2.02008,1.379067,3.971194
MED00078,5,2026-09-28,Post-Monsoon,2.02008,1.041608,2.833771
MED00079,5,2026-09-28,Post-Monsoon,2.02008,3.17845,24.009518
MED00080,5,2026-09-28,Post-Monsoon,2.02008,1.2007,3.322443
MED00081,5,2026-09-28,Post-Monsoon,2.02008,-0.98037,0.375172
MED00082,5,2026-09-28,Post-Monsoon,2.02008,1.032684,2.808593
MED00083,5,2026-09-28,Post-Monsoon,2.02008,1.15809,3.183847
MED00084,5,2026-09-28,Post-Monsoon,2.02008,3.828374,45.987732
MED00085,5,2026-09-28,Post-Monsoon,2.02008,0.729718,2.074495
MED00086,5,2026-09-28,Post-Monsoon,2.02008,-1.084013,0.338236
MED00087,5,2026-09-28,Post-Monsoon,2.02008,0.592429,1.808375
MED00088,5,2026-09-28,Post-Monsoon,2.02008,3.429932,30.874533
MED00089,5,2026-09-28,Post-Monsoon,2.02008,2.952018,19.144539
MED00090,5,2026-09-28,Post-Monsoon,2.02008,0.949815,2.585231
MED00091,5,2026-09-28,Post-Monsoon,2.02008,0.736056,2.087686
MED00092,5,2026-09-28,Post-Monsoon,2.02008,0.510571,1.666242
MED00093,5,2026-09-28,Post-Monsoon,2.02008,-1.316522,0.268066
MED00094,5,2026-09-28,Post-Monsoon,2.02008,-0.600019,0.548801
MED00095,5,2026-09-28,Post-Monsoon,2.02008,1.074171,2.927564
MED00096,5,2026-09-28,Post-Monsoon,2.02008,2.640044,14.013817
MED00097,5,2026-09-28,Post-Monsoon,2.02008,-0.870562,0.418716
MED00098,5,2026-09-28,Post-Monsoon,2.02008,2.079251,7.998474
MED00099,5,2026-09-28,Post-Monsoon,2.02008,-1.455916,0.233187
MED00100,5,2026-09-28,Post-Monsoon,2.02008,-1.690021,0.184516
MED00101,5,2026-09-28,Post-Monsoon,2.02008,1.427499,4.168262
MED00102,5,2026-09-28,Post-Monsoon,2.02008,1.524176,4.591358
MED00103,5,2026-09-28,Post-Monsoon,2.02008,1.0221,2.779026
MED00104,5,2026-09-28,Post-Monsoon,2.02008,1.976902,7.220336
MED00105,5,2026-09-28,Post-Monsoon,2.02008,2.415453,11.19484
MED00106,5,2026-09-28,Post-Monsoon,2.02008,-1.791471,0.166715
MED00107,5,2026-09-28,Post-Monsoon,2.02008,2.045225,7.730897
MED00108,5,2026-09-28,Post-Monsoon,2.02008,1.037559,2.822319
MED00109,5,2026-09-28,Post-Monsoon,2.02008,-0.887503,0.411682
MED00110,5,2026-09-28,Post-Monsoon,2.02008,-0.828676,0.436627
MED00111,5,2026-09-28,Post-Monsoon,2.02008,-0.380135,0.683769
MED00112,5,2026-09-28,Post-Monsoon,2.02008,1.024132,2.784678
MED00113,5,2026-09-28,Post-Monsoon,2.02008,0.657568,1.930092
MED00114,5,2026-09-28,Post-Monsoon,2.02008,2.628528,13.853354
MED00115,5,2026-09-28,Post-Monsoon,2.02008,0.730996,2.077148
MED00116,5,2026-09-28,Post-Monsoon,2.02008,2.049874,7.766925
MED00117,5,2026-09-28,Post-Monsoon,2.02008,0.625262,1.868736
MED00118,5,2026-09-28,Post-Monsoon,2.02008,0.518328,1.679218
MED00119,5,2026-09-28,Post-Monsoon,2.02008,0.66331,1.941207
MED00120,5,2026-09-28,Post-Monsoon,2.02008,2.566126,13.01531
MED00121,5,2026-09-28,Post-Monsoon,2.02008,1.168476,3.217085
MED00122,5,2026-09-28,Post-Monsoon,2.02008,0.833509,2.301381
MED00123,5,2026-09-28,Post-Monsoon,2.02008,-0.118108,0.8886
MED00124,5,2026-09-28,Post-Monsoon,2.02008,2.02596,7.583384
MED00125,5,2026-09-28,Post-Monsoon,2.02008,-1.338243,0.262306
MED00126,5,2026-09-28,Post-Monsoon,2.02008,-0.272861,0.761199
MED00127,5,2026-09-28,Post-Monsoon,2.02008,0.750816,2.118729
MED00128,5,2026-09-28,Post-Monsoon,2.02008,0.74606,2.108675
MED00129,5,2026-09-28,Post-Monsoon,2.02008,0.601605,1.825046
MED00130,5,2026-09-28,Post-Monsoon,2.02008,-1.773494,0.169739
MED00131,5,2026-09-28,Post-Monsoon,2.02008,0.763349,2.14545
MED00132,5,2026-09-28,Post-Monsoon,2.02008,-0.489334,0.613034
MED00133,5,2026-09-28,Post-Monsoon,2.02008,-0.44664,0.639774
MED00134,5,2026-09-28,Post-Monsoon,2.02008,-0.735288,0.479368
MED00135,5,2026-09-28,Post-Monsoon,2.02008,2.763319,15.852374
MED00136,5,2026-09-28,Post-Monsoon,2.02008,0.515446,1.674384
MED00137,5,2026-09-28,Post-Monsoon,2.02008,0.80089,2.227524
MED00138,5,2026-09-28,Post-Monsoon,2.02008,0.726924,2.068708
MED00139,5,2026-09-28,Post-Monsoon,2.02008,1.101788,3.009542
MED00140,5,2026-09-28,Post-Monsoon,2.02008,0.606586,1.83416
MED00141,5,2026-09-28,Post-Monsoon,2.02008,1.420571,4.139484
MED00142,5,2026-09-28,Post-Monsoon,2.02008,-0.890534,0.410436
MED00143,5,2026-09-28,Post-Monsoon,2.02008,0.621857,1.862384
MED00144,5,2026-09-28,Post-Monsoon,2.02008,1.732257,5.6534
MED00145,5,2026-09-28,Post-Monsoon,2.02008,-0.493096,0.610733
MED00146,5,2026-09-28,Post-Monsoon,2.02008,0.649019,1.913662
MED00147,5,2026-09-28,Post-Monsoon,2.02008,0.685414,1.984592
MED00148,5,2026-09-28,Post-Monsoon,2.02008,1.774875,5.899541
MED00149,5,2026-09-28,Post-Monsoon,2.02008,1.287486,3.623664
MED00150,5,2026-09-28,Post-Monsoon,2.02008,0.491461,1.634703
MED00151,5,2026-09-28,Post-Monsoon,2.02008,0.752009,2.121258
MED00152,5,2026-09-28,Post-Monsoon,2.02008,0.773009,2.166274
MED00153,5,2026-09-28,Post-Monsoon,2.02008,0.784441,2.191182
MED00154,5,2026-09-28,Post-Monsoon,2.02008,2.734673,15.404702
MED00155,5,2026-09-28,Post-Monsoon,2.02008,0.69839,2.010514
MED00156,5,2026-09-28,Post-Monsoon,2.02008,0.871834,2.391292
MED00157,5,2026-09-28,Post-Monsoon,2.02008,1.456325,4.290162
MED00158,5,2026-09-28,Post-Monsoon,2.02008,-1.353655,0.258294
MED00159,5,2026-09-28,Post-Monsoon,2.02008,2.442444,11.501113
MED00160,5,2026-09-28,Post-Monsoon,2.02008,1.238818,3.451532
MED00161,5,2026-09-28,Post-Monsoon,2.02008,1.771497,5.879648
MED00162,5,2026-09-28,Post-Monsoon,2.02008,0.766362,2.151922
MED00163,5,2026-09-28,Post-Monsoon,2.02008,-1.057763,0.347232
MED00164,5,2026-09-28,Post-Monsoon,2.02008,0.676695,1.967366
MED00165,5,2026-09-28,Post-Monsoon,2.02008,2.337335,10.353603
MED00166,5,2026-09-28,Post-Monsoon,2.02008,0.749813,2.116603
MED00167,5,2026-09-28,Post-Monsoon,2.02008,0.612981,1.845927
MED00168,5,2026-09-28,Post-Monsoon,2.02008,0.657527,1.930014
MED00169,5,2026-09-28,Post-Monsoon,2.02008,0.611309,1.842841
MED00170,5,2026-09-28,Post-Monsoon,2.02008,0.587456,1.799404
MED00171,5,2026-09-28,Post-Monsoon,2.02008,0.787353,2.197573
MED00172,5,2026-09-28,Post-Monsoon,2.02008,0.632745,1.882771
MED00173,5,2026-09-28,Post-Monsoon,2.02008,0.819693,2.269802
MED00174,5,2026-09-28,Post-Monsoon,2.02008,1.83904,6.290499
MED00175,5,2026-09-28,Post-Monsoon,2.02008,0.069155,1.071602
MED00176,5,2026-09-28,Post-Monsoon,2.02008,2.799549,16.437225
MED00177,5,2026-09-28,Post-Monsoon,2.02008,-1.155961,0.314755
MED00178,5,2026-09-28,Post-Monsoon,2.02008,0.758194,2.134418
MED00179,5,2026-09-28,Post-Monsoon,2.02008,-0.622597,0.536549
MED00180,5,2026-09-28,Post-Monsoon,2.02008,0.678302,1.970529
MED00181,5,2026-09-28,Post-Monsoon,2.02008,1.123191,3.074649
MED00182,5,2026-09-28,Post-Monsoon,2.02008,-1.305145,0.271133
MED00183,5,2026-09-28,Post-Monsoon,2.02008,3.133132,22.945732
MED00184,5,2026-09-28,Post-Monsoon,2.02008,2.140158,8.500782
MED00185,5,2026-09-28,Post-Monsoon,2.02008,0.642098,1.900464
MED00186,5,2026-09-28,Post-Monsoon,2.02008,0.642301,1.900849
MED00187,5,2026-09-28,Post-Monsoon,2.02008,0.992187,2.697128
MED00188,5,2026-09-28,Post-Monsoon,2.02008,1.116802,3.055069
MED00189,5,2026-09-28,Post-Monsoon,2.02008,-1.598426,0.202215
MED00190,5,2026-09-28,Post-Monsoon,2.02008,0.764775,2.148511
MED00191,5,2026-09-28,Post-Monsoon,2.02008,2.493258,12.100641
MED00192,5,2026-09-28,Post-Monsoon,2.02008,-1.682164,0.185971
MED00193,5,2026-09-28,Post-Monsoon,2.02008,-2.079608,0.124979
MED00194,5,2026-09-28,Post-Monsoon,2.02008,2.076042,7.972852
MED00195,5,2026-09-28,Post-Monsoon,2.02008,1.930262,6.891316
MED00196,5,2026-09-28,Post-Monsoon,2.02008,2.039841,7.689386
MED00197,5,2026-09-28,Post-Monsoon,2.02008,1.999228,7.383352
MED00198,5,2026-09-28,Post-Monsoon,2.02008,0.567028,1.763019
MED00199,5,2026-09-28,Post-Monsoon,2.02008,0.385835,1.470842
MED00200,5,2026-09-28,Post-Monsoon,2.02008,0.633191,1.883612
MED00201,5,2026-09-28,Post-Monsoon,2.02008,2.133179,8.441662
MED00202,5,2026-09-28,Post-Monsoon,2.02008,0.594667,1.812427
MED00203,5,2026-09-28,Post-Monsoon,2.02008,0.773164,2.16661
MED00204,5,2026-09-28,Post-Monsoon,2.02008,0.729517,2.074078
MED00205,5,2026-09-28,Post-Monsoon,2.02008,2.451079,11.600856
MED00206,5,2026-09-28,Post-Monsoon,2.02008,0.180906,1.198303
MED00207,5,2026-09-28,Post-Monsoon,2.02008,0.671132,1.956452
MED00208,5,2026-09-28,Post-Monsoon,2.02008,2.418238,11.226055
MED00209,5,2026-09-28,Post-Monsoon,2.02008,1.057982,2.880553
MED00210,5,2026-09-28,Post-Monsoon,2.02008,0.176576,1.193126
MED00211,5,2026-09-28,Post-Monsoon,2.02008,0.805842,2.23858
MED00212,5,2026-09-28,Post-Monsoon,2.02008,0.779154,2.179628
MED00213,5,2026-09-28,Post-Monsoon,2.02008,0.241222,1.272804
MED00214,5,2026-09-28,Post-Monsoon,2.02008,2.303853,10.01269
MED00215,5,2026-09-28,Post-Monsoon,2.02008,0.829783,2.292822
MED00216,5,2026-09-28,Post-Monsoon,2.02008,-2.115844,0.120532
MED00217,5,2026-09-28,Post-Monsoon,2.02008,-1.447674,0.235116
MED00218,5,2026-09-28,Post-Monsoon,2.02008,1.395016,4.035037
MED00219,5,2026-09-28,Post-Monsoon,2.02008,2.699001,14.864872
MED00220,5,2026-09-28,Post-Monsoon,2.02008,0.759273,2.136722
MED00221,5,2026-09-28,Post-Monsoon,2.02008,1.11258,3.042199
MED00222,5,2026-09-28,Post-Monsoon,2.02008,-0.78179,0.457586
MED00223,5,2026-09-28,Post-Monsoon,2.02008,2.511531,12.323785
MED00224,5,2026-09-28,Post-Monsoon,2.02008,0.589407,1.80292
MED00225,5,2026-09-28,Post-Monsoon,2.02008,1.355132,3.877272
MED00226,5,2026-09-28,Post-Monsoon,2.02008,0.829167,2.29141
MED00227,5,2026-09-28,Post-Monsoon,2.02008,2.724368,15.246773
MED00228,5,2026-09-28,Post-Monsoon,2.02008,0.59955,1.821298
MED00229,5,2026-09-28,Post-Monsoon,2.02008,-0.692962,0.500093
MED00230,5,2026-09-28,Post-Monsoon,2.02008,2.576633,13.152781
MED00231,5,2026-09-28,Post-Monsoon,2.02008,0.491224,1.634315
MED00232,5,2026-09-28,Post-Monsoon,2.02008,1.066468,2.9051
MED00233,5,2026-09-28,Post-Monsoon,2.02008,-0.440655,0.643615
MED00234,5,2026-09-28,Post-Monsoon,2.02008,0.619492,1.857983
MED00235,5,2026-09-28,Post-Monsoon,2.02008,4.221648,68.14571
MED00236,5,2026-09-28,Post-Monsoon,2.02008,0.780782,2.183178
MED00237,5,2026-09-28,Post-Monsoon,2.02008,1.375152,3.955679
MED00238,5,2026-09-28,Post-Monsoon,2.02008,0.662358,1.93936
MED00239,5,2026-09-28,Post-Monsoon,2.02008,1.225598,3.406201
MED00240,5,2026-09-28,Post-Monsoon,2.02008,1.377766,3.96603
MED00241,5,2026-09-28,Post-Monsoon,2.02008,0.907476,2.47806
MED00242,5,2026-09-28,Post-Monsoon,2.02008,2.294593,9.920401
MED00243,5,2026-09-28,Post-Monsoon,2.02008,-1.804256,0.164597
MED00244,5,2026-09-28,Post-Monsoon,2.02008,0.73739,2.090473
MED00245,5,2026-09-28,Post-Monsoon,2.02008,4.283556,72.49782
MED00246,5,2026-09-28,Post-Monsoon,2.02008,1.596823,4.937322
MED00247,5,2026-09-28,Post-Monsoon,2.02008,2.44963,11.584065
MED00248,5,2026-09-28,Post-Monsoon,2.02008,0.768319,2.156139
MED00249,5,2026-09-28,Post-Monsoon,2.02008,3.137224,23.039824
MED00250,5,2026-09-28,Post-Monsoon,2.02008,2.380363,10.808823
MED00251,5,2026-09-28,Post-Monsoon,2.02008,0.611993,1.844103
MED00252,5,2026-09-28,Post-Monsoon,2.02008,-0.967921,0.379872
MED00253,5,2026-09-28,Post-Monsoon,2.02008,1.273233,3.572385
MED00254,5,2026-09-28,Post-Monsoon,2.02008,-1.045873,0.351385
MED00255,5,2026-09-28,Post-Monsoon,2.02008,1.572954,4.820866
MED00256,5,2026-09-28,Post-Monsoon,2.02008,0.783263,2.188601
MED00257,5,2026-09-28,Post-Monsoon,2.02008,1.431298,4.184127
MED00258,5,2026-09-28,Post-Monsoon,2.02008,0.783841,2.189867
MED00259,5,2026-09-28,Post-Monsoon,2.02008,0.788429,2.199937
MED00260,5,2026-09-28,Post-Monsoon,2.02008,-0.735099,0.479458
MED00261,5,2026-09-28,Post-Monsoon,2.02008,-0.32663,0.721351
MED00262,5,2026-09-28,Post-Monsoon,2.02008,1.163541,3.201249
MED00263,5,2026-09-28,Post-Monsoon,2.02008,1.103199,3.013792
MED00264,5,2026-09-28,Post-Monsoon,2.02008,-0.987803,0.372394
MED00265,5,2026-09-28,Post-Monsoon,2.02008,1.765805,5.846276
MED00266,5,2026-09-28,Post-Monsoon,2.02008,2.788672,16.259405
MED00267,5,2026-09-28,Post-Monsoon,2.02008,1.459165,4.302364
MED00268,5,2026-09-28,Post-Monsoon,2.02008,0.748339,2.113487
MED00269,5,2026-09-28,Post-Monsoon,2.02008,0.779301,2.179948
MED00270,5,2026-09-28,Post-Monsoon,2.02008,0.830285,2.293971
MED00271,5,2026-09-28,Post-Monsoon,2.02008,0.522116,1.685591
MED00272,5,2026-09-28,Post-Monsoon,2.02008,1.357683,3.887176
MED00273,5,2026-09-28,Post-Monsoon,2.02008,1.15557,3.175832
MED00274,5,2026-09-28,Post-Monsoon,2.02008,-0.251609,0.777548
MED00275,5,2026-09-28,Post-Monsoon,2.02008,2.428419,11.340941
MED00276,5,2026-09-28,Post-Monsoon,2.02008,0.639736,1.895981
MED00277,5,2026-09-28,Post-Monsoon,2.02008,-1.618398,0.198216
MED00278,5,2026-09-28,Post-Monsoon,2.02008,2.040258,7.692597
MED00279,5,2026-09-28,Post-Monsoon,2.02008,3.042377,20.955
MED00280,5,2026-09-28,Post-Monsoon,2.02008,-1.473989,0.22901
MED00281,5,2026-09-28,Post-Monsoon,2.02008,2.606396,13.550134
MED00282,5,2026-09-28,Post-Monsoon,2.02008,1.235023,3.438458
MED00283,5,2026-09-28,Post-Monsoon,2.02008,0.875482,2.400032
MED00284,5,2026-09-28,Post-Monsoon,2.02008,0.364808,1.440238
MED00285,5,2026-09-28,Post-Monsoon,2.02008,1.577743,4.844012
MED00286,5,2026-09-28,Post-Monsoon,2.02008,1.38069,3.977647
MED00287,5,2026-09-28,Post-Monsoon,2.02008,1.193993,3.300234
MED00288,5,2026-09-28,Post-Monsoon,2.02008,3.726172,41.519844
MED00289,5,2026-09-28,Post-Monsoon,2.02008,1.387854,4.006242
MED00290,5,2026-09-28,Post-Monsoon,2.02008,0.622583,1.863735
MED00291,5,2026-09-28,Post-Monsoon,2.02008,2.532862,12.589482
MED00292,5,2026-09-28,Post-Monsoon,2.02008,0.675433,1.964884
MED00293,5,2026-09-28,Post-Monsoon,2.02008,1.391733,4.021812
MED00294,5,2026-09-28,Post-Monsoon,2.02008,0.287661,1.333305
MED00295,5,2026-09-28,Post-Monsoon,2.02008,-1.304843,0.271215
MED00296,5,2026-09-28,Post-Monsoon,2.02008,1.369204,3.93222
MED00297,5,2026-09-28,Post-Monsoon,2.02008,1.75098,5.760243
MED00298,5,2026-09-28,Post-Monsoon,2.02008,0.783083,2.188208
MED00299,5,2026-09-28,Post-Monsoon,2.02008,-0.917151,0.399656
MED00300,5,2026-09-28,Post-Monsoon,2.02008,0.653824,1.922879
MED00301,5,2026-09-28,Post-Monsoon,2.02008,1.565151,4.783396
MED00302,5,2026-09-28,Post-Monsoon,2.02008,2.252468,9.511175
MED00303,5,2026-09-28,Post-Monsoon,2.02008,0.997953,2.712724
MED00304,5,2026-09-28,Post-Monsoon,2.02008,1.304125,3.684464
MED00305,5,2026-09-28,Post-Monsoon,2.02008,0.631168,1.879805
MED00306,5,2026-09-28,Post-Monsoon,2.02008,-0.939235,0.390927
MED00307,5,2026-09-28,Post-Monsoon,2.02008,3.333432,28.03439
MED00308,5,2026-09-28,Post-Monsoon,2.02008,-0.442601,0.642364
MED00309,5,2026-09-28,Post-Monsoon,2.02008,1.112772,3.042782
MED00310,5,2026-09-28,Post-Monsoon,2.02008,1.211164,3.35739
MED00311,5,2026-09-28,Post-Monsoon,2.02008,1.196358,3.308048
MED00312,5,2026-09-28,Post-Monsoon,2.02008,-0.469905,0.625062
MED00313,5,2026-09-28,Post-Monsoon,2.02008,-0.670496,0.511455
MED00314,5,2026-09-28,Post-Monsoon,2.02008,2.515986,12.378808
MED00315,5,2026-09-28,Post-Monsoon,2.02008,2.253982,9.525594
MED00316,5,2026-09-28,Post-Monsoon,2.02008,1.003731,2.728444
MED00317,5,2026-09-28,Post-Monsoon,2.02008,0.80042,2.226476
MED00318,5,2026-09-28,Post-Monsoon,2.02008,0.980222,2.665049
MED00319,5,2026-09-28,Post-Monsoon,2.02008,2.404093,11.068384
MED00320,5,2026-09-28,Post-Monsoon,2.02008,1.935464,6.927258
MED00321,5,2026-09-28,Post-Monsoon,2.02008,-0.442707,0.642296
MED00322,5,2026-09-28,Post-Monsoon,2.02008,-1.794688,0.166179
MED00323,5,2026-09-28,Post-Monsoon,2.02008,0.095461,1.100166
MED00324,5,2026-09-28,Post-Monsoon,2.02008,0.420955,1.523416
MED00325,5,2026-09-28,Post-Monsoon,2.02008,1.888041,6.606416
MED00326,5,2026-09-28,Post-Monsoon,2.02008,2.199067,9.016598
MED00327,5,2026-09-28,Post-Monsoon,2.02008,1.014744,2.758658
MED00328,5,2026-09-28,Post-Monsoon,2.02008,1.379369,3.972394
MED00329,5,2026-09-28,Post-Monsoon,2.02008,2.373755,10.737637
MED00330,5,2026-09-28,Post-Monsoon,2.02008,1.403774,4.070534
MED00331,5,2026-09-28,Post-Monsoon,2.02008,0.641017,1.898411
MED00332,5,2026-09-28,Post-Monsoon,2.02008,1.009135,2.743228
MED00333,5,2026-09-28,Post-Monsoon,2.02008,1.103842,3.01573
MED00334,5,2026-09-28,Post-Monsoon,2.02008,2.370159,10.699095
MED00335,5,2026-09-28,Post-Monsoon,2.02008,1.704055,5.49619
MED00336,5,2026-09-28,Post-Monsoon,2.02008,2.314404,10.118896
MED00337,5,2026-09-28,Post-Monsoon,2.02008,4.167895,64.57939
MED00338,5,2026-09-28,Post-Monsoon,2.02008,2.606609,13.553013
MED00339,5,2026-09-28,Post-Monsoon,2.02008,0.621613,1.861928
MED00340,5,2026-09-28,Post-Monsoon,2.02008,0.490978,1.633913
MED00341,5,2026-09-28,Post-Monsoon,2.02008,1.59787,4.942494
MED00342,5,2026-09-28,Post-Monsoon,2.02008,0.713703,2.041538
MED00343,5,2026-09-28,Post-Monsoon,2.02008,2.308992,10.064271
MED00344,5,2026-09-28,Post-Monsoon,2.02008,1.462489,4.316692
MED00345,5,2026-09-28,Post-Monsoon,2.02008,-1.793635,0.166354
MED00346,5,2026-09-28,Post-Monsoon,2.02008,1.114515,3.048088
MED00347,5,2026-09-28,Post-Monsoon,2.02008,-1.567143,0.20864
MED00348,5,2026-09-28,Post-Monsoon,2.02008,0.607609,1.836036
MED00349,5,2026-09-28,Post-Monsoon,2.02008,0.827115,2.286712
MED00350,5,2026-09-28,Post-Monsoon,2.02008,0.112149,1.11868
MED00351,5,2026-09-28,Post-Monsoon,2.02008,-0.71408,0.489643
MED00352,5,2026-09-28,Post-Monsoon,2.02008,-1.472581,0.229333
MED00353,5,2026-09-28,Post-Monsoon,2.02008,-0.230288,0.794304
MED00354,5,2026-09-28,Post-Monsoon,2.02008,-0.12256,0.884653
MED00355,5,2026-09-28,Post-Monsoon,2.02008,2.257182,9.556126
MED00356,5,2026-09-28,Post-Monsoon,2.02008,0.675562,1.965136
MED00357,5,2026-09-28,Post-Monsoon,2.02008,-1.521466,0.218391
MED00358,5,2026-09-28,Post-Monsoon,2.02008,1.57982,4.85408
MED00359,5,2026-09-28,Post-Monsoon,2.02008,0.76379,2.146396
MED00360,5,2026-09-28,Post-Monsoon,2.02008,1.040343,2.830187
MED00361,5,2026-09-28,Post-Monsoon,2.02008,0.805175,2.237089
MED00362,5,2026-09-28,Post-Monsoon,2.02008,0.900831,2.461649
MED00363,5,2026-09-28,Post-Monsoon,2.02008,0.56732,1.763534
MED00364,5,2026-09-28,Post-Monsoon,2.02008,-1.658407,0.190442
MED00365,5,2026-09-28,Post-Monsoon,2.02008,0.779802,2.181041
MED00366,5,2026-09-28,Post-Monsoon,2.02008,2.250178,9.48943
MED00367,5,2026-09-28,Post-Monsoon,2.02008,0.769037,2.157688
MED00368,5,2026-09-28,Post-Monsoon,2.02008,1.006694,2.736539
MED00369,5,2026-09-28,Post-Monsoon,2.02008,1.302915,3.680008
MED00370,5,2026-09-28,Post-Monsoon,2.02008,-0.912297,0.401601
MED00371,5,2026-09-28,Post-Monsoon,2.02008,2.998961,20.064674
MED00372,5,2026-09-28,Post-Monsoon,2.02008,-1.63547,0.194861
MED00373,5,2026-09-28,Post-Monsoon,2.02008,-0.45449,0.634772
MED00374,5,2026-09-28,Post-Monsoon,2.02008,0.640959,1.8983
MED00375,5,2026-09-28,Post-Monsoon,2.02008,2.792259,16.31784
MED00376,5,2026-09-28,Post-Monsoon,2.02008,0.745893,2.108322
MED00377,5,2026-09-28,Post-Monsoon,2.02008,-0.673642,0.509848
MED00378,5,2026-09-28,Post-Monsoon,2.02008,0.824819,2.281468
MED00379,5,2026-09-28,Post-Monsoon,2.02008,-0.554606,0.574299
MED00380,5,2026-09-28,Post-Monsoon,2.02008,-0.734113,0.479931
MED00381,5,2026-09-28,Post-Monsoon,2.02008,0.353853,1.424546
MED00382,5,2026-09-28,Post-Monsoon,2.02008,0.874236,2.397043
MED00383,5,2026-09-28,Post-Monsoon,2.02008,1.862509,6.439872
MED00384,5,2026-09-28,Post-Monsoon,2.02008,0.715586,2.045385
MED00385,5,2026-09-28,Post-Monsoon,2.02008,2.927486,18.680616
MED00386,5,2026-09-28,Post-Monsoon,2.02008,2.662253,14.328533
MED00387,5,2026-09-28,Post-Monsoon,2.02008,2.946321,19.035788
MED00388,5,2026-09-28,Post-Monsoon,2.02008,4.29752,73.51726
MED00389,5,2026-09-28,Post-Monsoon,2.02008,2.112524,8.269088
MED00390,5,2026-09-28,Post-Monsoon,2.02008,2.858841,17.4413
MED00391,5,2026-09-28,Post-Monsoon,2.02008,2.820104,16.778597
MED00392,5,2026-09-28,Post-Monsoon,2.02008,2.843396,17.173996
MED00393,5,2026-09-28,Post-Monsoon,2.02008,2.589406,13.321856
MED00394,5,2026-09-28,Post-Monsoon,2.02008,2.633892,13.927879
MED00395,5,2026-09-28,Post-Monsoon,2.02008,2.836246,17.051634
MED00396,5,2026-09-28,Post-Monsoon,2.02008,4.011861,55.249584
MED00397,5,2026-09-28,Post-Monsoon,2.02008,3.826083,45.88245
MED00398,5,2026-09-28,Post-Monsoon,2.02008,4.581622,97.67271
MED00399,5,2026-09-28,Post-Monsoon,2.02008,4.450228,85.64641
MED00400,5,2026-09-28,Post-Monsoon,2.02008,4.273598,71.77945
MED00401,5,2026-09-28,Post-Monsoon,2.02008,2.64626,14.101198
MED00402,5,2026-09-28,Post-Monsoon,2.02008,2.935228,18.825806
MED00403,5,2026-09-28,Post-Monsoon,2.02008,2.548335,12.785795
MED00404,5,2026-09-28,Post-Monsoon,2.02008,1.505624,4.506968
MED00405,5,2026-09-28,Post-Monsoon,2.02008,1.980558,7.246785
MED00406,5,2026-09-28,Post-Monsoon,2.02008,3.009143,20.27003
MED00407,5,2026-09-28,Post-Monsoon,2.02008,2.90439,18.254093
MED00408,5,2026-09-28,Post-Monsoon,2.02008,1.856509,6.401349
MED00409,5,2026-09-28,Post-Monsoon,2.02008,2.357849,10.568198
MED00410,5,2026-09-28,Post-Monsoon,2.02008,2.179432,8.841285
MED00411,5,2026-09-28,Post-Monsoon,2.02008,2.884332,17.891619
MED00412,5,2026-09-28,Post-Monsoon,2.02008,2.475346,11.885823
MED00413,5,2026-09-28,Post-Monsoon,2.02008,2.585393,13.268505
MED00414,5,2026-09-28,Post-Monsoon,2.02008,2.888105,17.959244
MED00415,5,2026-09-28,Post-Monsoon,2.02008,2.538462,12.660177
MED00416,5,2026-09-28,Post-Monsoon,2.02008,2.847738,17.248718
MED00417,5,2026-09-28,Post-Monsoon,2.02008,1.987904,7.300216
MED00418,5,2026-09-28,Post-Monsoon,2.02008,1.932524,6.906924
MED00419,5,2026-09-28,Post-Monsoon,2.02008,2.14687,8.558024
MED00420,5,2026-09-28,Post-Monsoon,2.02008,2.941488,18.944016
MED00421,5,2026-09-28,Post-Monsoon,2.02008,3.010542,20.298407
MED00422,5,2026-09-28,Post-Monsoon,2.02008,2.829892,16.943634
MED00423,5,2026-09-28,Post-Monsoon,2.02008,2.490528,12.067654
MED00424,5,2026-09-28,Post-Monsoon,2.02008,4.243506,69.65159
MED00001,6,2026-10-05,Post-Monsoon,2.02008,2.540322,12.683752
MED00002,6,2026-10-05,Post-Monsoon,2.02008,-1.994524,0.136078
MED00003,6,2026-10-05,Post-Monsoon,2.02008,-1.245253,0.287868
MED00004,6,2026-10-05,Post-Monsoon,2.02008,-0.183212,0.832591
MED00005,6,2026-10-05,Post-Monsoon,2.02008,0.789683,2.202698
MED00006,6,2026-10-05,Post-Monsoon,2.02008,0.486211,1.626143
MED00007,6,2026-10-05,Post-Monsoon,2.02008,1.100266,3.004965
MED00008,6,2026-10-05,Post-Monsoon,2.02008,-0.476155,0.621167
MED00009,6,2026-10-05,Post-Monsoon,2.02008,1.210686,3.355785
MED00010,6,2026-10-05,Post-Monsoon,2.02008,1.356631,3.88309
MED00011,6,2026-10-05,Post-Monsoon,2.02008,3.082058,21.803232
MED00012,6,2026-10-05,Post-Monsoon,2.02008,0.709557,2.033091
MED00013,6,2026-10-05,Post-Monsoon,2.02008,1.263421,3.537504
MED00014,6,2026-10-05,Post-Monsoon,2.02008,2.741061,15.503425
MED00015,6,2026-10-05,Post-Monsoon,2.02008,-0.72807,0.48284
MED00016,6,2026-10-05,Post-Monsoon,2.02008,0.74501,2.106462
MED00017,6,2026-10-05,Post-Monsoon,2.02008,0.636876,1.890565
MED00018,6,2026-10-05,Post-Monsoon,2.02008,4.323392,75.44409
MED00019,6,2026-10-05,Post-Monsoon,2.02008,3.81083,45.187946
MED00020,6,2026-10-05,Post-Monsoon,2.02008,2.38725,10.88352
MED00021,6,2026-10-05,Post-Monsoon,2.02008,1.322652,3.753361
MED00022,6,2026-10-05,Post-Monsoon,2.02008,0.861812,2.367447
MED00023,6,2026-10-05,Post-Monsoon,2.02008,0.213192,1.237622
MED00024,6,2026-10-05,Post-Monsoon,2.02008,1.010052,2.745745
MED00025,6,2026-10-05,Post-Monsoon,2.02008,-2.195846,0.111264
MED00026,6,2026-10-05,Post-Monsoon,2.02008,-1.09045,0.336065
MED00027,6,2026-10-05,Post-Monsoon,2.02008,-1.515053,0.219797
MED00028,6,2026-10-05,Post-Monsoon,2.02008,-0.719332,0.487077
MED00029,6,2026-10-05,Post-Monsoon,2.02008,2.465056,11.764143
MED00030,6,2026-10-05,Post-Monsoon,2.02008,1.304838,3.687092
MED00031,6,2026-10-05,Post-Monsoon,2.02008,1.12631,3.084256
MED00032,6,2026-10-05,Post-Monsoon,2.02008,0.849593,2.338696
MED00033,6,2026-10-05,Post-Monsoon,2.02008,0.003827,1.003834
MED00034,6,2026-10-05,Post-Monsoon,2.02008,3.021628,20.52469
MED00035,6,2026-10-05,Post-Monsoon,2.02008,-0.756581,0.469268
MED00036,6,2026-10-05,Post-Monsoon,2.02008,0.486206,1.626134
MED00037,6,2026-10-05,Post-Monsoon,2.02008,1.324262,3.759408
MED00038,6,2026-10-05,Post-Monsoon,2.02008,2.545988,12.755819
MED00039,6,2026-10-05,Post-Monsoon,2.02008,0.029851,1.030301
MED00040,6,2026-10-05,Post-Monsoon,2.02008,-0.639985,0.527301
MED00041,6,2026-10-05,Post-Monsoon,2.02008,-0.514494,0.597803
MED00042,6,2026-10-05,Post-Monsoon,2.02008,1.179252,3.251942
MED00043,6,2026-10-05,Post-Monsoon,2.02008,-0.800283,0.449202
MED00044,6,2026-10-05,Post-Monsoon,2.02008,0.678819,1.971547
MED00045,6,2026-10-05,Post-Monsoon,2.02008,0.540847,1.717461
MED00046,6,2026-10-05,Post-Monsoon,2.02008,0.820355,2.271306
MED00047,6,2026-10-05,Post-Monsoon,2.02008,1.574422,4.82795
MED00048,6,2026-10-05,Post-Monsoon,2.02008,2.545828,12.753779
MED00049,6,2026-10-05,Post-Monsoon,2.02008,-1.800466,0.165222
MED00050,6,2026-10-05,Post-Monsoon,2.02008,0.976659,2.655568
MED00051,6,2026-10-05,Post-Monsoon,2.02008,-1.933703,0.144612
MED00052,6,2026-10-05,Post-Monsoon,2.02008,-0.751245,0.471779
MED00053,6,2026-10-05,Post-Monsoon,2.02008,1.756194,5.790354
MED00054,6,2026-10-05,Post-Monsoon,2.02008,1.753376,5.774061
MED00055,6,2026-10-05,Post-Monsoon,2.02008,-0.081926,0.92134
MED00056,6,2026-10-05,Post-Monsoon,2.02008,-0.431251,0.649696
MED00057,6,2026-10-05,Post-Monsoon,2.02008,-0.823242,0.439006
MED00058,6,2026-10-05,Post-Monsoon,2.02008,0.49639,1.64278
MED00059,6,2026-10-05,Post-Monsoon,2.02008,2.039878,7.68967
MED00060,6,2026-10-05,Post-Monsoon,2.02008,1.749104,5.749448
MED00061,6,2026-10-05,Post-Monsoon,2.02008,-0.482678,0.617128
MED00062,6,2026-10-05,Post-Monsoon,2.02008,2.552601,12.840463
MED00063,6,2026-10-05,Post-Monsoon,2.02008,-2.043096,0.129627
MED00064,6,2026-10-05,Post-Monsoon,2.02008,3.160718,23.58753
MED00065,6,2026-10-05,Post-Monsoon,2.02008,4.159787,64.05789
MED00066,6,2026-10-05,Post-Monsoon,2.02008,-0.850111,0.427367
MED00067,6,2026-10-05,Post-Monsoon,2.02008,0.772532,2.165242
MED00068,6,2026-10-05,Post-Monsoon,2.02008,1.223502,3.39907
MED00069,6,2026-10-05,Post-Monsoon,2.02008,0.564014,1.757715
MED00070,6,2026-10-05,Post-Monsoon,2.02008,2.440236,11.475741
MED00071,6,2026-10-05,Post-Monsoon,2.02008,0.734323,2.08407
MED00072,6,2026-10-05,Post-Monsoon,2.02008,0.757089,2.13206
MED00073,6,2026-10-05,Post-Monsoon,2.02008,1.160301,3.190893
MED00074,6,2026-10-05,Post-Monsoon,2.02008,1.107747,3.02753
MED00075,6,2026-10-05,Post-Monsoon,2.02008,1.101597,3.008966
MED00076,6,2026-10-05,Post-Monsoon,2.02008,-1.448391,0.234948
MED00077,6,2026-10-05,Post-Monsoon,2.02008,1.364076,3.912108
MED00078,6,2026-10-05,Post-Monsoon,2.02008,1.058396,2.881746
MED00079,6,2026-10-05,Post-Monsoon,2.02008,3.075072,21.651447
MED00080,6,2026-10-05,Post-Monsoon,2.02008,1.2007,3.322443
MED00081,6,2026-10-05,Post-Monsoon,2.02008,-0.982669,0.374311
MED00082,6,2026-10-05,Post-Monsoon,2.02008,1.034769,2.814457
MED00083,6,2026-10-05,Post-Monsoon,2.02008,1.15809,3.183847
MED00084,6,2026-10-05,Post-Monsoon,2.02008,3.776013,43.6417
MED00085,6,2026-10-05,Post-Monsoon,2.02008,0.729718,2.074495
MED00086,6,2026-10-05,Post-Monsoon,2.02008,-1.070147,0.342958
MED00087,6,2026-10-05,Post-Monsoon,2.02008,0.576948,1.780596
MED00088,6,2026-10-05,Post-Monsoon,2.02008,3.392007,29.72554
MED00089,6,2026-10-05,Post-Monsoon,2.02008,2.837265,17.069014
MED00090,6,2026-10-05,Post-Monsoon,2.02008,0.935455,2.548372
MED00091,6,2026-10-05,Post-Monsoon,2.02008,0.736056,2.087686
MED00092,6,2026-10-05,Post-Monsoon,2.02008,0.510571,1.666242
MED00093,6,2026-10-05,Post-Monsoon,2.02008,-1.316522,0.268066
MED00094,6,2026-10-05,Post-Monsoon,2.02008,-0.577592,0.561248
MED00095,6,2026-10-05,Post-Monsoon,2.02008,1.074171,2.927564
MED00096,6,2026-10-05,Post-Monsoon,2.02008,2.634156,13.931546
MED00097,6,2026-10-05,Post-Monsoon,2.02008,-0.859061,0.42356
MED00098,6,2026-10-05,Post-Monsoon,2.02008,2.081831,8.019136
MED00099,6,2026-10-05,Post-Monsoon,2.02008,-1.449712,0.234638
MED00100,6,2026-10-05,Post-Monsoon,2.02008,-1.853548,0.15668
MED00101,6,2026-10-05,Post-Monsoon,2.02008,1.387087,4.003173
MED00102,6,2026-10-05,Post-Monsoon,2.02008,1.509816,4.525896
MED00103,6,2026-10-05,Post-Monsoon,2.02008,1.003277,2.727203
MED00104,6,2026-10-05,Post-Monsoon,2.02008,1.976271,7.215786
MED00105,6,2026-10-05,Post-Monsoon,2.02008,2.416661,11.208375
MED00106,6,2026-10-05,Post-Monsoon,2.02008,-2.010226,0.133958
MED00107,6,2026-10-05,Post-Monsoon,2.02008,2.044594,7.726025
MED00108,6,2026-10-05,Post-Monsoon,2.02008,1.037559,2.822319
MED00109,6,2026-10-05,Post-Monsoon,2.02008,-0.907564,0.403506
MED00110,6,2026-10-05,Post-Monsoon,2.02008,-0.802406,0.448249
MED00111,6,2026-10-05,Post-Monsoon,2.02008,-0.403902,0.66771
MED00112,6,2026-10-05,Post-Monsoon,2.02008,1.024132,2.784678
MED00113,6,2026-10-05,Post-Monsoon,2.02008,0.657568,1.930092
MED00114,6,2026-10-05,Post-Monsoon,2.02008,2.614839,13.66502
MED00115,6,2026-10-05,Post-Monsoon,2.02008,0.71299,2.040083
MED00116,6,2026-10-05,Post-Monsoon,2.02008,2.030215,7.615722
MED00117,6,2026-10-05,Post-Monsoon,2.02008,0.602867,1.827351
MED00118,6,2026-10-05,Post-Monsoon,2.02008,0.518328,1.679218
MED00119,6,2026-10-05,Post-Monsoon,2.02008,0.66331,1.941207
MED00120,6,2026-10-05,Post-Monsoon,2.02008,2.512187,12.33187
MED00121,6,2026-10-05,Post-Monsoon,2.02008,1.168476,3.217085
MED00122,6,2026-10-05,Post-Monsoon,2.02008,0.833509,2.301381
MED00123,6,2026-10-05,Post-Monsoon,2.02008,-0.132893,0.875559
MED00124,6,2026-10-05,Post-Monsoon,2.02008,2.025329,7.578604
MED00125,6,2026-10-05,Post-Monsoon,2.02008,-1.338176,0.262324
MED00126,6,2026-10-05,Post-Monsoon,2.02008,-0.22731,0.796674
MED00127,6,2026-10-05,Post-Monsoon,2.02008,0.734859,2.085188
MED00128,6,2026-10-05,Post-Monsoon,2.02008,0.74606,2.108675
MED00129,6,2026-10-05,Post-Monsoon,2.02008,0.594716,1.812516
MED00130,6,2026-10-05,Post-Monsoon,2.02008,-1.773427,0.16975
MED00131,6,2026-10-05,Post-Monsoon,2.02008,0.763349,2.14545
MED00132,6,2026-10-05,Post-Monsoon,2.02008,-0.516961,0.59633
MED00133,6,2026-10-05,Post-Monsoon,2.02008,-0.426885,0.652539
MED00134,6,2026-10-05,Post-Monsoon,2.02008,-0.700582,0.496296
MED00135,6,2026-10-05,Post-Monsoon,2.02008,2.674556,14.505901
MED00136,6,2026-10-05,Post-Monsoon,2.02008,0.502581,1.652982
MED00137,6,2026-10-05,Post-Monsoon,2.02008,0.808726,2.245045
MED00138,6,2026-10-05,Post-Monsoon,2.02008,0.726924,2.068708
MED00139,6,2026-10-05,Post-Monsoon,2.02008,1.05913,2.883862
MED00140,6,2026-10-05,Post-Monsoon,2.02008,0.606586,1.83416
MED00141,6,2026-10-05,Post-Monsoon,2.02008,1.460435,4.307834
MED00142,6,2026-10-05,Post-Monsoon,2.02008,-0.908944,0.40295
MED00143,6,2026-10-05,Post-Monsoon,2.02008,0.621857,1.862384
MED00144,6,2026-10-05,Post-Monsoon,2.02008,1.71951,5.581794
MED00145,6,2026-10-05,Post-Monsoon,2.02008,-0.49546,0.60929
MED00146,6,2026-10-05,Post-Monsoon,2.02008,0.649019,1.913662
MED00147,6,2026-10-05,Post-Monsoon,2.02008,0.677768,1.969477
MED00148,6,2026-10-05,Post-Monsoon,2.02008,1.766755,5.851832
MED00149,6,2026-10-05,Post-Monsoon,2.02008,1.286855,3.62138
MED00150,6,2026-10-05,Post-Monsoon,2.02008,0.47598,1.609591
MED00151,6,2026-10-05,Post-Monsoon,2.02008,0.752009,2.121258
MED00152,6,2026-10-05,Post-Monsoon,2.02008,0.773009,2.166274
MED00153,6,2026-10-05,Post-Monsoon,2.02008,0.777552,2.176138
MED00154,6,2026-10-05,Post-Monsoon,2.02008,2.725047,15.257133
MED00155,6,2026-10-05,Post-Monsoon,2.02008,0.69839,2.010514
MED00156,6,2026-10-05,Post-Monsoon,2.02008,0.879669,2.410102
MED00157,6,2026-10-05,Post-Monsoon,2.02008,1.455694,4.287458
MED00158,6,2026-10-05,Post-Monsoon,2.02008,-1.347451,0.259902
MED00159,6,2026-10-05,Post-Monsoon,2.02008,2.408366,11.115783
MED00160,6,2026-10-05,Post-Monsoon,2.02008,1.238818,3.451532
MED00161,6,2026-10-05,Post-Monsoon,2.02008,1.761331,5.820176
MED00162,6,2026-10-05,Post-Monsoon,2.02008,0.750881,2.118866
MED00163,6,2026-10-05,Post-Monsoon,2.02008,-1.060061,0.346435
MED00164,6,2026-10-05,Post-Monsoon,2.02008,0.65869,1.93226
MED00165,6,2026-10-05,Post-Monsoon,2.02008,2.288124,9.856426
MED00166,6,2026-10-05,Post-Monsoon,2.02008,0.734332,2.084089
MED00167,6,2026-10-05,Post-Monsoon,2.02008,0.612981,1.845927
MED00168,6,2026-10-05,Post-Monsoon,2.02008,0.642047,1.900366
MED00169,6,2026-10-05,Post-Monsoon,2.02008,0.594072,1.81135
MED00170,6,2026-10-05,Post-Monsoon,2.02008,0.587456,1.799404
MED00171,6,2026-10-05,Post-Monsoon,2.02008,0.787353,2.197573
MED00172,6,2026-10-05,Post-Monsoon,2.02008,0.632745,1.882771
MED00173,6,2026-10-05,Post-Monsoon,2.02008,0.804212,2.234934
MED00174,6,2026-10-05,Post-Monsoon,2.02008,1.814715,6.139328
MED00175,6,2026-10-05,Post-Monsoon,2.02008,0.084012,1.087642
MED00176,6,2026-10-05,Post-Monsoon,2.02008,2.655221,14.228127
MED00177,6,2026-10-05,Post-Monsoon,2.02008,-1.331196,0.264161
MED00178,6,2026-10-05,Post-Monsoon,2.02008,0.750458,2.117969
MED00179,6,2026-10-05,Post-Monsoon,2.02008,-0.62253,0.536585
MED00180,6,2026-10-05,Post-Monsoon,2.02008,0.662821,1.940259
MED00181,6,2026-10-05,Post-Monsoon,2.02008,1.104367,3.017314
MED00182,6,2026-10-05,Post-Monsoon,2.02008,-1.301306,0.272176
MED00183,6,2026-10-05,Post-Monsoon,2.02008,2.959245,19.283401
MED00184,6,2026-10-05,Post-Monsoon,2.02008,2.104285,8.201236
MED00185,6,2026-10-05,Post-Monsoon,2.02008,0.642098,1.900464
MED00186,6,2026-10-05,Post-Monsoon,2.02008,0.635411,1.887798
MED00187,6,2026-10-05,Post-Monsoon,2.02008,0.969044,2.635423
MED00188,6,2026-10-05,Post-Monsoon,2.02008,1.116802,3.055069
MED00189,6,2026-10-05,Post-Monsoon,2.02008,-1.59836,0.202228
MED00190,6,2026-10-05,Post-Monsoon,2.02008,0.757886,2.13376
MED00191,6,2026-10-05,Post-Monsoon,2.02008,2.454174,11.636821
MED00192,6,2026-10-05,Post-Monsoon,2.02008,-1.682097,0.185984
MED00193,6,2026-10-05,Post-Monsoon,2.02008,-2.079542,0.124987
MED00194,6,2026-10-05,Post-Monsoon,2.02008,2.079543,8.000814
MED00195,6,2026-10-05,Post-Monsoon,2.02008,1.906696,6.730812
MED00196,6,2026-10-05,Post-Monsoon,2.02008,2.043034,7.713982
MED00197,6,2026-10-05,Post-Monsoon,2.02008,2.002729,7.409248
MED00198,6,2026-10-05,Post-Monsoon,2.02008,0.567028,1.763019
MED00199,6,2026-10-05,Post-Monsoon,2.02008,0.406883,1.502128
MED00200,6,2026-10-05,Post-Monsoon,2.02008,0.617711,1.854677
MED00201,6,2026-10-05,Post-Monsoon,2.02008,2.140384,8.502702
MED00202,6,2026-10-05,Post-Monsoon,2.02008,0.579186,1.784585
MED00203,6,2026-10-05,Post-Monsoon,2.02008,0.773164,2.16661
MED00204,6,2026-10-05,Post-Monsoon,2.02008,0.714036,2.042218
MED00205,6,2026-10-05,Post-Monsoon,2.02008,2.449706,11.584944
MED00206,6,2026-10-05,Post-Monsoon,2.02008,0.180906,1.198303
MED00207,6,2026-10-05,Post-Monsoon,2.02008,0.671132,1.956452
MED00208,6,2026-10-05,Post-Monsoon,2.02008,2.419446,11.239628
MED00209,6,2026-10-05,Post-Monsoon,2.02008,1.057982,2.880553
MED00210,6,2026-10-05,Post-Monsoon,2.02008,0.187256,1.205935
MED00211,6,2026-10-05,Post-Monsoon,2.02008,0.790361,2.204192
MED00212,6,2026-10-05,Post-Monsoon,2.02008,0.763197,2.145123
MED00213,6,2026-10-05,Post-Monsoon,2.02008,0.273942,1.315138
MED00214,6,2026-10-05,Post-Monsoon,2.02008,2.304202,10.016178
MED00215,6,2026-10-05,Post-Monsoon,2.02008,0.822894,2.27708
MED00216,6,2026-10-05,Post-Monsoon,2.02008,-2.334599,0.096849
MED00217,6,2026-10-05,Post-Monsoon,2.02008,-1.447674,0.235116
MED00218,6,2026-10-05,Post-Monsoon,2.02008,1.394385,4.032494
MED00219,6,2026-10-05,Post-Monsoon,2.02008,2.701366,14.90007
MED00220,6,2026-10-05,Post-Monsoon,2.02008,0.743792,2.103899
MED00221,6,2026-10-05,Post-Monsoon,2.02008,1.120279,3.065709
MED00222,6,2026-10-05,Post-Monsoon,2.02008,-0.8002,0.449239
MED00223,6,2026-10-05,Post-Monsoon,2.02008,2.33604,10.340203
MED00224,6,2026-10-05,Post-Monsoon,2.02008,0.573927,1.775224
MED00225,6,2026-10-05,Post-Monsoon,2.02008,1.354501,3.874828
MED00226,6,2026-10-05,Post-Monsoon,2.02008,0.831002,2.295618
MED00227,6,2026-10-05,Post-Monsoon,2.02008,2.714742,15.100717
MED00228,6,2026-10-05,Post-Monsoon,2.02008,0.599073,1.82043
MED00229,6,2026-10-05,Post-Monsoon,2.02008,-0.673084,0.510133
MED00230,6,2026-10-05,Post-Monsoon,2.02008,2.566988,13.026526
MED00231,6,2026-10-05,Post-Monsoon,2.02008,0.491224,1.634315
MED00232,6,2026-10-05,Post-Monsoon,2.02008,1.02381,2.783782
MED00233,6,2026-10-05,Post-Monsoon,2.02008,-0.440588,0.643658
MED00234,6,2026-10-05,Post-Monsoon,2.02008,0.619492,1.857983
MED00235,6,2026-10-05,Post-Monsoon,2.02008,4.221648,68.14571
MED00236,6,2026-10-05,Post-Monsoon,2.02008,0.766978,2.15325
MED00237,6,2026-10-05,Post-Monsoon,2.02008,1.374588,3.953448
MED00238,6,2026-10-05,Post-Monsoon,2.02008,0.662358,1.93936
MED00239,6,2026-10-05,Post-Monsoon,2.02008,1.225598,3.406201
MED00240,6,2026-10-05,Post-Monsoon,2.02008,1.377135,3.96353
MED00241,6,2026-10-05,Post-Monsoon,2.02008,0.900587,2.461047
MED00242,6,2026-10-05,Post-Monsoon,2.02008,2.298161,9.955854
MED00243,6,2026-10-05,Post-Monsoon,2.02008,-1.804256,0.164597
MED00244,6,2026-10-05,Post-Monsoon,2.02008,0.730501,2.076121
MED00245,6,2026-10-05,Post-Monsoon,2.02008,4.283556,72.49782
MED00246,6,2026-10-05,Post-Monsoon,2.02008,1.58642,4.886222
MED00247,6,2026-10-05,Post-Monsoon,2.02008,2.44902,11.576995
MED00248,6,2026-10-05,Post-Monsoon,2.02008,0.767843,2.155112
MED00249,6,2026-10-05,Post-Monsoon,2.02008,3.10958,22.411642
MED00250,6,2026-10-05,Post-Monsoon,2.02008,2.375896,10.760651
MED00251,6,2026-10-05,Post-Monsoon,2.02008,0.611993,1.844103
MED00252,6,2026-10-05,Post-Monsoon,2.02008,-0.985378,0.373298
MED00253,6,2026-10-05,Post-Monsoon,2.02008,1.265286,3.544108
MED00254,6,2026-10-05,Post-Monsoon,2.02008,-1.063329,0.345304
MED00255,6,2026-10-05,Post-Monsoon,2.02008,1.556091,4.740257
MED00256,6,2026-10-05,Post-Monsoon,2.02008,0.783263,2.188601
MED00257,6,2026-10-05,Post-Monsoon,2.02008,1.443814,4.236825
MED00258,6,2026-10-05,Post-Monsoon,2.02008,0.768788,2.157151
MED00259,6,2026-10-05,Post-Monsoon,2.02008,0.788429,2.199937
MED00260,6,2026-10-05,Post-Monsoon,2.02008,-0.728706,0.482533
MED00261,6,2026-10-05,Post-Monsoon,2.02008,-0.30089,0.740159
MED00262,6,2026-10-05,Post-Monsoon,2.02008,1.176688,3.243612
MED00263,6,2026-10-05,Post-Monsoon,2.02008,1.103199,3.013792
MED00264,6,2026-10-05,Post-Monsoon,2.02008,-0.999429,0.36809
MED00265,6,2026-10-05,Post-Monsoon,2.02008,1.755401,5.785768
MED00266,6,2026-10-05,Post-Monsoon,2.02008,2.718883,15.163372
MED00267,6,2026-10-05,Post-Monsoon,2.02008,1.449392,4.260522
MED00268,6,2026-10-05,Post-Monsoon,2.02008,0.748339,2.113487
MED00269,6,2026-10-05,Post-Monsoon,2.02008,0.779301,2.179948
MED00270,6,2026-10-05,Post-Monsoon,2.02008,0.830285,2.293971
MED00271,6,2026-10-05,Post-Monsoon,2.02008,0.535263,1.707897
MED00272,6,2026-10-05,Post-Monsoon,2.02008,1.349259,3.85457
MED00273,6,2026-10-05,Post-Monsoon,2.02008,1.155093,3.174319
MED00274,6,2026-10-05,Post-Monsoon,2.02008,-0.279237,0.756361
MED00275,6,2026-10-05,Post-Monsoon,2.02008,2.427809,11.33402
MED00276,6,2026-10-05,Post-Monsoon,2.02008,0.639736,1.895981
MED00277,6,2026-10-05,Post-Monsoon,2.02008,-1.618332,0.198229
MED00278,6,2026-10-05,Post-Monsoon,2.02008,2.039628,7.687749
MED00279,6,2026-10-05,Post-Monsoon,2.02008,2.975834,19.605967
MED00280,6,2026-10-05,Post-Monsoon,2.02008,-1.473989,0.22901
MED00281,6,2026-10-05,Post-Monsoon,2.02008,2.605786,13.541862
MED00282,6,2026-10-05,Post-Monsoon,2.02008,1.226599,3.409615
MED00283,6,2026-10-05,Post-Monsoon,2.02008,0.860002,2.363164
MED00284,6,2026-10-05,Post-Monsoon,2.02008,0.364808,1.440238
MED00285,6,2026-10-05,Post-Monsoon,2.02008,1.56734,4.793877
MED00286,6,2026-10-05,Post-Monsoon,2.02008,1.3657,3.918465
MED00287,6,2026-10-05,Post-Monsoon,2.02008,1.193993,3.300234
MED00288,6,2026-10-05,Post-Monsoon,2.02008,3.686912,39.921383
MED00289,6,2026-10-05,Post-Monsoon,2.02008,1.387223,4.003717
MED00290,6,2026-10-05,Post-Monsoon,2.02008,0.622583,1.863735
MED00291,6,2026-10-05,Post-Monsoon,2.02008,2.401088,11.035173
MED00292,6,2026-10-05,Post-Monsoon,2.02008,0.650551,1.916597
MED00293,6,2026-10-05,Post-Monsoon,2.02008,1.376742,3.961972
MED00294,6,2026-10-05,Post-Monsoon,2.02008,0.289495,1.335753
MED00295,6,2026-10-05,Post-Monsoon,2.02008,-1.298639,0.272903
MED00296,6,2026-10-05,Post-Monsoon,2.02008,1.374634,3.95363
MED00297,6,2026-10-05,Post-Monsoon,2.02008,1.743157,5.715358
MED00298,6,2026-10-05,Post-Monsoon,2.02008,0.783083,2.188208
MED00299,6,2026-10-05,Post-Monsoon,2.02008,-0.896885,0.407838
MED00300,6,2026-10-05,Post-Monsoon,2.02008,0.638343,1.893341
MED00301,6,2026-10-05,Post-Monsoon,2.02008,1.554747,4.733888
MED00302,6,2026-10-05,Post-Monsoon,2.02008,2.198328,9.009936
MED00303,6,2026-10-05,Post-Monsoon,2.02008,1.001044,2.72112
MED00304,6,2026-10-05,Post-Monsoon,2.02008,1.32293,3.754408
MED00305,6,2026-10-05,Post-Monsoon,2.02008,0.615687,1.850928
MED00306,6,2026-10-05,Post-Monsoon,2.02008,-0.909144,0.402869
MED00307,6,2026-10-05,Post-Monsoon,2.02008,3.329414,27.921972
MED00308,6,2026-10-05,Post-Monsoon,2.02008,-0.436207,0.646484
MED00309,6,2026-10-05,Post-Monsoon,2.02008,1.120471,3.066297
MED00310,6,2026-10-05,Post-Monsoon,2.02008,1.222168,3.394539
MED00311,6,2026-10-05,Post-Monsoon,2.02008,1.196425,3.308267
MED00312,6,2026-10-05,Post-Monsoon,2.02008,-0.491139,0.611929
MED00313,6,2026-10-05,Post-Monsoon,2.02008,-0.664103,0.514735
MED00314,6,2026-10-05,Post-Monsoon,2.02008,2.450906,11.598848
MED00315,6,2026-10-05,Post-Monsoon,2.02008,2.253352,9.519591
MED00316,6,2026-10-05,Post-Monsoon,2.02008,1.003731,2.728444
MED00317,6,2026-10-05,Post-Monsoon,2.02008,0.784939,2.192274
MED00318,6,2026-10-05,Post-Monsoon,2.02008,0.943576,2.569154
MED00319,6,2026-10-05,Post-Monsoon,2.02008,2.403462,11.061409
MED00320,6,2026-10-05,Post-Monsoon,2.02008,1.895781,6.657746
MED00321,6,2026-10-05,Post-Monsoon,2.02008,-0.442707,0.642296
MED00322,6,2026-10-05,Post-Monsoon,2.02008,-1.794621,0.16619
MED00323,6,2026-10-05,Post-Monsoon,2.02008,0.109246,1.115437
MED00324,6,2026-10-05,Post-Monsoon,2.02008,0.435184,1.545247
MED00325,6,2026-10-05,Post-Monsoon,2.02008,1.877638,6.538041
MED00326,6,2026-10-05,Post-Monsoon,2.02008,2.198437,9.010916
MED00327,6,2026-10-05,Post-Monsoon,2.02008,1.014744,2.758658
MED00328,6,2026-10-05,Post-Monsoon,2.02008,1.378738,3.96989
MED00329,6,2026-10-05,Post-Monsoon,2.02008,2.373124,10.730869
MED00330,6,2026-10-05,Post-Monsoon,2.02008,1.4008,4.058447
MED00331,6,2026-10-05,Post-Monsoon,2.02008,0.641017,1.898411
MED00332,6,2026-10-05,Post-Monsoon,2.02008,1.009135,2.743228
MED00333,6,2026-10-05,Post-Monsoon,2.02008,1.103842,3.01573
MED00334,6,2026-10-05,Post-Monsoon,2.02008,2.347252,10.456791
MED00335,6,2026-10-05,Post-Monsoon,2.02008,1.700725,5.477916
MED00336,6,2026-10-05,Post-Monsoon,2.02008,2.255485,9.539917
MED00337,6,2026-10-05,Post-Monsoon,2.02008,4.167895,64.57939
MED00338,6,2026-10-05,Post-Monsoon,2.02008,2.436611,11.434226
MED00339,6,2026-10-05,Post-Monsoon,2.02008,0.614723,1.849145
MED00340,6,2026-10-05,Post-Monsoon,2.02008,0.512256,1.669052
MED00341,6,2026-10-05,Post-Monsoon,2.02008,1.586704,4.887615
MED00342,6,2026-10-05,Post-Monsoon,2.02008,0.706814,2.027521
MED00343,6,2026-10-05,Post-Monsoon,2.02008,2.308381,10.058128
MED00344,6,2026-10-05,Post-Monsoon,2.02008,1.447499,4.252464
MED00345,6,2026-10-05,Post-Monsoon,2.02008,-1.793568,0.166365
MED00346,6,2026-10-05,Post-Monsoon,2.02008,1.106568,3.023961
MED00347,6,2026-10-05,Post-Monsoon,2.02008,-1.73067,0.177166
MED00348,6,2026-10-05,Post-Monsoon,2.02008,0.590373,1.804661
MED00349,6,2026-10-05,Post-Monsoon,2.02008,0.827115,2.286712
MED00350,6,2026-10-05,Post-Monsoon,2.02008,0.112149,1.11868
MED00351,6,2026-10-05,Post-Monsoon,2.02008,-0.679374,0.506934
MED00352,6,2026-10-05,Post-Monsoon,2.02008,-1.452704,0.233937
MED00353,6,2026-10-05,Post-Monsoon,2.02008,-0.197569,0.820724
MED00354,6,2026-10-05,Post-Monsoon,2.02008,-0.105102,0.900232
MED00355,6,2026-10-05,Post-Monsoon,2.02008,2.259481,9.578115
MED00356,6,2026-10-05,Post-Monsoon,2.02008,0.675562,1.965136
MED00357,6,2026-10-05,Post-Monsoon,2.02008,-1.521466,0.218391
MED00358,6,2026-10-05,Post-Monsoon,2.02008,1.585532,4.881888
MED00359,6,2026-10-05,Post-Monsoon,2.02008,0.74831,2.113424
MED00360,6,2026-10-05,Post-Monsoon,2.02008,1.040343,2.830187
MED00361,6,2026-10-05,Post-Monsoon,2.02008,0.805175,2.237089
MED00362,6,2026-10-05,Post-Monsoon,2.02008,0.900831,2.461649
MED00363,6,2026-10-05,Post-Monsoon,2.02008,0.56732,1.763534
MED00364,6,2026-10-05,Post-Monsoon,2.02008,-1.821934,0.161713
MED00365,6,2026-10-05,Post-Monsoon,2.02008,0.779802,2.181041
MED00366,6,2026-10-05,Post-Monsoon,2.02008,2.249548,9.48345
MED00367,6,2026-10-05,Post-Monsoon,2.02008,0.753556,2.124542
MED00368,6,2026-10-05,Post-Monsoon,2.02008,1.006694,2.736539
MED00369,6,2026-10-05,Post-Monsoon,2.02008,1.266269,3.547591
MED00370,6,2026-10-05,Post-Monsoon,2.02008,-0.889871,0.410709
MED00371,6,2026-10-05,Post-Monsoon,2.02008,2.840756,17.128714
MED00372,6,2026-10-05,Post-Monsoon,2.02008,-1.635404,0.194874
MED00373,6,2026-10-05,Post-Monsoon,2.02008,-0.435355,0.647035
MED00374,6,2026-10-05,Post-Monsoon,2.02008,0.648794,1.913232
MED00375,6,2026-10-05,Post-Monsoon,2.02008,2.785609,16.209686
MED00376,6,2026-10-05,Post-Monsoon,2.02008,0.739003,2.093848
MED00377,6,2026-10-05,Post-Monsoon,2.02008,-0.667527,0.512976
MED00378,6,2026-10-05,Post-Monsoon,2.02008,0.770881,2.16167
MED00379,6,2026-10-05,Post-Monsoon,2.02008,-0.554606,0.574299
MED00380,6,2026-10-05,Post-Monsoon,2.02008,-0.707842,0.492706
MED00381,6,2026-10-05,Post-Monsoon,2.02008,0.353853,1.424546
MED00382,6,2026-10-05,Post-Monsoon,2.02008,0.858755,2.36022
MED00383,6,2026-10-05,Post-Monsoon,2.02008,1.851343,6.368366
MED00384,6,2026-10-05,Post-Monsoon,2.02008,0.715586,2.045385
MED00385,6,2026-10-05,Post-Monsoon,2.02008,2.926876,18.669214
MED00386,6,2026-10-05,Post-Monsoon,2.02008,2.661642,14.319787
MED00387,6,2026-10-05,Post-Monsoon,2.02008,2.94571,19.024168
MED00388,6,2026-10-05,Post-Monsoon,2.02008,4.17383,64.96382
MED00389,6,2026-10-05,Post-Monsoon,2.02008,2.111894,8.263877
MED00390,6,2026-10-05,Post-Monsoon,2.02008,2.872007,17.672459
MED00391,6,2026-10-05,Post-Monsoon,2.02008,2.819494,16.768356
MED00392,6,2026-10-05,Post-Monsoon,2.02008,2.842786,17.163513
MED00393,6,2026-10-05,Post-Monsoon,2.02008,2.516965,12.390929
MED00394,6,2026-10-05,Post-Monsoon,2.02008,2.633282,13.919377
MED00395,6,2026-10-05,Post-Monsoon,2.02008,2.835636,17.041225
MED00396,6,2026-10-05,Post-Monsoon,2.02008,4.035791,56.587654
MED00397,6,2026-10-05,Post-Monsoon,2.02008,3.826083,45.88245
MED00398,6,2026-10-05,Post-Monsoon,2.02008,4.58171,97.681274
MED00399,6,2026-10-05,Post-Monsoon,2.02008,4.450314,85.65384
MED00400,6,2026-10-05,Post-Monsoon,2.02008,4.273598,71.77945
MED00401,6,2026-10-05,Post-Monsoon,2.02008,2.645649,14.092591
MED00402,6,2026-10-05,Post-Monsoon,2.02008,2.933405,18.7915
MED00403,6,2026-10-05,Post-Monsoon,2.02008,2.445872,11.540604
MED00404,6,2026-10-05,Post-Monsoon,2.02008,1.495221,4.460322
MED00405,6,2026-10-05,Post-Monsoon,2.02008,1.979927,7.242218
MED00406,6,2026-10-05,Post-Monsoon,2.02008,3.02231,20.538677
MED00407,6,2026-10-05,Post-Monsoon,2.02008,2.889419,17.982855
MED00408,6,2026-10-05,Post-Monsoon,2.02008,1.827617,6.219051
MED00409,6,2026-10-05,Post-Monsoon,2.02008,2.382994,10.837296
MED00410,6,2026-10-05,Post-Monsoon,2.02008,2.164987,8.714492
MED00411,6,2026-10-05,Post-Monsoon,2.02008,2.884352,17.891973
MED00412,6,2026-10-05,Post-Monsoon,2.02008,2.474736,11.878568
MED00413,6,2026-10-05,Post-Monsoon,2.02008,2.57759,13.165368
MED00414,6,2026-10-05,Post-Monsoon,2.02008,2.887494,17.94828
MED00415,6,2026-10-05,Post-Monsoon,2.02008,2.537851,12.65245
MED00416,6,2026-10-05,Post-Monsoon,2.02008,2.878932,17.795254
MED00417,6,2026-10-05,Post-Monsoon,2.02008,1.979782,7.241165
MED00418,6,2026-10-05,Post-Monsoon,2.02008,1.917496,6.8039
MED00419,6,2026-10-05,Post-Monsoon,2.02008,2.146239,8.552631
MED00420,6,2026-10-05,Post-Monsoon,2.02008,2.941508,18.94439
MED00421,6,2026-10-05,Post-Monsoon,2.02008,3.008718,20.261417
MED00422,6,2026-10-05,Post-Monsoon,2.02008,2.842428,17.157377
MED00423,6,2026-10-05,Post-Monsoon,2.02008,2.489918,12.060287
MED00424,6,2026-10-05,Post-Monsoon,2.02008,4.105847,60.694122
MED00001,7,2026-10-12,Post-Monsoon,2.02008,2.524678,12.486868
MED00002,7,2026-10-12,Post-Monsoon,2.02008,-2.023278,0.132221
MED00003,7,2026-10-12,Post-Monsoon,2.02008,-1.274007,0.279709
MED00004,7,2026-10-12,Post-Monsoon,2.02008,-0.183212,0.832591
MED00005,7,2026-10-12,Post-Monsoon,2.02008,0.789683,2.202698
MED00006,7,2026-10-12,Post-Monsoon,2.02008,0.491762,1.635195
MED00007,7,2026-10-12,Post-Monsoon,2.02008,1.102512,3.011723
MED00008,7,2026-10-12,Post-Monsoon,2.02008,-0.476155,0.621167
MED00009,7,2026-10-12,Post-Monsoon,2.02008,1.197489,3.31179
MED00010,7,2026-10-12,Post-Monsoon,2.02008,1.356631,3.88309
MED00011,7,2026-10-12,Post-Monsoon,2.02008,3.001722,20.120161
MED00012,7,2026-10-12,Post-Monsoon,2.02008,0.709557,2.033091
MED00013,7,2026-10-12,Post-Monsoon,2.02008,1.268708,3.556256
MED00014,7,2026-10-12,Post-Monsoon,2.02008,2.714746,15.100778
MED00015,7,2026-10-12,Post-Monsoon,2.02008,-0.72807,0.48284
MED00016,7,2026-10-12,Post-Monsoon,2.02008,0.749847,2.116677
MED00017,7,2026-10-12,Post-Monsoon,2.02008,0.636876,1.890565
MED00018,7,2026-10-12,Post-Monsoon,2.02008,4.386707,80.37529
MED00019,7,2026-10-12,Post-Monsoon,2.02008,3.848394,46.917625
MED00020,7,2026-10-12,Post-Monsoon,2.02008,2.342892,10.411304
MED00021,7,2026-10-12,Post-Monsoon,2.02008,1.323101,3.755048
MED00022,7,2026-10-12,Post-Monsoon,2.02008,0.861812,2.367447
MED00023,7,2026-10-12,Post-Monsoon,2.02008,0.215438,1.240406
MED00024,7,2026-10-12,Post-Monsoon,2.02008,1.010052,2.745745
MED00025,7,2026-10-12,Post-Monsoon,2.02008,-2.215608,0.109087
MED00026,7,2026-10-12,Post-Monsoon,2.02008,-1.103147,0.331825
MED00027,7,2026-10-12,Post-Monsoon,2.02008,-1.527751,0.217023
MED00028,7,2026-10-12,Post-Monsoon,2.02008,-0.719332,0.487077
MED00029,7,2026-10-12,Post-Monsoon,2.02008,2.440192,11.475238
MED00030,7,2026-10-12,Post-Monsoon,2.02008,1.29152,3.638314
MED00031,7,2026-10-12,Post-Monsoon,2.02008,1.12631,3.084256
MED00032,7,2026-10-12,Post-Monsoon,2.02008,0.849593,2.338696
MED00033,7,2026-10-12,Post-Monsoon,2.02008,0.003827,1.003834
MED00034,7,2026-10-12,Post-Monsoon,2.02008,2.981686,19.721027
MED00035,7,2026-10-12,Post-Monsoon,2.02008,-0.834251,0.4342
MED00036,7,2026-10-12,Post-Monsoon,2.02008,0.486206,1.626134
MED00037,7,2026-10-12,Post-Monsoon,2.02008,1.324523,3.76039
MED00038,7,2026-10-12,Post-Monsoon,2.02008,2.539728,12.676219
MED00039,7,2026-10-12,Post-Monsoon,2.02008,0.017298,1.017448
MED00040,7,2026-10-12,Post-Monsoon,2.02008,-0.639985,0.527301
MED00041,7,2026-10-12,Post-Monsoon,2.02008,-0.541992,0.581589
MED00042,7,2026-10-12,Post-Monsoon,2.02008,1.181499,3.259256
MED00043,7,2026-10-12,Post-Monsoon,2.02008,-0.800283,0.449202
MED00044,7,2026-10-12,Post-Monsoon,2.02008,0.669783,1.953813
MED00045,7,2026-10-12,Post-Monsoon,2.02008,0.540847,1.717461
MED00046,7,2026-10-12,Post-Monsoon,2.02008,0.820355,2.271306
MED00047,7,2026-10-12,Post-Monsoon,2.02008,1.579709,4.853543
MED00048,7,2026-10-12,Post-Monsoon,2.02008,2.544962,12.742737
MED00049,7,2026-10-12,Post-Monsoon,2.02008,-1.829221,0.160539
MED00050,7,2026-10-12,Post-Monsoon,2.02008,0.976659,2.655568
MED00051,7,2026-10-12,Post-Monsoon,2.02008,-1.964701,0.140198
MED00052,7,2026-10-12,Post-Monsoon,2.02008,-0.751245,0.471779
MED00053,7,2026-10-12,Post-Monsoon,2.02008,1.734223,5.664526
MED00054,7,2026-10-12,Post-Monsoon,2.02008,1.705682,5.50514
MED00055,7,2026-10-12,Post-Monsoon,2.02008,-0.081926,0.92134
MED00056,7,2026-10-12,Post-Monsoon,2.02008,-0.431251,0.649696
MED00057,7,2026-10-12,Post-Monsoon,2.02008,-0.823242,0.439006
MED00058,7,2026-10-12,Post-Monsoon,2.02008,0.501941,1.651924
MED00059,7,2026-10-12,Post-Monsoon,2.02008,2.035848,7.658742
MED00060,7,2026-10-12,Post-Monsoon,2.02008,1.750244,5.756008
MED00061,7,2026-10-12,Post-Monsoon,2.02008,-0.482678,0.617128
MED00062,7,2026-10-12,Post-Monsoon,2.02008,2.53964,12.67511
MED00063,7,2026-10-12,Post-Monsoon,2.02008,-2.078916,0.125066
MED00064,7,2026-10-12,Post-Monsoon,2.02008,3.161611,23.608606
MED00065,7,2026-10-12,Post-Monsoon,2.02008,4.13126,62.256283
MED00066,7,2026-10-12,Post-Monsoon,2.02008,-0.850111,0.427367
MED00067,7,2026-10-12,Post-Monsoon,2.02008,0.759008,2.136156
MED00068,7,2026-10-12,Post-Monsoon,2.02008,1.2244,3.402126
MED00069,7,2026-10-12,Post-Monsoon,2.02008,0.554979,1.741904
MED00070,7,2026-10-12,Post-Monsoon,2.02008,2.430881,11.368891
MED00071,7,2026-10-12,Post-Monsoon,2.02008,0.725287,2.065324
MED00072,7,2026-10-12,Post-Monsoon,2.02008,0.748053,2.112882
MED00073,7,2026-10-12,Post-Monsoon,2.02008,1.165138,3.206366
MED00074,7,2026-10-12,Post-Monsoon,2.02008,1.098712,3.000298
MED00075,7,2026-10-12,Post-Monsoon,2.02008,1.104676,3.018247
MED00076,7,2026-10-12,Post-Monsoon,2.02008,-1.490789,0.225195
MED00077,7,2026-10-12,Post-Monsoon,2.02008,1.341008,3.822897
MED00078,7,2026-10-12,Post-Monsoon,2.02008,1.051607,2.862248
MED00079,7,2026-10-12,Post-Monsoon,2.02008,2.989249,19.870754
MED00080,7,2026-10-12,Post-Monsoon,2.02008,1.2007,3.322443
MED00081,7,2026-10-12,Post-Monsoon,2.02008,-1.011423,0.363701
MED00082,7,2026-10-12,Post-Monsoon,2.02008,1.025734,2.789142
MED00083,7,2026-10-12,Post-Monsoon,2.02008,1.15809,3.183847
MED00084,7,2026-10-12,Post-Monsoon,2.02008,3.804098,44.884773
MED00085,7,2026-10-12,Post-Monsoon,2.02008,0.729718,2.074495
MED00086,7,2026-10-12,Post-Monsoon,2.02008,-1.070147,0.342958
MED00087,7,2026-10-12,Post-Monsoon,2.02008,0.576948,1.780596
MED00088,7,2026-10-12,Post-Monsoon,2.02008,3.385398,29.529741
MED00089,7,2026-10-12,Post-Monsoon,2.02008,2.72003,15.180786
MED00090,7,2026-10-12,Post-Monsoon,2.02008,0.938654,2.556538
MED00091,7,2026-10-12,Post-Monsoon,2.02008,0.727021,2.068908
MED00092,7,2026-10-12,Post-Monsoon,2.02008,0.510571,1.666242
MED00093,7,2026-10-12,Post-Monsoon,2.02008,-1.336886,0.262662
MED00094,7,2026-10-12,Post-Monsoon,2.02008,-0.577592,0.561248
MED00095,7,2026-10-12,Post-Monsoon,2.02008,1.074171,2.927564
MED00096,7,2026-10-12,Post-Monsoon,2.02008,2.634114,13.930971
MED00097,7,2026-10-12,Post-Monsoon,2.02008,-0.859061,0.42356
MED00098,7,2026-10-12,Post-Monsoon,2.02008,2.089347,8.07964
MED00099,7,2026-10-12,Post-Monsoon,2.02008,-1.46241,0.231677
MED00100,7,2026-10-12,Post-Monsoon,2.02008,-1.884545,0.151898
MED00101,7,2026-10-12,Post-Monsoon,2.02008,1.381342,3.980239
MED00102,7,2026-10-12,Post-Monsoon,2.02008,1.494115,4.455391
MED00103,7,2026-10-12,Post-Monsoon,2.02008,1.003277,2.727203
MED00104,7,2026-10-12,Post-Monsoon,2.02008,1.982938,7.264053
MED00105,7,2026-10-12,Post-Monsoon,2.02008,2.416644,11.208182
MED00106,7,2026-10-12,Post-Monsoon,2.02008,-2.046045,0.129245
MED00107,7,2026-10-12,Post-Monsoon,2.02008,2.051262,7.777712
MED00108,7,2026-10-12,Post-Monsoon,2.02008,1.037559,2.822319
MED00109,7,2026-10-12,Post-Monsoon,2.02008,-0.907564,0.403506
MED00110,7,2026-10-12,Post-Monsoon,2.02008,-0.802406,0.448249
MED00111,7,2026-10-12,Post-Monsoon,2.02008,-0.423101,0.655012
MED00112,7,2026-10-12,Post-Monsoon,2.02008,1.024132,2.784678
MED00113,7,2026-10-12,Post-Monsoon,2.02008,0.657568,1.930092
MED00114,7,2026-10-12,Post-Monsoon,2.02008,2.582168,13.225788
MED00115,7,2026-10-12,Post-Monsoon,2.02008,0.71299,2.040083
MED00116,7,2026-10-12,Post-Monsoon,2.02008,2.020844,7.54469
MED00117,7,2026-10-12,Post-Monsoon,2.02008,0.605114,1.831461
MED00118,7,2026-10-12,Post-Monsoon,2.02008,0.518328,1.679218
MED00119,7,2026-10-12,Post-Monsoon,2.02008,0.66331,1.941207
MED00120,7,2026-10-12,Post-Monsoon,2.02008,2.436764,11.435968
MED00121,7,2026-10-12,Post-Monsoon,2.02008,1.168925,3.218531
MED00122,7,2026-10-12,Post-Monsoon,2.02008,0.833509,2.301381
MED00123,7,2026-10-12,Post-Monsoon,2.02008,-0.147693,0.862696
MED00124,7,2026-10-12,Post-Monsoon,2.02008,2.022583,7.55782
MED00125,7,2026-10-12,Post-Monsoon,2.02008,-1.366931,0.254888
MED00126,7,2026-10-12,Post-Monsoon,2.02008,-0.22731,0.796674
MED00127,7,2026-10-12,Post-Monsoon,2.02008,0.734859,2.085188
MED00128,7,2026-10-12,Post-Monsoon,2.02008,0.74606,2.108675
MED00129,7,2026-10-12,Post-Monsoon,2.02008,0.594716,1.812516
MED00130,7,2026-10-12,Post-Monsoon,2.02008,-1.802182,0.164939
MED00131,7,2026-10-12,Post-Monsoon,2.02008,0.763349,2.14545
MED00132,7,2026-10-12,Post-Monsoon,2.02008,-0.544459,0.580156
MED00133,7,2026-10-12,Post-Monsoon,2.02008,-0.448618,0.63851
MED00134,7,2026-10-12,Post-Monsoon,2.02008,-0.700582,0.496296
MED00135,7,2026-10-12,Post-Monsoon,2.02008,2.594967,13.396144
MED00136,7,2026-10-12,Post-Monsoon,2.02008,0.502581,1.652982
MED00137,7,2026-10-12,Post-Monsoon,2.02008,0.810972,2.250094
MED00138,7,2026-10-12,Post-Monsoon,2.02008,0.726924,2.068708
MED00139,7,2026-10-12,Post-Monsoon,2.02008,1.05913,2.883862
MED00140,7,2026-10-12,Post-Monsoon,2.02008,0.606586,1.83416
MED00141,7,2026-10-12,Post-Monsoon,2.02008,1.465722,4.33067
MED00142,7,2026-10-12,Post-Monsoon,2.02008,-0.908944,0.40295
MED00143,7,2026-10-12,Post-Monsoon,2.02008,0.621857,1.862384
MED00144,7,2026-10-12,Post-Monsoon,2.02008,1.723918,5.606452
MED00145,7,2026-10-12,Post-Monsoon,2.02008,-0.49546,0.60929
MED00146,7,2026-10-12,Post-Monsoon,2.02008,0.649019,1.913662
MED00147,7,2026-10-12,Post-Monsoon,2.02008,0.677768,1.969477
MED00148,7,2026-10-12,Post-Monsoon,2.02008,1.765234,5.842941
MED00149,7,2026-10-12,Post-Monsoon,2.02008,1.276272,3.583257
MED00150,7,2026-10-12,Post-Monsoon,2.02008,0.478227,1.613211
MED00151,7,2026-10-12,Post-Monsoon,2.02008,0.752009,2.121258
MED00152,7,2026-10-12,Post-Monsoon,2.02008,0.773009,2.166274
MED00153,7,2026-10-12,Post-Monsoon,2.02008,0.777552,2.176138
MED00154,7,2026-10-12,Post-Monsoon,2.02008,2.701387,14.900387
MED00155,7,2026-10-12,Post-Monsoon,2.02008,0.69839,2.010514
MED00156,7,2026-10-12,Post-Monsoon,2.02008,0.880567,2.412268
MED00157,7,2026-10-12,Post-Monsoon,2.02008,1.460981,4.310186
MED00158,7,2026-10-12,Post-Monsoon,2.02008,-1.360148,0.256623
MED00159,7,2026-10-12,Post-Monsoon,2.02008,2.370472,10.702439
MED00160,7,2026-10-12,Post-Monsoon,2.02008,1.239268,3.453084
MED00161,7,2026-10-12,Post-Monsoon,2.02008,1.765738,5.845888
MED00162,7,2026-10-12,Post-Monsoon,2.02008,0.750881,2.118866
MED00163,7,2026-10-12,Post-Monsoon,2.02008,-1.088816,0.336615
MED00164,7,2026-10-12,Post-Monsoon,2.02008,0.671637,1.957439
MED00165,7,2026-10-12,Post-Monsoon,2.02008,2.250664,9.494038
MED00166,7,2026-10-12,Post-Monsoon,2.02008,0.734332,2.084089
MED00167,7,2026-10-12,Post-Monsoon,2.02008,0.617819,1.854878
MED00168,7,2026-10-12,Post-Monsoon,2.02008,0.642047,1.900366
MED00169,7,2026-10-12,Post-Monsoon,2.02008,0.594072,1.81135
MED00170,7,2026-10-12,Post-Monsoon,2.02008,0.587456,1.799404
MED00171,7,2026-10-12,Post-Monsoon,2.02008,0.787353,2.197573
MED00172,7,2026-10-12,Post-Monsoon,2.02008,0.632745,1.882771
MED00173,7,2026-10-12,Post-Monsoon,2.02008,0.804212,2.234934
MED00174,7,2026-10-12,Post-Monsoon,2.02008,1.807922,6.097764
MED00175,7,2026-10-12,Post-Monsoon,2.02008,0.084012,1.087642
MED00176,7,2026-10-12,Post-Monsoon,2.02008,2.572196,13.094545
MED00177,7,2026-10-12,Post-Monsoon,2.02008,-1.358477,0.257052
MED00178,7,2026-10-12,Post-Monsoon,2.02008,0.707951,2.029828
MED00179,7,2026-10-12,Post-Monsoon,2.02008,-0.62253,0.536585
MED00180,7,2026-10-12,Post-Monsoon,2.02008,0.662821,1.940259
MED00181,7,2026-10-12,Post-Monsoon,2.02008,1.104367,3.017314
MED00182,7,2026-10-12,Post-Monsoon,2.02008,-1.314003,0.268742
MED00183,7,2026-10-12,Post-Monsoon,2.02008,2.821019,16.793953
MED00184,7,2026-10-12,Post-Monsoon,2.02008,2.01946,7.534259
MED00185,7,2026-10-12,Post-Monsoon,2.02008,0.632377,1.882079
MED00186,7,2026-10-12,Post-Monsoon,2.02008,0.635411,1.887798
MED00187,7,2026-10-12,Post-Monsoon,2.02008,0.97129,2.64135
MED00188,7,2026-10-12,Post-Monsoon,2.02008,1.118654,3.060731
MED00189,7,2026-10-12,Post-Monsoon,2.02008,-1.627114,0.196496
MED00190,7,2026-10-12,Post-Monsoon,2.02008,0.757886,2.13376
MED00191,7,2026-10-12,Post-Monsoon,2.02008,2.4088,11.120602
MED00192,7,2026-10-12,Post-Monsoon,2.02008,-1.682097,0.185984
MED00193,7,2026-10-12,Post-Monsoon,2.02008,-2.108297,0.121445
MED00194,7,2026-10-12,Post-Monsoon,2.02008,2.019108,7.5316
MED00195,7,2026-10-12,Post-Monsoon,2.02008,1.884725,6.584546
MED00196,7,2026-10-12,Post-Monsoon,2.02008,2.020733,7.54385
MED00197,7,2026-10-12,Post-Monsoon,2.02008,1.978181,7.229582
MED00198,7,2026-10-12,Post-Monsoon,2.02008,0.567028,1.763019
MED00199,7,2026-10-12,Post-Monsoon,2.02008,0.40913,1.505507
MED00200,7,2026-10-12,Post-Monsoon,2.02008,0.617711,1.854677
MED00201,7,2026-10-12,Post-Monsoon,2.02008,2.13539,8.46035
MED00202,7,2026-10-12,Post-Monsoon,2.02008,0.579186,1.784585
MED00203,7,2026-10-12,Post-Monsoon,2.02008,0.786111,2.194843
MED00204,7,2026-10-12,Post-Monsoon,2.02008,0.714036,2.042218
MED00205,7,2026-10-12,Post-Monsoon,2.02008,2.449689,11.584745
MED00206,7,2026-10-12,Post-Monsoon,2.02008,0.180906,1.198303
MED00207,7,2026-10-12,Post-Monsoon,2.02008,0.672031,1.95821
MED00208,7,2026-10-12,Post-Monsoon,2.02008,2.41858,11.229897
MED00209,7,2026-10-12,Post-Monsoon,2.02008,1.015476,2.760676
MED00210,7,2026-10-12,Post-Monsoon,2.02008,0.187256,1.205935
MED00211,7,2026-10-12,Post-Monsoon,2.02008,0.790361,2.204192
MED00212,7,2026-10-12,Post-Monsoon,2.02008,0.763197,2.145123
MED00213,7,2026-10-12,Post-Monsoon,2.02008,0.273942,1.315138
MED00214,7,2026-10-12,Post-Monsoon,2.02008,2.3075,10.049276
MED00215,7,2026-10-12,Post-Monsoon,2.02008,0.822894,2.27708
MED00216,7,2026-10-12,Post-Monsoon,2.02008,-2.370419,0.093442
MED00217,7,2026-10-12,Post-Monsoon,2.02008,-1.476429,0.228452
MED00218,7,2026-10-12,Post-Monsoon,2.02008,1.394834,4.034306
MED00219,7,2026-10-12,Post-Monsoon,2.02008,2.683043,14.629547
MED00220,7,2026-10-12,Post-Monsoon,2.02008,0.730268,2.075637
MED00221,7,2026-10-12,Post-Monsoon,2.02008,1.120279,3.065709
MED00222,7,2026-10-12,Post-Monsoon,2.02008,-0.8002,0.449239
MED00223,7,2026-10-12,Post-Monsoon,2.02008,2.24532,9.443433
MED00224,7,2026-10-12,Post-Monsoon,2.02008,0.573927,1.775224
MED00225,7,2026-10-12,Post-Monsoon,2.02008,1.355849,3.880054
MED00226,7,2026-10-12,Post-Monsoon,2.02008,0.8319,2.297681
MED00227,7,2026-10-12,Post-Monsoon,2.02008,2.695591,14.814271
MED00228,7,2026-10-12,Post-Monsoon,2.02008,0.556566,1.744672
MED00229,7,2026-10-12,Post-Monsoon,2.02008,-0.673084,0.510133
MED00230,7,2026-10-12,Post-Monsoon,2.02008,2.531778,12.575853
MED00231,7,2026-10-12,Post-Monsoon,2.02008,0.491224,1.634315
MED00232,7,2026-10-12,Post-Monsoon,2.02008,1.02381,2.783782
MED00233,7,2026-10-12,Post-Monsoon,2.02008,-0.453286,0.635536
MED00234,7,2026-10-12,Post-Monsoon,2.02008,0.619492,1.857983
MED00235,7,2026-10-12,Post-Monsoon,2.02008,4.188039,65.89347
MED00236,7,2026-10-12,Post-Monsoon,2.02008,0.769225,2.158092
MED00237,7,2026-10-12,Post-Monsoon,2.02008,1.359024,3.892392
MED00238,7,2026-10-12,Post-Monsoon,2.02008,0.662358,1.93936
MED00239,7,2026-10-12,Post-Monsoon,2.02008,1.226047,3.407732
MED00240,7,2026-10-12,Post-Monsoon,2.02008,1.377584,3.965312
MED00241,7,2026-10-12,Post-Monsoon,2.02008,0.900587,2.461047
MED00242,7,2026-10-12,Post-Monsoon,2.02008,2.270244,9.681762
MED00243,7,2026-10-12,Post-Monsoon,2.02008,-1.833011,0.159931
MED00244,7,2026-10-12,Post-Monsoon,2.02008,0.730501,2.076121
MED00245,7,2026-10-12,Post-Monsoon,2.02008,4.291356,73.06545
MED00246,7,2026-10-12,Post-Monsoon,2.02008,1.591706,4.912124
MED00247,7,2026-10-12,Post-Monsoon,2.02008,2.448154,11.566971
MED00248,7,2026-10-12,Post-Monsoon,2.02008,0.767843,2.155112
MED00249,7,2026-10-12,Post-Monsoon,2.02008,3.041117,20.928602
MED00250,7,2026-10-12,Post-Monsoon,2.02008,2.370706,10.704953
MED00251,7,2026-10-12,Post-Monsoon,2.02008,0.611993,1.844103
MED00252,7,2026-10-12,Post-Monsoon,2.02008,-1.027776,0.357802
MED00253,7,2026-10-12,Post-Monsoon,2.02008,1.265736,3.545701
MED00254,7,2026-10-12,Post-Monsoon,2.02008,-1.063329,0.345304
MED00255,7,2026-10-12,Post-Monsoon,2.02008,1.554672,4.733532
MED00256,7,2026-10-12,Post-Monsoon,2.02008,0.785509,2.193524
MED00257,7,2026-10-12,Post-Monsoon,2.02008,1.449101,4.259284
MED00258,7,2026-10-12,Post-Monsoon,2.02008,0.755264,2.128173
MED00259,7,2026-10-12,Post-Monsoon,2.02008,0.793266,2.210605
MED00260,7,2026-10-12,Post-Monsoon,2.02008,-0.747473,0.473562
MED00261,7,2026-10-12,Post-Monsoon,2.02008,-0.30089,0.740159
MED00262,7,2026-10-12,Post-Monsoon,2.02008,1.177586,3.246528
MED00263,7,2026-10-12,Post-Monsoon,2.02008,1.108037,3.028407
MED00264,7,2026-10-12,Post-Monsoon,2.02008,-0.999429,0.36809
MED00265,7,2026-10-12,Post-Monsoon,2.02008,1.765495,5.844467
MED00266,7,2026-10-12,Post-Monsoon,2.02008,2.639294,14.003316
MED00267,7,2026-10-12,Post-Monsoon,2.02008,1.449841,4.262437
MED00268,7,2026-10-12,Post-Monsoon,2.02008,0.748339,2.113487
MED00269,7,2026-10-12,Post-Monsoon,2.02008,0.779301,2.179948
MED00270,7,2026-10-12,Post-Monsoon,2.02008,0.830285,2.293971
MED00271,7,2026-10-12,Post-Monsoon,2.02008,0.5401,1.716179
MED00272,7,2026-10-12,Post-Monsoon,2.02008,1.349709,3.856302
MED00273,7,2026-10-12,Post-Monsoon,2.02008,1.153794,3.170198
MED00274,7,2026-10-12,Post-Monsoon,2.02008,-0.399134,0.670901
MED00275,7,2026-10-12,Post-Monsoon,2.02008,2.415533,11.195737
MED00276,7,2026-10-12,Post-Monsoon,2.02008,0.639736,1.895981
MED00277,7,2026-10-12,Post-Monsoon,2.02008,-1.647086,0.19261
MED00278,7,2026-10-12,Post-Monsoon,2.02008,2.046296,7.739179
MED00279,7,2026-10-12,Post-Monsoon,2.02008,2.943163,18.975775
MED00280,7,2026-10-12,Post-Monsoon,2.02008,-1.502744,0.222519
MED00281,7,2026-10-12,Post-Monsoon,2.02008,2.581123,13.211966
MED00282,7,2026-10-12,Post-Monsoon,2.02008,1.226599,3.409615
MED00283,7,2026-10-12,Post-Monsoon,2.02008,0.862248,2.368479
MED00284,7,2026-10-12,Post-Monsoon,2.02008,0.364808,1.440238
MED00285,7,2026-10-12,Post-Monsoon,2.02008,1.567789,4.796032
MED00286,7,2026-10-12,Post-Monsoon,2.02008,1.364293,3.912956
MED00287,7,2026-10-12,Post-Monsoon,2.02008,1.193993,3.300234
MED00288,7,2026-10-12,Post-Monsoon,2.02008,3.720382,41.28016
MED00289,7,2026-10-12,Post-Monsoon,2.02008,1.39251,4.02494
MED00290,7,2026-10-12,Post-Monsoon,2.02008,0.622583,1.863735
MED00291,7,2026-10-12,Post-Monsoon,2.02008,2.277778,9.754975
MED00292,7,2026-10-12,Post-Monsoon,2.02008,0.650551,1.916597
MED00293,7,2026-10-12,Post-Monsoon,2.02008,1.379057,3.971155
MED00294,7,2026-10-12,Post-Monsoon,2.02008,0.289495,1.335753
MED00295,7,2026-10-12,Post-Monsoon,2.02008,-1.311336,0.26946
MED00296,7,2026-10-12,Post-Monsoon,2.02008,1.379921,3.974588
MED00297,7,2026-10-12,Post-Monsoon,2.02008,1.747565,5.740606
MED00298,7,2026-10-12,Post-Monsoon,2.02008,0.783982,2.190176
MED00299,7,2026-10-12,Post-Monsoon,2.02008,-0.91084,0.402186
MED00300,7,2026-10-12,Post-Monsoon,2.02008,0.638343,1.893341
MED00301,7,2026-10-12,Post-Monsoon,2.02008,1.544164,4.684054
MED00302,7,2026-10-12,Post-Monsoon,2.02008,2.15276,8.608583
MED00303,7,2026-10-12,Post-Monsoon,2.02008,1.00329,2.72724
MED00304,7,2026-10-12,Post-Monsoon,2.02008,1.315243,3.725656
MED00305,7,2026-10-12,Post-Monsoon,2.02008,0.615687,1.850928
MED00306,7,2026-10-12,Post-Monsoon,2.02008,-0.936641,0.391942
MED00307,7,2026-10-12,Post-Monsoon,2.02008,3.260844,26.071531
MED00308,7,2026-10-12,Post-Monsoon,2.02008,-0.436207,0.646484
MED00309,7,2026-10-12,Post-Monsoon,2.02008,1.120471,3.066297
MED00310,7,2026-10-12,Post-Monsoon,2.02008,1.219319,3.384881
MED00311,7,2026-10-12,Post-Monsoon,2.02008,1.195005,3.303574
MED00312,7,2026-10-12,Post-Monsoon,2.02008,-0.518636,0.595332
MED00313,7,2026-10-12,Post-Monsoon,2.02008,-0.714357,0.489507
MED00314,7,2026-10-12,Post-Monsoon,2.02008,2.375482,10.756203
MED00315,7,2026-10-12,Post-Monsoon,2.02008,2.2575,9.559161
MED00316,7,2026-10-12,Post-Monsoon,2.02008,1.003731,2.728444
MED00317,7,2026-10-12,Post-Monsoon,2.02008,0.784939,2.192274
MED00318,7,2026-10-12,Post-Monsoon,2.02008,0.934541,2.546044
MED00319,7,2026-10-12,Post-Monsoon,2.02008,2.403445,11.061219
MED00320,7,2026-10-12,Post-Monsoon,2.02008,1.835272,6.26684
MED00321,7,2026-10-12,Post-Monsoon,2.02008,-0.49296,0.610815
MED00322,7,2026-10-12,Post-Monsoon,2.02008,-1.823376,0.16148
MED00323,7,2026-10-12,Post-Monsoon,2.02008,0.109246,1.115437
MED00324,7,2026-10-12,Post-Monsoon,2.02008,0.435184,1.545247
MED00325,7,2026-10-12,Post-Monsoon,2.02008,1.885153,6.587365
MED00326,7,2026-10-12,Post-Monsoon,2.02008,2.201736,9.040692
MED00327,7,2026-10-12,Post-Monsoon,2.02008,1.014744,2.758658
MED00328,7,2026-10-12,Post-Monsoon,2.02008,1.384026,3.990934
MED00329,7,2026-10-12,Post-Monsoon,2.02008,2.377272,10.775474
MED00330,7,2026-10-12,Post-Monsoon,2.02008,1.406087,4.07996
MED00331,7,2026-10-12,Post-Monsoon,2.02008,0.641017,1.898411
MED00332,7,2026-10-12,Post-Monsoon,2.02008,1.009135,2.743228
MED00333,7,2026-10-12,Post-Monsoon,2.02008,1.10868,3.030355
MED00334,7,2026-10-12,Post-Monsoon,2.02008,2.352853,10.515526
MED00335,7,2026-10-12,Post-Monsoon,2.02008,1.702122,5.485574
MED00336,7,2026-10-12,Post-Monsoon,2.02008,2.233199,9.32966
MED00337,7,2026-10-12,Post-Monsoon,2.02008,4.180202,65.37909
MED00338,7,2026-10-12,Post-Monsoon,2.02008,2.354162,10.529299
MED00339,7,2026-10-12,Post-Monsoon,2.02008,0.614723,1.849145
MED00340,7,2026-10-12,Post-Monsoon,2.02008,0.497456,1.644532
MED00341,7,2026-10-12,Post-Monsoon,2.02008,1.587154,4.889812
MED00342,7,2026-10-12,Post-Monsoon,2.02008,0.706814,2.027521
MED00343,7,2026-10-12,Post-Monsoon,2.02008,2.312529,10.099936
MED00344,7,2026-10-12,Post-Monsoon,2.02008,1.44776,4.253575
MED00345,7,2026-10-12,Post-Monsoon,2.02008,-1.822323,0.16165
MED00346,7,2026-10-12,Post-Monsoon,2.02008,1.106568,3.023961
MED00347,7,2026-10-12,Post-Monsoon,2.02008,-1.761668,0.171758
MED00348,7,2026-10-12,Post-Monsoon,2.02008,0.590373,1.804661
MED00349,7,2026-10-12,Post-Monsoon,2.02008,0.827115,2.286712
MED00350,7,2026-10-12,Post-Monsoon,2.02008,0.099817,1.104968
MED00351,7,2026-10-12,Post-Monsoon,2.02008,-0.679374,0.506934
MED00352,7,2026-10-12,Post-Monsoon,2.02008,-1.451715,0.234168
MED00353,7,2026-10-12,Post-Monsoon,2.02008,-0.197569,0.820724
MED00354,7,2026-10-12,Post-Monsoon,2.02008,-0.105102,0.900232
MED00355,7,2026-10-12,Post-Monsoon,2.02008,2.266379,9.644412
MED00356,7,2026-10-12,Post-Monsoon,2.02008,0.675562,1.965136
MED00357,7,2026-10-12,Post-Monsoon,2.02008,-1.521466,0.218391
MED00358,7,2026-10-12,Post-Monsoon,2.02008,1.587068,4.889394
MED00359,7,2026-10-12,Post-Monsoon,2.02008,0.74831,2.113424
MED00360,7,2026-10-12,Post-Monsoon,2.02008,0.982135,2.670152
MED00361,7,2026-10-12,Post-Monsoon,2.02008,0.805175,2.237089
MED00362,7,2026-10-12,Post-Monsoon,2.02008,0.900831,2.461649
MED00363,7,2026-10-12,Post-Monsoon,2.02008,0.56732,1.763534
MED00364,7,2026-10-12,Post-Monsoon,2.02008,-1.852932,0.156777
MED00365,7,2026-10-12,Post-Monsoon,2.02008,0.779802,2.181041
MED00366,7,2026-10-12,Post-Monsoon,2.02008,2.252847,9.514788
MED00367,7,2026-10-12,Post-Monsoon,2.02008,0.753556,2.124542
MED00368,7,2026-10-12,Post-Monsoon,2.02008,1.011532,2.749809
MED00369,7,2026-10-12,Post-Monsoon,2.02008,1.257683,3.517262
MED00370,7,2026-10-12,Post-Monsoon,2.02008,-0.902424,0.405585
MED00371,7,2026-10-12,Post-Monsoon,2.02008,2.747964,15.610818
MED00372,7,2026-10-12,Post-Monsoon,2.02008,-1.664158,0.18935
MED00373,7,2026-10-12,Post-Monsoon,2.02008,-0.435355,0.647035
MED00374,7,2026-10-12,Post-Monsoon,2.02008,0.648794,1.913232
MED00375,7,2026-10-12,Post-Monsoon,2.02008,2.698027,14.850398
MED00376,7,2026-10-12,Post-Monsoon,2.02008,0.739003,2.093848
MED00377,7,2026-10-12,Post-Monsoon,2.02008,-0.659379,0.517172
MED00378,7,2026-10-12,Post-Monsoon,2.02008,0.770881,2.16167
MED00379,7,2026-10-12,Post-Monsoon,2.02008,-0.554606,0.574299
MED00380,7,2026-10-12,Post-Monsoon,2.02008,-0.707842,0.492706
MED00381,7,2026-10-12,Post-Monsoon,2.02008,0.334653,1.397456
MED00382,7,2026-10-12,Post-Monsoon,2.02008,0.861416,2.366509
MED00383,7,2026-10-12,Post-Monsoon,2.02008,1.853172,6.380028
MED00384,7,2026-10-12,Post-Monsoon,2.02008,0.715586,2.045385
MED00385,7,2026-10-12,Post-Monsoon,2.02008,2.916853,18.483025
MED00386,7,2026-10-12,Post-Monsoon,2.02008,2.651619,14.176975
MED00387,7,2026-10-12,Post-Monsoon,2.02008,2.913361,18.4186
MED00388,7,2026-10-12,Post-Monsoon,2.02008,4.556116,95.21297
MED00389,7,2026-10-12,Post-Monsoon,2.02008,2.12814,8.399227
MED00390,7,2026-10-12,Post-Monsoon,2.02008,2.863562,17.523829
MED00391,7,2026-10-12,Post-Monsoon,2.02008,2.799684,16.439451
MED00392,7,2026-10-12,Post-Monsoon,2.02008,2.817274,16.731176
MED00393,7,2026-10-12,Post-Monsoon,2.02008,2.464717,11.760153
MED00394,7,2026-10-12,Post-Monsoon,2.02008,2.600568,13.471392
MED00395,7,2026-10-12,Post-Monsoon,2.02008,2.806464,16.551285
MED00396,7,2026-10-12,Post-Monsoon,2.02008,4.028509,56.177097
MED00397,7,2026-10-12,Post-Monsoon,2.02008,3.81979,45.594604
MED00398,7,2026-10-12,Post-Monsoon,2.02008,4.654728,105.08068
MED00399,7,2026-10-12,Post-Monsoon,2.02008,4.515652,91.43718
MED00400,7,2026-10-12,Post-Monsoon,2.02008,4.281398,72.34149
MED00401,7,2026-10-12,Post-Monsoon,2.02008,2.616522,13.688038
MED00402,7,2026-10-12,Post-Monsoon,2.02008,2.936275,18.845512
MED00403,7,2026-10-12,Post-Monsoon,2.02008,2.434862,11.41424
MED00404,7,2026-10-12,Post-Monsoon,2.02008,1.496159,4.464508
MED00405,7,2026-10-12,Post-Monsoon,2.02008,1.978242,7.230018
MED00406,7,2026-10-12,Post-Monsoon,2.02008,3.007534,20.237438
MED00407,7,2026-10-12,Post-Monsoon,2.02008,2.892289,18.034542
MED00408,7,2026-10-12,Post-Monsoon,2.02008,1.834187,6.260044
MED00409,7,2026-10-12,Post-Monsoon,2.02008,2.34735,10.457819
MED00410,7,2026-10-12,Post-Monsoon,2.02008,2.132438,8.43541
MED00411,7,2026-10-12,Post-Monsoon,2.02008,2.874486,17.71631
MED00412,7,2026-10-12,Post-Monsoon,2.02008,2.469884,11.821069
MED00413,7,2026-10-12,Post-Monsoon,2.02008,2.535938,12.628264
MED00414,7,2026-10-12,Post-Monsoon,2.02008,2.876979,17.760544
MED00415,7,2026-10-12,Post-Monsoon,2.02008,2.527984,12.528229
MED00416,7,2026-10-12,Post-Monsoon,2.02008,2.857427,17.416662
MED00417,7,2026-10-12,Post-Monsoon,2.02008,1.974788,7.205092
MED00418,7,2026-10-12,Post-Monsoon,2.02008,1.913994,6.780111
MED00419,7,2026-10-12,Post-Monsoon,2.02008,2.128261,8.400245
MED00420,7,2026-10-12,Post-Monsoon,2.02008,2.907477,18.310541
MED00421,7,2026-10-12,Post-Monsoon,2.02008,2.973838,19.566883
MED00422,7,2026-10-12,Post-Monsoon,2.02008,2.832562,16.988926
MED00423,7,2026-10-12,Post-Monsoon,2.02008,2.46926,11.813696
MED00424,7,2026-10-12,Post-Monsoon,2.02008,4.366053,78.73227
MED00001,8,2026-10-19,Post-Monsoon,2.02008,2.524678,12.486868
MED00002,8,2026-10-19,Post-Monsoon,2.02008,-2.056182,0.127942
MED00003,8,2026-10-19,Post-Monsoon,2.02008,-1.280813,0.277811
MED00004,8,2026-10-19,Post-Monsoon,2.02008,-0.242525,0.784644
MED00005,8,2026-10-19,Post-Monsoon,2.02008,0.695942,2.005597
MED00006,8,2026-10-19,Post-Monsoon,2.02008,0.490208,1.632656
MED00007,8,2026-10-19,Post-Monsoon,2.02008,1.128756,3.091807
MED00008,8,2026-10-19,Post-Monsoon,2.02008,-0.486445,0.614808
MED00009,8,2026-10-19,Post-Monsoon,2.02008,1.197489,3.31179
MED00010,8,2026-10-19,Post-Monsoon,2.02008,1.356631,3.88309
MED00011,8,2026-10-19,Post-Monsoon,2.02008,2.991089,19.907356
MED00012,8,2026-10-19,Post-Monsoon,2.02008,0.70598,2.025831
MED00013,8,2026-10-19,Post-Monsoon,2.02008,1.265131,3.543558
MED00014,8,2026-10-19,Post-Monsoon,2.02008,2.707725,14.995124
MED00015,8,2026-10-19,Post-Monsoon,2.02008,-0.721586,0.485981
MED00016,8,2026-10-19,Post-Monsoon,2.02008,0.748293,2.11339
MED00017,8,2026-10-19,Post-Monsoon,2.02008,0.635322,1.887629
MED00018,8,2026-10-19,Post-Monsoon,2.02008,4.386707,80.37529
MED00019,8,2026-10-19,Post-Monsoon,2.02008,3.856544,47.301605
MED00020,8,2026-10-19,Post-Monsoon,2.02008,2.342892,10.411304
MED00021,8,2026-10-19,Post-Monsoon,2.02008,1.319524,3.741639
MED00022,8,2026-10-19,Post-Monsoon,2.02008,0.821767,2.274516
MED00023,8,2026-10-19,Post-Monsoon,2.02008,0.215912,1.240993
MED00024,8,2026-10-19,Post-Monsoon,2.02008,1.006475,2.73594
MED00025,8,2026-10-19,Post-Monsoon,2.02008,-2.221067,0.108493
MED00026,8,2026-10-19,Post-Monsoon,2.02008,-1.101813,0.332268
MED00027,8,2026-10-19,Post-Monsoon,2.02008,-1.526416,0.217313
MED00028,8,2026-10-19,Post-Monsoon,2.02008,-0.738252,0.477948
MED00029,8,2026-10-19,Post-Monsoon,2.02008,2.438205,11.452465
MED00030,8,2026-10-19,Post-Monsoon,2.02008,1.289534,3.631093
MED00031,8,2026-10-19,Post-Monsoon,2.02008,1.124324,3.078135
MED00032,8,2026-10-19,Post-Monsoon,2.02008,0.846016,2.330345
MED00033,8,2026-10-19,Post-Monsoon,2.02008,-0.063393,0.938574
MED00034,8,2026-10-19,Post-Monsoon,2.02008,2.971052,19.512444
MED00035,8,2026-10-19,Post-Monsoon,2.02008,-0.869265,0.41926
MED00036,8,2026-10-19,Post-Monsoon,2.02008,0.455385,1.576781
MED00037,8,2026-10-19,Post-Monsoon,2.02008,1.324523,3.76039
MED00038,8,2026-10-19,Post-Monsoon,2.02008,2.536151,12.630957
MED00039,8,2026-10-19,Post-Monsoon,2.02008,-0.002065,0.997937
MED00040,8,2026-10-19,Post-Monsoon,2.02008,-0.651413,0.521309
MED00041,8,2026-10-19,Post-Monsoon,2.02008,-0.568866,0.566167
MED00042,8,2026-10-19,Post-Monsoon,2.02008,1.178498,3.249492
MED00043,8,2026-10-19,Post-Monsoon,2.02008,-0.819204,0.440783
MED00044,8,2026-10-19,Post-Monsoon,2.02008,0.654091,1.923393
MED00045,8,2026-10-19,Post-Monsoon,2.02008,0.539293,1.714794
MED00046,8,2026-10-19,Post-Monsoon,2.02008,0.800907,2.22756
MED00047,8,2026-10-19,Post-Monsoon,2.02008,1.576132,4.836212
MED00048,8,2026-10-19,Post-Monsoon,2.02008,2.541384,12.697238
MED00049,8,2026-10-19,Post-Monsoon,2.02008,-1.8593,0.155782
MED00050,8,2026-10-19,Post-Monsoon,2.02008,0.973081,2.646086
MED00051,8,2026-10-19,Post-Monsoon,2.02008,-2.008152,0.134237
MED00052,8,2026-10-19,Post-Monsoon,2.02008,-0.770165,0.462937
MED00053,8,2026-10-19,Post-Monsoon,2.02008,1.722261,5.597169
MED00054,8,2026-10-19,Post-Monsoon,2.02008,1.689055,5.414364
MED00055,8,2026-10-19,Post-Monsoon,2.02008,-0.164317,0.848473
MED00056,8,2026-10-19,Post-Monsoon,2.02008,-0.483532,0.616602
MED00057,8,2026-10-19,Post-Monsoon,2.02008,-0.884174,0.413055
MED00058,8,2026-10-19,Post-Monsoon,2.02008,0.500387,1.649359
MED00059,8,2026-10-19,Post-Monsoon,2.02008,2.057609,7.827234
MED00060,8,2026-10-19,Post-Monsoon,2.02008,1.746667,5.735454
MED00061,8,2026-10-19,Post-Monsoon,2.02008,-0.454848,0.634545
MED00062,8,2026-10-19,Post-Monsoon,2.02008,2.536063,12.629851
MED00063,8,2026-10-19,Post-Monsoon,2.02008,-2.145345,0.117028
MED00064,8,2026-10-19,Post-Monsoon,2.02008,3.160777,23.588919
MED00065,8,2026-10-19,Post-Monsoon,2.02008,4.13126,62.256283
MED00066,8,2026-10-19,Post-Monsoon,2.02008,-0.843626,0.430148
MED00067,8,2026-10-19,Post-Monsoon,2.02008,0.755431,2.128528
MED00068,8,2026-10-19,Post-Monsoon,2.02008,1.212438,3.361672
MED00069,8,2026-10-19,Post-Monsoon,2.02008,0.521186,1.684023
MED00070,8,2026-10-19,Post-Monsoon,2.02008,2.418919,11.233707
MED00071,8,2026-10-19,Post-Monsoon,2.02008,0.707571,2.029058
MED00072,8,2026-10-19,Post-Monsoon,2.02008,0.73699,2.089636
MED00073,8,2026-10-19,Post-Monsoon,2.02008,1.161561,3.194917
MED00074,8,2026-10-19,Post-Monsoon,2.02008,1.088482,2.969762
MED00075,8,2026-10-19,Post-Monsoon,2.02008,1.101099,3.00747
MED00076,8,2026-10-19,Post-Monsoon,2.02008,-1.499007,0.223352
MED00077,8,2026-10-19,Post-Monsoon,2.02008,1.356498,3.882574
MED00078,8,2026-10-19,Post-Monsoon,2.02008,1.049621,2.856568
MED00079,8,2026-10-19,Post-Monsoon,2.02008,2.982228,19.731726
MED00080,8,2026-10-19,Post-Monsoon,2.02008,1.197123,3.310579
MED00081,8,2026-10-19,Post-Monsoon,2.02008,-1.018229,0.361234
MED00082,8,2026-10-19,Post-Monsoon,2.02008,1.023889,2.784001
MED00083,8,2026-10-19,Post-Monsoon,2.02008,1.163559,3.201305
MED00084,8,2026-10-19,Post-Monsoon,2.02008,3.801818,44.78252
MED00085,8,2026-10-19,Post-Monsoon,2.02008,0.728164,2.071274
MED00086,8,2026-10-19,Post-Monsoon,2.02008,-1.096573,0.334014
MED00087,8,2026-10-19,Post-Monsoon,2.02008,0.575394,1.777831
MED00088,8,2026-10-19,Post-Monsoon,2.02008,3.384564,29.505116
MED00089,8,2026-10-19,Post-Monsoon,2.02008,2.713296,15.078886
MED00090,8,2026-10-19,Post-Monsoon,2.02008,0.935077,2.54741
MED00091,8,2026-10-19,Post-Monsoon,2.02008,0.715958,2.046145
MED00092,8,2026-10-19,Post-Monsoon,2.02008,0.509017,1.663655
MED00093,8,2026-10-19,Post-Monsoon,2.02008,-1.335551,0.263013
MED00094,8,2026-10-19,Post-Monsoon,2.02008,-0.547734,0.578259
MED00095,8,2026-10-19,Post-Monsoon,2.02008,1.070594,2.917111
MED00096,8,2026-10-19,Post-Monsoon,2.02008,2.605872,13.543025
MED00097,8,2026-10-19,Post-Monsoon,2.02008,-0.885487,0.412513
MED00098,8,2026-10-19,Post-Monsoon,2.02008,2.08577,8.050791
MED00099,8,2026-10-19,Post-Monsoon,2.02008,-1.461075,0.231987
MED00100,8,2026-10-19,Post-Monsoon,2.02008,-1.925969,0.145734
MED00101,8,2026-10-19,Post-Monsoon,2.02008,1.370799,3.938496
MED00102,8,2026-10-19,Post-Monsoon,2.02008,1.494115,4.455391
MED00103,8,2026-10-19,Post-Monsoon,2.02008,0.9997,2.717465
MED00104,8,2026-10-19,Post-Monsoon,2.02008,1.979361,7.238114
MED00105,8,2026-10-19,Post-Monsoon,2.02008,2.413067,11.168162
MED00106,8,2026-10-19,Post-Monsoon,2.02008,-2.112475,0.120938
MED00107,8,2026-10-19,Post-Monsoon,2.02008,2.047685,7.74994
MED00108,8,2026-10-19,Post-Monsoon,2.02008,1.033982,2.81224
MED00109,8,2026-10-19,Post-Monsoon,2.02008,-0.957361,0.383905
MED00110,8,2026-10-19,Post-Monsoon,2.02008,-0.861718,0.422436
MED00111,8,2026-10-19,Post-Monsoon,2.02008,-0.442021,0.642736
MED00112,8,2026-10-19,Post-Monsoon,2.02008,1.020555,2.774734
MED00113,8,2026-10-19,Post-Monsoon,2.02008,0.656014,1.927095
MED00114,8,2026-10-19,Post-Monsoon,2.02008,2.582168,13.225788
MED00115,8,2026-10-19,Post-Monsoon,2.02008,0.709413,2.032798
MED00116,8,2026-10-19,Post-Monsoon,2.02008,2.020844,7.54469
MED00117,8,2026-10-19,Post-Monsoon,2.02008,0.570135,1.768506
MED00118,8,2026-10-19,Post-Monsoon,2.02008,0.516775,1.676611
MED00119,8,2026-10-19,Post-Monsoon,2.02008,0.661756,1.938193
MED00120,8,2026-10-19,Post-Monsoon,2.02008,2.435317,11.419438
MED00121,8,2026-10-19,Post-Monsoon,2.02008,1.165348,3.207039
MED00122,8,2026-10-19,Post-Monsoon,2.02008,0.829932,2.293163
MED00123,8,2026-10-19,Post-Monsoon,2.02008,-0.174567,0.839821
MED00124,8,2026-10-19,Post-Monsoon,2.02008,2.019006,7.530834
MED00125,8,2026-10-19,Post-Monsoon,2.02008,-1.373737,0.253159
MED00126,8,2026-10-19,Post-Monsoon,2.02008,-0.286623,0.750795
MED00127,8,2026-10-19,Post-Monsoon,2.02008,0.727373,2.069636
MED00128,8,2026-10-19,Post-Monsoon,2.02008,0.742483,2.101145
MED00129,8,2026-10-19,Post-Monsoon,2.02008,0.597335,1.817269
MED00130,8,2026-10-19,Post-Monsoon,2.02008,-1.832261,0.160051
MED00131,8,2026-10-19,Post-Monsoon,2.02008,0.752286,2.121845
MED00132,8,2026-10-19,Post-Monsoon,2.02008,-0.571332,0.564772
MED00133,8,2026-10-19,Post-Monsoon,2.02008,-0.486925,0.614513
MED00134,8,2026-10-19,Post-Monsoon,2.02008,-0.759894,0.467716
MED00135,8,2026-10-19,Post-Monsoon,2.02008,2.59352,13.376781
MED00136,8,2026-10-19,Post-Monsoon,2.02008,0.508044,1.662037
MED00137,8,2026-10-19,Post-Monsoon,2.02008,0.803486,2.233313
MED00138,8,2026-10-19,Post-Monsoon,2.02008,0.723347,2.06132
MED00139,8,2026-10-19,Post-Monsoon,2.02008,1.055553,2.873564
MED00140,8,2026-10-19,Post-Monsoon,2.02008,0.605032,1.831312
MED00141,8,2026-10-19,Post-Monsoon,2.02008,1.45376,4.279174
MED00142,8,2026-10-19,Post-Monsoon,2.02008,-0.944325,0.388942
MED00143,8,2026-10-19,Post-Monsoon,2.02008,0.620304,1.859492
MED00144,8,2026-10-19,Post-Monsoon,2.02008,1.720341,5.586433
MED00145,8,2026-10-19,Post-Monsoon,2.02008,-0.448604,0.638519
MED00146,8,2026-10-19,Post-Monsoon,2.02008,0.599525,1.821253
MED00147,8,2026-10-19,Post-Monsoon,2.02008,0.621904,1.86247
MED00148,8,2026-10-19,Post-Monsoon,2.02008,1.761657,5.822077
MED00149,8,2026-10-19,Post-Monsoon,2.02008,1.272695,3.570462
MED00150,8,2026-10-19,Post-Monsoon,2.02008,0.478701,1.613976
MED00151,8,2026-10-19,Post-Monsoon,2.02008,0.748432,2.113683
MED00152,8,2026-10-19,Post-Monsoon,2.02008,0.769431,2.158538
MED00153,8,2026-10-19,Post-Monsoon,2.02008,0.773975,2.168368
MED00154,8,2026-10-19,Post-Monsoon,2.02008,2.704165,14.941832
MED00155,8,2026-10-19,Post-Monsoon,2.02008,0.694813,2.003334
MED00156,8,2026-10-19,Post-Monsoon,2.02008,0.87699,2.403654
MED00157,8,2026-10-19,Post-Monsoon,2.02008,1.457404,4.294795
MED00158,8,2026-10-19,Post-Monsoon,2.02008,-1.358814,0.256965
MED00159,8,2026-10-19,Post-Monsoon,2.02008,2.39581,10.977085
MED00160,8,2026-10-19,Post-Monsoon,2.02008,1.23569,3.440753
MED00161,8,2026-10-19,Post-Monsoon,2.02008,1.762161,5.825013
MED00162,8,2026-10-19,Post-Monsoon,2.02008,0.747304,2.1113
MED00163,8,2026-10-19,Post-Monsoon,2.02008,-1.095622,0.334332
MED00164,8,2026-10-19,Post-Monsoon,2.02008,0.662597,1.939824
MED00165,8,2026-10-19,Post-Monsoon,2.02008,2.247087,9.460138
MED00166,8,2026-10-19,Post-Monsoon,2.02008,0.730755,2.076647
MED00167,8,2026-10-19,Post-Monsoon,2.02008,0.616265,1.851998
MED00168,8,2026-10-19,Post-Monsoon,2.02008,0.640493,1.897416
MED00169,8,2026-10-19,Post-Monsoon,2.02008,0.592519,1.808538
MED00170,8,2026-10-19,Post-Monsoon,2.02008,0.585902,1.79661
MED00171,8,2026-10-19,Post-Monsoon,2.02008,0.783776,2.189726
MED00172,8,2026-10-19,Post-Monsoon,2.02008,0.636875,1.890564
MED00173,8,2026-10-19,Post-Monsoon,2.02008,0.800635,2.226954
MED00174,8,2026-10-19,Post-Monsoon,2.02008,1.807922,6.097764
MED00175,8,2026-10-19,Post-Monsoon,2.02008,0.043677,1.044645
MED00176,8,2026-10-19,Post-Monsoon,2.02008,2.572196,13.094545
MED00177,8,2026-10-19,Post-Monsoon,2.02008,-1.363936,0.255653
MED00178,8,2026-10-19,Post-Monsoon,2.02008,0.606262,1.833564
MED00179,8,2026-10-19,Post-Monsoon,2.02008,-0.641917,0.526283
MED00180,8,2026-10-19,Post-Monsoon,2.02008,0.661267,1.937246
MED00181,8,2026-10-19,Post-Monsoon,2.02008,1.10079,3.00654
MED00182,8,2026-10-19,Post-Monsoon,2.02008,-1.312669,0.269101
MED00183,8,2026-10-19,Post-Monsoon,2.02008,2.812551,16.65235
MED00184,8,2026-10-19,Post-Monsoon,2.02008,2.021193,7.547324
MED00185,8,2026-10-19,Post-Monsoon,2.02008,0.632851,1.88297
MED00186,8,2026-10-19,Post-Monsoon,2.02008,0.633858,1.884867
MED00187,8,2026-10-19,Post-Monsoon,2.02008,0.969304,2.636108
MED00188,8,2026-10-19,Post-Monsoon,2.02008,1.115076,3.049801
MED00189,8,2026-10-19,Post-Monsoon,2.02008,-1.63392,0.195163
MED00190,8,2026-10-19,Post-Monsoon,2.02008,0.754309,2.126141
MED00191,8,2026-10-19,Post-Monsoon,2.02008,2.40959,11.129402
MED00192,8,2026-10-19,Post-Monsoon,2.02008,-1.696252,0.18337
MED00193,8,2026-10-19,Post-Monsoon,2.02008,-2.140404,0.117607
MED00194,8,2026-10-19,Post-Monsoon,2.02008,1.9988,7.380198
MED00195,8,2026-10-19,Post-Monsoon,2.02008,1.881148,6.561033
MED00196,8,2026-10-19,Post-Monsoon,2.02008,2.017156,7.516914
MED00197,8,2026-10-19,Post-Monsoon,2.02008,1.966219,7.143615
MED00198,8,2026-10-19,Post-Monsoon,2.02008,0.565474,1.760282
MED00199,8,2026-10-19,Post-Monsoon,2.02008,0.366951,1.443328
MED00200,8,2026-10-19,Post-Monsoon,2.02008,0.616157,1.851797
MED00201,8,2026-10-19,Post-Monsoon,2.02008,2.131814,8.430141
MED00202,8,2026-10-19,Post-Monsoon,2.02008,0.577632,1.781814
MED00203,8,2026-10-19,Post-Monsoon,2.02008,0.744042,2.104425
MED00204,8,2026-10-19,Post-Monsoon,2.02008,0.710459,2.034925
MED00205,8,2026-10-19,Post-Monsoon,2.02008,2.446112,11.543381
MED00206,8,2026-10-19,Post-Monsoon,2.02008,0.137687,1.147616
MED00207,8,2026-10-19,Post-Monsoon,2.02008,0.670477,1.95517
MED00208,8,2026-10-19,Post-Monsoon,2.02008,2.415002,11.189799
MED00209,8,2026-10-19,Post-Monsoon,2.02008,0.897819,2.454245
MED00210,8,2026-10-19,Post-Monsoon,2.02008,0.16803,1.182972
MED00211,8,2026-10-19,Post-Monsoon,2.02008,0.786784,2.196321
MED00212,8,2026-10-19,Post-Monsoon,2.02008,0.755711,2.129124
MED00213,8,2026-10-19,Post-Monsoon,2.02008,0.21463,1.239403
MED00214,8,2026-10-19,Post-Monsoon,2.02008,2.303924,10.013394
MED00215,8,2026-10-19,Post-Monsoon,2.02008,0.819317,2.268949
MED00216,8,2026-10-19,Post-Monsoon,2.02008,-2.427334,0.088272
MED00217,8,2026-10-19,Post-Monsoon,2.02008,-1.437282,0.237573
MED00218,8,2026-10-19,Post-Monsoon,2.02008,1.391257,4.019901
MED00219,8,2026-10-19,Post-Monsoon,2.02008,2.685821,14.670238
MED00220,8,2026-10-19,Post-Monsoon,2.02008,0.726691,2.068225
MED00221,8,2026-10-19,Post-Monsoon,2.02008,1.108317,3.029255
MED00222,8,2026-10-19,Post-Monsoon,2.02008,-0.824894,0.438282
MED00223,8,2026-10-19,Post-Monsoon,2.02008,2.24532,9.443433
MED00224,8,2026-10-19,Post-Monsoon,2.02008,0.572373,1.772468
MED00225,8,2026-10-19,Post-Monsoon,2.02008,1.352272,3.866199
MED00226,8,2026-10-19,Post-Monsoon,2.02008,0.828323,2.289476
MED00227,8,2026-10-19,Post-Monsoon,2.02008,2.706998,14.984234
MED00228,8,2026-10-19,Post-Monsoon,2.02008,0.54908,1.73166
MED00229,8,2026-10-19,Post-Monsoon,2.02008,-0.725604,0.484032
MED00230,8,2026-10-19,Post-Monsoon,2.02008,2.534556,12.610832
MED00231,8,2026-10-19,Post-Monsoon,2.02008,0.481778,1.618951
MED00232,8,2026-10-19,Post-Monsoon,2.02008,1.020233,2.773841
MED00233,8,2026-10-19,Post-Monsoon,2.02008,-0.520547,0.594196
MED00234,8,2026-10-19,Post-Monsoon,2.02008,0.617938,1.855098
MED00235,8,2026-10-19,Post-Monsoon,2.02008,4.193412,66.24847
MED00236,8,2026-10-19,Post-Monsoon,2.02008,0.759752,2.137746
MED00237,8,2026-10-19,Post-Monsoon,2.02008,1.357037,3.884667
MED00238,8,2026-10-19,Post-Monsoon,2.02008,0.664977,1.944446
MED00239,8,2026-10-19,Post-Monsoon,2.02008,1.22247,3.395564
MED00240,8,2026-10-19,Post-Monsoon,2.02008,1.374007,3.951152
MED00241,8,2026-10-19,Post-Monsoon,2.02008,0.89701,2.452258
MED00242,8,2026-10-19,Post-Monsoon,2.02008,2.258282,9.566639
MED00243,8,2026-10-19,Post-Monsoon,2.02008,-1.863887,0.155069
MED00244,8,2026-10-19,Post-Monsoon,2.02008,0.726924,2.068707
MED00245,8,2026-10-19,Post-Monsoon,2.02008,4.29548,73.36741
MED00246,8,2026-10-19,Post-Monsoon,2.02008,1.588129,4.894583
MED00247,8,2026-10-19,Post-Monsoon,2.02008,2.444577,11.52567
MED00248,8,2026-10-19,Post-Monsoon,2.02008,0.760357,2.139039
MED00249,8,2026-10-19,Post-Monsoon,2.02008,3.030484,20.707247
MED00250,8,2026-10-19,Post-Monsoon,2.02008,2.358744,10.577664
MED00251,8,2026-10-19,Post-Monsoon,2.02008,0.610439,1.84124
MED00252,8,2026-10-19,Post-Monsoon,2.02008,-1.050272,0.349842
MED00253,8,2026-10-19,Post-Monsoon,2.02008,1.262159,3.53304
MED00254,8,2026-10-19,Post-Monsoon,2.02008,-1.135564,0.321241
MED00255,8,2026-10-19,Post-Monsoon,2.02008,1.551094,4.71663
MED00256,8,2026-10-19,Post-Monsoon,2.02008,0.785546,2.193604
MED00257,8,2026-10-19,Post-Monsoon,2.02008,1.437139,4.208637
MED00258,8,2026-10-19,Post-Monsoon,2.02008,0.751687,2.120574
MED00259,8,2026-10-19,Post-Monsoon,2.02008,0.789689,2.202711
MED00260,8,2026-10-19,Post-Monsoon,2.02008,-0.765091,0.465292
MED00261,8,2026-10-19,Post-Monsoon,2.02008,-0.320277,0.725948
MED00262,8,2026-10-19,Post-Monsoon,2.02008,1.165624,3.207924
MED00263,8,2026-10-19,Post-Monsoon,2.02008,1.10446,3.017593
MED00264,8,2026-10-19,Post-Monsoon,2.02008,-1.137396,0.320653
MED00265,8,2026-10-19,Post-Monsoon,2.02008,1.761918,5.823598
MED00266,8,2026-10-19,Post-Monsoon,2.02008,2.637848,13.983075
MED00267,8,2026-10-19,Post-Monsoon,2.02008,1.446264,4.247216
MED00268,8,2026-10-19,Post-Monsoon,2.02008,0.744762,2.10594
MED00269,8,2026-10-19,Post-Monsoon,2.02008,0.775724,2.172164
MED00270,8,2026-10-19,Post-Monsoon,2.02008,0.826707,2.28578
MED00271,8,2026-10-19,Post-Monsoon,2.02008,0.533551,1.704976
MED00272,8,2026-10-19,Post-Monsoon,2.02008,1.349709,3.856302
MED00273,8,2026-10-19,Post-Monsoon,2.02008,1.153794,3.170198
MED00274,8,2026-10-19,Post-Monsoon,2.02008,-0.613284,0.54157
MED00275,8,2026-10-19,Post-Monsoon,2.02008,2.440872,11.483044
MED00276,8,2026-10-19,Post-Monsoon,2.02008,0.638182,1.893037
MED00277,8,2026-10-19,Post-Monsoon,2.02008,-1.653892,0.191304
MED00278,8,2026-10-19,Post-Monsoon,2.02008,2.042719,7.711546
MED00279,8,2026-10-19,Post-Monsoon,2.02008,2.93253,18.775074
MED00280,8,2026-10-19,Post-Monsoon,2.02008,-1.510347,0.220833
MED00281,8,2026-10-19,Post-Monsoon,2.02008,2.581123,13.211966
MED00282,8,2026-10-19,Post-Monsoon,2.02008,1.226599,3.409615
MED00283,8,2026-10-19,Post-Monsoon,2.02008,0.860261,2.363778
MED00284,8,2026-10-19,Post-Monsoon,2.02008,0.331015,1.39238
MED00285,8,2026-10-19,Post-Monsoon,2.02008,1.564212,4.778906
MED00286,8,2026-10-19,Post-Monsoon,2.02008,1.37776,3.966007
MED00287,8,2026-10-19,Post-Monsoon,2.02008,1.190416,3.288449
MED00288,8,2026-10-19,Post-Monsoon,2.02008,3.724921,41.467957
MED00289,8,2026-10-19,Post-Monsoon,2.02008,1.383266,3.987904
MED00290,8,2026-10-19,Post-Monsoon,2.02008,0.621029,1.860841
MED00291,8,2026-10-19,Post-Monsoon,2.02008,2.280555,9.782108
MED00292,8,2026-10-19,Post-Monsoon,2.02008,0.587721,1.799882
MED00293,8,2026-10-19,Post-Monsoon,2.02008,1.387055,4.003044
MED00294,8,2026-10-19,Post-Monsoon,2.02008,0.246747,1.279855
MED00295,8,2026-10-19,Post-Monsoon,2.02008,-1.310002,0.26982
MED00296,8,2026-10-19,Post-Monsoon,2.02008,1.376344,3.960396
MED00297,8,2026-10-19,Post-Monsoon,2.02008,1.743988,5.720106
MED00298,8,2026-10-19,Post-Monsoon,2.02008,0.780404,2.182355
MED00299,8,2026-10-19,Post-Monsoon,2.02008,-0.904042,0.40493
MED00300,8,2026-10-19,Post-Monsoon,2.02008,0.636789,1.890401
MED00301,8,2026-10-19,Post-Monsoon,2.02008,1.540587,4.667328
MED00302,8,2026-10-19,Post-Monsoon,2.02008,2.178098,8.8295
MED00303,8,2026-10-19,Post-Monsoon,2.02008,1.001304,2.721828
MED00304,8,2026-10-19,Post-Monsoon,2.02008,1.313398,3.718789
MED00305,8,2026-10-19,Post-Monsoon,2.02008,0.614133,1.848054
MED00306,8,2026-10-19,Post-Monsoon,2.02008,-0.964862,0.381036
MED00307,8,2026-10-19,Post-Monsoon,2.02008,3.253823,25.88912
MED00308,8,2026-10-19,Post-Monsoon,2.02008,-0.455594,0.634071
MED00309,8,2026-10-19,Post-Monsoon,2.02008,1.108508,3.029836
MED00310,8,2026-10-19,Post-Monsoon,2.02008,1.215742,3.372794
MED00311,8,2026-10-19,Post-Monsoon,2.02008,1.210062,3.353693
MED00312,8,2026-10-19,Post-Monsoon,2.02008,-0.54551,0.579546
MED00313,8,2026-10-19,Post-Monsoon,2.02008,-0.8721,0.418073
MED00314,8,2026-10-19,Post-Monsoon,2.02008,2.383082,10.838251
MED00315,8,2026-10-19,Post-Monsoon,2.02008,2.253923,9.525029
MED00316,8,2026-10-19,Post-Monsoon,2.02008,1.000154,2.7187
MED00317,8,2026-10-19,Post-Monsoon,2.02008,0.781362,2.184446
MED00318,8,2026-10-19,Post-Monsoon,2.02008,0.923478,2.518032
MED00319,8,2026-10-19,Post-Monsoon,2.02008,2.399868,11.021724
MED00320,8,2026-10-19,Post-Monsoon,2.02008,1.835272,6.26684
MED00321,8,2026-10-19,Post-Monsoon,2.02008,-0.549375,0.577311
MED00322,8,2026-10-19,Post-Monsoon,2.02008,-1.853455,0.156695
MED00323,8,2026-10-19,Post-Monsoon,2.02008,0.070939,1.073516
MED00324,8,2026-10-19,Post-Monsoon,2.02008,0.40139,1.4939
MED00325,8,2026-10-19,Post-Monsoon,2.02008,1.881576,6.563842
MED00326,8,2026-10-19,Post-Monsoon,2.02008,2.198159,9.008411
MED00327,8,2026-10-19,Post-Monsoon,2.02008,1.011167,2.748808
MED00328,8,2026-10-19,Post-Monsoon,2.02008,1.380448,3.976684
MED00329,8,2026-10-19,Post-Monsoon,2.02008,2.373696,10.736999
MED00330,8,2026-10-19,Post-Monsoon,2.02008,1.40251,4.065392
MED00331,8,2026-10-19,Post-Monsoon,2.02008,0.639463,1.895463
MED00332,8,2026-10-19,Post-Monsoon,2.02008,1.005558,2.733432
MED00333,8,2026-10-19,Post-Monsoon,2.02008,1.109275,3.032159
MED00334,8,2026-10-19,Post-Monsoon,2.02008,2.35563,10.544774
MED00335,8,2026-10-19,Post-Monsoon,2.02008,1.702122,5.485574
MED00336,8,2026-10-19,Post-Monsoon,2.02008,2.229622,9.296349
MED00337,8,2026-10-19,Post-Monsoon,2.02008,4.185576,65.731316
MED00338,8,2026-10-19,Post-Monsoon,2.02008,2.352715,10.514079
MED00339,8,2026-10-19,Post-Monsoon,2.02008,0.58093,1.7877
MED00340,8,2026-10-19,Post-Monsoon,2.02008,0.475644,1.60905
MED00341,8,2026-10-19,Post-Monsoon,2.02008,1.583577,4.872352
MED00342,8,2026-10-19,Post-Monsoon,2.02008,0.70526,2.024373
MED00343,8,2026-10-19,Post-Monsoon,2.02008,2.308952,10.063873
MED00344,8,2026-10-19,Post-Monsoon,2.02008,1.44776,4.253575
MED00345,8,2026-10-19,Post-Monsoon,2.02008,-1.805652,0.164367
MED00346,8,2026-10-19,Post-Monsoon,2.02008,1.10299,3.013163
MED00347,8,2026-10-19,Post-Monsoon,2.02008,-1.803092,0.164789
MED00348,8,2026-10-19,Post-Monsoon,2.02008,0.588819,1.801859
MED00349,8,2026-10-19,Post-Monsoon,2.02008,0.823538,2.278546
MED00350,8,2026-10-19,Post-Monsoon,2.02008,0.060177,1.062025
MED00351,8,2026-10-19,Post-Monsoon,2.02008,-0.828588,0.436665
MED00352,8,2026-10-19,Post-Monsoon,2.02008,-1.444052,0.23597
MED00353,8,2026-10-19,Post-Monsoon,2.02008,-0.256881,0.77346
MED00354,8,2026-10-19,Post-Monsoon,2.02008,-0.164415,0.84839
MED00355,8,2026-10-19,Post-Monsoon,2.02008,2.262802,9.609975
MED00356,8,2026-10-19,Post-Monsoon,2.02008,0.674008,1.962085
MED00357,8,2026-10-19,Post-Monsoon,2.02008,-1.552943,0.211624
MED00358,8,2026-10-19,Post-Monsoon,2.02008,1.583491,4.871934
MED00359,8,2026-10-19,Post-Monsoon,2.02008,0.744732,2.105878
MED00360,8,2026-10-19,Post-Monsoon,2.02008,0.982135,2.670152
MED00361,8,2026-10-19,Post-Monsoon,2.02008,0.801598,2.2291
MED00362,8,2026-10-19,Post-Monsoon,2.02008,0.898845,2.456763
MED00363,8,2026-10-19,Post-Monsoon,2.02008,0.565766,1.760796
MED00364,8,2026-10-19,Post-Monsoon,2.02008,-1.894355,0.150415
MED00365,8,2026-10-19,Post-Monsoon,2.02008,0.776225,2.173252
MED00366,8,2026-10-19,Post-Monsoon,2.02008,2.24927,9.480814
MED00367,8,2026-10-19,Post-Monsoon,2.02008,0.749979,2.116956
MED00368,8,2026-10-19,Post-Monsoon,2.02008,1.007954,2.73999
MED00369,8,2026-10-19,Post-Monsoon,2.02008,1.254106,3.504702
MED00370,8,2026-10-19,Post-Monsoon,2.02008,-0.929695,0.394674
MED00371,8,2026-10-19,Post-Monsoon,2.02008,2.746518,15.588254
MED00372,8,2026-10-19,Post-Monsoon,2.02008,-1.670965,0.188066
MED00373,8,2026-10-19,Post-Monsoon,2.02008,-0.454275,0.634908
MED00374,8,2026-10-19,Post-Monsoon,2.02008,0.58692,1.798441
MED00375,8,2026-10-19,Post-Monsoon,2.02008,2.698027,14.850398
MED00376,8,2026-10-19,Post-Monsoon,2.02008,0.735426,2.086371
MED00377,8,2026-10-19,Post-Monsoon,2.02008,-0.664838,0.514357
MED00378,8,2026-10-19,Post-Monsoon,2.02008,0.760338,2.139
MED00379,8,2026-10-19,Post-Monsoon,2.02008,-0.60604,0.545507
MED00380,8,2026-10-19,Post-Monsoon,2.02008,-0.767154,0.464333
MED00381,8,2026-10-19,Post-Monsoon,2.02008,0.275341,1.31698
MED00382,8,2026-10-19,Post-Monsoon,2.02008,0.857839,2.358058
MED00383,8,2026-10-19,Post-Monsoon,2.02008,1.849595,6.357246
MED00384,8,2026-10-19,Post-Monsoon,2.02008,0.714032,2.042209
MED00385,8,2026-10-19,Post-Monsoon,2.02008,2.917644,18.497652
MED00386,8,2026-10-19,Post-Monsoon,2.02008,2.65241,14.188195
MED00387,8,2026-10-19,Post-Monsoon,2.02008,2.914152,18.433178
MED00388,8,2026-10-19,Post-Monsoon,2.02008,4.516666,91.52997
MED00389,8,2026-10-19,Post-Monsoon,2.02008,2.124563,8.369237
MED00390,8,2026-10-19,Post-Monsoon,2.02008,2.841262,17.137377
MED00391,8,2026-10-19,Post-Monsoon,2.02008,2.795161,16.365267
MED00392,8,2026-10-19,Post-Monsoon,2.02008,2.817274,16.731176
MED00393,8,2026-10-19,Post-Monsoon,2.02008,2.464717,11.760153
MED00394,8,2026-10-19,Post-Monsoon,2.02008,2.600568,13.471392
MED00395,8,2026-10-19,Post-Monsoon,2.02008,2.806464,16.551285
MED00396,8,2026-10-19,Post-Monsoon,2.02008,4.024932,55.97647
MED00397,8,2026-10-19,Post-Monsoon,2.02008,3.812768,45.275597
MED00398,8,2026-10-19,Post-Monsoon,2.02008,4.654728,105.08068
MED00399,8,2026-10-19,Post-Monsoon,2.02008,4.509589,90.884476
MED00400,8,2026-10-19,Post-Monsoon,2.02008,4.280708,72.291595
MED00401,8,2026-10-19,Post-Monsoon,2.02008,2.619896,13.734287
MED00402,8,2026-10-19,Post-Monsoon,2.02008,2.901386,18.199362
MED00403,8,2026-10-19,Post-Monsoon,2.02008,2.434206,11.406761
MED00404,8,2026-10-19,Post-Monsoon,2.02008,1.494172,4.455648
MED00405,8,2026-10-19,Post-Monsoon,2.02008,1.977987,7.228181
MED00406,8,2026-10-19,Post-Monsoon,2.02008,2.981124,19.70996
MED00407,8,2026-10-19,Post-Monsoon,2.02008,2.87413,17.710018
MED00408,8,2026-10-19,Post-Monsoon,2.02008,1.83061,6.237691
MED00409,8,2026-10-19,Post-Monsoon,2.02008,2.33712,10.351387
MED00410,8,2026-10-19,Post-Monsoon,2.02008,2.128862,8.405292
MED00411,8,2026-10-19,Post-Monsoon,2.02008,2.870909,17.653053
MED00412,8,2026-10-19,Post-Monsoon,2.02008,2.466306,11.778861
MED00413,8,2026-10-19,Post-Monsoon,2.02008,2.525708,12.499744
MED00414,8,2026-10-19,Post-Monsoon,2.02008,2.873402,17.697128
MED00415,8,2026-10-19,Post-Monsoon,2.02008,2.524408,12.483495
MED00416,8,2026-10-19,Post-Monsoon,2.02008,2.819693,16.771702
MED00417,8,2026-10-19,Post-Monsoon,2.02008,1.971211,7.179364
MED00418,8,2026-10-19,Post-Monsoon,2.02008,1.913994,6.780111
MED00419,8,2026-10-19,Post-Monsoon,2.02008,2.129994,8.414811
MED00420,8,2026-10-19,Post-Monsoon,2.02008,2.899339,18.162136
MED00421,8,2026-10-19,Post-Monsoon,2.02008,2.945217,19.014791
MED00422,8,2026-10-19,Post-Monsoon,2.02008,2.810067,16.611034
MED00423,8,2026-10-19,Post-Monsoon,2.02008,2.46926,11.813696
MED00424,8,2026-10-19,Post-Monsoon,2.02008,4.366053,78.73227
MED00001,9,2026-10-26,Post-Monsoon,2.02008,2.514202,12.356751
MED00002,9,2026-10-26,Post-Monsoon,2.02008,-2.019377,0.132738
MED00003,9,2026-10-26,Post-Monsoon,2.02008,-1.270136,0.280793
MED00004,9,2026-10-26,Post-Monsoon,2.02008,-0.251847,0.777363
MED00005,9,2026-10-26,Post-Monsoon,2.02008,0.687596,1.988928
MED00006,9,2026-10-26,Post-Monsoon,2.02008,0.486106,1.625972
MED00007,9,2026-10-26,Post-Monsoon,2.02008,1.126494,3.084822
MED00008,9,2026-10-26,Post-Monsoon,2.02008,-0.44724,0.639391
MED00009,9,2026-10-26,Post-Monsoon,2.02008,1.166582,3.210998
MED00010,9,2026-10-26,Post-Monsoon,2.02008,1.334884,3.799555
MED00011,9,2026-10-26,Post-Monsoon,2.02008,2.960255,19.30289
MED00012,9,2026-10-26,Post-Monsoon,2.02008,0.702957,2.019715
MED00013,9,2026-10-26,Post-Monsoon,2.02008,1.256592,3.513427
MED00014,9,2026-10-26,Post-Monsoon,2.02008,2.694422,14.796957
MED00015,9,2026-10-26,Post-Monsoon,2.02008,-0.694398,0.499375
MED00016,9,2026-10-26,Post-Monsoon,2.02008,0.768138,2.155749
MED00017,9,2026-10-26,Post-Monsoon,2.02008,0.631408,1.880255
MED00018,9,2026-10-26,Post-Monsoon,2.02008,4.413402,82.54983
MED00019,9,2026-10-26,Post-Monsoon,2.02008,3.869508,47.91878
MED00020,9,2026-10-26,Post-Monsoon,2.02008,2.337715,10.357542
MED00021,9,2026-10-26,Post-Monsoon,2.02008,1.307333,3.696302
MED00022,9,2026-10-26,Post-Monsoon,2.02008,0.820115,2.270761
MED00023,9,2026-10-26,Post-Monsoon,2.02008,0.204465,1.226868
MED00024,9,2026-10-26,Post-Monsoon,2.02008,1.001169,2.721461
MED00025,9,2026-10-26,Post-Monsoon,2.02008,-2.190919,0.111814
MED00026,9,2026-10-26,Post-Monsoon,2.02008,-1.109901,0.329591
MED00027,9,2026-10-26,Post-Monsoon,2.02008,-1.496268,0.223964
MED00028,9,2026-10-26,Post-Monsoon,2.02008,-0.72983,0.481991
MED00029,9,2026-10-26,Post-Monsoon,2.02008,2.433689,11.400858
MED00030,9,2026-10-26,Post-Monsoon,2.02008,1.27423,3.575946
MED00031,9,2026-10-26,Post-Monsoon,2.02008,1.121284,3.068792
MED00032,9,2026-10-26,Post-Monsoon,2.02008,0.814359,2.257728
MED00033,9,2026-10-26,Post-Monsoon,2.02008,-0.063581,0.938398
MED00034,9,2026-10-26,Post-Monsoon,2.02008,3.001521,20.116102
MED00035,9,2026-10-26,Post-Monsoon,2.02008,-0.861792,0.422404
MED00036,9,2026-10-26,Post-Monsoon,2.02008,0.458773,1.582132
MED00037,9,2026-10-26,Post-Monsoon,2.02008,1.30582,3.690714
MED00038,9,2026-10-26,Post-Monsoon,2.02008,2.516199,12.381444
MED00039,9,2026-10-26,Post-Monsoon,2.02008,-0.013512,0.986578
MED00040,9,2026-10-26,Post-Monsoon,2.02008,-0.603344,0.546979
MED00041,9,2026-10-26,Post-Monsoon,2.02008,-0.57774,0.561165
MED00042,9,2026-10-26,Post-Monsoon,2.02008,1.168065,3.215763
MED00043,9,2026-10-26,Post-Monsoon,2.02008,-0.791892,0.452987
MED00044,9,2026-10-26,Post-Monsoon,2.02008,0.661251,1.937214
MED00045,9,2026-10-26,Post-Monsoon,2.02008,0.536311,1.709688
MED00046,9,2026-10-26,Post-Monsoon,2.02008,0.800145,2.225864
MED00047,9,2026-10-26,Post-Monsoon,2.02008,1.564982,4.782589
MED00048,9,2026-10-26,Post-Monsoon,2.02008,2.530017,12.553721
MED00049,9,2026-10-26,Post-Monsoon,2.02008,-1.841137,0.158637
MED00050,9,2026-10-26,Post-Monsoon,2.02008,0.956865,2.603521
MED00051,9,2026-10-26,Post-Monsoon,2.02008,-1.971223,0.139286
MED00052,9,2026-10-26,Post-Monsoon,2.02008,-0.742977,0.475696
MED00053,9,2026-10-26,Post-Monsoon,2.02008,1.718018,5.573472
MED00054,9,2026-10-26,Post-Monsoon,2.02008,1.690862,5.424152
MED00055,9,2026-10-26,Post-Monsoon,2.02008,-0.175576,0.838974
MED00056,9,2026-10-26,Post-Monsoon,2.02008,-0.488063,0.613814
MED00057,9,2026-10-26,Post-Monsoon,2.02008,-0.885702,0.412424
MED00058,9,2026-10-26,Post-Monsoon,2.02008,0.496285,1.642608
MED00059,9,2026-10-26,Post-Monsoon,2.02008,2.050793,7.774066
MED00060,9,2026-10-26,Post-Monsoon,2.02008,1.737564,5.683481
MED00061,9,2026-10-26,Post-Monsoon,2.02008,-0.42766,0.652033
MED00062,9,2026-10-26,Post-Monsoon,2.02008,2.462814,11.737797
MED00063,9,2026-10-26,Post-Monsoon,2.02008,-2.108416,0.12143
MED00064,9,2026-10-26,Post-Monsoon,2.02008,3.143204,23.178015
MED00065,9,2026-10-26,Post-Monsoon,2.02008,4.144082,63.05974
MED00066,9,2026-10-26,Post-Monsoon,2.02008,-0.816439,0.442003
MED00067,9,2026-10-26,Post-Monsoon,2.02008,0.751517,2.120213
MED00068,9,2026-10-26,Post-Monsoon,2.02008,1.137407,3.11867
MED00069,9,2026-10-26,Post-Monsoon,2.02008,0.521806,1.685068
MED00070,9,2026-10-26,Post-Monsoon,2.02008,2.376707,10.769384
MED00071,9,2026-10-26,Post-Monsoon,2.02008,0.714731,2.043638
MED00072,9,2026-10-26,Post-Monsoon,2.02008,0.74415,2.104652
MED00073,9,2026-10-26,Post-Monsoon,2.02008,1.123657,3.076083
MED00074,9,2026-10-26,Post-Monsoon,2.02008,1.015942,2.761964
MED00075,9,2026-10-26,Post-Monsoon,2.02008,1.068634,2.911398
MED00076,9,2026-10-26,Post-Monsoon,2.02008,-1.443099,0.236195
MED00077,9,2026-10-26,Post-Monsoon,2.02008,1.354237,3.873803
MED00078,9,2026-10-26,Post-Monsoon,2.02008,1.047398,2.850226
MED00079,9,2026-10-26,Post-Monsoon,2.02008,2.968618,19.464994
MED00080,9,2026-10-26,Post-Monsoon,2.02008,1.189704,3.286107
MED00081,9,2026-10-26,Post-Monsoon,2.02008,-1.018106,0.361279
MED00082,9,2026-10-26,Post-Monsoon,2.02008,1.02046,2.77447
MED00083,9,2026-10-26,Post-Monsoon,2.02008,1.154751,3.173234
MED00084,9,2026-10-26,Post-Monsoon,2.02008,3.772858,43.50423
MED00085,9,2026-10-26,Post-Monsoon,2.02008,0.72425,2.063182
MED00086,9,2026-10-26,Post-Monsoon,2.02008,-1.0824,0.338781
MED00087,9,2026-10-26,Post-Monsoon,2.02008,0.571842,1.771527
MED00088,9,2026-10-26,Post-Monsoon,2.02008,3.356572,28.69066
MED00089,9,2026-10-26,Post-Monsoon,2.02008,2.725618,15.265851
MED00090,9,2026-10-26,Post-Monsoon,2.02008,0.921439,2.512904
MED00091,9,2026-10-26,Post-Monsoon,2.02008,0.721465,2.057446
MED00092,9,2026-10-26,Post-Monsoon,2.02008,0.506755,1.659896
MED00093,9,2026-10-26,Post-Monsoon,2.02008,-1.324293,0.265991
MED00094,9,2026-10-26,Post-Monsoon,2.02008,-0.539649,0.582953
MED00095,9,2026-10-26,Post-Monsoon,2.02008,1.059986,2.88633
MED00096,9,2026-10-26,Post-Monsoon,2.02008,2.599308,13.454425
MED00097,9,2026-10-26,Post-Monsoon,2.02008,-0.881291,0.414248
MED00098,9,2026-10-26,Post-Monsoon,2.02008,2.067292,7.903395
MED00099,9,2026-10-26,Post-Monsoon,2.02008,-1.436147,0.237842
MED00100,9,2026-10-26,Post-Monsoon,2.02008,-1.88904,0.151217
MED00101,9,2026-10-26,Post-Monsoon,2.02008,1.356081,3.880955
MED00102,9,2026-10-26,Post-Monsoon,2.02008,1.419443,4.134816
MED00103,9,2026-10-26,Post-Monsoon,2.02008,0.996355,2.708392
MED00104,9,2026-10-26,Post-Monsoon,2.02008,1.96939,7.166304
MED00105,9,2026-10-26,Post-Monsoon,2.02008,2.406107,11.090697
MED00106,9,2026-10-26,Post-Monsoon,2.02008,-2.075546,0.125488
MED00107,9,2026-10-26,Post-Monsoon,2.02008,2.034546,7.648782
MED00108,9,2026-10-26,Post-Monsoon,2.02008,1.023374,2.782567
MED00109,9,2026-10-26,Post-Monsoon,2.02008,-0.958379,0.383514
MED00110,9,2026-10-26,Post-Monsoon,2.02008,-0.861594,0.422488
MED00111,9,2026-10-26,Post-Monsoon,2.02008,-0.415022,0.660326
MED00112,9,2026-10-26,Post-Monsoon,2.02008,1.011335,2.749269
MED00113,9,2026-10-26,Post-Monsoon,2.02008,0.653752,1.922741
MED00114,9,2026-10-26,Post-Monsoon,2.02008,2.583538,13.24391
MED00115,9,2026-10-26,Post-Monsoon,2.02008,0.707721,2.029361
MED00116,9,2026-10-26,Post-Monsoon,2.02008,2.010981,7.47064
MED00117,9,2026-10-26,Post-Monsoon,2.02008,0.567686,1.764179
MED00118,9,2026-10-26,Post-Monsoon,2.02008,0.51286,1.670062
MED00119,9,2026-10-26,Post-Monsoon,2.02008,0.659494,1.933814
MED00120,9,2026-10-26,Post-Monsoon,2.02008,2.383142,10.838902
MED00121,9,2026-10-26,Post-Monsoon,2.02008,1.157017,3.180431
MED00122,9,2026-10-26,Post-Monsoon,2.02008,0.827209,2.286927
MED00123,9,2026-10-26,Post-Monsoon,2.02008,-0.174754,0.839663
MED00124,9,2026-10-26,Post-Monsoon,2.02008,2.002857,7.410195
MED00125,9,2026-10-26,Post-Monsoon,2.02008,-1.336808,0.262683
MED00126,9,2026-10-26,Post-Monsoon,2.02008,-0.286811,0.750654
MED00127,9,2026-10-26,Post-Monsoon,2.02008,0.711297,2.036632
MED00128,9,2026-10-26,Post-Monsoon,2.02008,0.740221,2.096398
MED00129,9,2026-10-26,Post-Monsoon,2.02008,0.594564,1.812241
MED00130,9,2026-10-26,Post-Monsoon,2.02008,-1.814098,0.162985
MED00131,9,2026-10-26,Post-Monsoon,2.02008,0.752286,2.121845
MED00132,9,2026-10-26,Post-Monsoon,2.02008,-0.571209,0.564842
MED00133,9,2026-10-26,Post-Monsoon,2.02008,-0.493462,0.610509
MED00134,9,2026-10-26,Post-Monsoon,2.02008,-0.759771,0.467774
MED00135,9,2026-10-26,Post-Monsoon,2.02008,2.593527,13.376873
MED00136,9,2026-10-26,Post-Monsoon,2.02008,0.590335,1.804594
MED00137,9,2026-10-26,Post-Monsoon,2.02008,0.788161,2.199349
MED00138,9,2026-10-26,Post-Monsoon,2.02008,0.721085,2.056663
MED00139,9,2026-10-26,Post-Monsoon,2.02008,1.043312,2.838602
MED00140,9,2026-10-26,Post-Monsoon,2.02008,0.602771,1.827174
MED00141,9,2026-10-26,Post-Monsoon,2.02008,1.444599,4.24015
MED00142,9,2026-10-26,Post-Monsoon,2.02008,-0.933389,0.393219
MED00143,9,2026-10-26,Post-Monsoon,2.02008,0.618042,1.855291
MED00144,9,2026-10-26,Post-Monsoon,2.02008,1.705553,5.504428
MED00145,9,2026-10-26,Post-Monsoon,2.02008,-0.421416,0.656117
MED00146,9,2026-10-26,Post-Monsoon,2.02008,0.599525,1.821253
MED00147,9,2026-10-26,Post-Monsoon,2.02008,0.606105,1.833276
MED00148,9,2026-10-26,Post-Monsoon,2.02008,1.746625,5.735212
MED00149,9,2026-10-26,Post-Monsoon,2.02008,1.257977,3.518298
MED00150,9,2026-10-26,Post-Monsoon,2.02008,0.477582,1.612172
MED00151,9,2026-10-26,Post-Monsoon,2.02008,0.74617,2.108908
MED00152,9,2026-10-26,Post-Monsoon,2.02008,0.765517,2.150106
MED00153,9,2026-10-26,Post-Monsoon,2.02008,0.77063,2.161128
MED00154,9,2026-10-26,Post-Monsoon,2.02008,2.708801,15.011267
MED00155,9,2026-10-26,Post-Monsoon,2.02008,0.692551,1.998808
MED00156,9,2026-10-26,Post-Monsoon,2.02008,0.863807,2.372174
MED00157,9,2026-10-26,Post-Monsoon,2.02008,1.448865,4.258277
MED00158,9,2026-10-26,Post-Monsoon,2.02008,-1.347432,0.259907
MED00159,9,2026-10-26,Post-Monsoon,2.02008,2.39581,10.977085
MED00160,9,2026-10-26,Post-Monsoon,2.02008,1.226624,3.409699
MED00161,9,2026-10-26,Post-Monsoon,2.02008,1.747373,5.739506
MED00162,9,2026-10-26,Post-Monsoon,2.02008,0.745612,2.10773
MED00163,9,2026-10-26,Post-Monsoon,2.02008,-1.095498,0.334373
MED00164,9,2026-10-26,Post-Monsoon,2.02008,0.668467,1.951243
MED00165,9,2026-10-26,Post-Monsoon,2.02008,2.170355,8.761393
MED00166,9,2026-10-26,Post-Monsoon,2.02008,0.729063,2.073136
MED00167,9,2026-10-26,Post-Monsoon,2.02008,0.612351,1.844763
MED00168,9,2026-10-26,Post-Monsoon,2.02008,0.636391,1.889648
MED00169,9,2026-10-26,Post-Monsoon,2.02008,0.588604,1.801473
MED00170,9,2026-10-26,Post-Monsoon,2.02008,0.58364,1.792551
MED00171,9,2026-10-26,Post-Monsoon,2.02008,0.781514,2.184778
MED00172,9,2026-10-26,Post-Monsoon,2.02008,0.632961,1.883179
MED00173,9,2026-10-26,Post-Monsoon,2.02008,0.798942,2.223189
MED00174,9,2026-10-26,Post-Monsoon,2.02008,1.812558,6.1261
MED00175,9,2026-10-26,Post-Monsoon,2.02008,0.044247,1.045241
MED00176,9,2026-10-26,Post-Monsoon,2.02008,2.567018,13.026924
MED00177,9,2026-10-26,Post-Monsoon,2.02008,-1.372024,0.253593
MED00178,9,2026-10-26,Post-Monsoon,2.02008,0.601731,1.825275
MED00179,9,2026-10-26,Post-Monsoon,2.02008,-0.641793,0.526348
MED00180,9,2026-10-26,Post-Monsoon,2.02008,0.666366,1.947149
MED00181,9,2026-10-26,Post-Monsoon,2.02008,1.084574,2.958178
MED00182,9,2026-10-26,Post-Monsoon,2.02008,-1.301992,0.27199
MED00183,9,2026-10-26,Post-Monsoon,2.02008,2.773564,16.015606
MED00184,9,2026-10-26,Post-Monsoon,2.02008,1.996951,7.36656
MED00185,9,2026-10-26,Post-Monsoon,2.02008,0.614333,1.848423
MED00186,9,2026-10-26,Post-Monsoon,2.02008,0.632739,1.88276
MED00187,9,2026-10-26,Post-Monsoon,2.02008,0.96876,2.634676
MED00188,9,2026-10-26,Post-Monsoon,2.02008,1.104469,3.017621
MED00189,9,2026-10-26,Post-Monsoon,2.02008,-1.615757,0.19874
MED00190,9,2026-10-26,Post-Monsoon,2.02008,0.74853,2.113891
MED00191,9,2026-10-26,Post-Monsoon,2.02008,2.396452,10.984132
MED00192,9,2026-10-26,Post-Monsoon,2.02008,-1.64022,0.193937
MED00193,9,2026-10-26,Post-Monsoon,2.02008,-2.103475,0.122032
MED00194,9,2026-10-26,Post-Monsoon,2.02008,1.993903,7.344144
MED00195,9,2026-10-26,Post-Monsoon,2.02008,1.870521,6.49168
MED00196,9,2026-10-26,Post-Monsoon,2.02008,2.012639,7.48304
MED00197,9,2026-10-26,Post-Monsoon,2.02008,1.954161,7.057994
MED00198,9,2026-10-26,Post-Monsoon,2.02008,0.563212,1.756304
MED00199,9,2026-10-26,Post-Monsoon,2.02008,0.353602,1.424188
MED00200,9,2026-10-26,Post-Monsoon,2.02008,0.613707,1.847266
MED00201,9,2026-10-26,Post-Monsoon,2.02008,2.125669,8.378501
MED00202,9,2026-10-26,Post-Monsoon,2.02008,0.57353,1.77452
MED00203,9,2026-10-26,Post-Monsoon,2.02008,0.750741,2.118569
MED00204,9,2026-10-26,Post-Monsoon,2.02008,0.707436,2.028782
MED00205,9,2026-10-26,Post-Monsoon,2.02008,2.439152,11.463313
MED00206,9,2026-10-26,Post-Monsoon,2.02008,0.124775,1.132894
MED00207,9,2026-10-26,Post-Monsoon,2.02008,0.666563,1.947532
MED00208,9,2026-10-26,Post-Monsoon,2.02008,2.408042,11.112185
MED00209,9,2026-10-26,Post-Monsoon,2.02008,0.86857,2.383499
MED00210,9,2026-10-26,Post-Monsoon,2.02008,0.186439,1.204951
MED00211,9,2026-10-26,Post-Monsoon,2.02008,0.785091,2.192608
MED00212,9,2026-10-26,Post-Monsoon,2.02008,0.73773,2.091184
MED00213,9,2026-10-26,Post-Monsoon,2.02008,0.214442,1.23917
MED00214,9,2026-10-26,Post-Monsoon,2.02008,2.273668,9.714966
MED00215,9,2026-10-26,Post-Monsoon,2.02008,0.817625,2.265113
MED00216,9,2026-10-26,Post-Monsoon,2.02008,-2.390405,0.091593
MED00217,9,2026-10-26,Post-Monsoon,2.02008,-1.400476,0.24648
MED00218,9,2026-10-26,Post-Monsoon,2.02008,1.382718,3.98572
MED00219,9,2026-10-26,Post-Monsoon,2.02008,2.683968,14.64308
MED00220,9,2026-10-26,Post-Monsoon,2.02008,0.722565,2.059709
MED00221,9,2026-10-26,Post-Monsoon,2.02008,1.097727,2.997347
MED00222,9,2026-10-26,Post-Monsoon,2.02008,-0.820627,0.440156
MED00223,9,2026-10-26,Post-Monsoon,2.02008,2.238199,9.376431
MED00224,9,2026-10-26,Post-Monsoon,2.02008,0.568271,1.765212
MED00225,9,2026-10-26,Post-Monsoon,2.02008,1.337554,3.809715
MED00226,9,2026-10-26,Post-Monsoon,2.02008,0.828077,2.288914
MED00227,9,2026-10-26,Post-Monsoon,2.02008,2.707228,14.987671
MED00228,9,2026-10-26,Post-Monsoon,2.02008,0.53725,1.711294
MED00229,9,2026-10-26,Post-Monsoon,2.02008,-0.143604,0.86623
MED00230,9,2026-10-26,Post-Monsoon,2.02008,2.546352,12.760473
MED00231,9,2026-10-26,Post-Monsoon,2.02008,0.479516,1.615293
MED00232,9,2026-10-26,Post-Monsoon,2.02008,1.01417,2.757074
MED00233,9,2026-10-26,Post-Monsoon,2.02008,-0.520547,0.594196
MED00234,9,2026-10-26,Post-Monsoon,2.02008,0.615676,1.850907
MED00235,9,2026-10-26,Post-Monsoon,2.02008,4.220157,68.044174
MED00236,9,2026-10-26,Post-Monsoon,2.02008,0.75806,2.134132
MED00237,9,2026-10-26,Post-Monsoon,2.02008,1.350941,3.861059
MED00238,9,2026-10-26,Post-Monsoon,2.02008,0.661063,1.93685
MED00239,9,2026-10-26,Post-Monsoon,2.02008,1.216641,3.37583
MED00240,9,2026-10-26,Post-Monsoon,2.02008,1.36773,3.926427
MED00241,9,2026-10-26,Post-Monsoon,2.02008,0.895317,2.448113
MED00242,9,2026-10-26,Post-Monsoon,2.02008,2.253766,9.52353
MED00243,9,2026-10-26,Post-Monsoon,2.02008,-1.827082,0.160882
MED00244,9,2026-10-26,Post-Monsoon,2.02008,0.72358,2.0618
MED00245,9,2026-10-26,Post-Monsoon,2.02008,4.31131,74.538055
MED00246,9,2026-10-26,Post-Monsoon,2.02008,1.57959,4.852966
MED00247,9,2026-10-26,Post-Monsoon,2.02008,2.437616,11.445725
MED00248,9,2026-10-26,Post-Monsoon,2.02008,0.738607,2.093017
MED00249,9,2026-10-26,Post-Monsoon,2.02008,2.996684,20.019035
MED00250,9,2026-10-26,Post-Monsoon,2.02008,2.31818,10.157172
MED00251,9,2026-10-26,Post-Monsoon,2.02008,0.606525,1.834047
MED00252,9,2026-10-26,Post-Monsoon,2.02008,-1.023933,0.35918
MED00253,9,2026-10-26,Post-Monsoon,2.02008,1.2569,3.514508
MED00254,9,2026-10-26,Post-Monsoon,2.02008,-1.109224,0.329815
MED00255,9,2026-10-26,Post-Monsoon,2.02008,1.532034,4.62758
MED00256,9,2026-10-26,Post-Monsoon,2.02008,0.753297,2.123992
MED00257,9,2026-10-26,Post-Monsoon,2.02008,1.430862,4.1823
MED00258,9,2026-10-26,Post-Monsoon,2.02008,0.750306,2.117648
MED00259,9,2026-10-26,Post-Monsoon,2.02008,0.787427,2.197734
MED00260,9,2026-10-26,Post-Monsoon,2.02008,-0.774089,0.461124
MED00261,9,2026-10-26,Post-Monsoon,2.02008,-0.329463,0.71931
MED00262,9,2026-10-26,Post-Monsoon,2.02008,1.090592,2.976036
MED00263,9,2026-10-26,Post-Monsoon,2.02008,1.064294,2.898791
MED00264,9,2026-10-26,Post-Monsoon,2.02008,-1.137272,0.320693
MED00265,9,2026-10-26,Post-Monsoon,2.02008,1.753379,5.77408
MED00266,9,2026-10-26,Post-Monsoon,2.02008,2.621602,13.75774
MED00267,9,2026-10-26,Post-Monsoon,2.02008,1.437198,4.208884
MED00268,9,2026-10-26,Post-Monsoon,2.02008,0.7425,2.101182
MED00269,9,2026-10-26,Post-Monsoon,2.02008,0.77181,2.163678
MED00270,9,2026-10-26,Post-Monsoon,2.02008,0.822793,2.276851
MED00271,9,2026-10-26,Post-Monsoon,2.02008,0.531289,1.701124
MED00272,9,2026-10-26,Post-Monsoon,2.02008,1.330282,3.782112
MED00273,9,2026-10-26,Post-Monsoon,2.02008,1.12934,3.093613
MED00274,9,2026-10-26,Post-Monsoon,2.02008,-0.602606,0.547383
MED00275,9,2026-10-26,Post-Monsoon,2.02008,2.423111,11.280899
MED00276,9,2026-10-26,Post-Monsoon,2.02008,0.63592,1.88876
MED00277,9,2026-10-26,Post-Monsoon,2.02008,-1.616963,0.198501
MED00278,9,2026-10-26,Post-Monsoon,2.02008,2.035758,7.658056
MED00279,9,2026-10-26,Post-Monsoon,2.02008,2.926133,18.655354
MED00280,9,2026-10-26,Post-Monsoon,2.02008,-1.473542,0.229113
MED00281,9,2026-10-26,Post-Monsoon,2.02008,2.55487,12.869619
MED00282,9,2026-10-26,Post-Monsoon,2.02008,1.20306,3.330291
MED00283,9,2026-10-26,Post-Monsoon,2.02008,0.823758,2.279048
MED00284,9,2026-10-26,Post-Monsoon,2.02008,0.320365,1.37763
MED00285,9,2026-10-26,Post-Monsoon,2.02008,1.555672,4.738272
MED00286,9,2026-10-26,Post-Monsoon,2.02008,1.380134,3.975436
MED00287,9,2026-10-26,Post-Monsoon,2.02008,1.160873,3.19272
MED00288,9,2026-10-26,Post-Monsoon,2.02008,3.713553,40.999214
MED00289,9,2026-10-26,Post-Monsoon,2.02008,1.404583,4.073827
MED00290,9,2026-10-26,Post-Monsoon,2.02008,0.618767,1.856637
MED00291,9,2026-10-26,Post-Monsoon,2.02008,2.253226,9.518389
MED00292,9,2026-10-26,Post-Monsoon,2.02008,0.571922,1.771669
MED00293,9,2026-10-26,Post-Monsoon,2.02008,1.371951,3.943035
MED00294,9,2026-10-26,Post-Monsoon,2.02008,0.237562,1.268153
MED00295,9,2026-10-26,Post-Monsoon,2.02008,-1.295627,0.273726
MED00296,9,2026-10-26,Post-Monsoon,2.02008,1.364705,3.914566
MED00297,9,2026-10-26,Post-Monsoon,2.02008,1.735448,5.671469
MED00298,9,2026-10-26,Post-Monsoon,2.02008,0.77649,2.17383
MED00299,9,2026-10-26,Post-Monsoon,2.02008,-0.864399,0.421305
MED00300,9,2026-10-26,Post-Monsoon,2.02008,0.641888,1.900065
MED00301,9,2026-10-26,Post-Monsoon,2.02008,1.525869,4.599139
MED00302,9,2026-10-26,Post-Monsoon,2.02008,2.177593,8.825037
MED00303,9,2026-10-26,Post-Monsoon,2.02008,1.00076,2.720349
MED00304,9,2026-10-26,Post-Monsoon,2.02008,1.308747,3.701532
MED00305,9,2026-10-26,Post-Monsoon,2.02008,0.620884,1.860573
MED00306,9,2026-10-26,Post-Monsoon,2.02008,-0.957266,0.383941
MED00307,9,2026-10-26,Post-Monsoon,2.02008,3.24469,25.653755
MED00308,9,2026-10-26,Post-Monsoon,2.02008,-0.464592,0.628392
MED00309,9,2026-10-26,Post-Monsoon,2.02008,1.097919,2.997921
MED00310,9,2026-10-26,Post-Monsoon,2.02008,1.189679,3.286026
MED00311,9,2026-10-26,Post-Monsoon,2.02008,1.206495,3.341752
MED00312,9,2026-10-26,Post-Monsoon,2.02008,-0.554384,0.574426
MED00313,9,2026-10-26,Post-Monsoon,2.02008,-0.8721,0.418073
MED00314,9,2026-10-26,Post-Monsoon,2.02008,2.379814,10.8029
MED00315,9,2026-10-26,Post-Monsoon,2.02008,2.246962,9.458961
MED00316,9,2026-10-26,Post-Monsoon,2.02008,0.997892,2.712558
MED00317,9,2026-10-26,Post-Monsoon,2.02008,0.778018,2.177152
MED00318,9,2026-10-26,Post-Monsoon,2.02008,0.907034,2.476966
MED00319,9,2026-10-26,Post-Monsoon,2.02008,2.38673,10.877859
MED00320,9,2026-10-26,Post-Monsoon,2.02008,1.820423,6.174468
MED00321,9,2026-10-26,Post-Monsoon,2.02008,-0.558509,0.572061
MED00322,9,2026-10-26,Post-Monsoon,2.02008,-1.816526,0.16259
MED00323,9,2026-10-26,Post-Monsoon,2.02008,0.071267,1.073868
MED00324,9,2026-10-26,Post-Monsoon,2.02008,0.388041,1.47409
MED00325,9,2026-10-26,Post-Monsoon,2.02008,1.871606,6.498722
MED00326,9,2026-10-26,Post-Monsoon,2.02008,2.191198,8.945927
MED00327,9,2026-10-26,Post-Monsoon,2.02008,1.005866,2.734273
MED00328,9,2026-10-26,Post-Monsoon,2.02008,1.371909,3.94287
MED00329,9,2026-10-26,Post-Monsoon,2.02008,2.365083,10.644922
MED00330,9,2026-10-26,Post-Monsoon,2.02008,1.387722,4.005714
MED00331,9,2026-10-26,Post-Monsoon,2.02008,0.635549,1.888058
MED00332,9,2026-10-26,Post-Monsoon,2.02008,1.000256,2.718978
MED00333,9,2026-10-26,Post-Monsoon,2.02008,1.076675,2.934906
MED00334,9,2026-10-26,Post-Monsoon,2.02008,2.356187,10.550644
MED00335,9,2026-10-26,Post-Monsoon,2.02008,1.674329,5.335212
MED00336,9,2026-10-26,Post-Monsoon,2.02008,2.205309,9.073054
MED00337,9,2026-10-26,Post-Monsoon,2.02008,4.18948,65.98849
MED00338,9,2026-10-26,Post-Monsoon,2.02008,2.312151,10.096115
MED00339,9,2026-10-26,Post-Monsoon,2.02008,0.57926,1.784718
MED00340,9,2026-10-26,Post-Monsoon,2.02008,0.460871,1.585455
MED00341,9,2026-10-26,Post-Monsoon,2.02008,1.575038,4.830922
MED00342,9,2026-10-26,Post-Monsoon,2.02008,0.704142,2.02211
MED00343,9,2026-10-26,Post-Monsoon,2.02008,2.295813,9.932511
MED00344,9,2026-10-26,Post-Monsoon,2.02008,1.427854,4.169743
MED00345,9,2026-10-26,Post-Monsoon,2.02008,-1.768723,0.170551
MED00346,9,2026-10-26,Post-Monsoon,2.02008,1.098259,2.998939
MED00347,9,2026-10-26,Post-Monsoon,2.02008,-1.766163,0.170988
MED00348,9,2026-10-26,Post-Monsoon,2.02008,0.584905,1.79482
MED00349,9,2026-10-26,Post-Monsoon,2.02008,0.819624,2.269645
MED00350,9,2026-10-26,Post-Monsoon,2.02008,0.060177,1.062025
MED00351,9,2026-10-26,Post-Monsoon,2.02008,-0.63974,0.52743
MED00352,9,2026-10-26,Post-Monsoon,2.02008,-1.463539,0.231416
MED00353,9,2026-10-26,Post-Monsoon,2.02008,-0.25071,0.778248
MED00354,9,2026-10-26,Post-Monsoon,2.02008,-0.164602,0.848231
MED00355,9,2026-10-26,Post-Monsoon,2.02008,2.251516,9.502129
MED00356,9,2026-10-26,Post-Monsoon,2.02008,0.671746,1.957652
MED00357,9,2026-10-26,Post-Monsoon,2.02008,-1.497035,0.223793
MED00358,9,2026-10-26,Post-Monsoon,2.02008,1.570812,4.810554
MED00359,9,2026-10-26,Post-Monsoon,2.02008,0.741709,2.09952
MED00360,9,2026-10-26,Post-Monsoon,2.02008,0.98451,2.676499
MED00361,9,2026-10-26,Post-Monsoon,2.02008,0.797223,2.219368
MED00362,9,2026-10-26,Post-Monsoon,2.02008,0.866596,2.3788
MED00363,9,2026-10-26,Post-Monsoon,2.02008,0.563504,1.756818
MED00364,9,2026-10-26,Post-Monsoon,2.02008,-1.857426,0.156074
MED00365,9,2026-10-26,Post-Monsoon,2.02008,0.773963,2.168342
MED00366,9,2026-10-26,Post-Monsoon,2.02008,2.233808,9.335352
MED00367,9,2026-10-26,Post-Monsoon,2.02008,0.745853,2.10824
MED00368,9,2026-10-26,Post-Monsoon,2.02008,0.997347,2.711079
MED00369,9,2026-10-26,Post-Monsoon,2.02008,1.254461,3.505948
MED00370,9,2026-10-26,Post-Monsoon,2.02008,-0.912387,0.401564
MED00371,9,2026-10-26,Post-Monsoon,2.02008,2.7427,15.528847
MED00372,9,2026-10-26,Post-Monsoon,2.02008,-1.634036,0.19514
MED00373,9,2026-10-26,Post-Monsoon,2.02008,-0.427276,0.652284
MED00374,9,2026-10-26,Post-Monsoon,2.02008,0.566778,1.762579
MED00375,9,2026-10-26,Post-Monsoon,2.02008,2.709823,15.026614
MED00376,9,2026-10-26,Post-Monsoon,2.02008,0.732082,2.079405
MED00377,9,2026-10-26,Post-Monsoon,2.02008,-0.665026,0.51426
MED00378,9,2026-10-26,Post-Monsoon,2.02008,0.756424,2.130644
MED00379,9,2026-10-26,Post-Monsoon,2.02008,-0.615175,0.540546
MED00380,9,2026-10-26,Post-Monsoon,2.02008,-0.76703,0.46439
MED00381,9,2026-10-26,Post-Monsoon,2.02008,0.282501,1.326443
MED00382,9,2026-10-26,Post-Monsoon,2.02008,0.857846,2.358077
MED00383,9,2026-10-26,Post-Monsoon,2.02008,1.839625,6.294175
MED00384,9,2026-10-26,Post-Monsoon,2.02008,0.71177,2.037595
MED00385,9,2026-10-26,Post-Monsoon,2.02008,2.912144,18.396202
MED00386,9,2026-10-26,Post-Monsoon,2.02008,2.638418,13.991049
MED00387,9,2026-10-26,Post-Monsoon,2.02008,2.901013,18.192572
MED00388,9,2026-10-26,Post-Monsoon,2.02008,4.524104,92.21332
MED00389,9,2026-10-26,Post-Monsoon,2.02008,2.122356,8.35079
MED00390,9,2026-10-26,Post-Monsoon,2.02008,2.836856,17.06204
MED00391,9,2026-10-26,Post-Monsoon,2.02008,2.789193,16.267885
MED00392,9,2026-10-26,Post-Monsoon,2.02008,2.806118,16.545565
MED00393,9,2026-10-26,Post-Monsoon,2.02008,2.395704,10.975925
MED00394,9,2026-10-26,Post-Monsoon,2.02008,2.5816,13.218276
MED00395,9,2026-10-26,Post-Monsoon,2.02008,2.795989,16.378817
MED00396,9,2026-10-26,Post-Monsoon,2.02008,4.041188,56.89388
MED00397,9,2026-10-26,Post-Monsoon,2.02008,3.8172,45.476715
MED00398,9,2026-10-26,Post-Monsoon,2.02008,4.65848,105.4756
MED00399,9,2026-10-26,Post-Monsoon,2.02008,4.575155,97.04306
MED00400,9,2026-10-26,Post-Monsoon,2.02008,4.316058,74.89279
MED00401,9,2026-10-26,Post-Monsoon,2.02008,2.592349,13.361121
MED00402,9,2026-10-26,Post-Monsoon,2.02008,2.886872,17.937107
MED00403,9,2026-10-26,Post-Monsoon,2.02008,2.414322,11.182185
MED00404,9,2026-10-26,Post-Monsoon,2.02008,1.485633,4.417762
MED00405,9,2026-10-26,Post-Monsoon,2.02008,1.968017,7.156471
MED00406,9,2026-10-26,Post-Monsoon,2.02008,2.969757,19.48718
MED00407,9,2026-10-26,Post-Monsoon,2.02008,2.867674,17.596048
MED00408,9,2026-10-26,Post-Monsoon,2.02008,1.828561,6.224925
MED00409,9,2026-10-26,Post-Monsoon,2.02008,2.328837,10.265997
MED00410,9,2026-10-26,Post-Monsoon,2.02008,2.117068,8.306748
MED00411,9,2026-10-26,Post-Monsoon,2.02008,2.866287,17.57165
MED00412,9,2026-10-26,Post-Monsoon,2.02008,2.46156,11.723091
MED00413,9,2026-10-26,Post-Monsoon,2.02008,2.520662,12.436831
MED00414,9,2026-10-26,Post-Monsoon,2.02008,2.852465,17.330442
MED00415,9,2026-10-26,Post-Monsoon,2.02008,2.515254,12.369757
MED00416,9,2026-10-26,Post-Monsoon,2.02008,2.810084,16.611319
MED00417,9,2026-10-26,Post-Monsoon,2.02008,1.962162,7.114693
MED00418,9,2026-10-26,Post-Monsoon,2.02008,1.906527,6.729678
MED00419,9,2026-10-26,Post-Monsoon,2.02008,2.123244,8.358212
MED00420,9,2026-10-26,Post-Monsoon,2.02008,2.875359,17.731785
MED00421,9,2026-10-26,Post-Monsoon,2.02008,2.934075,18.804108
MED00422,9,2026-10-26,Post-Monsoon,2.02008,2.805445,16.534435
MED00423,9,2026-10-26,Post-Monsoon,2.02008,2.452366,11.61579
MED00424,9,2026-10-26,Post-Monsoon,2.02008,4.374328,79.38648
MED00001,10,2026-11-02,Post-Monsoon,2.02008,2.514673,12.362569
MED00002,10,2026-11-02,Post-Monsoon,2.02008,-1.957242,0.141248
MED00003,10,2026-11-02,Post-Monsoon,2.02008,-1.191018,0.303912
MED00004,10,2026-11-02,Post-Monsoon,2.02008,0.105413,1.11117
MED00005,10,2026-11-02,Post-Monsoon,2.02008,0.906459,2.475541
MED00006,10,2026-11-02,Post-Monsoon,2.02008,0.482565,1.620225
MED00007,10,2026-11-02,Post-Monsoon,2.02008,1.121235,3.068642
MED00008,10,2026-11-02,Post-Monsoon,2.02008,-0.431322,0.64965
MED00009,10,2026-11-02,Post-Monsoon,2.02008,1.163026,3.199602
MED00010,10,2026-11-02,Post-Monsoon,2.02008,1.337501,3.809512
MED00011,10,2026-11-02,Post-Monsoon,2.02008,2.93072,18.741108
MED00012,10,2026-11-02,Post-Monsoon,2.02008,0.706318,2.026516
MED00013,10,2026-11-02,Post-Monsoon,2.02008,1.254523,3.506165
MED00014,10,2026-11-02,Post-Monsoon,2.02008,2.695547,14.813614
MED00015,10,2026-11-02,Post-Monsoon,2.02008,-0.681192,0.506014
MED00016,10,2026-11-02,Post-Monsoon,2.02008,0.755657,2.12901
MED00017,10,2026-11-02,Post-Monsoon,2.02008,0.632682,1.882654
MED00018,10,2026-11-02,Post-Monsoon,2.02008,4.458894,86.39193
MED00019,10,2026-11-02,Post-Monsoon,2.02008,3.867858,47.83979
MED00020,10,2026-11-02,Post-Monsoon,2.02008,2.328029,10.257706
MED00021,10,2026-11-02,Post-Monsoon,2.02008,1.305264,3.688663
MED00022,10,2026-11-02,Post-Monsoon,2.02008,0.823952,2.27949
MED00023,10,2026-11-02,Post-Monsoon,2.02008,0.33811,1.402296
MED00024,10,2026-11-02,Post-Monsoon,2.02008,0.9991,2.715836
MED00025,10,2026-11-02,Post-Monsoon,2.02008,-2.158646,0.115481
MED00026,10,2026-11-02,Post-Monsoon,2.02008,-1.086637,0.337349
MED00027,10,2026-11-02,Post-Monsoon,2.02008,-1.478028,0.228087
MED00028,10,2026-11-02,Post-Monsoon,2.02008,-0.702253,0.495468
MED00029,10,2026-11-02,Post-Monsoon,2.02008,2.389602,10.909145
MED00030,10,2026-11-02,Post-Monsoon,2.02008,1.263414,3.537477
MED00031,10,2026-11-02,Post-Monsoon,2.02008,1.151225,3.162063
MED00032,10,2026-11-02,Post-Monsoon,2.02008,0.794866,2.214145
MED00033,10,2026-11-02,Post-Monsoon,2.02008,0.275737,1.317502
MED00034,10,2026-11-02,Post-Monsoon,2.02008,3.000382,20.09322
MED00035,10,2026-11-02,Post-Monsoon,2.02008,-0.660075,0.516812
MED00036,10,2026-11-02,Post-Monsoon,2.02008,0.479896,1.615906
MED00037,10,2026-11-02,Post-Monsoon,2.02008,1.269389,3.558677
MED00038,10,2026-11-02,Post-Monsoon,2.02008,2.515594,12.37396
MED00039,10,2026-11-02,Post-Monsoon,2.02008,0.077038,1.080083
MED00040,10,2026-11-02,Post-Monsoon,2.02008,-0.656755,0.518531
MED00041,10,2026-11-02,Post-Monsoon,2.02008,-0.334957,0.715369
MED00042,10,2026-11-02,Post-Monsoon,2.02008,1.167553,3.21412
MED00043,10,2026-11-02,Post-Monsoon,2.02008,-0.752483,0.471195
MED00044,10,2026-11-02,Post-Monsoon,2.02008,0.662338,1.939322
MED00045,10,2026-11-02,Post-Monsoon,2.02008,0.540148,1.71626
MED00046,10,2026-11-02,Post-Monsoon,2.02008,0.803507,2.233359
MED00047,10,2026-11-02,Post-Monsoon,2.02008,1.558583,4.752082
MED00048,10,2026-11-02,Post-Monsoon,2.02008,2.529412,12.546133
MED00049,10,2026-11-02,Post-Monsoon,2.02008,-1.763604,0.171426
MED00050,10,2026-11-02,Post-Monsoon,2.02008,0.953698,2.595289
MED00051,10,2026-11-02,Post-Monsoon,2.02008,-1.869174,0.154251
MED00052,10,2026-11-02,Post-Monsoon,2.02008,-0.709477,0.491901
MED00053,10,2026-11-02,Post-Monsoon,2.02008,1.705837,5.50599
MED00054,10,2026-11-02,Post-Monsoon,2.02008,1.651584,5.215235
MED00055,10,2026-11-02,Post-Monsoon,2.02008,-0.059812,0.941942
MED00056,10,2026-11-02,Post-Monsoon,2.02008,-0.426813,0.652586
MED00057,10,2026-11-02,Post-Monsoon,2.02008,-0.75393,0.470514
MED00058,10,2026-11-02,Post-Monsoon,2.02008,0.500122,1.648922
MED00059,10,2026-11-02,Post-Monsoon,2.02008,2.042092,7.706716
MED00060,10,2026-11-02,Post-Monsoon,2.02008,1.71131,5.53621
MED00061,10,2026-11-02,Post-Monsoon,2.02008,-0.400083,0.670265
MED00062,10,2026-11-02,Post-Monsoon,2.02008,2.449296,11.580189
MED00063,10,2026-11-02,Post-Monsoon,2.02008,-2.002021,0.135062
MED00064,10,2026-11-02,Post-Monsoon,2.02008,3.142066,23.15165
MED00065,10,2026-11-02,Post-Monsoon,2.02008,4.145208,63.130714
MED00066,10,2026-11-02,Post-Monsoon,2.02008,-0.809142,0.44524
MED00067,10,2026-11-02,Post-Monsoon,2.02008,0.74835,2.11351
MED00068,10,2026-11-02,Post-Monsoon,2.02008,1.12508,3.080462
MED00069,10,2026-11-02,Post-Monsoon,2.02008,0.525643,1.691546
MED00070,10,2026-11-02,Post-Monsoon,2.02008,2.374638,10.747128
MED00071,10,2026-11-02,Post-Monsoon,2.02008,0.712662,2.039414
MED00072,10,2026-11-02,Post-Monsoon,2.02008,0.740983,2.097997
MED00073,10,2026-11-02,Post-Monsoon,2.02008,1.12049,3.066358
MED00074,10,2026-11-02,Post-Monsoon,2.02008,1.003615,2.728126
MED00075,10,2026-11-02,Post-Monsoon,2.02008,1.056511,2.876319
MED00076,10,2026-11-02,Post-Monsoon,2.02008,-1.43046,0.239199
MED00077,10,2026-11-02,Post-Monsoon,2.02008,1.351663,3.863846
MED00078,10,2026-11-02,Post-Monsoon,2.02008,1.044232,2.841215
MED00079,10,2026-11-02,Post-Monsoon,2.02008,2.96748,19.442852
MED00080,10,2026-11-02,Post-Monsoon,2.02008,1.186537,3.275718
MED00081,10,2026-11-02,Post-Monsoon,2.02008,-0.950417,0.38658
MED00082,10,2026-11-02,Post-Monsoon,2.02008,1.018391,2.768736
MED00083,10,2026-11-02,Post-Monsoon,2.02008,1.15012,3.158573
MED00084,10,2026-11-02,Post-Monsoon,2.02008,3.783911,43.98775
MED00085,10,2026-11-02,Post-Monsoon,2.02008,0.725524,2.065814
MED00086,10,2026-11-02,Post-Monsoon,2.02008,-1.024122,0.359112
MED00087,10,2026-11-02,Post-Monsoon,2.02008,0.572929,1.773454
MED00088,10,2026-11-02,Post-Monsoon,2.02008,3.380014,29.371181
MED00089,10,2026-11-02,Post-Monsoon,2.02008,2.72448,15.248485
MED00090,10,2026-11-02,Post-Monsoon,2.02008,0.92456,2.52076
MED00091,10,2026-11-02,Post-Monsoon,2.02008,0.718299,2.050941
MED00092,10,2026-11-02,Post-Monsoon,2.02008,0.507843,1.661702
MED00093,10,2026-11-02,Post-Monsoon,2.02008,-1.318634,0.2675
MED00094,10,2026-11-02,Post-Monsoon,2.02008,-0.510037,0.600473
MED00095,10,2026-11-02,Post-Monsoon,2.02008,1.055355,2.872995
MED00096,10,2026-11-02,Post-Monsoon,2.02008,2.600433,13.46957
MED00097,10,2026-11-02,Post-Monsoon,2.02008,-0.777228,0.459678
MED00098,10,2026-11-02,Post-Monsoon,2.02008,2.056842,7.821234
MED00099,10,2026-11-02,Post-Monsoon,2.02008,-1.43713,0.237609
MED00100,10,2026-11-02,Post-Monsoon,2.02008,-1.775044,0.169476
MED00101,10,2026-11-02,Post-Monsoon,2.02008,1.355476,3.878609
MED00102,10,2026-11-02,Post-Monsoon,2.02008,1.430154,4.179343
MED00103,10,2026-11-02,Post-Monsoon,2.02008,0.995751,2.706756
MED00104,10,2026-11-02,Post-Monsoon,2.02008,1.968785,7.161972
MED00105,10,2026-11-02,Post-Monsoon,2.02008,2.400044,11.023661
MED00106,10,2026-11-02,Post-Monsoon,2.02008,-1.974864,0.13878
MED00107,10,2026-11-02,Post-Monsoon,2.02008,2.028147,7.599992
MED00108,10,2026-11-02,Post-Monsoon,2.02008,1.018743,2.769711
MED00109,10,2026-11-02,Post-Monsoon,2.02008,-0.672084,0.510643
MED00110,10,2026-11-02,Post-Monsoon,2.02008,-0.506774,0.602436
MED00111,10,2026-11-02,Post-Monsoon,2.02008,-0.376104,0.686531
MED00112,10,2026-11-02,Post-Monsoon,2.02008,1.008168,2.740576
MED00113,10,2026-11-02,Post-Monsoon,2.02008,0.654839,1.924833
MED00114,10,2026-11-02,Post-Monsoon,2.02008,2.5824,13.228844
MED00115,10,2026-11-02,Post-Monsoon,2.02008,0.704554,2.022945
MED00116,10,2026-11-02,Post-Monsoon,2.02008,1.996297,7.361747
MED00117,10,2026-11-02,Post-Monsoon,2.02008,0.552642,1.737838
MED00118,10,2026-11-02,Post-Monsoon,2.02008,0.50932,1.664159
MED00119,10,2026-11-02,Post-Monsoon,2.02008,0.666012,1.94646
MED00120,10,2026-11-02,Post-Monsoon,2.02008,2.352157,10.508215
MED00121,10,2026-11-02,Post-Monsoon,2.02008,1.160457,3.191392
MED00122,10,2026-11-02,Post-Monsoon,2.02008,0.822578,2.276361
MED00123,10,2026-11-02,Post-Monsoon,2.02008,0.048224,1.049406
MED00124,10,2026-11-02,Post-Monsoon,2.02008,1.992408,7.33317
MED00125,10,2026-11-02,Post-Monsoon,2.02008,-1.269142,0.281073
MED00126,10,2026-11-02,Post-Monsoon,2.02008,0.068029,1.070396
MED00127,10,2026-11-02,Post-Monsoon,2.02008,0.70986,2.033706
MED00128,10,2026-11-02,Post-Monsoon,2.02008,0.738152,2.092065
MED00129,10,2026-11-02,Post-Monsoon,2.02008,0.610279,1.840944
MED00130,10,2026-11-02,Post-Monsoon,2.02008,-1.736565,0.176124
MED00131,10,2026-11-02,Post-Monsoon,2.02008,0.750217,2.11746
MED00132,10,2026-11-02,Post-Monsoon,2.02008,-0.330097,0.718854
MED00133,10,2026-11-02,Post-Monsoon,2.02008,-0.250839,0.778148
MED00134,10,2026-11-02,Post-Monsoon,2.02008,-0.40495,0.66701
MED00135,10,2026-11-02,Post-Monsoon,2.02008,2.592389,13.361656
MED00136,10,2026-11-02,Post-Monsoon,2.02008,0.458064,1.58101
MED00137,10,2026-11-02,Post-Monsoon,2.02008,0.777689,2.176437
MED00138,10,2026-11-02,Post-Monsoon,2.02008,0.716454,2.047161
MED00139,10,2026-11-02,Post-Monsoon,2.02008,1.054614,2.870866
MED00140,10,2026-11-02,Post-Monsoon,2.02008,0.603858,1.829162
MED00141,10,2026-11-02,Post-Monsoon,2.02008,1.44253,4.231386
MED00142,10,2026-11-02,Post-Monsoon,2.02008,-0.83566,0.433588
MED00143,10,2026-11-02,Post-Monsoon,2.02008,0.621878,1.862423
MED00144,10,2026-11-02,Post-Monsoon,2.02008,1.704948,5.5011
MED00145,10,2026-11-02,Post-Monsoon,2.02008,-0.414133,0.660913
MED00146,10,2026-11-02,Post-Monsoon,2.02008,0.595062,1.813143
MED00147,10,2026-11-02,Post-Monsoon,2.02008,0.593745,1.810756
MED00148,10,2026-11-02,Post-Monsoon,2.02008,1.73054,5.6437
MED00149,10,2026-11-02,Post-Monsoon,2.02008,1.257373,3.516171
MED00150,10,2026-11-02,Post-Monsoon,2.02008,0.510924,1.666831
MED00151,10,2026-11-02,Post-Monsoon,2.02008,0.744101,2.104549
MED00152,10,2026-11-02,Post-Monsoon,2.02008,0.764913,2.148806
MED00153,10,2026-11-02,Post-Monsoon,2.02008,0.770026,2.159822
MED00154,10,2026-11-02,Post-Monsoon,2.02008,2.707663,14.99419
MED00155,10,2026-11-02,Post-Monsoon,2.02008,0.68792,1.989573
MED00156,10,2026-11-02,Post-Monsoon,2.02008,0.855014,2.351408
MED00157,10,2026-11-02,Post-Monsoon,2.02008,1.446796,4.249476
MED00158,10,2026-11-02,Post-Monsoon,2.02008,-1.316931,0.267956
MED00159,10,2026-11-02,Post-Monsoon,2.02008,2.364667,10.640491
MED00160,10,2026-11-02,Post-Monsoon,2.02008,1.224555,3.402652
MED00161,10,2026-11-02,Post-Monsoon,2.02008,1.740974,5.702894
MED00162,10,2026-11-02,Post-Monsoon,2.02008,0.745007,2.106456
MED00163,10,2026-11-02,Post-Monsoon,2.02008,-1.023655,0.359279
MED00164,10,2026-11-02,Post-Monsoon,2.02008,0.669554,1.953366
MED00165,10,2026-11-02,Post-Monsoon,2.02008,2.107041,8.223868
MED00166,10,2026-11-02,Post-Monsoon,2.02008,0.726994,2.068852
MED00167,10,2026-11-02,Post-Monsoon,2.02008,0.616188,1.851855
MED00168,10,2026-11-02,Post-Monsoon,2.02008,0.63828,1.893222
MED00169,10,2026-11-02,Post-Monsoon,2.02008,0.604319,1.830005
MED00170,10,2026-11-02,Post-Monsoon,2.02008,0.586191,1.797131
MED00171,10,2026-11-02,Post-Monsoon,2.02008,0.779445,2.180262
MED00172,10,2026-11-02,Post-Monsoon,2.02008,0.642738,1.90168
MED00173,10,2026-11-02,Post-Monsoon,2.02008,0.795776,2.21616
MED00174,10,2026-11-02,Post-Monsoon,2.02008,1.798685,6.041696
MED00175,10,2026-11-02,Post-Monsoon,2.02008,0.182453,1.200157
MED00176,10,2026-11-02,Post-Monsoon,2.02008,2.543235,12.720754
MED00177,10,2026-11-02,Post-Monsoon,2.02008,-1.312408,0.269171
MED00178,10,2026-11-02,Post-Monsoon,2.02008,0.800048,2.225647
MED00179,10,2026-11-02,Post-Monsoon,2.02008,-0.599701,0.548976
MED00180,10,2026-11-02,Post-Monsoon,2.02008,0.682081,1.97799
MED00181,10,2026-11-02,Post-Monsoon,2.02008,1.081407,2.948826
MED00182,10,2026-11-02,Post-Monsoon,2.02008,-1.277819,0.278644
MED00183,10,2026-11-02,Post-Monsoon,2.02008,2.758502,15.776196
MED00184,10,2026-11-02,Post-Monsoon,2.02008,2.000992,7.396386
MED00185,10,2026-11-02,Post-Monsoon,2.02008,0.638077,1.892837
MED00186,10,2026-11-02,Post-Monsoon,2.02008,0.635291,1.887571
MED00187,10,2026-11-02,Post-Monsoon,2.02008,0.973801,2.64799
MED00188,10,2026-11-02,Post-Monsoon,2.02008,1.101302,3.00808
MED00189,10,2026-11-02,Post-Monsoon,2.02008,-1.54257,0.213831
MED00190,10,2026-11-02,Post-Monsoon,2.02008,0.745364,2.107208
MED00191,10,2026-11-02,Post-Monsoon,2.02008,2.391853,10.933737
MED00192,10,2026-11-02,Post-Monsoon,2.02008,-1.601476,0.201599
MED00193,10,2026-11-02,Post-Monsoon,2.02008,-2.020228,0.132625
MED00194,10,2026-11-02,Post-Monsoon,2.02008,1.922365,6.837108
MED00195,10,2026-11-02,Post-Monsoon,2.02008,1.832054,6.246702
MED00196,10,2026-11-02,Post-Monsoon,2.02008,1.961863,7.112562
MED00197,10,2026-11-02,Post-Monsoon,2.02008,1.893433,6.642133
MED00198,10,2026-11-02,Post-Monsoon,2.02008,0.564299,1.758215
MED00199,10,2026-11-02,Post-Monsoon,2.02008,0.370435,1.448364
MED00200,10,2026-11-02,Post-Monsoon,2.02008,0.617164,1.853663
MED00201,10,2026-11-02,Post-Monsoon,2.02008,2.117056,8.30665
MED00202,10,2026-11-02,Post-Monsoon,2.02008,0.594675,1.812442
MED00203,10,2026-11-02,Post-Monsoon,2.02008,0.747574,2.111871
MED00204,10,2026-11-02,Post-Monsoon,2.02008,0.710797,2.035613
MED00205,10,2026-11-02,Post-Monsoon,2.02008,2.428702,11.344144
MED00206,10,2026-11-02,Post-Monsoon,2.02008,0.205706,1.228392
MED00207,10,2026-11-02,Post-Monsoon,2.02008,0.679715,1.973316
MED00208,10,2026-11-02,Post-Monsoon,2.02008,2.397592,10.996665
MED00209,10,2026-11-02,Post-Monsoon,2.02008,1.02771,2.794657
MED00210,10,2026-11-02,Post-Monsoon,2.02008,0.276599,1.318638
MED00211,10,2026-11-02,Post-Monsoon,2.02008,0.781925,2.185675
MED00212,10,2026-11-02,Post-Monsoon,2.02008,0.736737,2.089106
MED00213,10,2026-11-02,Post-Monsoon,2.02008,0.552089,1.736878
MED00214,10,2026-11-02,Post-Monsoon,2.02008,2.273063,9.709094
MED00215,10,2026-11-02,Post-Monsoon,2.02008,0.815556,2.260432
MED00216,10,2026-11-02,Post-Monsoon,2.02008,-2.306158,0.099643
MED00217,10,2026-11-02,Post-Monsoon,2.02008,-1.353552,0.258321
MED00218,10,2026-11-02,Post-Monsoon,2.02008,1.380649,3.977482
MED00219,10,2026-11-02,Post-Monsoon,2.02008,2.709674,15.024368
MED00220,10,2026-11-02,Post-Monsoon,2.02008,0.717934,2.050193
MED00221,10,2026-11-02,Post-Monsoon,2.02008,1.095658,2.991152
MED00222,10,2026-11-02,Post-Monsoon,2.02008,-0.698055,0.497552
MED00223,10,2026-11-02,Post-Monsoon,2.02008,2.203062,9.052689
MED00224,10,2026-11-02,Post-Monsoon,2.02008,0.577538,1.781646
MED00225,10,2026-11-02,Post-Monsoon,2.02008,1.33695,3.807412
MED00226,10,2026-11-02,Post-Monsoon,2.02008,0.814446,2.257924
MED00227,10,2026-11-02,Post-Monsoon,2.02008,2.70609,14.970622
MED00228,10,2026-11-02,Post-Monsoon,2.02008,0.533614,1.705084
MED00229,10,2026-11-02,Post-Monsoon,2.02008,-0.487606,0.614095
MED00230,10,2026-11-02,Post-Monsoon,2.02008,2.535369,12.621083
MED00231,10,2026-11-02,Post-Monsoon,2.02008,0.475496,1.608812
MED00232,10,2026-11-02,Post-Monsoon,2.02008,1.025472,2.788412
MED00233,10,2026-11-02,Post-Monsoon,2.02008,-0.277924,0.757355
MED00234,10,2026-11-02,Post-Monsoon,2.02008,0.619512,1.858022
MED00235,10,2026-11-02,Post-Monsoon,2.02008,4.224943,68.37062
MED00236,10,2026-11-02,Post-Monsoon,2.02008,0.757455,2.132842
MED00237,10,2026-11-02,Post-Monsoon,2.02008,1.340125,3.819522
MED00238,10,2026-11-02,Post-Monsoon,2.02008,0.676777,1.967526
MED00239,10,2026-11-02,Post-Monsoon,2.02008,1.213474,3.365156
MED00240,10,2026-11-02,Post-Monsoon,2.02008,1.367125,3.924053
MED00241,10,2026-11-02,Post-Monsoon,2.02008,0.893248,2.443053
MED00242,10,2026-11-02,Post-Monsoon,2.02008,2.195489,8.984395
MED00243,10,2026-11-02,Post-Monsoon,2.02008,-1.764946,0.171196
MED00244,10,2026-11-02,Post-Monsoon,2.02008,0.720413,2.055281
MED00245,10,2026-11-02,Post-Monsoon,2.02008,4.316096,74.89565
MED00246,10,2026-11-02,Post-Monsoon,2.02008,1.571726,4.814954
MED00247,10,2026-11-02,Post-Monsoon,2.02008,2.433018,11.393212
MED00248,10,2026-11-02,Post-Monsoon,2.02008,0.729065,2.073142
MED00249,10,2026-11-02,Post-Monsoon,2.02008,2.970376,19.49925
MED00250,10,2026-11-02,Post-Monsoon,2.02008,2.310736,10.08184
MED00251,10,2026-11-02,Post-Monsoon,2.02008,0.610362,1.841097
MED00252,10,2026-11-02,Post-Monsoon,2.02008,-0.981751,0.374655
MED00253,10,2026-11-02,Post-Monsoon,2.02008,1.246965,3.479767
MED00254,10,2026-11-02,Post-Monsoon,2.02008,-1.067043,0.344024
MED00255,10,2026-11-02,Post-Monsoon,2.02008,1.540956,4.669054
MED00256,10,2026-11-02,Post-Monsoon,2.02008,0.744221,2.104802
MED00257,10,2026-11-02,Post-Monsoon,2.02008,1.421096,4.141658
MED00258,10,2026-11-02,Post-Monsoon,2.02008,0.745675,2.107864
MED00259,10,2026-11-02,Post-Monsoon,2.02008,0.78426,2.190786
MED00260,10,2026-11-02,Post-Monsoon,2.02008,-0.745763,0.474372
MED00261,10,2026-11-02,Post-Monsoon,2.02008,-0.283967,0.752791
MED00262,10,2026-11-02,Post-Monsoon,2.02008,1.078265,2.939576
MED00263,10,2026-11-02,Post-Monsoon,2.02008,1.061127,2.889626
MED00264,10,2026-11-02,Post-Monsoon,2.02008,-0.850977,0.426998
MED00265,10,2026-11-02,Post-Monsoon,2.02008,1.745516,5.728854
MED00266,10,2026-11-02,Post-Monsoon,2.02008,2.607728,13.568189
MED00267,10,2026-11-02,Post-Monsoon,2.02008,1.427263,4.167278
MED00268,10,2026-11-02,Post-Monsoon,2.02008,0.737869,2.091474
MED00269,10,2026-11-02,Post-Monsoon,2.02008,0.771205,2.16237
MED00270,10,2026-11-02,Post-Monsoon,2.02008,0.819626,2.269652
MED00271,10,2026-11-02,Post-Monsoon,2.02008,0.533255,1.704472
MED00272,10,2026-11-02,Post-Monsoon,2.02008,1.329289,3.778354
MED00273,10,2026-11-02,Post-Monsoon,2.02008,1.128346,3.09054
MED00274,10,2026-11-02,Post-Monsoon,2.02008,-0.383449,0.681507
MED00275,10,2026-11-02,Post-Monsoon,2.02008,2.423582,11.28621
MED00276,10,2026-11-02,Post-Monsoon,2.02008,0.637195,1.891169
MED00277,10,2026-11-02,Post-Monsoon,2.02008,-1.538063,0.214797
MED00278,10,2026-11-02,Post-Monsoon,2.02008,2.025308,7.578446
MED00279,10,2026-11-02,Post-Monsoon,2.02008,2.924995,18.634132
MED00280,10,2026-11-02,Post-Monsoon,2.02008,-1.432527,0.238705
MED00281,10,2026-11-02,Post-Monsoon,2.02008,2.553876,12.856839
MED00282,10,2026-11-02,Post-Monsoon,2.02008,1.20353,3.331858
MED00283,10,2026-11-02,Post-Monsoon,2.02008,0.820784,2.272281
MED00284,10,2026-11-02,Post-Monsoon,2.02008,0.338011,1.402155
MED00285,10,2026-11-02,Post-Monsoon,2.02008,1.555068,4.735408
MED00286,10,2026-11-02,Post-Monsoon,2.02008,1.364837,3.915084
MED00287,10,2026-11-02,Post-Monsoon,2.02008,1.157707,3.182626
MED00288,10,2026-11-02,Post-Monsoon,2.02008,3.723467,41.40772
MED00289,10,2026-11-02,Post-Monsoon,2.02008,1.402514,4.065407
MED00290,10,2026-11-02,Post-Monsoon,2.02008,0.608213,1.837145
MED00291,10,2026-11-02,Post-Monsoon,2.02008,2.252642,9.512837
MED00292,10,2026-11-02,Post-Monsoon,2.02008,0.555833,1.743392
MED00293,10,2026-11-02,Post-Monsoon,2.02008,1.381796,3.982046
MED00294,10,2026-11-02,Post-Monsoon,2.02008,0.246422,1.27944
MED00295,10,2026-11-02,Post-Monsoon,2.02008,-1.264217,0.28246
MED00296,10,2026-11-02,Post-Monsoon,2.02008,1.3641,3.9122
MED00297,10,2026-11-02,Post-Monsoon,2.02008,1.727585,5.627046
MED00298,10,2026-11-02,Post-Monsoon,2.02008,0.773324,2.166956
MED00299,10,2026-11-02,Post-Monsoon,2.02008,-0.768474,0.46372
MED00300,10,2026-11-02,Post-Monsoon,2.02008,0.657603,1.93016
MED00301,10,2026-11-02,Post-Monsoon,2.02008,1.525264,4.596359
MED00302,10,2026-11-02,Post-Monsoon,2.02008,2.155172,8.629371
MED00303,10,2026-11-02,Post-Monsoon,2.02008,1.003239,2.7271
MED00304,10,2026-11-02,Post-Monsoon,2.02008,1.306678,3.693881
MED00305,10,2026-11-02,Post-Monsoon,2.02008,0.621972,1.862597
MED00306,10,2026-11-02,Post-Monsoon,2.02008,-0.725403,0.48413
MED00307,10,2026-11-02,Post-Monsoon,2.02008,3.243552,25.624573
MED00308,10,2026-11-02,Post-Monsoon,2.02008,-0.404322,0.667429
MED00309,10,2026-11-02,Post-Monsoon,2.02008,1.09585,2.991725
MED00310,10,2026-11-02,Post-Monsoon,2.02008,1.173777,3.234184
MED00311,10,2026-11-02,Post-Monsoon,2.02008,1.181868,3.26046
MED00312,10,2026-11-02,Post-Monsoon,2.02008,-0.311601,0.732273
MED00313,10,2026-11-02,Post-Monsoon,2.02008,-0.579486,0.560186
MED00314,10,2026-11-02,Post-Monsoon,2.02008,2.32777,10.255047
MED00315,10,2026-11-02,Post-Monsoon,2.02008,2.239099,9.384874
MED00316,10,2026-11-02,Post-Monsoon,2.02008,0.995823,2.706951
MED00317,10,2026-11-02,Post-Monsoon,2.02008,0.774851,2.170269
MED00318,10,2026-11-02,Post-Monsoon,2.02008,0.903868,2.469135
MED00319,10,2026-11-02,Post-Monsoon,2.02008,2.376279,10.764776
MED00320,10,2026-11-02,Post-Monsoon,2.02008,1.80394,6.073527
MED00321,10,2026-11-02,Post-Monsoon,2.02008,-0.27644,0.758479
MED00322,10,2026-11-02,Post-Monsoon,2.02008,-1.738993,0.175697
MED00323,10,2026-11-02,Post-Monsoon,2.02008,0.242,1.273794
MED00324,10,2026-11-02,Post-Monsoon,2.02008,0.4009,1.493168
MED00325,10,2026-11-02,Post-Monsoon,2.02008,1.863742,6.44782
MED00326,10,2026-11-02,Post-Monsoon,2.02008,2.183335,8.875858
MED00327,10,2026-11-02,Post-Monsoon,2.02008,1.014606,2.758277
MED00328,10,2026-11-02,Post-Monsoon,2.02008,1.371304,3.940487
MED00329,10,2026-11-02,Post-Monsoon,2.02008,2.354633,10.534261
MED00330,10,2026-11-02,Post-Monsoon,2.02008,1.387117,4.003292
MED00331,10,2026-11-02,Post-Monsoon,2.02008,0.639386,1.895316
MED00332,10,2026-11-02,Post-Monsoon,2.02008,1.030197,2.801618
MED00333,10,2026-11-02,Post-Monsoon,2.02008,1.073509,2.925626
MED00334,10,2026-11-02,Post-Monsoon,2.02008,2.342313,10.405279
MED00335,10,2026-11-02,Post-Monsoon,2.02008,1.649164,5.202626
MED00336,10,2026-11-02,Post-Monsoon,2.02008,2.194859,8.978733
MED00337,10,2026-11-02,Post-Monsoon,2.02008,4.163173,64.27512
MED00338,10,2026-11-02,Post-Monsoon,2.02008,2.272444,9.703084
MED00339,10,2026-11-02,Post-Monsoon,2.02008,0.580348,1.78666
MED00340,10,2026-11-02,Post-Monsoon,2.02008,0.574931,1.777008
MED00341,10,2026-11-02,Post-Monsoon,2.02008,1.574433,4.828002
MED00342,10,2026-11-02,Post-Monsoon,2.02008,0.707978,2.029883
MED00343,10,2026-11-02,Post-Monsoon,2.02008,2.291215,9.88694
MED00344,10,2026-11-02,Post-Monsoon,2.02008,1.372547,3.945388
MED00345,10,2026-11-02,Post-Monsoon,2.02008,-1.69119,0.1843
MED00346,10,2026-11-02,Post-Monsoon,2.02008,1.105725,3.021414
MED00347,10,2026-11-02,Post-Monsoon,2.02008,-1.680254,0.186327
MED00348,10,2026-11-02,Post-Monsoon,2.02008,0.591111,1.805993
MED00349,10,2026-11-02,Post-Monsoon,2.02008,0.819019,2.268273
MED00350,10,2026-11-02,Post-Monsoon,2.02008,0.30801,1.360714
MED00351,10,2026-11-02,Post-Monsoon,2.02008,-0.476868,0.620724
MED00352,10,2026-11-02,Post-Monsoon,2.02008,-1.269176,0.281063
MED00353,10,2026-11-02,Post-Monsoon,2.02008,0.104172,1.109792
MED00354,10,2026-11-02,Post-Monsoon,2.02008,0.18315,1.200995
MED00355,10,2026-11-02,Post-Monsoon,2.02008,2.232857,9.326476
MED00356,10,2026-11-02,Post-Monsoon,2.02008,0.674298,1.962654
MED00357,10,2026-11-02,Post-Monsoon,2.02008,-1.485606,0.226365
MED00358,10,2026-11-02,Post-Monsoon,2.02008,1.555259,4.736312
MED00359,10,2026-11-02,Post-Monsoon,2.02008,0.73964,2.095181
MED00360,10,2026-11-02,Post-Monsoon,2.02008,0.993089,2.699561
MED00361,10,2026-11-02,Post-Monsoon,2.02008,0.794056,2.212351
MED00362,10,2026-11-02,Post-Monsoon,2.02008,0.86262,2.369359
MED00363,10,2026-11-02,Post-Monsoon,2.02008,0.567341,1.763571
MED00364,10,2026-11-02,Post-Monsoon,2.02008,-1.761091,0.171857
MED00365,10,2026-11-02,Post-Monsoon,2.02008,0.771894,2.163861
MED00366,10,2026-11-02,Post-Monsoon,2.02008,2.223358,9.238305
MED00367,10,2026-11-02,Post-Monsoon,2.02008,0.743784,2.103882
MED00368,10,2026-11-02,Post-Monsoon,2.02008,0.992716,2.698553
MED00369,10,2026-11-02,Post-Monsoon,2.02008,1.253856,3.503829
MED00370,10,2026-11-02,Post-Monsoon,2.02008,-0.751068,0.471862
MED00371,10,2026-11-02,Post-Monsoon,2.02008,2.741561,15.511182
MED00372,10,2026-11-02,Post-Monsoon,2.02008,-1.550482,0.212146
MED00373,10,2026-11-02,Post-Monsoon,2.02008,-0.393789,0.674497
MED00374,10,2026-11-02,Post-Monsoon,2.02008,0.563334,1.756519
MED00375,10,2026-11-02,Post-Monsoon,2.02008,2.708685,15.009521
MED00376,10,2026-11-02,Post-Monsoon,2.02008,0.728915,2.072831
MED00377,10,2026-11-02,Post-Monsoon,2.02008,-0.583129,0.558149
MED00378,10,2026-11-02,Post-Monsoon,2.02008,0.755819,2.129356
MED00379,10,2026-11-02,Post-Monsoon,2.02008,-0.319538,0.726484
MED00380,10,2026-11-02,Post-Monsoon,2.02008,-0.41221,0.662185
MED00381,10,2026-11-02,Post-Monsoon,2.02008,0.616101,1.851695
MED00382,10,2026-11-02,Post-Monsoon,2.02008,0.841582,2.320034
MED00383,10,2026-11-02,Post-Monsoon,2.02008,1.83902,6.29037
MED00384,10,2026-11-02,Post-Monsoon,2.02008,0.712858,2.039812
MED00385,10,2026-11-02,Post-Monsoon,2.02008,2.906886,18.299723
MED00386,10,2026-11-02,Post-Monsoon,2.02008,2.63316,13.917672
MED00387,10,2026-11-02,Post-Monsoon,2.02008,2.900409,18.181576
MED00388,10,2026-11-02,Post-Monsoon,2.02008,4.780998,119.22336
MED00389,10,2026-11-02,Post-Monsoon,2.02008,2.120288,8.333532
MED00390,10,2026-11-02,Post-Monsoon,2.02008,2.834787,17.02678
MED00391,10,2026-11-02,Post-Monsoon,2.02008,2.7882,16.251732
MED00392,10,2026-11-02,Post-Monsoon,2.02008,2.79805,16.412617
MED00393,10,2026-11-02,Post-Monsoon,2.02008,2.386163,10.871701
MED00394,10,2026-11-02,Post-Monsoon,2.02008,2.582071,13.224499
MED00395,10,2026-11-02,Post-Monsoon,2.02008,2.789385,16.271015
MED00396,10,2026-11-02,Post-Monsoon,2.02008,4.041229,56.896214
MED00397,10,2026-11-02,Post-Monsoon,2.02008,3.827115,45.92985
MED00398,10,2026-11-02,Post-Monsoon,2.02008,4.882526,131.96358
MED00399,10,2026-11-02,Post-Monsoon,2.02008,4.944528,140.40457
MED00400,10,2026-11-02,Post-Monsoon,2.02008,4.31858,75.081985
MED00401,10,2026-11-02,Post-Monsoon,2.02008,2.589531,13.323521
MED00402,10,2026-11-02,Post-Monsoon,2.02008,2.884054,17.88663
MED00403,10,2026-11-02,Post-Monsoon,2.02008,2.39373,10.954279
MED00404,10,2026-11-02,Post-Monsoon,2.02008,1.485028,4.41509
MED00405,10,2026-11-02,Post-Monsoon,2.02008,1.951475,7.03906
MED00406,10,2026-11-02,Post-Monsoon,2.02008,2.967688,19.446909
MED00407,10,2026-11-02,Post-Monsoon,2.02008,2.864856,17.54653
MED00408,10,2026-11-02,Post-Monsoon,2.02008,1.825743,6.207408
MED00409,10,2026-11-02,Post-Monsoon,2.02008,2.302162,9.995767
MED00410,10,2026-11-02,Post-Monsoon,2.02008,2.080848,8.011261
MED00411,10,2026-11-02,Post-Monsoon,2.02008,2.856394,17.398684
MED00412,10,2026-11-02,Post-Monsoon,2.02008,2.458742,11.690101
MED00413,10,2026-11-02,Post-Monsoon,2.02008,2.517844,12.401832
MED00414,10,2026-11-02,Post-Monsoon,2.02008,2.842572,17.159851
MED00415,10,2026-11-02,Post-Monsoon,2.02008,2.512436,12.334947
MED00416,10,2026-11-02,Post-Monsoon,2.02008,2.79272,16.325361
MED00417,10,2026-11-02,Post-Monsoon,2.02008,1.940814,6.964416
MED00418,10,2026-11-02,Post-Monsoon,2.02008,1.903004,6.706008
MED00419,10,2026-11-02,Post-Monsoon,2.02008,2.10971,8.245846
MED00420,10,2026-11-02,Post-Monsoon,2.02008,2.872228,17.676348
MED00421,10,2026-11-02,Post-Monsoon,2.02008,2.93515,18.824339
MED00422,10,2026-11-02,Post-Monsoon,2.02008,2.802627,16.487906
MED00423,10,2026-11-02,Post-Monsoon,2.02008,2.448842,11.574936
MED00424,10,2026-11-02,Post-Monsoon,2.02008,4.567763,96.32837
MED00001,11,2026-11-09,Post-Monsoon,2.02008,2.505228,12.246357
MED00002,11,2026-11-09,Post-Monsoon,2.02008,-1.897454,0.14995
MED00003,11,2026-11-09,Post-Monsoon,2.02008,-1.170089,0.310339
MED00004,11,2026-11-09,Post-Monsoon,2.02008,-0.091049,0.912973
MED00005,11,2026-11-09,Post-Monsoon,2.02008,0.815919,2.261252
MED00006,11,2026-11-09,Post-Monsoon,2.02008,0.491371,1.634555
MED00007,11,2026-11-09,Post-Monsoon,2.02008,1.117719,3.057872
MED00008,11,2026-11-09,Post-Monsoon,2.02008,-0.38394,0.681172
MED00009,11,2026-11-09,Post-Monsoon,2.02008,1.202803,3.329436
MED00010,11,2026-11-09,Post-Monsoon,2.02008,1.396185,4.039759
MED00011,11,2026-11-09,Post-Monsoon,2.02008,2.913848,18.42757
MED00012,11,2026-11-09,Post-Monsoon,2.02008,0.706317,2.026514
MED00013,11,2026-11-09,Post-Monsoon,2.02008,1.253202,3.501536
MED00014,11,2026-11-09,Post-Monsoon,2.02008,2.701226,14.897982
MED00015,11,2026-11-09,Post-Monsoon,2.02008,-0.622712,0.536488
MED00016,11,2026-11-09,Post-Monsoon,2.02008,0.758279,2.1346
MED00017,11,2026-11-09,Post-Monsoon,2.02008,0.632985,1.883224
MED00018,11,2026-11-09,Post-Monsoon,2.02008,4.458716,86.37657
MED00019,11,2026-11-09,Post-Monsoon,2.02008,3.802112,44.795677
MED00020,11,2026-11-09,Post-Monsoon,2.02008,2.329033,10.268011
MED00021,11,2026-11-09,Post-Monsoon,2.02008,1.300737,3.672003
MED00022,11,2026-11-09,Post-Monsoon,2.02008,0.816236,2.261971
MED00023,11,2026-11-09,Post-Monsoon,2.02008,0.319382,1.376277
MED00024,11,2026-11-09,Post-Monsoon,2.02008,0.996054,2.707576
MED00025,11,2026-11-09,Post-Monsoon,2.02008,-2.131887,0.118613
MED00026,11,2026-11-09,Post-Monsoon,2.02008,-1.093677,0.334983
MED00027,11,2026-11-09,Post-Monsoon,2.02008,-1.462112,0.231746
MED00028,11,2026-11-09,Post-Monsoon,2.02008,-0.659117,0.517308
MED00029,11,2026-11-09,Post-Monsoon,2.02008,2.331951,10.298015
MED00030,11,2026-11-09,Post-Monsoon,2.02008,1.251544,3.495737
MED00031,11,2026-11-09,Post-Monsoon,2.02008,1.161481,3.194662
MED00032,11,2026-11-09,Post-Monsoon,2.02008,0.779633,2.180673
MED00033,11,2026-11-09,Post-Monsoon,2.02008,0.076087,1.079056
MED00034,11,2026-11-09,Post-Monsoon,2.02008,3.001036,20.10635
MED00035,11,2026-11-09,Post-Monsoon,2.02008,-0.603289,0.54701
MED00036,11,2026-11-09,Post-Monsoon,2.02008,0.514128,1.67218
MED00037,11,2026-11-09,Post-Monsoon,2.02008,1.353202,3.869799
MED00038,11,2026-11-09,Post-Monsoon,2.02008,2.505877,12.254305
MED00039,11,2026-11-09,Post-Monsoon,2.02008,0.113539,1.120235
MED00040,11,2026-11-09,Post-Monsoon,2.02008,-0.628018,0.533648
MED00041,11,2026-11-09,Post-Monsoon,2.02008,-0.393423,0.674743
MED00042,11,2026-11-09,Post-Monsoon,2.02008,1.210282,3.35443
MED00043,11,2026-11-09,Post-Monsoon,2.02008,-0.709346,0.491966
MED00044,11,2026-11-09,Post-Monsoon,2.02008,0.662481,1.939598
MED00045,11,2026-11-09,Post-Monsoon,2.02008,0.540451,1.716781
MED00046,11,2026-11-09,Post-Monsoon,2.02008,0.801032,2.22784
MED00047,11,2026-11-09,Post-Monsoon,2.02008,1.552586,4.72367
MED00048,11,2026-11-09,Post-Monsoon,2.02008,2.525496,12.497098
MED00049,11,2026-11-09,Post-Monsoon,2.02008,-1.742675,0.175051
MED00050,11,2026-11-09,Post-Monsoon,2.02008,0.951384,2.58929
MED00051,11,2026-11-09,Post-Monsoon,2.02008,-1.711867,0.180528
MED00052,11,2026-11-09,Post-Monsoon,2.02008,-0.674669,0.509325
MED00053,11,2026-11-09,Post-Monsoon,2.02008,1.657023,5.243677
MED00054,11,2026-11-09,Post-Monsoon,2.02008,1.593192,4.919428
MED00055,11,2026-11-09,Post-Monsoon,2.02008,0.014346,1.01445
MED00056,11,2026-11-09,Post-Monsoon,2.02008,-0.383029,0.681793
MED00057,11,2026-11-09,Post-Monsoon,2.02008,-0.727298,0.483213
MED00058,11,2026-11-09,Post-Monsoon,2.02008,0.508927,1.663505
MED00059,11,2026-11-09,Post-Monsoon,2.02008,2.014753,7.498874
MED00060,11,2026-11-09,Post-Monsoon,2.02008,1.754607,5.781177
MED00061,11,2026-11-09,Post-Monsoon,2.02008,-0.368045,0.692086
MED00062,11,2026-11-09,Post-Monsoon,2.02008,2.435,11.415815
MED00063,11,2026-11-09,Post-Monsoon,2.02008,-1.97657,0.138544
MED00064,11,2026-11-09,Post-Monsoon,2.02008,3.132386,22.92861
MED00065,11,2026-11-09,Post-Monsoon,2.02008,4.091052,59.802746
MED00066,11,2026-11-09,Post-Monsoon,2.02008,-0.766006,0.464866
MED00067,11,2026-11-09,Post-Monsoon,2.02008,0.767378,2.154111
MED00068,11,2026-11-09,Post-Monsoon,2.02008,1.125551,3.081916
MED00069,11,2026-11-09,Post-Monsoon,2.02008,0.522901,1.686914
MED00070,11,2026-11-09,Post-Monsoon,2.02008,2.362918,10.6219
MED00071,11,2026-11-09,Post-Monsoon,2.02008,0.712805,2.039705
MED00072,11,2026-11-09,Post-Monsoon,2.02008,0.737937,2.091616
MED00073,11,2026-11-09,Post-Monsoon,2.02008,1.078776,2.941076
MED00074,11,2026-11-09,Post-Monsoon,2.02008,1.004087,2.729414
MED00075,11,2026-11-09,Post-Monsoon,2.02008,1.059838,2.885903
MED00076,11,2026-11-09,Post-Monsoon,2.02008,-1.387324,0.249743
MED00077,11,2026-11-09,Post-Monsoon,2.02008,1.344939,3.837952
MED00078,11,2026-11-09,Post-Monsoon,2.02008,1.054488,2.870506
MED00079,11,2026-11-09,Post-Monsoon,2.02008,2.961404,19.325092
MED00080,11,2026-11-09,Post-Monsoon,2.02008,1.14713,3.149143
MED00081,11,2026-11-09,Post-Monsoon,2.02008,-0.907281,0.40362
MED00082,11,2026-11-09,Post-Monsoon,2.02008,1.015916,2.761894
MED00083,11,2026-11-09,Post-Monsoon,2.02008,1.154179,3.171418
MED00084,11,2026-11-09,Post-Monsoon,2.02008,3.704773,40.64081
MED00085,11,2026-11-09,Post-Monsoon,2.02008,0.730199,2.075494
MED00086,11,2026-11-09,Post-Monsoon,2.02008,-0.953585,0.385357
MED00087,11,2026-11-09,Post-Monsoon,2.02008,0.573232,1.773992
MED00088,11,2026-11-09,Post-Monsoon,2.02008,3.333554,28.037819
MED00089,11,2026-11-09,Post-Monsoon,2.02008,2.726035,15.272218
MED00090,11,2026-11-09,Post-Monsoon,2.02008,0.895302,2.448075
MED00091,11,2026-11-09,Post-Monsoon,2.02008,0.715253,2.044703
MED00092,11,2026-11-09,Post-Monsoon,2.02008,0.508146,1.662206
MED00093,11,2026-11-09,Post-Monsoon,2.02008,-1.288088,0.275798
MED00094,11,2026-11-09,Post-Monsoon,2.02008,-0.483012,0.616922
MED00095,11,2026-11-09,Post-Monsoon,2.02008,1.05536,2.87301
MED00096,11,2026-11-09,Post-Monsoon,2.02008,2.626343,13.823127
MED00097,11,2026-11-09,Post-Monsoon,2.02008,-0.73671,0.478686
MED00098,11,2026-11-09,Post-Monsoon,2.02008,2.053728,7.796911
MED00099,11,2026-11-09,Post-Monsoon,2.02008,-1.417588,0.242298
MED00100,11,2026-11-09,Post-Monsoon,2.02008,-1.733635,0.176641
MED00101,11,2026-11-09,Post-Monsoon,2.02008,1.354121,3.873355
MED00102,11,2026-11-09,Post-Monsoon,2.02008,1.522793,4.585014
MED00103,11,2026-11-09,Post-Monsoon,2.02008,0.99575,2.706753
MED00104,11,2026-11-09,Post-Monsoon,2.02008,1.962476,7.116926
MED00105,11,2026-11-09,Post-Monsoon,2.02008,2.397958,11.000696
MED00106,11,2026-11-09,Post-Monsoon,2.02008,-1.944308,0.143086
MED00107,11,2026-11-09,Post-Monsoon,2.02008,2.021838,7.552192
MED00108,11,2026-11-09,Post-Monsoon,2.02008,1.014073,2.756806
MED00109,11,2026-11-09,Post-Monsoon,2.02008,-0.857447,0.424244
MED00110,11,2026-11-09,Post-Monsoon,2.02008,-0.695326,0.498912
MED00111,11,2026-11-09,Post-Monsoon,2.02008,-0.328723,0.719842
MED00112,11,2026-11-09,Post-Monsoon,2.02008,1.006115,2.734956
MED00113,11,2026-11-09,Post-Monsoon,2.02008,0.659818,1.93444
MED00114,11,2026-11-09,Post-Monsoon,2.02008,2.558517,12.916648
MED00115,11,2026-11-09,Post-Monsoon,2.02008,0.704554,2.022943
MED00116,11,2026-11-09,Post-Monsoon,2.02008,2.015374,7.503531
MED00117,11,2026-11-09,Post-Monsoon,2.02008,0.53156,1.701584
MED00118,11,2026-11-09,Post-Monsoon,2.02008,0.518125,1.678877
MED00119,11,2026-11-09,Post-Monsoon,2.02008,0.666315,1.94705
MED00120,11,2026-11-09,Post-Monsoon,2.02008,2.36696,10.664925
MED00121,11,2026-11-09,Post-Monsoon,2.02008,1.171017,3.225272
MED00122,11,2026-11-09,Post-Monsoon,2.02008,0.820525,2.271692
MED00123,11,2026-11-09,Post-Monsoon,2.02008,-0.019907,0.98029
MED00124,11,2026-11-09,Post-Monsoon,2.02008,1.986099,7.287049
MED00125,11,2026-11-09,Post-Monsoon,2.02008,-1.226006,0.293462
MED00126,11,2026-11-09,Post-Monsoon,2.02008,-0.128433,0.879472
MED00127,11,2026-11-09,Post-Monsoon,2.02008,0.719715,2.053848
MED00128,11,2026-11-09,Post-Monsoon,2.02008,0.738151,2.092064
MED00129,11,2026-11-09,Post-Monsoon,2.02008,0.607965,1.836689
MED00130,11,2026-11-09,Post-Monsoon,2.02008,-1.715636,0.179849
MED00131,11,2026-11-09,Post-Monsoon,2.02008,0.75036,2.117762
MED00132,11,2026-11-09,Post-Monsoon,2.02008,-0.383362,0.681566
MED00133,11,2026-11-09,Post-Monsoon,2.02008,-0.309305,0.733957
MED00134,11,2026-11-09,Post-Monsoon,2.02008,-0.590314,0.554153
MED00135,11,2026-11-09,Post-Monsoon,2.02008,2.593944,13.382452
MED00136,11,2026-11-09,Post-Monsoon,2.02008,0.47053,1.600843
MED00137,11,2026-11-09,Post-Monsoon,2.02008,0.791421,2.206529
MED00138,11,2026-11-09,Post-Monsoon,2.02008,0.713836,2.041809
MED00139,11,2026-11-09,Post-Monsoon,2.02008,1.06487,2.900463
MED00140,11,2026-11-09,Post-Monsoon,2.02008,0.604161,1.829717
MED00141,11,2026-11-09,Post-Monsoon,2.02008,1.438003,4.212276
MED00142,11,2026-11-09,Post-Monsoon,2.02008,-0.792678,0.452631
MED00143,11,2026-11-09,Post-Monsoon,2.02008,0.622181,1.862988
MED00144,11,2026-11-09,Post-Monsoon,2.02008,1.701833,5.483991
MED00145,11,2026-11-09,Post-Monsoon,2.02008,-0.366751,0.692982
MED00146,11,2026-11-09,Post-Monsoon,2.02008,0.58671,1.798062
MED00147,11,2026-11-09,Post-Monsoon,2.02008,0.611627,1.843429
MED00148,11,2026-11-09,Post-Monsoon,2.02008,1.758722,5.805012
MED00149,11,2026-11-09,Post-Monsoon,2.02008,1.251376,3.495148
MED00150,11,2026-11-09,Post-Monsoon,2.02008,0.478811,1.614155
MED00151,11,2026-11-09,Post-Monsoon,2.02008,0.741483,2.099046
MED00152,11,2026-11-09,Post-Monsoon,2.02008,0.764912,2.148805
MED00153,11,2026-11-09,Post-Monsoon,2.02008,0.770025,2.15982
MED00154,11,2026-11-09,Post-Monsoon,2.02008,2.71723,15.138332
MED00155,11,2026-11-09,Post-Monsoon,2.02008,0.687919,1.989572
MED00156,11,2026-11-09,Post-Monsoon,2.02008,0.873014,2.394116
MED00157,11,2026-11-09,Post-Monsoon,2.02008,1.442851,4.232746
MED00158,11,2026-11-09,Post-Monsoon,2.02008,-1.286385,0.276268
MED00159,11,2026-11-09,Post-Monsoon,2.02008,2.39699,10.990049
MED00160,11,2026-11-09,Post-Monsoon,2.02008,1.22061,3.389256
MED00161,11,2026-11-09,Post-Monsoon,2.02008,1.737859,5.685158
MED00162,11,2026-11-09,Post-Monsoon,2.02008,0.745006,2.106454
MED00163,11,2026-11-09,Post-Monsoon,2.02008,-0.980519,0.375116
MED00164,11,2026-11-09,Post-Monsoon,2.02008,0.669697,1.953645
MED00165,11,2026-11-09,Post-Monsoon,2.02008,2.003592,7.415646
MED00166,11,2026-11-09,Post-Monsoon,2.02008,0.726993,2.06885
MED00167,11,2026-11-09,Post-Monsoon,2.02008,0.621166,1.861097
MED00168,11,2026-11-09,Post-Monsoon,2.02008,0.638584,1.893796
MED00169,11,2026-11-09,Post-Monsoon,2.02008,0.604622,1.83056
MED00170,11,2026-11-09,Post-Monsoon,2.02008,0.586494,1.797676
MED00171,11,2026-11-09,Post-Monsoon,2.02008,0.779445,2.180261
MED00172,11,2026-11-09,Post-Monsoon,2.02008,0.603882,1.829206
MED00173,11,2026-11-09,Post-Monsoon,2.02008,0.795775,2.216158
MED00174,11,2026-11-09,Post-Monsoon,2.02008,1.82259,6.187865
MED00175,11,2026-11-09,Post-Monsoon,2.02008,0.246816,1.279944
MED00176,11,2026-11-09,Post-Monsoon,2.02008,2.558384,12.914929
MED00177,11,2026-11-09,Post-Monsoon,2.02008,-1.286865,0.276135
MED00178,11,2026-11-09,Post-Monsoon,2.02008,0.723321,2.061267
MED00179,11,2026-11-09,Post-Monsoon,2.02008,-0.567943,0.56669
MED00180,11,2026-11-09,Post-Monsoon,2.02008,0.68208,1.977988
MED00181,11,2026-11-09,Post-Monsoon,2.02008,1.076737,2.935086
MED00182,11,2026-11-09,Post-Monsoon,2.02008,-1.261903,0.283115
MED00183,11,2026-11-09,Post-Monsoon,2.02008,2.750221,15.646086
MED00184,11,2026-11-09,Post-Monsoon,2.02008,2.02043,7.541566
MED00185,11,2026-11-09,Post-Monsoon,2.02008,0.646097,1.908078
MED00186,11,2026-11-09,Post-Monsoon,2.02008,0.635594,1.888143
MED00187,11,2026-11-09,Post-Monsoon,2.02008,0.9738,2.647988
MED00188,11,2026-11-09,Post-Monsoon,2.02008,1.101273,3.007994
MED00189,11,2026-11-09,Post-Monsoon,2.02008,-1.521641,0.218353
MED00190,11,2026-11-09,Post-Monsoon,2.02008,0.745363,2.107206
MED00191,11,2026-11-09,Post-Monsoon,2.02008,2.38926,10.905421
MED00192,11,2026-11-09,Post-Monsoon,2.02008,-1.437336,0.23756
MED00193,11,2026-11-09,Post-Monsoon,2.02008,-1.960441,0.140796
MED00194,11,2026-11-09,Post-Monsoon,2.02008,1.87764,6.538059
MED00195,11,2026-11-09,Post-Monsoon,2.02008,1.783697,5.951822
MED00196,11,2026-11-09,Post-Monsoon,2.02008,1.912502,6.770002
MED00197,11,2026-11-09,Post-Monsoon,2.02008,1.845096,6.328708
MED00198,11,2026-11-09,Post-Monsoon,2.02008,0.564602,1.758748
MED00199,11,2026-11-09,Post-Monsoon,2.02008,0.316121,1.371796
MED00200,11,2026-11-09,Post-Monsoon,2.02008,0.61485,1.849378
MED00201,11,2026-11-09,Post-Monsoon,2.02008,2.107612,8.228565
MED00202,11,2026-11-09,Post-Monsoon,2.02008,0.594978,1.812992
MED00203,11,2026-11-09,Post-Monsoon,2.02008,0.744528,2.105448
MED00204,11,2026-11-09,Post-Monsoon,2.02008,0.710796,2.035612
MED00205,11,2026-11-09,Post-Monsoon,2.02008,2.424564,11.297304
MED00206,11,2026-11-09,Post-Monsoon,2.02008,0.194288,1.214446
MED00207,11,2026-11-09,Post-Monsoon,2.02008,0.679715,1.973314
MED00208,11,2026-11-09,Post-Monsoon,2.02008,2.393454,10.951261
MED00209,11,2026-11-09,Post-Monsoon,2.02008,0.961305,2.615108
MED00210,11,2026-11-09,Post-Monsoon,2.02008,0.332191,1.394019
MED00211,11,2026-11-09,Post-Monsoon,2.02008,0.779307,2.179961
MED00212,11,2026-11-09,Post-Monsoon,2.02008,0.746592,2.109798
MED00213,11,2026-11-09,Post-Monsoon,2.02008,0.36462,1.439967
MED00214,11,2026-11-09,Post-Monsoon,2.02008,2.26863,9.666147
MED00215,11,2026-11-09,Post-Monsoon,2.02008,0.813503,2.255796
MED00216,11,2026-11-09,Post-Monsoon,2.02008,-2.274386,0.10286
MED00217,11,2026-11-09,Post-Monsoon,2.02008,-1.310416,0.269708
MED00218,11,2026-11-09,Post-Monsoon,2.02008,1.374652,3.953701
MED00219,11,2026-11-09,Post-Monsoon,2.02008,2.671821,14.466287
MED00220,11,2026-11-09,Post-Monsoon,2.02008,0.74935,2.115624
MED00221,11,2026-11-09,Post-Monsoon,2.02008,1.093184,2.983759
MED00222,11,2026-11-09,Post-Monsoon,2.02008,-0.655012,0.519436
MED00223,11,2026-11-09,Post-Monsoon,2.02008,2.233862,9.335849
MED00224,11,2026-11-09,Post-Monsoon,2.02008,0.577841,1.782186
MED00225,11,2026-11-09,Post-Monsoon,2.02008,1.330953,3.784648
MED00226,11,2026-11-09,Post-Monsoon,2.02008,0.808783,2.245173
MED00227,11,2026-11-09,Post-Monsoon,2.02008,2.715657,15.114537
MED00228,11,2026-11-09,Post-Monsoon,2.02008,0.543674,1.722324
MED00229,11,2026-11-09,Post-Monsoon,2.02008,-0.672305,0.510531
MED00230,11,2026-11-09,Post-Monsoon,2.02008,2.544936,12.742412
MED00231,11,2026-11-09,Post-Monsoon,2.02008,0.452145,1.57168
MED00232,11,2026-11-09,Post-Monsoon,2.02008,1.036033,2.818015
MED00233,11,2026-11-09,Post-Monsoon,2.02008,-0.340016,0.711759
MED00234,11,2026-11-09,Post-Monsoon,2.02008,0.624491,1.867295
MED00235,11,2026-11-09,Post-Monsoon,2.02008,4.176127,65.113174
MED00236,11,2026-11-09,Post-Monsoon,2.02008,0.731378,2.077942
MED00237,11,2026-11-09,Post-Monsoon,2.02008,1.325332,3.763436
MED00238,11,2026-11-09,Post-Monsoon,2.02008,0.67708,1.968123
MED00239,11,2026-11-09,Post-Monsoon,2.02008,1.208804,3.349478
MED00240,11,2026-11-09,Post-Monsoon,2.02008,1.35941,3.893895
MED00241,11,2026-11-09,Post-Monsoon,2.02008,0.891196,2.438043
MED00242,11,2026-11-09,Post-Monsoon,2.02008,2.129597,8.411478
MED00243,11,2026-11-09,Post-Monsoon,2.02008,-1.749123,0.173926
MED00244,11,2026-11-09,Post-Monsoon,2.02008,0.720412,2.05528
MED00245,11,2026-11-09,Post-Monsoon,2.02008,4.30902,74.36754
MED00246,11,2026-11-09,Post-Monsoon,2.02008,1.570405,4.808596
MED00247,11,2026-11-09,Post-Monsoon,2.02008,2.429102,11.348683
MED00248,11,2026-11-09,Post-Monsoon,2.02008,0.743596,2.103487
MED00249,11,2026-11-09,Post-Monsoon,2.02008,2.948133,19.07032
MED00250,11,2026-11-09,Post-Monsoon,2.02008,2.300542,9.979584
MED00251,11,2026-11-09,Post-Monsoon,2.02008,0.610665,1.841656
MED00252,11,2026-11-09,Post-Monsoon,2.02008,-0.93558,0.392358
MED00253,11,2026-11-09,Post-Monsoon,2.02008,1.242295,3.463554
MED00254,11,2026-11-09,Post-Monsoon,2.02008,-1.027026,0.35807
MED00255,11,2026-11-09,Post-Monsoon,2.02008,1.534698,4.639924
MED00256,11,2026-11-09,Post-Monsoon,2.02008,0.737216,2.090109
MED00257,11,2026-11-09,Post-Monsoon,2.02008,1.41657,4.122953
MED00258,11,2026-11-09,Post-Monsoon,2.02008,0.764703,2.148357
MED00259,11,2026-11-09,Post-Monsoon,2.02008,0.801323,2.228487
MED00260,11,2026-11-09,Post-Monsoon,2.02008,-0.721027,0.486253
MED00261,11,2026-11-09,Post-Monsoon,2.02008,-0.263307,0.768506
MED00262,11,2026-11-09,Post-Monsoon,2.02008,1.06934,2.913458
MED00263,11,2026-11-09,Post-Monsoon,2.02008,1.031774,2.80604
MED00264,11,2026-11-09,Post-Monsoon,2.02008,-1.03634,0.354751
MED00265,11,2026-11-09,Post-Monsoon,2.02008,1.741074,5.703464
MED00266,11,2026-11-09,Post-Monsoon,2.02008,2.624399,13.796276
MED00267,11,2026-11-09,Post-Monsoon,2.02008,1.421266,4.142362
MED00268,11,2026-11-09,Post-Monsoon,2.02008,0.737868,2.091473
MED00269,11,2026-11-09,Post-Monsoon,2.02008,0.771204,2.162368
MED00270,11,2026-11-09,Post-Monsoon,2.02008,0.822249,2.275612
MED00271,11,2026-11-09,Post-Monsoon,2.02008,0.503159,1.653937
MED00272,11,2026-11-09,Post-Monsoon,2.02008,1.369065,3.931674
MED00273,11,2026-11-09,Post-Monsoon,2.02008,1.172031,3.228542
MED00274,11,2026-11-09,Post-Monsoon,2.02008,-0.445542,0.640477
MED00275,11,2026-11-09,Post-Monsoon,2.02008,2.423454,11.284767
MED00276,11,2026-11-09,Post-Monsoon,2.02008,0.637498,1.891742
MED00277,11,2026-11-09,Post-Monsoon,2.02008,-1.522239,0.218223
MED00278,11,2026-11-09,Post-Monsoon,2.02008,2.023674,7.566074
MED00279,11,2026-11-09,Post-Monsoon,2.02008,2.92655,18.663134
MED00280,11,2026-11-09,Post-Monsoon,2.02008,-1.38939,0.249227
MED00281,11,2026-11-09,Post-Monsoon,2.02008,2.544431,12.735982
MED00282,11,2026-11-09,Post-Monsoon,2.02008,1.264811,3.542424
MED00283,11,2026-11-09,Post-Monsoon,2.02008,0.817268,2.264306
MED00284,11,2026-11-09,Post-Monsoon,2.02008,0.337679,1.401691
MED00285,11,2026-11-09,Post-Monsoon,2.02008,1.549071,4.707095
MED00286,11,2026-11-09,Post-Monsoon,2.02008,1.375624,3.957544
MED00287,11,2026-11-09,Post-Monsoon,2.02008,1.119037,3.061904
MED00288,11,2026-11-09,Post-Monsoon,2.02008,3.632714,37.8153
MED00289,11,2026-11-09,Post-Monsoon,2.02008,1.394799,4.034162
MED00290,11,2026-11-09,Post-Monsoon,2.02008,0.605899,1.832899
MED00291,11,2026-11-09,Post-Monsoon,2.02008,2.381782,10.824178
MED00292,11,2026-11-09,Post-Monsoon,2.02008,0.573716,1.77485
MED00293,11,2026-11-09,Post-Monsoon,2.02008,1.379662,3.973558
MED00294,11,2026-11-09,Post-Monsoon,2.02008,0.243474,1.275673
MED00295,11,2026-11-09,Post-Monsoon,2.02008,-1.226094,0.293437
MED00296,11,2026-11-09,Post-Monsoon,2.02008,1.361482,3.901972
MED00297,11,2026-11-09,Post-Monsoon,2.02008,1.723143,5.602108
MED00298,11,2026-11-09,Post-Monsoon,2.02008,0.777998,2.17711
MED00299,11,2026-11-09,Post-Monsoon,2.02008,-0.739737,0.477239
MED00300,11,2026-11-09,Post-Monsoon,2.02008,0.657906,1.930745
MED00301,11,2026-11-09,Post-Monsoon,2.02008,1.519268,4.568878
MED00302,11,2026-11-09,Post-Monsoon,2.02008,2.172742,8.78233
MED00303,11,2026-11-09,Post-Monsoon,2.02008,1.000621,2.71997
MED00304,11,2026-11-09,Post-Monsoon,2.02008,1.304203,3.684752
MED00305,11,2026-11-09,Post-Monsoon,2.02008,0.622275,1.863162
MED00306,11,2026-11-09,Post-Monsoon,2.02008,-0.661039,0.516315
MED00307,11,2026-11-09,Post-Monsoon,2.02008,3.207321,24.712784
MED00308,11,2026-11-09,Post-Monsoon,2.02008,-0.372564,0.688966
MED00309,11,2026-11-09,Post-Monsoon,2.02008,1.091324,2.978213
MED00310,11,2026-11-09,Post-Monsoon,2.02008,1.219842,3.386651
MED00311,11,2026-11-09,Post-Monsoon,2.02008,1.195542,3.305348
MED00312,11,2026-11-09,Post-Monsoon,2.02008,-0.370067,0.690688
MED00313,11,2026-11-09,Post-Monsoon,2.02008,-0.745402,0.474544
MED00314,11,2026-11-09,Post-Monsoon,2.02008,2.360094,10.591943
MED00315,11,2026-11-09,Post-Monsoon,2.02008,2.233131,9.329031
MED00316,11,2026-11-09,Post-Monsoon,2.02008,0.993205,2.699874
MED00317,11,2026-11-09,Post-Monsoon,2.02008,0.77485,2.170267
MED00318,11,2026-11-09,Post-Monsoon,2.02008,0.86477,2.37446
MED00319,11,2026-11-09,Post-Monsoon,2.02008,2.371838,10.717071
MED00320,11,2026-11-09,Post-Monsoon,2.02008,1.842143,6.310044
MED00321,11,2026-11-09,Post-Monsoon,2.02008,-0.42085,0.656488
MED00322,11,2026-11-09,Post-Monsoon,2.02008,-1.718064,0.179413
MED00323,11,2026-11-09,Post-Monsoon,2.02008,0.183664,1.201612
MED00324,11,2026-11-09,Post-Monsoon,2.02008,0.363069,1.437734
MED00325,11,2026-11-09,Post-Monsoon,2.02008,1.8593,6.419244
MED00326,11,2026-11-09,Post-Monsoon,2.02008,2.178894,8.836524
MED00327,11,2026-11-09,Post-Monsoon,2.02008,1.024862,2.786712
MED00328,11,2026-11-09,Post-Monsoon,2.02008,1.365308,3.916927
MED00329,11,2026-11-09,Post-Monsoon,2.02008,2.350191,10.487576
MED00330,11,2026-11-09,Post-Monsoon,2.02008,1.382447,3.98464
MED00331,11,2026-11-09,Post-Monsoon,2.02008,0.639689,1.895891
MED00332,11,2026-11-09,Post-Monsoon,2.02008,1.040454,2.8305
MED00333,11,2026-11-09,Post-Monsoon,2.02008,1.039514,2.827844
MED00334,11,2026-11-09,Post-Monsoon,2.02008,2.361751,10.609516
MED00335,11,2026-11-09,Post-Monsoon,2.02008,1.749662,5.752656
MED00336,11,2026-11-09,Post-Monsoon,2.02008,2.186552,8.904453
MED00337,11,2026-11-09,Post-Monsoon,2.02008,4.048746,57.325504
MED00338,11,2026-11-09,Post-Monsoon,2.02008,2.300476,9.978932
MED00339,11,2026-11-09,Post-Monsoon,2.02008,0.580794,1.787458
MED00340,11,2026-11-09,Post-Monsoon,2.02008,0.63636,1.88959
MED00341,11,2026-11-09,Post-Monsoon,2.02008,1.56874,4.800596
MED00342,11,2026-11-09,Post-Monsoon,2.02008,0.708281,2.030498
MED00343,11,2026-11-09,Post-Monsoon,2.02008,2.288825,9.863344
MED00344,11,2026-11-09,Post-Monsoon,2.02008,1.456361,4.290318
MED00345,11,2026-11-09,Post-Monsoon,2.02008,-1.670261,0.188198
MED00346,11,2026-11-09,Post-Monsoon,2.02008,1.115982,3.052563
MED00347,11,2026-11-09,Post-Monsoon,2.02008,-1.616638,0.198565
MED00348,11,2026-11-09,Post-Monsoon,2.02008,0.588797,1.801819
MED00349,11,2026-11-09,Post-Monsoon,2.02008,0.814349,2.257705
MED00350,11,2026-11-09,Post-Monsoon,2.02008,0.155666,1.168436
MED00351,11,2026-11-09,Post-Monsoon,2.02008,-0.67056,0.511422
MED00352,11,2026-11-09,Post-Monsoon,2.02008,-1.353235,0.258403
MED00353,11,2026-11-09,Post-Monsoon,2.02008,-0.083297,0.920078
MED00354,11,2026-11-09,Post-Monsoon,2.02008,-0.013311,0.986777
MED00355,11,2026-11-09,Post-Monsoon,2.02008,2.179172,8.838989
MED00356,11,2026-11-09,Post-Monsoon,2.02008,0.674601,1.963249
MED00357,11,2026-11-09,Post-Monsoon,2.02008,-1.44247,0.236343
MED00358,11,2026-11-09,Post-Monsoon,2.02008,1.601323,4.959592
MED00359,11,2026-11-09,Post-Monsoon,2.02008,0.739639,2.09518
MED00360,11,2026-11-09,Post-Monsoon,2.02008,1.017688,2.76679
MED00361,11,2026-11-09,Post-Monsoon,2.02008,0.792003,2.207814
MED00362,11,2026-11-09,Post-Monsoon,2.02008,0.857934,2.358284
MED00363,11,2026-11-09,Post-Monsoon,2.02008,0.567644,1.764106
MED00364,11,2026-11-09,Post-Monsoon,2.02008,-1.719683,0.179123
MED00365,11,2026-11-09,Post-Monsoon,2.02008,0.771893,2.163859
MED00366,11,2026-11-09,Post-Monsoon,2.02008,2.22484,9.251997
MED00367,11,2026-11-09,Post-Monsoon,2.02008,0.743784,2.103881
MED00368,11,2026-11-09,Post-Monsoon,2.02008,0.988045,2.685979
MED00369,11,2026-11-09,Post-Monsoon,2.02008,1.246141,3.4769
MED00370,11,2026-11-09,Post-Monsoon,2.02008,-0.701108,0.496035
MED00371,11,2026-11-09,Post-Monsoon,2.02008,2.743116,15.535324
MED00372,11,2026-11-09,Post-Monsoon,2.02008,-1.529553,0.216632
MED00373,11,2026-11-09,Post-Monsoon,2.02008,-0.354735,0.701359
MED00374,11,2026-11-09,Post-Monsoon,2.02008,0.566101,1.761387
MED00375,11,2026-11-09,Post-Monsoon,2.02008,2.71024,15.032882
MED00376,11,2026-11-09,Post-Monsoon,2.02008,0.728914,2.072829
MED00377,11,2026-11-09,Post-Monsoon,2.02008,-0.57906,0.560425
MED00378,11,2026-11-09,Post-Monsoon,2.02008,0.753766,2.124989
MED00379,11,2026-11-09,Post-Monsoon,2.02008,-0.454286,0.634901
MED00380,11,2026-11-09,Post-Monsoon,2.02008,-0.597574,0.550145
MED00381,11,2026-11-09,Post-Monsoon,2.02008,0.41176,1.509472
MED00382,11,2026-11-09,Post-Monsoon,2.02008,0.83456,2.3038
MED00383,11,2026-11-09,Post-Monsoon,2.02008,1.833014,6.252706
MED00384,11,2026-11-09,Post-Monsoon,2.02008,0.717532,2.04937
MED00385,11,2026-11-09,Post-Monsoon,2.02008,2.903395,18.235947
MED00386,11,2026-11-09,Post-Monsoon,2.02008,2.63057,13.881682
MED00387,11,2026-11-09,Post-Monsoon,2.02008,2.896914,18.118143
MED00388,11,2026-11-09,Post-Monsoon,2.02008,4.789024,120.184
MED00389,11,2026-11-09,Post-Monsoon,2.02008,2.113234,8.274956
MED00390,11,2026-11-09,Post-Monsoon,2.02008,2.811658,16.637484
MED00391,11,2026-11-09,Post-Monsoon,2.02008,2.778755,16.09896
MED00392,11,2026-11-09,Post-Monsoon,2.02008,2.788606,16.258335
MED00393,11,2026-11-09,Post-Monsoon,2.02008,2.373394,10.733761
MED00394,11,2026-11-09,Post-Monsoon,2.02008,2.572626,13.100185
MED00395,11,2026-11-09,Post-Monsoon,2.02008,2.77994,16.118063
MED00396,11,2026-11-09,Post-Monsoon,2.02008,3.941186,51.47962
MED00397,11,2026-11-09,Post-Monsoon,2.02008,3.715128,41.06382
MED00398,11,2026-11-09,Post-Monsoon,2.02008,4.828929,125.07693
MED00399,11,2026-11-09,Post-Monsoon,2.02008,4.899853,134.27
MED00400,11,2026-11-09,Post-Monsoon,2.02008,4.321187,75.27793
MED00401,11,2026-11-09,Post-Monsoon,2.02008,2.584884,13.261744
MED00402,11,2026-11-09,Post-Monsoon,2.02008,2.876003,17.743212
MED00403,11,2026-11-09,Post-Monsoon,2.02008,2.392242,10.937994
MED00404,11,2026-11-09,Post-Monsoon,2.02008,1.475663,4.373936
MED00405,11,2026-11-09,Post-Monsoon,2.02008,1.948356,7.01714
MED00406,11,2026-11-09,Post-Monsoon,2.02008,2.953859,19.179832
MED00407,11,2026-11-09,Post-Monsoon,2.02008,2.852715,17.334785
MED00408,11,2026-11-09,Post-Monsoon,2.02008,1.822622,6.188066
MED00409,11,2026-11-09,Post-Monsoon,2.02008,2.226072,9.263407
MED00410,11,2026-11-09,Post-Monsoon,2.02008,1.99905,7.382037
MED00411,11,2026-11-09,Post-Monsoon,2.02008,2.841681,17.144562
MED00412,11,2026-11-09,Post-Monsoon,2.02008,2.449298,11.580211
MED00413,11,2026-11-09,Post-Monsoon,2.02008,2.5084,12.285252
MED00414,11,2026-11-09,Post-Monsoon,2.02008,2.831601,16.972614
MED00415,11,2026-11-09,Post-Monsoon,2.02008,2.501465,12.200356
MED00416,11,2026-11-09,Post-Monsoon,2.02008,2.778424,16.093634
MED00417,11,2026-11-09,Post-Monsoon,2.02008,1.946485,7.004023
MED00418,11,2026-11-09,Post-Monsoon,2.02008,1.895975,6.659035
MED00419,11,2026-11-09,Post-Monsoon,2.02008,2.098213,8.151588
MED00420,11,2026-11-09,Post-Monsoon,2.02008,2.858073,17.427916
MED00421,11,2026-11-09,Post-Monsoon,2.02008,2.923416,18.604727
MED00422,11,2026-11-09,Post-Monsoon,2.02008,2.791656,16.308
MED00423,11,2026-11-09,Post-Monsoon,2.02008,2.439397,11.466128
MED00424,11,2026-11-09,Post-Monsoon,2.02008,4.561723,95.74829
MED00001,12,2026-11-16,Post-Monsoon,2.02008,2.503237,12.22199
MED00002,12,2026-11-16,Post-Monsoon,2.02008,-1.9475,0.14263
MED00003,12,2026-11-16,Post-Monsoon,2.02008,-1.136964,0.320791
MED00004,12,2026-11-16,Post-Monsoon,2.02008,-0.081824,0.921434
MED00005,12,2026-11-16,Post-Monsoon,2.02008,0.742659,2.101516
MED00006,12,2026-11-16,Post-Monsoon,2.02008,0.481973,1.619266
MED00007,12,2026-11-16,Post-Monsoon,2.02008,1.093106,2.983526
MED00008,12,2026-11-16,Post-Monsoon,2.02008,-0.344658,0.708463
MED00009,12,2026-11-16,Post-Monsoon,2.02008,1.188434,3.281936
MED00010,12,2026-11-16,Post-Monsoon,2.02008,1.413006,4.108284
MED00011,12,2026-11-16,Post-Monsoon,2.02008,2.914916,18.447271
MED00012,12,2026-11-16,Post-Monsoon,2.02008,0.705768,2.025401
MED00013,12,2026-11-16,Post-Monsoon,2.02008,1.243834,3.46889
MED00014,12,2026-11-16,Post-Monsoon,2.02008,2.79028,16.285582
MED00015,12,2026-11-16,Post-Monsoon,2.02008,-0.600859,0.54834
MED00016,12,2026-11-16,Post-Monsoon,2.02008,0.757959,2.133916
MED00017,12,2026-11-16,Post-Monsoon,2.02008,0.634701,1.886457
MED00018,12,2026-11-16,Post-Monsoon,2.02008,4.416682,82.82105
MED00019,12,2026-11-16,Post-Monsoon,2.02008,3.776996,43.68459
MED00020,12,2026-11-16,Post-Monsoon,2.02008,2.32078,10.183613
MED00021,12,2026-11-16,Post-Monsoon,2.02008,1.29284,3.643117
MED00022,12,2026-11-16,Post-Monsoon,2.02008,0.821622,2.274184
MED00023,12,2026-11-16,Post-Monsoon,2.02008,0.319838,1.376905
MED00024,12,2026-11-16,Post-Monsoon,2.02008,0.994773,2.704111
MED00025,12,2026-11-16,Post-Monsoon,2.02008,-2.12176,0.119821
MED00026,12,2026-11-16,Post-Monsoon,2.02008,-1.046534,0.351153
MED00027,12,2026-11-16,Post-Monsoon,2.02008,-1.449008,0.234803
MED00028,12,2026-11-16,Post-Monsoon,2.02008,-0.656353,0.51874
MED00029,12,2026-11-16,Post-Monsoon,2.02008,2.3324,10.302639
MED00030,12,2026-11-16,Post-Monsoon,2.02008,1.250314,3.491441
MED00031,12,2026-11-16,Post-Monsoon,2.02008,1.131582,3.100558
MED00032,12,2026-11-16,Post-Monsoon,2.02008,0.784257,2.190778
MED00033,12,2026-11-16,Post-Monsoon,2.02008,0.059779,1.061602
MED00034,12,2026-11-16,Post-Monsoon,2.02008,3.017888,20.448057
MED00035,12,2026-11-16,Post-Monsoon,2.02008,-0.629264,0.532984
MED00036,12,2026-11-16,Post-Monsoon,2.02008,0.506664,1.659744
MED00037,12,2026-11-16,Post-Monsoon,2.02008,1.3662,3.920423
MED00038,12,2026-11-16,Post-Monsoon,2.02008,2.506508,12.262032
MED00039,12,2026-11-16,Post-Monsoon,2.02008,0.098377,1.103378
MED00040,12,2026-11-16,Post-Monsoon,2.02008,-0.583598,0.557887
MED00041,12,2026-11-16,Post-Monsoon,2.02008,-0.350303,0.704475
MED00042,12,2026-11-16,Post-Monsoon,2.02008,1.206698,3.342431
MED00043,12,2026-11-16,Post-Monsoon,2.02008,-0.690177,0.501487
MED00044,12,2026-11-16,Post-Monsoon,2.02008,0.66415,1.942838
MED00045,12,2026-11-16,Post-Monsoon,2.02008,0.543199,1.721505
MED00046,12,2026-11-16,Post-Monsoon,2.02008,0.798765,2.222794
MED00047,12,2026-11-16,Post-Monsoon,2.02008,1.543219,4.679629
MED00048,12,2026-11-16,Post-Monsoon,2.02008,2.529476,12.546926
MED00049,12,2026-11-16,Post-Monsoon,2.02008,-1.736156,0.176196
MED00050,12,2026-11-16,Post-Monsoon,2.02008,0.941264,2.563218
MED00051,12,2026-11-16,Post-Monsoon,2.02008,-1.678884,0.186582
MED00052,12,2026-11-16,Post-Monsoon,2.02008,-0.662716,0.515449
MED00053,12,2026-11-16,Post-Monsoon,2.02008,1.652031,5.217566
MED00054,12,2026-11-16,Post-Monsoon,2.02008,1.606612,4.985889
MED00055,12,2026-11-16,Post-Monsoon,2.02008,0.0325,1.033034
MED00056,12,2026-11-16,Post-Monsoon,2.02008,-0.338672,0.712716
MED00057,12,2026-11-16,Post-Monsoon,2.02008,-0.688517,0.502321
MED00058,12,2026-11-16,Post-Monsoon,2.02008,0.515975,1.67527
MED00059,12,2026-11-16,Post-Monsoon,2.02008,2.011973,7.478058
MED00060,12,2026-11-16,Post-Monsoon,2.02008,1.74687,5.736616
MED00061,12,2026-11-16,Post-Monsoon,2.02008,-0.367092,0.692746
MED00062,12,2026-11-16,Post-Monsoon,2.02008,2.446036,11.542508
MED00063,12,2026-11-16,Post-Monsoon,2.02008,-1.979691,0.138112
MED00064,12,2026-11-16,Post-Monsoon,2.02008,3.134806,22.98418
MED00065,12,2026-11-16,Post-Monsoon,2.02008,4.077711,59.010246
MED00066,12,2026-11-16,Post-Monsoon,2.02008,-0.744153,0.475136
MED00067,12,2026-11-16,Post-Monsoon,2.02008,0.767058,2.15342
MED00068,12,2026-11-16,Post-Monsoon,2.02008,1.123314,3.075027
MED00069,12,2026-11-16,Post-Monsoon,2.02008,0.523931,1.688653
MED00070,12,2026-11-16,Post-Monsoon,2.02008,2.36115,10.603138
MED00071,12,2026-11-16,Post-Monsoon,2.02008,0.711177,2.036386
MED00072,12,2026-11-16,Post-Monsoon,2.02008,0.736309,2.088213
MED00073,12,2026-11-16,Post-Monsoon,2.02008,1.0778,2.938208
MED00074,12,2026-11-16,Post-Monsoon,2.02008,0.99489,2.704426
MED00075,12,2026-11-16,Post-Monsoon,2.02008,1.07941,2.942943
MED00076,12,2026-11-16,Post-Monsoon,2.02008,-1.380464,0.251462
MED00077,12,2026-11-16,Post-Monsoon,2.02008,1.34588,3.841565
MED00078,12,2026-11-16,Post-Monsoon,2.02008,1.047375,2.85016
MED00079,12,2026-11-16,Post-Monsoon,2.02008,2.968188,19.456629
MED00080,12,2026-11-16,Post-Monsoon,2.02008,1.144617,3.141237
MED00081,12,2026-11-16,Post-Monsoon,2.02008,-0.874156,0.417214
MED00082,12,2026-11-16,Post-Monsoon,2.02008,1.006081,2.734861
MED00083,12,2026-11-16,Post-Monsoon,2.02008,1.148112,3.152238
MED00084,12,2026-11-16,Post-Monsoon,2.02008,3.707625,40.75689
MED00085,12,2026-11-16,Post-Monsoon,2.02008,0.728617,2.072212
MED00086,12,2026-11-16,Post-Monsoon,2.02008,-0.899664,0.406706
MED00087,12,2026-11-16,Post-Monsoon,2.02008,0.57598,1.778874
MED00088,12,2026-11-16,Post-Monsoon,2.02008,3.340824,28.242386
MED00089,12,2026-11-16,Post-Monsoon,2.02008,2.739644,15.481477
MED00090,12,2026-11-16,Post-Monsoon,2.02008,0.887968,2.430188
MED00091,12,2026-11-16,Post-Monsoon,2.02008,0.713624,2.041376
MED00092,12,2026-11-16,Post-Monsoon,2.02008,0.509861,1.66506
MED00093,12,2026-11-16,Post-Monsoon,2.02008,-1.219849,0.295275
MED00094,12,2026-11-16,Post-Monsoon,2.02008,-0.417647,0.658595
MED00095,12,2026-11-16,Post-Monsoon,2.02008,1.046037,2.846348
MED00096,12,2026-11-16,Post-Monsoon,2.02008,2.686835,14.685128
MED00097,12,2026-11-16,Post-Monsoon,2.02008,-0.688404,0.502377
MED00098,12,2026-11-16,Post-Monsoon,2.02008,2.051149,7.776829
MED00099,12,2026-11-16,Post-Monsoon,2.02008,-1.380466,0.251461
MED00100,12,2026-11-16,Post-Monsoon,2.02008,-1.700652,0.182564
MED00101,12,2026-11-16,Post-Monsoon,2.02008,1.329018,3.777331
MED00102,12,2026-11-16,Post-Monsoon,2.02008,1.5544,4.732244
MED00103,12,2026-11-16,Post-Monsoon,2.02008,0.990303,2.692049
MED00104,12,2026-11-16,Post-Monsoon,2.02008,1.958864,7.091268
MED00105,12,2026-11-16,Post-Monsoon,2.02008,2.394347,10.961035
MED00106,12,2026-11-16,Post-Monsoon,2.02008,-1.934135,0.144549
MED00107,12,2026-11-16,Post-Monsoon,2.02008,2.018226,7.524965
MED00108,12,2026-11-16,Post-Monsoon,2.02008,1.002919,2.726229
MED00109,12,2026-11-16,Post-Monsoon,2.02008,-0.833263,0.434629
MED00110,12,2026-11-16,Post-Monsoon,2.02008,-0.635124,0.52987
MED00111,12,2026-11-16,Post-Monsoon,2.02008,-0.303123,0.738508
MED00112,12,2026-11-16,Post-Monsoon,2.02008,0.999635,2.717289
MED00113,12,2026-11-16,Post-Monsoon,2.02008,0.658235,1.931381
MED00114,12,2026-11-16,Post-Monsoon,2.02008,2.567628,13.034877
MED00115,12,2026-11-16,Post-Monsoon,2.02008,0.704004,2.021832
MED00116,12,2026-11-16,Post-Monsoon,2.02008,2.018022,7.52343
MED00117,12,2026-11-16,Post-Monsoon,2.02008,0.566945,1.762874
MED00118,12,2026-11-16,Post-Monsoon,2.02008,0.52414,1.689006
MED00119,12,2026-11-16,Post-Monsoon,2.02008,0.664733,1.943971
MED00120,12,2026-11-16,Post-Monsoon,2.02008,2.370504,10.702782
MED00121,12,2026-11-16,Post-Monsoon,2.02008,1.135504,3.112743
MED00122,12,2026-11-16,Post-Monsoon,2.02008,0.818943,2.2681
MED00123,12,2026-11-16,Post-Monsoon,2.02008,-0.030825,0.969645
MED00124,12,2026-11-16,Post-Monsoon,2.02008,1.982487,7.260775
MED00125,12,2026-11-16,Post-Monsoon,2.02008,-1.19966,0.301297
MED00126,12,2026-11-16,Post-Monsoon,2.02008,-0.108924,0.896799
MED00127,12,2026-11-16,Post-Monsoon,2.02008,0.723013,2.060632
MED00128,12,2026-11-16,Post-Monsoon,2.02008,0.736569,2.088756
MED00129,12,2026-11-16,Post-Monsoon,2.02008,0.599749,1.821661
MED00130,12,2026-11-16,Post-Monsoon,2.02008,-1.709117,0.181026
MED00131,12,2026-11-16,Post-Monsoon,2.02008,0.748731,2.114316
MED00132,12,2026-11-16,Post-Monsoon,2.02008,-0.304404,0.737563
MED00133,12,2026-11-16,Post-Monsoon,2.02008,-0.27608,0.758752
MED00134,12,2026-11-16,Post-Monsoon,2.02008,-0.534333,0.58606
MED00135,12,2026-11-16,Post-Monsoon,2.02008,2.603189,13.506739
MED00136,12,2026-11-16,Post-Monsoon,2.02008,0.465749,1.593207
MED00137,12,2026-11-16,Post-Monsoon,2.02008,0.789477,2.202245
MED00138,12,2026-11-16,Post-Monsoon,2.02008,0.712254,2.03858
MED00139,12,2026-11-16,Post-Monsoon,2.02008,1.054506,2.870556
MED00140,12,2026-11-16,Post-Monsoon,2.02008,0.605876,1.832858
MED00141,12,2026-11-16,Post-Monsoon,2.02008,1.431367,4.184417
MED00142,12,2026-11-16,Post-Monsoon,2.02008,-0.74617,0.474179
MED00143,12,2026-11-16,Post-Monsoon,2.02008,0.623897,1.866186
MED00144,12,2026-11-16,Post-Monsoon,2.02008,1.692237,5.431618
MED00145,12,2026-11-16,Post-Monsoon,2.02008,-0.348249,0.705923
MED00146,12,2026-11-16,Post-Monsoon,2.02008,0.608172,1.83707
MED00147,12,2026-11-16,Post-Monsoon,2.02008,0.612369,1.844796
MED00148,12,2026-11-16,Post-Monsoon,2.02008,1.750984,5.760268
MED00149,12,2026-11-16,Post-Monsoon,2.02008,1.240747,3.458195
MED00150,12,2026-11-16,Post-Monsoon,2.02008,0.479267,1.614891
MED00151,12,2026-11-16,Post-Monsoon,2.02008,0.739901,2.095728
MED00152,12,2026-11-16,Post-Monsoon,2.02008,0.763329,2.145408
MED00153,12,2026-11-16,Post-Monsoon,2.02008,0.769475,2.158634
MED00154,12,2026-11-16,Post-Monsoon,2.02008,2.716134,15.121753
MED00155,12,2026-11-16,Post-Monsoon,2.02008,0.686337,1.986426
MED00156,12,2026-11-16,Post-Monsoon,2.02008,0.878379,2.406994
MED00157,12,2026-11-16,Post-Monsoon,2.02008,1.433484,4.193282
MED00158,12,2026-11-16,Post-Monsoon,2.02008,-1.246021,0.287647
MED00159,12,2026-11-16,Post-Monsoon,2.02008,2.40206,11.045902
MED00160,12,2026-11-16,Post-Monsoon,2.02008,1.209982,3.353422
MED00161,12,2026-11-16,Post-Monsoon,2.02008,1.728263,5.630863
MED00162,12,2026-11-16,Post-Monsoon,2.02008,0.744456,2.105297
MED00163,12,2026-11-16,Post-Monsoon,2.02008,-0.978752,0.37578
MED00164,12,2026-11-16,Post-Monsoon,2.02008,0.66743,1.94922
MED00165,12,2026-11-16,Post-Monsoon,2.02008,1.998653,7.379112
MED00166,12,2026-11-16,Post-Monsoon,2.02008,0.726443,2.067714
MED00167,12,2026-11-16,Post-Monsoon,2.02008,0.620846,1.860501
MED00168,12,2026-11-16,Post-Monsoon,2.02008,0.638034,1.892756
MED00169,12,2026-11-16,Post-Monsoon,2.02008,0.606337,1.833703
MED00170,12,2026-11-16,Post-Monsoon,2.02008,0.58821,1.800762
MED00171,12,2026-11-16,Post-Monsoon,2.02008,0.777862,2.176814
MED00172,12,2026-11-16,Post-Monsoon,2.02008,0.603305,1.82815
MED00173,12,2026-11-16,Post-Monsoon,2.02008,0.795226,2.21494
MED00174,12,2026-11-16,Post-Monsoon,2.02008,1.822167,6.185246
MED00175,12,2026-11-16,Post-Monsoon,2.02008,0.252002,1.286599
MED00176,12,2026-11-16,Post-Monsoon,2.02008,2.68555,14.666272
MED00177,12,2026-11-16,Post-Monsoon,2.02008,-1.224538,0.293893
MED00178,12,2026-11-16,Post-Monsoon,2.02008,0.74931,2.115541
MED00179,12,2026-11-16,Post-Monsoon,2.02008,-0.453891,0.635152
MED00180,12,2026-11-16,Post-Monsoon,2.02008,0.681531,1.976901
MED00181,12,2026-11-16,Post-Monsoon,2.02008,1.068446,2.910853
MED00182,12,2026-11-16,Post-Monsoon,2.02008,-1.24202,0.2888
MED00183,12,2026-11-16,Post-Monsoon,2.02008,2.757155,15.754955
MED00184,12,2026-11-16,Post-Monsoon,2.02008,2.025426,7.579336
MED00185,12,2026-11-16,Post-Monsoon,2.02008,0.666395,1.947205
MED00186,12,2026-11-16,Post-Monsoon,2.02008,0.638342,1.893339
MED00187,12,2026-11-16,Post-Monsoon,2.02008,0.974256,2.649196
MED00188,12,2026-11-16,Post-Monsoon,2.02008,1.09195,2.980079
MED00189,12,2026-11-16,Post-Monsoon,2.02008,-1.495295,0.224182
MED00190,12,2026-11-16,Post-Monsoon,2.02008,0.744813,2.106048
MED00191,12,2026-11-16,Post-Monsoon,2.02008,2.401388,11.038489
MED00192,12,2026-11-16,Post-Monsoon,2.02008,-1.433159,0.238554
MED00193,12,2026-11-16,Post-Monsoon,2.02008,-2.014933,0.133329
MED00194,12,2026-11-16,Post-Monsoon,2.02008,1.863031,6.443236
MED00195,12,2026-11-16,Post-Monsoon,2.02008,1.765033,5.841764
MED00196,12,2026-11-16,Post-Monsoon,2.02008,1.901135,6.693488
MED00197,12,2026-11-16,Post-Monsoon,2.02008,1.83373,6.257182
MED00198,12,2026-11-16,Post-Monsoon,2.02008,0.56302,1.755968
MED00199,12,2026-11-16,Post-Monsoon,2.02008,0.320475,1.377782
MED00200,12,2026-11-16,Post-Monsoon,2.02008,0.617598,1.854468
MED00201,12,2026-11-16,Post-Monsoon,2.02008,2.117776,8.312627
MED00202,12,2026-11-16,Post-Monsoon,2.02008,0.594429,1.811996
MED00203,12,2026-11-16,Post-Monsoon,2.02008,0.7429,2.102022
MED00204,12,2026-11-16,Post-Monsoon,2.02008,0.710247,2.034493
MED00205,12,2026-11-16,Post-Monsoon,2.02008,2.420952,11.256574
MED00206,12,2026-11-16,Post-Monsoon,2.02008,0.207049,1.230043
MED00207,12,2026-11-16,Post-Monsoon,2.02008,0.68143,1.976702
MED00208,12,2026-11-16,Post-Monsoon,2.02008,2.389843,10.911777
MED00209,12,2026-11-16,Post-Monsoon,2.02008,0.90616,2.4748
MED00210,12,2026-11-16,Post-Monsoon,2.02008,0.284033,1.328477
MED00211,12,2026-11-16,Post-Monsoon,2.02008,0.778757,2.178763
MED00212,12,2026-11-16,Post-Monsoon,2.02008,0.746592,2.109798
MED00213,12,2026-11-16,Post-Monsoon,2.02008,0.459114,1.58267
MED00214,12,2026-11-16,Post-Monsoon,2.02008,2.265018,9.631298
MED00215,12,2026-11-16,Post-Monsoon,2.02008,0.812953,2.254557
MED00216,12,2026-11-16,Post-Monsoon,2.02008,-2.264213,0.103912
MED00217,12,2026-11-16,Post-Monsoon,2.02008,-1.281387,0.277652
MED00218,12,2026-11-16,Post-Monsoon,2.02008,1.364023,3.9119
MED00219,12,2026-11-16,Post-Monsoon,2.02008,2.678285,14.560106
MED00220,12,2026-11-16,Post-Monsoon,2.02008,0.750062,2.117132
MED00221,12,2026-11-16,Post-Monsoon,2.02008,1.086592,2.964154
MED00222,12,2026-11-16,Post-Monsoon,2.02008,-0.61471,0.540798
MED00223,12,2026-11-16,Post-Monsoon,2.02008,2.293034,9.904949
MED00224,12,2026-11-16,Post-Monsoon,2.02008,0.577291,1.781207
MED00225,12,2026-11-16,Post-Monsoon,2.02008,1.320324,3.744634
MED00226,12,2026-11-16,Post-Monsoon,2.02008,0.806516,2.240089
MED00227,12,2026-11-16,Post-Monsoon,2.02008,2.72771,15.297822
MED00228,12,2026-11-16,Post-Monsoon,2.02008,0.528375,1.696174
MED00229,12,2026-11-16,Post-Monsoon,2.02008,-0.681355,0.505931
MED00230,12,2026-11-16,Post-Monsoon,2.02008,2.548205,12.784131
MED00231,12,2026-11-16,Post-Monsoon,2.02008,0.455749,1.577354
MED00232,12,2026-11-16,Post-Monsoon,2.02008,1.025522,2.788551
MED00233,12,2026-11-16,Post-Monsoon,2.02008,-0.33105,0.718169
MED00234,12,2026-11-16,Post-Monsoon,2.02008,0.622909,1.864343
MED00235,12,2026-11-16,Post-Monsoon,2.02008,4.119378,61.52094
MED00236,12,2026-11-16,Post-Monsoon,2.02008,0.728397,2.071757
MED00237,12,2026-11-16,Post-Monsoon,2.02008,1.317675,3.734728
MED00238,12,2026-11-16,Post-Monsoon,2.02008,0.678796,1.971502
MED00239,12,2026-11-16,Post-Monsoon,2.02008,1.198175,3.314065
MED00240,12,2026-11-16,Post-Monsoon,2.02008,1.350918,3.860967
MED00241,12,2026-11-16,Post-Monsoon,2.02008,0.885748,2.424797
MED00242,12,2026-11-16,Post-Monsoon,2.02008,2.170781,8.76513
MED00243,12,2026-11-16,Post-Monsoon,2.02008,-1.75145,0.173522
MED00244,12,2026-11-16,Post-Monsoon,2.02008,0.719862,2.054151
MED00245,12,2026-11-16,Post-Monsoon,2.02008,4.178152,65.24514
MED00246,12,2026-11-16,Post-Monsoon,2.02008,1.561038,4.763764
MED00247,12,2026-11-16,Post-Monsoon,2.02008,2.42549,11.307768
MED00248,12,2026-11-16,Post-Monsoon,2.02008,0.739027,2.093897
MED00249,12,2026-11-16,Post-Monsoon,2.02008,2.942438,18.962027
MED00250,12,2026-11-16,Post-Monsoon,2.02008,2.29611,9.935462
MED00251,12,2026-11-16,Post-Monsoon,2.02008,0.61238,1.844817
MED00252,12,2026-11-16,Post-Monsoon,2.02008,-0.882071,0.413925
MED00253,12,2026-11-16,Post-Monsoon,2.02008,1.232699,3.430477
MED00254,12,2026-11-16,Post-Monsoon,2.02008,-0.995029,0.369713
MED00255,12,2026-11-16,Post-Monsoon,2.02008,1.516327,4.555461
MED00256,12,2026-11-16,Post-Monsoon,2.02008,0.738885,2.0936
MED00257,12,2026-11-16,Post-Monsoon,2.02008,1.410572,4.0983
MED00258,12,2026-11-16,Post-Monsoon,2.02008,0.765416,2.149888
MED00259,12,2026-11-16,Post-Monsoon,2.02008,0.801002,2.227773
MED00260,12,2026-11-16,Post-Monsoon,2.02008,-0.640939,0.526797
MED00261,12,2026-11-16,Post-Monsoon,2.02008,-0.249725,0.779015
MED00262,12,2026-11-16,Post-Monsoon,2.02008,1.067103,2.906945
MED00263,12,2026-11-16,Post-Monsoon,2.02008,1.023712,2.78351
MED00264,12,2026-11-16,Post-Monsoon,2.02008,-1.007935,0.364972
MED00265,12,2026-11-16,Post-Monsoon,2.02008,1.731707,5.650288
MED00266,12,2026-11-16,Post-Monsoon,2.02008,2.633643,13.924406
MED00267,12,2026-11-16,Post-Monsoon,2.02008,1.410637,4.098567
MED00268,12,2026-11-16,Post-Monsoon,2.02008,0.736286,2.088166
MED00269,12,2026-11-16,Post-Monsoon,2.02008,0.769622,2.15895
MED00270,12,2026-11-16,Post-Monsoon,2.02008,0.820667,2.272014
MED00271,12,2026-11-16,Post-Monsoon,2.02008,0.533889,1.705552
MED00272,12,2026-11-16,Post-Monsoon,2.02008,1.350898,3.860892
MED00273,12,2026-11-16,Post-Monsoon,2.02008,1.157661,3.182481
MED00274,12,2026-11-16,Post-Monsoon,2.02008,-0.443596,0.641724
MED00275,12,2026-11-16,Post-Monsoon,2.02008,2.421462,11.262314
MED00276,12,2026-11-16,Post-Monsoon,2.02008,0.635916,1.888751
MED00277,12,2026-11-16,Post-Monsoon,2.02008,-1.495893,0.224048
MED00278,12,2026-11-16,Post-Monsoon,2.02008,2.020062,7.538796
MED00279,12,2026-11-16,Post-Monsoon,2.02008,2.942397,18.961239
MED00280,12,2026-11-16,Post-Monsoon,2.02008,-1.360361,0.256568
MED00281,12,2026-11-16,Post-Monsoon,2.02008,2.543312,12.721733
MED00282,12,2026-11-16,Post-Monsoon,2.02008,1.244121,3.469883
MED00283,12,2026-11-16,Post-Monsoon,2.02008,0.807537,2.242379
MED00284,12,2026-11-16,Post-Monsoon,2.02008,0.339348,1.404032
MED00285,12,2026-11-16,Post-Monsoon,2.02008,1.538442,4.657328
MED00286,12,2026-11-16,Post-Monsoon,2.02008,1.367089,3.923911
MED00287,12,2026-11-16,Post-Monsoon,2.02008,1.109713,3.033488
MED00288,12,2026-11-16,Post-Monsoon,2.02008,3.611342,37.015682
MED00289,12,2026-11-16,Post-Monsoon,2.02008,1.388689,4.00959
MED00290,12,2026-11-16,Post-Monsoon,2.02008,0.604316,1.830001
MED00291,12,2026-11-16,Post-Monsoon,2.02008,2.361105,10.60266
MED00292,12,2026-11-16,Post-Monsoon,2.02008,0.574457,1.776166
MED00293,12,2026-11-16,Post-Monsoon,2.02008,1.400186,4.055952
MED00294,12,2026-11-16,Post-Monsoon,2.02008,0.254789,1.290189
MED00295,12,2026-11-16,Post-Monsoon,2.02008,-1.228741,0.292661
MED00296,12,2026-11-16,Post-Monsoon,2.02008,1.353148,3.869587
MED00297,12,2026-11-16,Post-Monsoon,2.02008,1.712514,5.542879
MED00298,12,2026-11-16,Post-Monsoon,2.02008,0.776416,2.173668
MED00299,12,2026-11-16,Post-Monsoon,2.02008,-0.72036,0.486577
MED00300,12,2026-11-16,Post-Monsoon,2.02008,0.657356,1.929684
MED00301,12,2026-11-16,Post-Monsoon,2.02008,1.508639,4.520572
MED00302,12,2026-11-16,Post-Monsoon,2.02008,2.167309,8.734748
MED00303,12,2026-11-16,Post-Monsoon,2.02008,1.001077,2.721211
MED00304,12,2026-11-16,Post-Monsoon,2.02008,1.293062,3.643928
MED00305,12,2026-11-16,Post-Monsoon,2.02008,0.621726,1.862138
MED00306,12,2026-11-16,Post-Monsoon,2.02008,-0.673946,0.509694
MED00307,12,2026-11-16,Post-Monsoon,2.02008,3.213684,24.870531
MED00308,12,2026-11-16,Post-Monsoon,2.02008,-0.338986,0.712493
MED00309,12,2026-11-16,Post-Monsoon,2.02008,1.084731,2.958644
MED00310,12,2026-11-16,Post-Monsoon,2.02008,1.207955,3.346634
MED00311,12,2026-11-16,Post-Monsoon,2.02008,1.176012,3.241422
MED00312,12,2026-11-16,Post-Monsoon,2.02008,-0.326947,0.721122
MED00313,12,2026-11-16,Post-Monsoon,2.02008,-0.645354,0.524477
MED00314,12,2026-11-16,Post-Monsoon,2.02008,2.385248,10.861755
MED00315,12,2026-11-16,Post-Monsoon,2.02008,2.229519,9.295398
MED00316,12,2026-11-16,Post-Monsoon,2.02008,0.986335,2.681389
MED00317,12,2026-11-16,Post-Monsoon,2.02008,0.774301,2.169075
MED00318,12,2026-11-16,Post-Monsoon,2.02008,0.863142,2.370596
MED00319,12,2026-11-16,Post-Monsoon,2.02008,2.368226,10.678432
MED00320,12,2026-11-16,Post-Monsoon,2.02008,1.831065,6.240531
MED00321,12,2026-11-16,Post-Monsoon,2.02008,-0.366192,0.69337
MED00322,12,2026-11-16,Post-Monsoon,2.02008,-1.711545,0.180587
MED00323,12,2026-11-16,Post-Monsoon,2.02008,0.172745,1.188564
MED00324,12,2026-11-16,Post-Monsoon,2.02008,0.341977,1.407728
MED00325,12,2026-11-16,Post-Monsoon,2.02008,1.855689,6.396101
MED00326,12,2026-11-16,Post-Monsoon,2.02008,2.175282,8.804666
MED00327,12,2026-11-16,Post-Monsoon,2.02008,1.013319,2.75473
MED00328,12,2026-11-16,Post-Monsoon,2.02008,1.35594,3.880408
MED00329,12,2026-11-16,Post-Monsoon,2.02008,2.34658,10.449765
MED00330,12,2026-11-16,Post-Monsoon,2.02008,1.374113,3.95157
MED00331,12,2026-11-16,Post-Monsoon,2.02008,0.641404,1.899146
MED00332,12,2026-11-16,Post-Monsoon,2.02008,1.006246,2.735312
MED00333,12,2026-11-16,Post-Monsoon,2.02008,1.039194,2.826937
MED00334,12,2026-11-16,Post-Monsoon,2.02008,2.361156,10.603207
MED00335,12,2026-11-16,Post-Monsoon,2.02008,1.737245,5.681668
MED00336,12,2026-11-16,Post-Monsoon,2.02008,2.194857,8.978714
MED00337,12,2026-11-16,Post-Monsoon,2.02008,3.93032,50.923298
MED00338,12,2026-11-16,Post-Monsoon,2.02008,2.333353,10.312464
MED00339,12,2026-11-16,Post-Monsoon,2.02008,0.578527,1.78341
MED00340,12,2026-11-16,Post-Monsoon,2.02008,0.598263,1.818957
MED00341,12,2026-11-16,Post-Monsoon,2.02008,1.558111,4.74984
MED00342,12,2026-11-16,Post-Monsoon,2.02008,0.711029,2.036086
MED00343,12,2026-11-16,Post-Monsoon,2.02008,2.285214,9.827784
MED00344,12,2026-11-16,Post-Monsoon,2.02008,1.50751,4.515472
MED00345,12,2026-11-16,Post-Monsoon,2.02008,-1.663742,0.189429
MED00346,12,2026-11-16,Post-Monsoon,2.02008,1.082806,2.952955
MED00347,12,2026-11-16,Post-Monsoon,2.02008,-1.583655,0.205224
MED00348,12,2026-11-16,Post-Monsoon,2.02008,0.587214,1.79897
MED00349,12,2026-11-16,Post-Monsoon,2.02008,0.812766,2.254135
MED00350,12,2026-11-16,Post-Monsoon,2.02008,0.242284,1.274156
MED00351,12,2026-11-16,Post-Monsoon,2.02008,-0.616265,0.539957
MED00352,12,2026-11-16,Post-Monsoon,2.02008,-1.36802,0.254611
MED00353,12,2026-11-16,Post-Monsoon,2.02008,0.016382,1.016517
MED00354,12,2026-11-16,Post-Monsoon,2.02008,-0.024434,0.975862
MED00355,12,2026-11-16,Post-Monsoon,2.02008,2.179982,8.846148
MED00356,12,2026-11-16,Post-Monsoon,2.02008,0.676316,1.966619
MED00357,12,2026-11-16,Post-Monsoon,2.02008,-1.438167,0.237362
MED00358,12,2026-11-16,Post-Monsoon,2.02008,1.591484,4.911029
MED00359,12,2026-11-16,Post-Monsoon,2.02008,0.73909,2.094028
MED00360,12,2026-11-16,Post-Monsoon,2.02008,1.059402,2.884646
MED00361,12,2026-11-16,Post-Monsoon,2.02008,0.790421,2.204324
MED00362,12,2026-11-16,Post-Monsoon,2.02008,0.853874,2.348729
MED00363,12,2026-11-16,Post-Monsoon,2.02008,0.569359,1.767134
MED00364,12,2026-11-16,Post-Monsoon,2.02008,-1.6867,0.18513
MED00365,12,2026-11-16,Post-Monsoon,2.02008,0.770311,2.160438
MED00366,12,2026-11-16,Post-Monsoon,2.02008,2.221228,9.218641
MED00367,12,2026-11-16,Post-Monsoon,2.02008,0.743234,2.102725
MED00368,12,2026-11-16,Post-Monsoon,2.02008,0.977764,2.658504
MED00369,12,2026-11-16,Post-Monsoon,2.02008,1.235639,3.440575
MED00370,12,2026-11-16,Post-Monsoon,2.02008,-0.681057,0.506082
MED00371,12,2026-11-16,Post-Monsoon,2.02008,2.756595,15.746131
MED00372,12,2026-11-16,Post-Monsoon,2.02008,-1.501038,0.222899
MED00373,12,2026-11-16,Post-Monsoon,2.02008,-0.345466,0.707891
MED00374,12,2026-11-16,Post-Monsoon,2.02008,0.566491,1.762073
MED00375,12,2026-11-16,Post-Monsoon,2.02008,2.734988,15.409554
MED00376,12,2026-11-16,Post-Monsoon,2.02008,0.728365,2.07169
MED00377,12,2026-11-16,Post-Monsoon,2.02008,-0.552568,0.57547
MED00378,12,2026-11-16,Post-Monsoon,2.02008,0.752184,2.121629
MED00379,12,2026-11-16,Post-Monsoon,2.02008,-0.367512,0.692455
MED00380,12,2026-11-16,Post-Monsoon,2.02008,-0.541593,0.581821
MED00381,12,2026-11-16,Post-Monsoon,2.02008,0.370661,1.448692
MED00382,12,2026-11-16,Post-Monsoon,2.02008,0.839535,2.31529
MED00383,12,2026-11-16,Post-Monsoon,2.02008,1.828141,6.222307
MED00384,12,2026-11-16,Post-Monsoon,2.02008,0.71595,2.04613
MED00385,12,2026-11-16,Post-Monsoon,2.02008,2.927612,18.682959
MED00386,12,2026-11-16,Post-Monsoon,2.02008,2.631768,13.89832
MED00387,12,2026-11-16,Post-Monsoon,2.02008,2.905766,18.279232
MED00388,12,2026-11-16,Post-Monsoon,2.02008,4.800812,121.60909
MED00389,12,2026-11-16,Post-Monsoon,2.02008,2.109748,8.246166
MED00390,12,2026-11-16,Post-Monsoon,2.02008,2.819131,16.762276
MED00391,12,2026-11-16,Post-Monsoon,2.02008,2.803611,16.504133
MED00392,12,2026-11-16,Post-Monsoon,2.02008,2.813462,16.667519
MED00393,12,2026-11-16,Post-Monsoon,2.02008,2.368169,10.677827
MED00394,12,2026-11-16,Post-Monsoon,2.02008,2.571507,13.085529
MED00395,12,2026-11-16,Post-Monsoon,2.02008,2.796299,16.383898
MED00396,12,2026-11-16,Post-Monsoon,2.02008,3.821432,45.669544
MED00397,12,2026-11-16,Post-Monsoon,2.02008,3.679324,39.61959
MED00398,12,2026-11-16,Post-Monsoon,2.02008,4.861835,129.26118
MED00399,12,2026-11-16,Post-Monsoon,2.02008,4.913052,136.05403
MED00400,12,2026-11-16,Post-Monsoon,2.02008,4.277477,72.058395
MED00401,12,2026-11-16,Post-Monsoon,2.02008,2.587807,13.300573
MED00402,12,2026-11-16,Post-Monsoon,2.02008,2.885289,17.90874
MED00403,12,2026-11-16,Post-Monsoon,2.02008,2.393648,10.953376
MED00404,12,2026-11-16,Post-Monsoon,2.02008,1.46989,4.348758
MED00405,12,2026-11-16,Post-Monsoon,2.02008,1.948338,7.017017
MED00406,12,2026-11-16,Post-Monsoon,2.02008,2.964231,19.379799
MED00407,12,2026-11-16,Post-Monsoon,2.02008,2.871871,17.670052
MED00408,12,2026-11-16,Post-Monsoon,2.02008,1.818546,6.16289
MED00409,12,2026-11-16,Post-Monsoon,2.02008,2.225807,9.260951
MED00410,12,2026-11-16,Post-Monsoon,2.02008,1.999422,7.38479
MED00411,12,2026-11-16,Post-Monsoon,2.02008,2.873981,17.707367
MED00412,12,2026-11-16,Post-Monsoon,2.02008,2.459462,11.698512
MED00413,12,2026-11-16,Post-Monsoon,2.02008,2.512228,12.33237
MED00414,12,2026-11-16,Post-Monsoon,2.02008,2.851086,17.306564
MED00415,12,2026-11-16,Post-Monsoon,2.02008,2.511629,12.324992
MED00416,12,2026-11-16,Post-Monsoon,2.02008,2.807374,16.566349
MED00417,12,2026-11-16,Post-Monsoon,2.02008,1.953297,7.051898
MED00418,12,2026-11-16,Post-Monsoon,2.02008,1.892056,6.632994
MED00419,12,2026-11-16,Post-Monsoon,2.02008,2.09509,8.126174
MED00420,12,2026-11-16,Post-Monsoon,2.02008,2.870752,17.65028
MED00421,12,2026-11-16,Post-Monsoon,2.02008,2.933486,18.79302
MED00422,12,2026-11-16,Post-Monsoon,2.02008,2.820605,16.787008
MED00423,12,2026-11-16,Post-Monsoon,2.02008,2.441624,11.491693
MED00424,12,2026-11-16,Post-Monsoon,2.02008,4.585258,98.02847
