medicine_id,week,h,gbm,deep,snaive,ma8,ensemble,lo,hi,sigma
MED00001,2026-08-31,1,13.751,10.0021,15.125,15.125,12.534,1.5215,29.6731,9.2094
MED00002,2026-08-31,1,0.1174,0.1234,0.125,0.125,0.1219,0.0,3.8655,2.0116
MED00003,2026-08-31,1,0.2846,0.6075,0.0,0.0,0.3507,0.0,4.7293,2.3528
MED00004,2026-08-31,1,0.9669,0.5411,1.75,1.75,0.9798,0.0,6.7549,3.1031
MED00005,2026-08-31,1,2.4764,3.671,1.875,1.875,2.8315,0.0,11.4965,4.656
MED00006,2026-08-31,1,1.7549,1.0757,0.25,0.25,1.1092,0.0,7.1315,3.236
MED00007,2026-08-31,1,3.3077,3.4273,2.75,2.75,3.2259,0.0,12.3895,4.9239
MED00008,2026-08-31,1,0.6286,0.5029,1.375,1.375,0.7575,0.0,6.0809,2.8605
MED00009,2026-08-31,1,3.6164,4.3901,3.875,3.875,4.0052,0.0,14.0817,5.4144
MED00010,2026-08-31,1,3.9496,3.948,4.125,4.125,3.9954,0.0,14.0608,5.4085
MED00011,2026-08-31,1,20.0218,15.8338,24.875,24.875,19.4699,5.8387,40.6846,11.3994
MED00012,2026-08-31,1,2.2435,3.4536,0.375,0.375,2.2982,0.0,10.2393,4.2671
MED00013,2026-08-31,1,4.3381,4.6398,6.375,6.375,4.9612,0.0,16.0553,5.9613
MED00014,2026-08-31,1,17.5824,15.0652,28.0,28.0,19.0714,5.5769,40.0733,11.2851
MED00015,2026-08-31,1,0.4759,0.4078,0.875,0.875,0.5446,0.0,5.3966,2.6071
MED00016,2026-08-31,1,2.1986,1.892,4.75,4.75,2.6904,0.0,11.1698,4.5563
MED00017,2026-08-31,1,1.9568,1.6707,2.375,2.375,1.9406,0.0,9.3571,3.9852
MED00018,2026-08-31,1,81.8044,67.3014,87.75,87.75,77.2773,50.3761,119.1447,22.4968
MED00019,2026-08-31,1,45.708,41.2879,49.375,49.375,44.798,24.2682,76.7493,17.1686
MED00020,2026-08-31,1,10.2292,11.2053,14.875,14.875,11.7708,1.0856,28.4005,8.9357
MED00021,2026-08-31,1,5.1457,5.7341,4.5,4.5,5.24,0.0,16.6137,6.1115
MED00022,2026-08-31,1,3.1543,2.2142,3.375,3.375,2.8188,0.0,11.4673,4.6471
MED00023,2026-08-31,1,1.5571,1.364,0.25,0.25,1.1618,0.0,7.2817,3.2884
MED00024,2026-08-31,1,3.7988,3.6651,2.875,2.875,3.5233,0.0,13.0455,5.1166
MED00025,2026-08-31,1,0.1246,0.1357,0.0,0.0,0.0992,0.0,3.7739,1.9746
MED00026,2026-08-31,1,0.3273,0.3938,0.125,0.125,0.3064,0.0,4.5695,2.2907
MED00027,2026-08-31,1,0.2497,0.1459,0.0,0.0,0.1463,0.0,3.9627,2.0507
MED00028,2026-08-31,1,0.4388,0.7471,0.5,0.5,0.5826,0.0,5.5221,2.6542
MED00029,2026-08-31,1,15.8414,15.0326,17.375,17.375,15.8911,3.5416,35.1111,10.3276
MED00030,2026-08-31,1,6.2849,4.0394,5.5,5.5,5.1648,0.0,16.4639,6.0714
MED00031,2026-08-31,1,3.7598,4.4369,3.25,3.25,3.9225,0.0,13.906,5.3645
MED00032,2026-08-31,1,2.7297,2.8205,2.75,2.75,2.7752,0.0,11.3667,4.6165
MED00033,2026-08-31,1,0.9853,1.8575,1.875,1.875,1.5653,0.0,8.3878,3.666
MED00034,2026-08-31,1,19.2443,17.5591,25.0,25.0,19.9537,6.1584,41.4238,11.5367
MED00035,2026-08-31,1,0.4592,0.1591,0.375,0.375,0.3142,0.0,4.5977,2.3017
MED00036,2026-08-31,1,1.7709,1.2771,2.25,2.25,1.6827,0.0,8.6964,3.7687
MED00037,2026-08-31,1,4.7602,3.9886,5.5,5.5,4.6222,0.0,15.3665,5.7733
MED00038,2026-08-31,1,19.0512,13.6637,20.0,20.0,17.0533,4.2735,36.943,10.6874
MED00039,2026-08-31,1,0.9702,1.1333,1.25,1.25,1.1069,0.0,7.1247,3.2336
MED00040,2026-08-31,1,0.5539,0.7143,1.0,1.0,0.7293,0.0,5.9928,2.8283
MED00041,2026-08-31,1,0.3626,0.6335,0.125,0.125,0.4184,0.0,4.9681,2.4447
MED00042,2026-08-31,1,3.815,3.3391,2.0,2.0,3.1812,0.0,12.2895,4.8943
MED00043,2026-08-31,1,0.4059,0.4366,0.5,0.5,0.4419,0.0,5.0492,2.4757
MED00044,2026-08-31,1,2.3416,2.7791,1.25,1.25,2.2622,0.0,10.1522,4.2396
MED00045,2026-08-31,1,1.7438,1.6339,0.125,0.125,1.3079,0.0,7.6912,3.4299
MED00046,2026-08-31,1,2.6753,3.2189,1.125,1.125,2.5295,0.0,10.7924,4.44
MED00047,2026-08-31,1,6.6357,6.6437,7.375,7.375,6.8246,0.0,19.6728,6.9038
MED00048,2026-08-31,1,13.5252,14.4606,17.75,17.75,14.9512,2.961,33.612,10.0271
MED00049,2026-08-31,1,0.1532,0.153,0.0,0.0,0.1162,0.0,3.8428,2.0024
MED00050,2026-08-31,1,3.2058,3.6068,2.625,2.625,3.2357,0.0,12.4112,4.9304
MED00051,2026-08-31,1,0.1417,0.1392,0.0,0.0,0.1065,0.0,3.8037,1.9866
MED00052,2026-08-31,1,0.4336,0.5844,0.5,0.5,0.513,0.0,5.291,2.5674
MED00053,2026-08-31,1,10.0575,6.9713,10.0,10.0,8.7667,0.0,23.2182,7.7653
MED00054,2026-08-31,1,9.2769,7.715,11.75,11.75,9.2333,0.0,24.0442,7.9584
MED00055,2026-08-31,1,1.0119,0.6156,1.25,1.25,0.9053,0.0,6.533,3.024
MED00056,2026-08-31,1,0.6539,0.3236,1.0,1.0,0.6005,0.0,5.5808,2.6761
MED00057,2026-08-31,1,0.4409,0.3841,0.125,0.125,0.3412,0.0,4.6954,2.3396
MED00058,2026-08-31,1,1.7112,1.128,0.125,0.125,1.0859,0.0,7.0642,3.2124
MED00059,2026-08-31,1,11.622,9.3124,11.75,11.75,10.7015,0.4925,26.5901,8.5375
MED00060,2026-08-31,1,7.0245,6.8873,7.625,7.625,7.1196,0.0,20.224,7.0414
MED00061,2026-08-31,1,0.6141,1.021,0.75,0.75,0.8173,0.0,6.2659,2.9278
MED00062,2026-08-31,1,13.6229,15.8649,15.875,15.875,15.1164,3.0623,33.8768,10.0806
MED00063,2026-08-31,1,0.1262,0.1513,0.0,0.0,0.1062,0.0,3.8025,1.9862
MED00064,2026-08-31,1,24.0489,24.4951,25.375,25.375,24.5799,9.304,48.3545,12.7749
MED00065,2026-08-31,1,62.6214,62.0369,51.5,51.5,59.7489,36.0723,96.5978,19.8002
MED00066,2026-08-31,1,0.3919,0.419,0.5,0.5,0.4297,0.0,5.0073,2.4597
MED00067,2026-08-31,1,2.2018,2.3438,3.875,3.875,2.6682,0.0,11.1181,4.5404
MED00068,2026-08-31,1,4.7882,3.6777,6.25,6.25,4.6837,0.0,15.4922,5.8078
MED00069,2026-08-31,1,2.1709,2.0082,1.25,1.25,1.8824,0.0,9.2098,3.9373
MED00070,2026-08-31,1,15.3988,15.0043,15.625,15.625,15.3044,3.178,34.1773,10.1411
MED00071,2026-08-31,1,2.51,2.9217,2.125,2.125,2.591,0.0,10.9374,4.4848
MED00072,2026-08-31,1,2.9079,1.7905,3.125,3.125,2.4974,0.0,10.7164,4.4164
MED00073,2026-08-31,1,4.3723,4.2274,6.25,6.25,4.7706,0.0,15.6695,5.8563
MED00074,2026-08-31,1,4.2044,3.0483,5.125,5.125,3.9493,0.0,13.963,5.3807
MED00075,2026-08-31,1,4.0882,2.8799,4.875,4.875,3.7788,0.0,13.5989,5.2766
MED00076,2026-08-31,1,0.2115,0.0902,0.25,0.25,0.1705,0.0,4.0577,2.0887
MED00077,2026-08-31,1,6.2837,4.7721,7.25,7.25,5.8935,0.0,17.8973,6.4501
MED00078,2026-08-31,1,4.086,5.2899,3.125,3.125,4.3595,0.0,14.8247,5.6233
MED00079,2026-08-31,1,20.9413,29.7334,18.0,18.0,23.9168,8.8441,47.3749,12.6049
MED00080,2026-08-31,1,4.8359,3.4084,6.125,6.125,4.5574,0.0,15.2336,5.7367
MED00081,2026-08-31,1,0.3358,0.4411,0.25,0.25,0.3593,0.0,4.7599,2.3646
MED00082,2026-08-31,1,3.7653,5.1254,2.75,2.75,4.0905,0.0,14.2619,5.4654
MED00083,2026-08-31,1,4.6804,3.7726,4.375,4.375,4.2326,0.0,14.5602,5.5494
MED00084,2026-08-31,1,43.9607,42.6801,39.875,39.875,42.4819,22.4839,73.6057,16.7239
MED00085,2026-08-31,1,2.1894,1.7395,3.25,3.25,2.2606,0.0,10.1484,4.2384
MED00086,2026-08-31,1,0.3712,0.3053,0.0,0.0,0.2543,0.0,4.3773,2.2155
MED00087,2026-08-31,1,1.8695,1.6213,2.0,2.0,1.7994,0.0,8.9982,3.8682
MED00088,2026-08-31,1,27.683,32.6653,28.0,28.0,29.865,13.0564,56.0249,14.0566
MED00089,2026-08-31,1,14.7132,20.0608,8.0,8.0,15.3333,3.1958,34.2234,10.1503
MED00090,2026-08-31,1,4.0294,5.0348,4.875,4.875,4.6573,0.0,15.4384,5.7931
MED00091,2026-08-31,1,2.959,2.7611,2.5,2.5,2.7683,0.0,11.3508,4.6117
MED00092,2026-08-31,1,1.6371,1.3044,1.5,1.5,1.4668,0.0,8.1247,3.5775
MED00093,2026-08-31,1,0.2801,0.2234,0.25,0.25,0.2495,0.0,4.3593,2.2084
MED00094,2026-08-31,1,0.586,0.4442,0.75,0.75,0.5672,0.0,5.4713,2.6352
MED00095,2026-08-31,1,3.3983,3.8915,3.875,3.875,3.7228,0.0,13.4782,5.242
MED00096,2026-08-31,1,15.6847,11.9703,13.75,13.75,13.6833,2.1956,31.5621,9.6069
MED00097,2026-08-31,1,0.4289,0.5014,0.0,0.0,0.3558,0.0,4.7475,2.3598
MED00098,2026-08-31,1,9.4895,8.8331,9.625,9.625,9.2581,0.0,24.0877,7.9685
MED00099,2026-08-31,1,0.2579,0.3265,0.0,0.0,0.2243,0.0,4.2647,2.171
MED00100,2026-08-31,1,0.1631,0.1136,0.125,0.125,0.1334,0.0,3.9118,2.0302
MED00101,2026-08-31,1,4.8899,4.1761,7.25,7.25,5.1683,0.0,16.4708,6.0732
MED00102,2026-08-31,1,4.7563,3.8406,3.5,3.5,4.0752,0.0,14.2296,5.4563
MED00103,2026-08-31,1,3.3027,3.4634,1.0,1.0,2.8158,0.0,11.4603,4.645
MED00104,2026-08-31,1,8.472,9.4743,8.375,8.375,8.875,0.0,23.4106,7.8105
MED00105,2026-08-31,1,11.8475,12.0095,9.75,9.75,11.4193,0.8883,27.8091,8.8068
MED00106,2026-08-31,1,0.1331,0.2101,0.0,0.0,0.1331,0.0,3.9105,2.0297
MED00107,2026-08-31,1,9.0717,9.4395,8.25,8.25,9.0353,0.0,23.6946,7.877
MED00108,2026-08-31,1,3.2796,3.6529,3.875,3.875,3.5826,0.0,13.1748,5.1542
MED00109,2026-08-31,1,0.553,0.7158,0.0,0.0,0.4876,0.0,5.2054,2.535
MED00110,2026-08-31,1,0.5779,0.2457,0.0,0.0,0.3001,0.0,4.5465,2.2817
MED00111,2026-08-31,1,0.6446,0.7665,1.0,1.0,0.7821,0.0,6.1575,2.8884
MED00112,2026-08-31,1,3.2496,2.6461,3.75,3.75,3.1223,0.0,12.1575,4.855
MED00113,2026-08-31,1,1.9854,1.8181,2.0,2.0,1.9211,0.0,9.308,3.9692
MED00114,2026-08-31,1,13.0598,10.1345,17.875,17.875,13.0183,1.8031,30.4729,9.379
MED00115,2026-08-31,1,2.2077,2.0788,2.0,2.0,2.1059,0.0,9.7694,4.1179
MED00116,2026-08-31,1,8.1398,8.7809,10.0,10.0,8.8654,0.0,23.3936,7.8065
MED00117,2026-08-31,1,1.9471,1.5805,0.875,0.875,1.5367,0.0,8.3119,3.6405
MED00118,2026-08-31,1,1.7001,0.6189,1.75,1.75,1.263,0.0,7.5664,3.387
MED00119,2026-08-31,1,2.1035,1.9339,0.75,0.75,1.7074,0.0,8.7606,3.7899
MED00120,2026-08-31,1,11.4263,14.4154,3.5,3.5,10.766,0.5277,26.7004,8.5621
MED00121,2026-08-31,1,4.0295,4.8978,3.375,3.375,4.2372,0.0,14.5699,5.5521
MED00122,2026-08-31,1,2.4528,1.8281,5.625,5.625,2.9624,0.0,11.7961,4.7466
MED00123,2026-08-31,1,0.811,0.9791,0.5,0.5,0.8067,0.0,6.2333,2.9159
MED00124,2026-08-31,1,8.8751,9.0504,8.0,8.0,8.7453,0.0,23.1801,7.7563
MED00125,2026-08-31,1,0.2287,0.1714,0.375,0.375,0.2404,0.0,4.3254,2.195
MED00126,2026-08-31,1,0.9055,1.1901,0.0,0.0,0.8059,0.0,6.2311,2.9151
MED00127,2026-08-31,1,2.1968,1.8353,1.125,1.125,1.7889,0.0,8.9711,3.8593
MED00128,2026-08-31,1,2.3109,2.3363,1.0,1.0,2.0066,0.0,9.5226,4.0386
MED00129,2026-08-31,1,1.8989,1.4282,0.375,0.375,1.3357,0.0,7.7678,3.4562
MED00130,2026-08-31,1,0.1565,0.2376,0.0,0.0,0.1526,0.0,3.9877,2.0607
MED00131,2026-08-31,1,2.48,3.6281,2.375,2.375,2.9358,0.0,11.7354,4.7283
MED00132,2026-08-31,1,0.3893,0.5459,0.0,0.0,0.3608,0.0,4.7652,2.3667
MED00133,2026-08-31,1,0.4615,0.3948,0.75,0.75,0.504,0.0,5.2608,2.556
MED00134,2026-08-31,1,0.6969,0.3575,0.0,0.0,0.3874,0.0,4.8595,2.403
MED00135,2026-08-31,1,13.0133,12.7424,6.875,6.875,11.4279,0.8931,27.8236,8.81
MED00136,2026-08-31,1,1.7876,2.3094,2.5,2.5,2.1794,0.0,9.9503,4.1756
MED00137,2026-08-31,1,2.2668,2.309,2.0,2.0,2.2221,0.0,10.0546,4.2087
MED00138,2026-08-31,1,2.2524,2.5299,2.0,2.0,2.3093,0.0,10.2662,4.2756
MED00139,2026-08-31,1,3.4616,4.6443,1.25,1.25,3.423,0.0,12.8259,5.0525
MED00140,2026-08-31,1,1.9104,1.145,0.875,0.875,1.3426,0.0,7.7866,3.4626
MED00141,2026-08-31,1,6.2455,7.1554,6.125,6.125,6.602,0.0,19.2535,6.7981
MED00142,2026-08-31,1,0.408,0.476,0.375,0.375,0.4288,0.0,5.0039,2.4584
MED00143,2026-08-31,1,1.9779,1.2183,1.75,1.75,1.608,0.0,8.5006,3.7036
MED00144,2026-08-31,1,7.2433,7.8879,5.375,5.375,7.0672,0.0,20.1264,7.0172
MED00145,2026-08-31,1,0.6158,0.7401,1.125,1.125,0.7915,0.0,6.1864,2.8989
MED00146,2026-08-31,1,2.0476,1.6188,2.375,2.375,1.9501,0.0,9.381,3.9929
MED00147,2026-08-31,1,2.0617,1.3775,2.0,2.0,1.7635,0.0,8.9059,3.8379
MED00148,2026-08-31,1,7.1395,5.3241,7.375,7.375,6.4466,0.0,18.9589,6.7233
MED00149,2026-08-31,1,4.4664,3.7552,5.75,5.75,4.4849,0.0,15.0843,5.6954
MED00150,2026-08-31,1,2.2763,1.445,2.0,2.0,1.8651,0.0,9.1659,3.923
MED00151,2026-08-31,1,2.3196,2.0147,1.5,1.5,1.9964,0.0,9.4972,4.0305
MED00152,2026-08-31,1,2.4393,1.9299,2.125,2.125,2.1533,0.0,9.8861,4.1551
MED00153,2026-08-31,1,2.3943,2.6037,0.875,0.875,2.1164,0.0,9.7952,4.1261
MED00154,2026-08-31,1,15.146,15.9813,18.5,18.5,16.3211,3.8107,35.7916,10.4622
MED00155,2026-08-31,1,2.2099,3.1498,2.625,2.625,2.7045,0.0,11.2028,4.5664
MED00156,2026-08-31,1,2.7765,2.8142,5.0,5.0,3.3331,0.0,12.6276,4.9943
MED00157,2026-08-31,1,5.6063,5.3688,6.0,6.0,5.6081,0.0,17.341,6.3045
MED00158,2026-08-31,1,0.2738,0.2434,0.125,0.125,0.2254,0.0,4.2686,2.1726
MED00159,2026-08-31,1,10.8482,10.2745,8.75,8.75,10.1121,0.1753,25.577,8.3099
MED00160,2026-08-31,1,4.4428,5.4231,4.0,4.0,4.7489,0.0,15.6252,5.8442
MED00161,2026-08-31,1,7.5003,6.6565,6.375,6.375,6.8836,0.0,19.7834,6.9315
MED00162,2026-08-31,1,2.3617,3.0925,0.875,0.875,2.309,0.0,10.2657,4.2754
MED00163,2026-08-31,1,0.3015,0.3097,0.25,0.25,0.2928,0.0,4.5196,2.2712
MED00164,2026-08-31,1,2.2076,2.8264,1.25,1.25,2.2361,0.0,10.0888,4.2195
MED00165,2026-08-31,1,9.9628,10.0503,13.5,13.5,10.8653,0.5819,26.8697,8.5997
MED00166,2026-08-31,1,2.2977,2.8601,1.125,1.125,2.2507,0.0,10.1243,4.2307
MED00167,2026-08-31,1,1.8856,1.1814,3.75,3.75,2.045,0.0,9.6185,4.0695
MED00168,2026-08-31,1,2.0847,1.1366,1.625,1.625,1.5802,0.0,8.4272,3.6792
MED00169,2026-08-31,1,1.8828,1.1732,1.375,1.375,1.4659,0.0,8.1221,3.5766
MED00170,2026-08-31,1,1.8834,1.5134,2.0,2.0,1.7592,0.0,8.8948,3.8342
MED00171,2026-08-31,1,2.4243,1.815,2.125,2.125,2.1002,0.0,9.7553,4.1134
MED00172,2026-08-31,1,3.0135,1.9169,3.75,3.75,2.7375,0.0,11.2794,4.5899
MED00173,2026-08-31,1,2.4152,2.2716,2.875,2.875,2.469,0.0,10.649,4.3954
MED00174,2026-08-31,1,7.8206,7.0526,5.375,5.375,6.9163,0.0,19.8447,6.9469
MED00175,2026-08-31,1,1.2031,1.0128,0.5,0.5,0.9548,0.0,6.6808,3.0768
MED00176,2026-08-31,1,11.2638,17.2357,11.75,11.75,13.883,2.3147,31.8872,9.6743
MED00177,2026-08-31,1,0.273,0.5713,0.125,0.125,0.3618,0.0,4.769,2.3681
MED00178,2026-08-31,1,1.8992,1.4404,2.75,2.75,1.9157,0.0,9.2942,3.9647
MED00179,2026-08-31,1,0.6964,0.2986,0.625,0.625,0.514,0.0,5.2943,2.5686
MED00180,2026-08-31,1,2.1248,2.4371,0.25,0.25,1.8035,0.0,9.0085,3.8716
MED00181,2026-08-31,1,3.531,3.3326,3.625,3.625,3.4745,0.0,12.9389,5.0856
MED00182,2026-08-31,1,0.2959,0.5643,0.0,0.0,0.3365,0.0,4.6786,2.3331
MED00183,2026-08-31,1,16.4242,26.1355,15.0,15.0,20.1456,6.2857,41.7162,11.5907
MED00184,2026-08-31,1,7.5747,12.3834,4.75,4.75,8.9039,0.0,23.462,7.8226
MED00185,2026-08-31,1,2.6796,1.7272,4.125,4.125,2.6349,0.0,11.0404,4.5166
MED00186,2026-08-31,1,2.0234,1.6926,1.75,1.75,1.8213,0.0,9.0543,3.8865
MED00187,2026-08-31,1,2.7345,3.1056,1.625,1.625,2.6235,0.0,11.0136,4.5083
MED00188,2026-08-31,1,3.586,3.7891,5.625,5.625,4.1677,0.0,14.4243,5.5112
MED00189,2026-08-31,1,0.1961,0.2499,0.0,0.0,0.1712,0.0,4.0607,2.09
MED00190,2026-08-31,1,2.3238,2.9072,3.25,3.25,2.7935,0.0,11.409,4.6294
MED00191,2026-08-31,1,12.0294,11.0999,13.0,13.0,11.8887,1.1523,28.5982,8.9786
MED00192,2026-08-31,1,0.1672,0.1929,0.25,0.25,0.1981,0.0,4.1646,2.1313
MED00193,2026-08-31,1,0.1115,0.1466,0.0,0.0,0.0993,0.0,3.7743,1.9747
MED00194,2026-08-31,1,8.7263,9.2763,11.75,11.75,9.6961,0.0,24.855,8.1454
MED00195,2026-08-31,1,8.3927,7.1647,9.375,9.375,8.1267,0.0,22.0703,7.4924
MED00196,2026-08-31,1,8.746,8.4947,5.625,5.625,7.8947,0.0,21.6494,7.3909
MED00197,2026-08-31,1,8.5954,7.7323,11.625,11.625,8.9772,0.0,23.5919,7.853
MED00198,2026-08-31,1,1.8602,1.3771,2.375,2.375,1.7852,0.0,8.9617,3.8562
MED00199,2026-08-31,1,1.9838,1.4411,1.375,1.375,1.6121,0.0,8.5115,3.7073
MED00200,2026-08-31,1,1.954,1.2454,1.625,1.625,1.5809,0.0,8.429,3.6797
MED00201,2026-08-31,1,9.7454,9.7097,8.375,8.375,9.4086,0.0,24.3523,8.0298
MED00202,2026-08-31,1,1.9173,1.8847,0.375,0.375,1.5324,0.0,8.3003,3.6366
MED00203,2026-08-31,1,2.9575,3.0273,3.25,3.25,3.0603,0.0,12.018,4.8133
MED00204,2026-08-31,1,2.2441,2.4203,0.75,0.75,1.9583,0.0,9.4016,3.9995
MED00205,2026-08-31,1,12.3541,16.102,9.75,9.75,13.2991,1.9681,30.9341,9.4759
MED00206,2026-08-31,1,1.5042,1.2506,1.5,1.5,1.399,0.0,7.9409,3.5152
MED00207,2026-08-31,1,2.1222,1.5134,2.75,2.75,2.0224,0.0,9.5621,4.0514
MED00208,2026-08-31,1,11.8877,12.3785,11.0,11.0,11.8894,1.1527,28.5994,8.9789
MED00209,2026-08-31,1,2.674,1.7321,5.125,5.125,2.877,0.0,11.601,4.6877
MED00210,2026-08-31,1,1.2272,0.4937,2.25,2.25,1.1701,0.0,7.3052,3.2966
MED00211,2026-08-31,1,2.4362,1.9895,2.625,2.625,2.298,0.0,10.2391,4.267
MED00212,2026-08-31,1,2.1811,2.4031,0.25,0.25,1.8085,0.0,9.0216,3.8758
MED00213,2026-08-31,1,1.5967,2.1324,0.0,0.0,1.4353,0.0,8.0395,3.5487
MED00214,2026-08-31,1,10.6469,11.5954,13.875,13.875,11.8343,1.1215,28.5069,8.9588
MED00215,2026-08-31,1,2.4689,2.0792,2.25,2.25,2.2559,0.0,10.1369,4.2347
MED00216,2026-08-31,1,0.0864,0.1547,0.0,0.0,0.094,0.0,3.7529,1.9661
MED00217,2026-08-31,1,0.2036,0.202,0.25,0.25,0.2144,0.0,4.2269,2.1561
MED00218,2026-08-31,1,5.3312,5.6049,5.375,5.375,5.4613,0.0,17.0522,6.2282
MED00219,2026-08-31,1,13.519,9.5144,10.5,10.5,11.132,0.7287,27.3231,8.7001
MED00220,2026-08-31,1,2.2498,1.795,2.875,2.875,2.2137,0.0,10.0342,4.2022
MED00221,2026-08-31,1,3.9387,5.0318,2.25,2.25,3.9898,0.0,14.049,5.4052
MED00222,2026-08-31,1,0.4695,0.4464,0.0,0.0,0.3467,0.0,4.715,2.3473
MED00223,2026-08-31,1,8.1867,11.0358,4.25,4.25,8.4303,0.0,22.617,7.623
MED00224,2026-08-31,1,1.8802,1.7,0.625,0.625,1.5032,0.0,8.2223,3.6104
MED00225,2026-08-31,1,4.9401,4.2528,5.875,5.875,4.8847,0.0,15.9008,5.9194
MED00226,2026-08-31,1,2.9692,2.223,3.625,3.625,2.8197,0.0,11.4694,4.6478
MED00227,2026-08-31,1,15.6883,14.6111,20.25,20.25,16.3587,3.8343,35.8509,10.4739
MED00228,2026-08-31,1,1.7985,0.9408,3.0,3.0,1.7334,0.0,8.828,3.8122
MED00229,2026-08-31,1,0.6017,0.8703,0.0,0.0,0.5687,0.0,5.4764,2.6371
MED00230,2026-08-31,1,12.856,17.8617,11.25,11.25,14.5676,2.7272,32.9953,9.9019
MED00231,2026-08-31,1,1.7264,0.6486,1.25,1.25,1.1634,0.0,7.2862,3.29
MED00232,2026-08-31,1,3.3536,3.6897,1.125,1.125,2.9578,0.0,11.7855,4.7435
MED00233,2026-08-31,1,0.461,0.5207,0.625,0.625,0.5261,0.0,5.3349,2.584
MED00234,2026-08-31,1,1.9461,1.258,2.125,2.125,1.7044,0.0,8.7529,3.7874
MED00235,2026-08-31,1,67.1619,76.3963,61.625,61.625,69.7399,44.1754,109.5268,21.379
MED00236,2026-08-31,1,2.2563,2.6268,1.875,1.875,2.3207,0.0,10.2939,4.2843
MED00237,2026-08-31,1,6.1927,5.8921,6.625,6.625,6.1781,0.0,18.4462,6.5921
MED00238,2026-08-31,1,2.0983,1.3378,1.625,1.625,1.6688,0.0,8.66,3.7566
MED00239,2026-08-31,1,4.1426,4.0975,4.5,4.5,4.2144,0.0,14.5222,5.5387
MED00240,2026-08-31,1,5.9758,6.0578,6.125,6.125,6.0521,0.0,18.2038,6.5296
MED00241,2026-08-31,1,2.774,3.3762,2.375,2.375,2.9313,0.0,11.7252,4.7253
MED00242,2026-08-31,1,10.3111,12.9349,8.75,8.75,11.0378,0.6767,27.1632,8.6647
MED00243,2026-08-31,1,0.1422,0.1179,0.125,0.125,0.128,0.0,3.8902,2.0215
MED00244,2026-08-31,1,2.23,2.0704,2.125,2.125,2.1403,0.0,9.8541,4.1449
MED00245,2026-08-31,1,73.6998,65.06,79.25,79.25,71.5139,45.6286,111.8002,21.6473
MED00246,2026-08-31,1,6.6328,6.3313,6.75,6.75,6.5421,0.0,19.14,6.7693
MED00247,2026-08-31,1,12.2295,12.8048,12.375,12.375,12.5169,1.5117,29.6447,9.2034
MED00248,2026-08-31,1,2.2725,2.1812,2.5,2.5,2.2917,0.0,10.2238,4.2622
MED00249,2026-08-31,1,20.9439,25.1251,34.25,34.25,25.9285,10.2472,50.3338,13.1139
MED00250,2026-08-31,1,15.9332,11.9274,16.125,16.125,14.3251,2.5804,32.604,9.8219
MED00251,2026-08-31,1,1.9169,1.3273,2.875,2.875,1.9048,0.0,9.2667,3.9558
MED00252,2026-08-31,1,0.395,0.1281,0.75,0.75,0.37,0.0,4.798,2.3793
MED00253,2026-08-31,1,4.3254,4.2653,4.0,4.0,4.2259,0.0,14.5462,5.5455
MED00254,2026-08-31,1,0.3637,0.1014,1.0,1.0,0.4087,0.0,4.9341,2.4316
MED00255,2026-08-31,1,6.8976,6.5551,6.625,6.625,6.6957,0.0,19.4303,6.8428
MED00256,2026-08-31,1,2.3323,2.1069,1.25,1.25,1.9787,0.0,9.4529,4.0161
MED00257,2026-08-31,1,6.0906,6.3672,7.5,7.5,6.5531,0.0,19.1609,6.7746
MED00258,2026-08-31,1,2.305,2.3523,3.875,3.875,2.707,0.0,11.2085,4.5682
MED00259,2026-08-31,1,2.4076,2.0894,3.125,3.125,2.4509,0.0,10.606,4.382
MED00260,2026-08-31,1,0.5389,0.4143,1.125,1.125,0.6293,0.0,5.6742,2.7108
MED00261,2026-08-31,1,0.8332,0.8222,0.125,0.125,0.6581,0.0,5.7669,2.7451
MED00262,2026-08-31,1,4.3482,3.3832,5.0,5.0,4.1079,0.0,14.2984,5.4758
MED00263,2026-08-31,1,3.475,3.6809,5.375,5.375,4.0241,0.0,14.1217,5.4258
MED00264,2026-08-31,1,0.4691,0.1366,0.0,0.0,0.2174,0.0,4.2383,2.1606
MED00265,2026-08-31,1,7.5186,6.9505,10.375,10.375,7.9805,0.0,21.8053,7.4286
MED00266,2026-08-31,1,13.8467,12.1607,6.25,6.25,11.3191,0.8324,27.6399,8.7697
MED00267,2026-08-31,1,5.8133,6.6012,3.875,3.875,5.6786,0.0,17.4789,6.3407
MED00268,2026-08-31,1,2.2791,2.422,3.625,3.625,2.6667,0.0,11.1146,4.5394
MED00269,2026-08-31,1,2.3695,1.9478,2.125,2.125,2.1369,0.0,9.8458,4.1423
MED00270,2026-08-31,1,2.4087,2.2117,4.875,4.875,2.9258,0.0,11.7125,4.7214
MED00271,2026-08-31,1,3.01,2.5883,4.25,4.25,3.1372,0.0,12.1911,4.865
MED00272,2026-08-31,1,4.46,5.3762,4.875,4.875,4.9469,0.0,16.0266,5.9535
MED00273,2026-08-31,1,3.5987,3.2186,2.625,2.625,3.2082,0.0,12.3499,4.9122
MED00274,2026-08-31,1,0.4143,0.336,0.375,0.375,0.3725,0.0,4.807,2.3828
MED00275,2026-08-31,1,12.9058,9.2281,14.25,14.25,11.7104,1.0516,28.2992,8.9137
MED00276,2026-08-31,1,2.0328,1.7471,2.25,2.25,1.9683,0.0,9.4266,4.0076
MED00277,2026-08-31,1,0.1885,0.2167,0.0,0.0,0.1548,0.0,3.9964,2.0642
MED00278,2026-08-31,1,9.0159,9.0725,11.25,11.25,9.5892,0.0,24.6684,8.1026
MED00279,2026-08-31,1,18.5691,21.372,22.25,22.25,20.6473,6.62,42.4784,11.7306
MED00280,2026-08-31,1,0.1973,0.1957,0.25,0.25,0.2096,0.0,4.2086,2.1488
MED00281,2026-08-31,1,14.4645,12.1507,15.875,15.875,13.8555,2.2982,31.8424,9.665
MED00282,2026-08-31,1,3.7126,3.1921,3.25,3.25,3.3873,0.0,12.7472,5.0294
MED00283,2026-08-31,1,2.584,2.2225,3.625,3.625,2.6878,0.0,11.1638,4.5545
MED00284,2026-08-31,1,1.6377,1.1932,0.625,0.625,1.2089,0.0,7.4148,3.3347
MED00285,2026-08-31,1,6.4639,5.9951,7.375,7.375,6.4953,0.0,19.0514,6.7468
MED00286,2026-08-31,1,5.7594,4.1009,7.0,7.0,5.3738,0.0,16.8793,6.1824
MED00287,2026-08-31,1,3.8148,4.0192,3.625,3.625,3.8579,0.0,13.7682,5.3252
MED00288,2026-08-31,1,40.9726,39.3776,38.625,38.625,39.7803,20.421,69.9101,16.1898
MED00289,2026-08-31,1,6.4811,5.0408,8.75,8.75,6.436,0.0,18.9388,6.7182
MED00290,2026-08-31,1,1.9688,1.1099,1.125,1.125,1.4084,0.0,7.9666,3.524
MED00291,2026-08-31,1,9.7194,19.101,3.0,3.0,12.0151,1.2241,28.8096,9.0243
MED00292,2026-08-31,1,1.9426,2.0606,1.25,1.25,1.8261,0.0,9.0666,3.8906
MED00293,2026-08-31,1,6.0825,3.3161,9.875,9.875,5.8528,0.0,17.8183,6.4295
MED00294,2026-08-31,1,1.3356,0.8262,1.0,1.0,1.0433,0.0,6.9409,3.169
MED00295,2026-08-31,1,0.2967,0.2317,0.0,0.0,0.1981,0.0,4.1646,2.1313
MED00296,2026-08-31,1,5.0043,3.9916,4.5,4.5,4.465,0.0,15.043,5.684
MED00297,2026-08-31,1,7.4254,6.0323,6.625,6.625,6.6582,0.0,19.3596,6.8249
MED00298,2026-08-31,1,2.3754,1.695,4.0,4.0,2.4872,0.0,10.6922,4.4089
MED00299,2026-08-31,1,0.3632,0.3902,0.25,0.25,0.3474,0.0,4.7176,2.3482
MED00300,2026-08-31,1,2.0504,1.9098,0.25,0.25,1.5581,0.0,8.3687,3.6596
MED00301,2026-08-31,1,6.454,7.0394,5.625,5.625,6.504,0.0,19.0678,6.751
MED00302,2026-08-31,1,9.0283,9.4839,4.375,4.375,8.1012,0.0,22.0241,7.4813
MED00303,2026-08-31,1,3.0147,2.4055,3.625,3.625,2.9114,0.0,11.6797,4.7115
MED00304,2026-08-31,1,5.2219,6.155,4.625,4.625,5.4718,0.0,17.0729,6.2337
MED00305,2026-08-31,1,1.98,2.0221,1.125,1.125,1.7926,0.0,8.9807,3.8624
MED00306,2026-08-31,1,0.4352,0.2672,0.0,0.0,0.2603,0.0,4.3996,2.2242
MED00307,2026-08-31,1,26.0859,23.1374,36.375,36.375,27.3724,11.2685,52.4356,13.4674
MED00308,2026-08-31,1,0.6962,0.6107,0.5,0.5,0.6138,0.0,5.6238,2.6921
MED00309,2026-08-31,1,4.2422,4.4035,2.25,2.25,3.8316,0.0,13.712,5.3091
MED00310,2026-08-31,1,4.0934,4.0304,3.25,3.25,3.8671,0.0,13.7879,5.3308
MED00311,2026-08-31,1,4.9849,4.5315,4.375,4.375,4.6532,0.0,15.43,5.7908
MED00312,2026-08-31,1,0.3854,0.252,0.375,0.375,0.3276,0.0,4.6465,2.3207
MED00313,2026-08-31,1,0.6535,0.2487,1.75,1.75,0.7507,0.0,6.0598,2.8528
MED00314,2026-08-31,1,10.4273,9.6729,8.75,8.75,9.7173,0.0,24.8918,8.1538
MED00315,2026-08-31,1,10.4266,11.3351,11.25,11.25,11.0151,0.6642,27.1247,8.6562
MED00316,2026-08-31,1,3.2595,2.877,2.625,2.625,2.9497,0.0,11.7671,4.7379
MED00317,2026-08-31,1,2.371,1.8552,2.875,2.875,2.2803,0.0,10.196,4.2534
MED00318,2026-08-31,1,3.0598,2.8666,5.0,5.0,3.4518,0.0,12.8891,5.071
MED00319,2026-08-31,1,11.7739,12.4615,11.0,11.0,11.8851,1.1503,28.5921,8.9773
MED00320,2026-08-31,1,8.1442,5.2415,3.75,3.75,5.8785,0.0,17.8682,6.4425
MED00321,2026-08-31,1,0.7363,0.9784,3.75,3.75,1.5673,0.0,8.393,3.6677
MED00322,2026-08-31,1,0.1523,0.2134,0.0,0.0,0.1411,0.0,3.9422,2.0425
MED00323,2026-08-31,1,0.974,0.5155,2.5,2.5,1.1531,0.0,7.2568,3.2797
MED00324,2026-08-31,1,1.5697,1.1503,2.0,2.0,1.5005,0.0,8.2151,3.608
MED00325,2026-08-31,1,8.2448,9.09,5.75,5.75,8.0017,0.0,21.8439,7.4379
MED00326,2026-08-31,1,9.9565,11.7542,8.5,8.5,10.3636,0.3098,26.0108,8.4078
MED00327,2026-08-31,1,3.3496,4.4552,2.25,2.25,3.5479,0.0,13.0992,5.1323
MED00328,2026-08-31,1,5.0557,4.5053,5.625,5.625,4.969,0.0,16.071,5.9655
MED00329,2026-08-31,1,11.7335,12.543,11.625,11.625,12.0566,1.2477,28.8788,9.0392
MED00330,2026-08-31,1,5.294,4.0085,6.125,6.125,4.9644,0.0,16.0617,5.963
MED00331,2026-08-31,1,1.9294,1.3403,2.375,2.375,1.7935,0.0,8.983,3.8632
MED00332,2026-08-31,1,3.286,3.7139,2.875,2.875,3.3683,0.0,12.7052,5.0171
MED00333,2026-08-31,1,3.1796,2.8353,6.25,6.25,3.7822,0.0,13.6062,5.2787
MED00334,2026-08-31,1,10.7348,14.0654,4.375,4.375,10.5953,0.4348,26.4085,8.497
MED00335,2026-08-31,1,6.4882,5.9517,6.5,6.5,6.2738,0.0,18.6295,6.6391
MED00336,2026-08-31,1,10.26,10.4426,11.25,11.25,10.586,0.4298,26.3925,8.4934
MED00337,2026-08-31,1,68.7361,60.1214,60.25,60.25,63.1589,38.8215,101.0362,20.3528
MED00338,2026-08-31,1,9.3509,13.4141,1.25,1.25,9.0942,0.0,23.7988,7.9013
MED00339,2026-08-31,1,1.97,1.9707,0.375,0.375,1.5863,0.0,8.4433,3.6845
MED00340,2026-08-31,1,1.651,2.4139,0.25,0.25,1.6317,0.0,8.563,3.7244
MED00341,2026-08-31,1,6.6384,6.7995,8.375,8.375,7.1325,0.0,20.2479,7.0474
MED00342,2026-08-31,1,2.1963,1.9778,1.375,1.375,1.9086,0.0,9.2763,3.9589
MED00343,2026-08-31,1,10.9186,9.9716,11.625,11.625,10.7056,0.4947,26.5971,8.5391
MED00344,2026-08-31,1,5.7972,5.3982,5.625,5.625,5.5949,0.0,17.3151,6.2977
MED00345,2026-08-31,1,0.1539,0.1475,0.0,0.0,0.1141,0.0,3.8344,1.9991
MED00346,2026-08-31,1,3.7243,3.9488,2.0,2.0,3.4044,0.0,12.7848,5.0405
MED00347,2026-08-31,1,0.1748,0.2053,0.0,0.0,0.1454,0.0,3.9593,2.0493
MED00348,2026-08-31,1,1.8949,1.1867,1.375,1.375,1.4757,0.0,8.1484,3.5855
MED00349,2026-08-31,1,2.5312,2.2729,2.0,2.0,2.2975,0.0,10.2377,4.2666
MED00350,2026-08-31,1,1.3167,2.0055,2.5,2.5,1.8916,0.0,9.2332,3.9449
MED00351,2026-08-31,1,0.6579,0.6887,0.0,0.0,0.5122,0.0,5.2884,2.5664
MED00352,2026-08-31,1,0.312,0.3646,0.0,0.0,0.2587,0.0,4.3939,2.222
MED00353,2026-08-31,1,1.1037,0.3456,0.0,0.0,0.5216,0.0,5.3198,2.5783
MED00354,2026-08-31,1,0.9442,1.2157,1.25,1.25,1.1324,0.0,7.1978,3.2592
MED00355,2026-08-31,1,13.544,11.0229,11.5,11.5,12.0116,1.2221,28.8037,9.023
MED00356,2026-08-31,1,2.0522,1.8756,1.875,1.875,1.9377,0.0,9.3498,3.9828
MED00357,2026-08-31,1,0.1884,0.1289,0.25,0.25,0.1787,0.0,4.0896,2.1015
MED00358,2026-08-31,1,6.043,7.535,3.375,3.375,6.0256,0.0,18.1527,6.5163
MED00359,2026-08-31,1,2.3282,2.1979,1.5,1.5,2.0758,0.0,9.6949,4.094
MED00360,2026-08-31,1,3.1183,1.9294,3.875,3.875,2.8088,0.0,11.4442,4.6401
MED00361,2026-08-31,1,2.3627,2.1985,4.875,4.875,2.9046,0.0,11.6641,4.7068
MED00362,2026-08-31,1,2.6509,2.1289,4.875,4.875,2.9741,0.0,11.8227,4.7546
MED00363,2026-08-31,1,1.8691,1.3809,2.5,2.5,1.8201,0.0,9.0511,3.8855
MED00364,2026-08-31,1,0.1697,0.2508,0.0,0.0,0.1626,0.0,4.027,2.0765
MED00365,2026-08-31,1,2.4036,2.0609,2.125,2.125,2.1957,0.0,9.9901,4.1882
MED00366,2026-08-31,1,10.3304,10.7337,11.25,11.25,10.7314,0.5088,26.6413,8.5489
MED00367,2026-08-31,1,2.3603,2.4798,1.625,1.625,2.2346,0.0,10.085,4.2183
MED00368,2026-08-31,1,3.1249,2.797,5.0,5.0,3.4451,0.0,12.8743,5.0667
MED00369,2026-08-31,1,5.2893,4.9597,5.0,5.0,5.0871,0.0,16.3084,6.0296
MED00370,2026-08-31,1,0.3767,0.1665,0.0,0.0,0.1983,0.0,4.1653,2.1316
MED00371,2026-08-31,1,15.179,12.0556,14.0,14.0,13.6064,2.1499,31.4366,9.5808
MED00372,2026-08-31,1,0.1866,0.1173,0.125,0.125,0.143,0.0,3.9496,2.0454
MED00373,2026-08-31,1,0.6307,0.5657,0.875,0.875,0.6634,0.0,5.7838,2.7514
MED00374,2026-08-31,1,1.9478,1.8414,2.75,2.75,2.0995,0.0,9.7536,4.1128
MED00375,2026-08-31,1,14.6257,17.2115,13.5,13.5,15.4462,3.2655,34.4036,10.1865
MED00376,2026-08-31,1,2.261,1.6091,2.0,2.0,1.9283,0.0,9.3259,3.975
MED00377,2026-08-31,1,0.5508,0.7173,0.875,0.875,0.6992,0.0,5.898,2.7935
MED00378,2026-08-31,1,2.4234,2.6504,2.125,2.125,2.4483,0.0,10.5996,4.38
MED00379,2026-08-31,1,0.7129,0.7412,2.5,2.5,1.1579,0.0,7.2705,3.2845
MED00380,2026-08-31,1,0.6796,0.3076,0.0,0.0,0.3607,0.0,4.765,2.3666
MED00381,2026-08-31,1,1.3474,2.4679,1.25,1.25,1.7924,0.0,8.9803,3.8623
MED00382,2026-08-31,1,2.4544,2.4534,3.75,3.75,2.77,0.0,11.3547,4.6128
MED00383,2026-08-31,1,7.8107,9.6636,5.75,5.75,8.0925,0.0,22.0083,7.4775
MED00384,2026-08-31,1,2.2068,1.9802,2.125,2.125,2.0947,0.0,9.7418,4.1091
MED00385,2026-08-31,1,19.4179,21.1567,20.25,20.25,20.3638,6.4309,42.0481,11.6518
MED00386,2026-08-31,1,15.1465,14.0104,14.125,14.125,14.4407,2.6503,32.7906,9.8601
MED00387,2026-08-31,1,19.973,20.1502,22.5,22.5,20.6784,6.6408,42.5256,11.7393
MED00388,2026-08-31,1,85.9776,108.1266,84.125,84.125,94.8514,65.0657,141.2081,24.9091
MED00389,2026-08-31,1,13.5455,11.6238,11.25,11.25,12.2022,1.3308,29.1217,9.0915
MED00390,2026-08-31,1,24.7063,25.7497,34.25,34.25,27.4757,11.342,52.5853,13.4923
MED00391,2026-08-31,1,21.0313,19.3272,24.875,24.875,21.2719,7.039,43.4231,11.9026
MED00392,2026-08-31,1,20.8425,19.0922,22.625,22.625,20.5648,6.565,42.3534,11.7078
MED00393,2026-08-31,1,13.0971,15.0917,10.125,10.125,13.2227,1.9231,30.8088,9.4496
MED00394,2026-08-31,1,14.7319,15.6902,16.25,16.25,15.5136,3.3071,34.511,10.208
MED00395,2026-08-31,1,18.0723,19.6185,18.375,18.375,18.8084,5.4049,39.6688,11.209
MED00396,2026-08-31,1,55.7674,54.6482,46.75,46.75,53.1742,30.8268,87.9545,18.6887
MED00397,2026-08-31,1,46.3748,52.8496,48.125,48.125,49.5447,27.9661,83.1284,18.0457
MED00398,2026-08-31,1,111.1337,114.6444,128.0,128.0,116.7904,83.7553,168.2043,27.6265
MED00399,2026-08-31,1,94.0933,123.1094,115.75,115.75,111.528,79.2425,161.7753,26.9997
MED00400,2026-08-31,1,73.9402,69.5657,69.875,69.875,71.2062,45.3763,111.4063,21.601
MED00401,2026-08-31,1,19.8682,18.7618,20.875,20.875,19.6704,5.971,40.9913,11.4565
MED00402,2026-08-31,1,27.5288,25.5643,29.875,29.875,27.3049,11.2205,52.3378,13.451
MED00403,2026-08-31,1,12.3488,14.056,9.125,9.125,12.2929,1.3828,29.2727,9.1239
MED00404,2026-08-31,1,6.2435,5.479,6.125,6.125,5.9023,0.0,17.9143,6.4545
MED00405,2026-08-31,1,8.8523,9.1641,7.375,7.375,8.6337,0.0,22.981,7.7093
MED00406,2026-08-31,1,22.4636,23.9729,26.75,26.75,24.1527,9.0075,47.724,12.6657
MED00407,2026-08-31,1,26.7729,26.8049,30.5,30.5,27.715,11.5124,52.9317,13.5499
MED00408,2026-08-31,1,11.0882,9.2241,11.25,11.25,10.3611,0.3084,26.0065,8.4068
MED00409,2026-08-31,1,12.9519,13.2877,10.875,10.875,12.6023,1.561,29.7862,9.2335
MED00410,2026-08-31,1,12.2179,10.8461,14.0,14.0,12.0894,1.2664,28.9336,9.051
MED00411,2026-08-31,1,20.9921,24.544,26.125,26.125,23.7364,8.7196,47.1077,12.5582
MED00412,2026-08-31,1,12.8555,12.861,14.0,14.0,13.1476,1.8789,30.6855,9.4237
MED00413,2026-08-31,1,13.2639,15.0584,12.875,12.875,13.9313,2.3436,31.9658,9.6905
MED00414,2026-08-31,1,22.1847,22.1173,24.125,24.125,22.6483,7.9724,45.489,12.2731
MED00415,2026-08-31,1,13.5948,13.3917,15.75,15.75,14.0452,2.4119,32.1507,9.7287
MED00416,2026-08-31,1,21.1801,24.5552,23.75,23.75,23.2306,8.3713,46.3568,12.4265
MED00417,2026-08-31,1,8.6133,9.2528,7.5,7.5,8.6192,0.0,22.9551,7.7032
MED00418,2026-08-31,1,8.8613,6.2453,9.375,9.375,7.9036,0.0,21.6656,7.3948
MED00419,2026-08-31,1,10.4011,9.4096,10.125,10.125,9.9312,0.0795,25.2639,8.2388
MED00420,2026-08-31,1,26.1038,29.1489,30.625,30.625,28.4938,12.0691,54.0563,13.7356
MED00421,2026-08-31,1,28.4563,22.9174,34.125,34.125,27.5469,11.3926,52.6884,13.5094
MED00422,2026-08-31,1,21.3377,21.0635,23.375,23.375,21.7377,7.3534,44.1246,12.0293
MED00423,2026-08-31,1,13.1756,13.6287,11.25,11.25,12.9117,1.7408,30.2974,9.3419
MED00424,2026-08-31,1,83.8666,90.0734,118.875,118.875,95.0107,65.2001,141.4062,24.9299
MED00001,2026-09-07,2,13.9182,10.1512,15.125,15.125,12.6533,1.5906,29.8707,9.2515
MED00002,2026-09-07,2,0.1208,0.123,0.125,0.125,0.1229,0.0,3.8695,2.0132
MED00003,2026-09-07,2,0.2929,0.6049,0.0,0.0,0.3524,0.0,4.7354,2.3552
MED00004,2026-09-07,2,0.9414,0.552,1.75,1.75,0.9756,0.0,6.7425,3.0987
MED00005,2026-09-07,2,2.4667,3.6434,1.875,1.875,2.8166,0.0,11.4623,4.6456
MED00006,2026-09-07,2,1.7549,1.074,0.25,0.25,1.1085,0.0,7.1295,3.2353
MED00007,2026-09-07,2,3.3077,3.3662,2.75,2.75,3.2004,0.0,12.3326,4.907
MED00008,2026-09-07,2,0.617,0.5093,1.375,1.375,0.7561,0.0,6.0768,2.859
MED00009,2026-09-07,2,3.6597,4.3627,3.875,3.875,4.0086,0.0,14.0889,5.4165
MED00010,2026-09-07,2,3.9496,3.9885,4.125,4.125,4.0122,0.0,14.0965,5.4186
MED00011,2026-09-07,2,22.0555,15.9825,24.875,24.875,20.2274,6.3401,41.8408,11.6136
MED00012,2026-09-07,2,2.2435,3.4261,0.375,0.375,2.2867,0.0,10.2116,4.2583
MED00013,2026-09-07,2,4.3358,4.6608,6.375,6.375,4.9692,0.0,16.0714,5.9656
MED00014,2026-09-07,2,18.0554,15.2554,28.0,28.0,19.3124,5.7351,40.4433,11.3544
MED00015,2026-09-07,2,0.4769,0.4123,0.875,0.875,0.5468,0.0,5.4038,2.6099
MED00016,2026-09-07,2,2.1995,1.909,4.75,4.75,2.6978,0.0,11.1871,4.5616
MED00017,2026-09-07,2,1.9568,1.6685,2.375,2.375,1.9397,0.0,9.3549,3.9844
MED00018,2026-09-07,2,76.6402,67.6562,87.75,87.75,75.6591,49.0392,117.0886,22.2616
MED00019,2026-09-07,2,44.4544,41.4101,49.375,49.375,44.4202,23.9762,76.2379,17.0968
MED00020,2026-09-07,2,10.6015,11.1998,14.875,14.875,11.8958,1.1563,28.61,8.9811
MED00021,2026-09-07,2,5.1408,5.7676,4.5,4.5,5.2523,0.0,16.6382,6.1181
MED00022,2026-09-07,2,3.1543,2.2261,3.375,3.375,2.8238,0.0,11.4788,4.6506
MED00023,2026-09-07,2,1.5571,1.3667,0.25,0.25,1.163,0.0,7.2849,3.2896
MED00024,2026-09-07,2,3.7988,3.6983,2.875,2.875,3.5371,0.0,13.0758,5.1254
MED00025,2026-09-07,2,0.1202,0.1319,0.0,0.0,0.0961,0.0,3.7615,1.9695
MED00026,2026-09-07,2,0.3273,0.3943,0.125,0.125,0.3066,0.0,4.5703,2.291
MED00027,2026-09-07,2,0.2497,0.1433,0.0,0.0,0.1452,0.0,3.9583,2.0489
MED00028,2026-09-07,2,0.4397,0.7445,0.5,0.5,0.5818,0.0,5.5195,2.6532
MED00029,2026-09-07,2,16.141,15.0973,17.375,17.375,16.0206,3.6224,35.3163,10.3683
MED00030,2026-09-07,2,6.3466,4.0586,5.5,5.5,5.194,0.0,16.5221,6.087
MED00031,2026-09-07,2,3.7598,4.3737,3.25,3.25,3.8962,0.0,13.8499,5.3485
MED00032,2026-09-07,2,2.7297,2.79,2.75,2.75,2.7625,0.0,11.3372,4.6075
MED00033,2026-09-07,2,0.9766,1.8504,1.875,1.875,1.5594,0.0,8.3721,3.6607
MED00034,2026-09-07,2,20.1737,17.6164,25.0,25.0,20.2954,6.3854,41.9442,11.6327
MED00035,2026-09-07,2,0.4647,0.1626,0.375,0.375,0.3175,0.0,4.6097,2.3064
MED00036,2026-09-07,2,1.7505,1.2902,2.25,2.25,1.6812,0.0,8.6925,3.7674
MED00037,2026-09-07,2,4.7816,3.9807,5.5,5.5,4.6263,0.0,15.3748,5.7756
MED00038,2026-09-07,2,19.2299,13.8177,20.0,20.0,17.1786,4.3533,37.1392,10.7255
MED00039,2026-09-07,2,0.9853,1.1343,1.25,1.25,1.1125,0.0,7.1408,3.2392
MED00040,2026-09-07,2,0.5514,0.7054,1.0,1.0,0.7247,0.0,5.9785,2.823
MED00041,2026-09-07,2,0.368,0.6152,0.125,0.125,0.4127,0.0,4.9479,2.437
MED00042,2026-09-07,2,3.815,3.365,2.0,2.0,3.192,0.0,12.3137,4.9014
MED00043,2026-09-07,2,0.4068,0.4411,0.5,0.5,0.444,0.0,5.0566,2.4785
MED00044,2026-09-07,2,2.387,2.7988,1.25,1.25,2.286,0.0,10.2099,4.2578
MED00045,2026-09-07,2,1.7438,1.6093,0.125,0.125,1.2977,0.0,7.6628,3.4202
MED00046,2026-09-07,2,2.6753,3.2321,1.125,1.125,2.535,0.0,10.8054,4.444
MED00047,2026-09-07,2,6.6322,6.6586,7.375,7.375,6.8296,0.0,19.6822,6.9061
MED00048,2026-09-07,2,13.6014,14.5305,17.75,17.75,15.0064,2.9948,33.7006,10.045
MED00049,2026-09-07,2,0.1577,0.151,0.0,0.0,0.1169,0.0,3.8456,2.0036
MED00050,2026-09-07,2,3.2058,3.5787,2.625,2.625,3.2239,0.0,12.3851,4.9226
MED00051,2026-09-07,2,0.1462,0.1394,0.0,0.0,0.1081,0.0,3.8102,1.9892
MED00052,2026-09-07,2,0.4345,0.5901,0.5,0.5,0.5157,0.0,5.3001,2.5708
MED00053,2026-09-07,2,10.2215,6.9624,10.0,10.0,8.8191,0.0,23.3113,7.7872
MED00054,2026-09-07,2,9.7727,7.8076,11.75,11.75,9.4415,0.0,24.4099,8.0431
MED00055,2026-09-07,2,1.008,0.6214,1.25,1.25,0.9064,0.0,6.5362,3.0251
MED00056,2026-09-07,2,0.6552,0.3336,1.0,1.0,0.6052,0.0,5.596,2.6817
MED00057,2026-09-07,2,0.4451,0.3828,0.125,0.125,0.3421,0.0,4.6985,2.3409
MED00058,2026-09-07,2,1.7112,1.1191,0.125,0.125,1.0822,0.0,7.0536,3.2086
MED00059,2026-09-07,2,11.5836,9.3742,11.75,11.75,10.7141,0.4994,26.6118,8.5424
MED00060,2026-09-07,2,7.0561,6.8287,7.625,7.625,7.106,0.0,20.1987,7.0352
MED00061,2026-09-07,2,0.6072,1.0165,0.75,0.75,0.8131,0.0,6.2529,2.923
MED00062,2026-09-07,2,13.8357,15.6199,15.875,15.875,15.0871,3.0443,33.8297,10.0711
MED00063,2026-09-07,2,0.1253,0.1486,0.0,0.0,0.1048,0.0,3.7969,1.9839
MED00064,2026-09-07,2,24.6804,24.7142,25.375,25.375,24.8873,9.518,48.807,12.853
MED00065,2026-09-07,2,64.5618,61.8839,51.5,51.5,60.3487,36.5546,97.3805,19.8985
MED00066,2026-09-07,2,0.3927,0.419,0.5,0.5,0.43,0.0,5.0082,2.46
MED00067,2026-09-07,2,2.2436,2.3644,3.875,3.875,2.691,0.0,11.1714,4.5568
MED00068,2026-09-07,2,4.7882,3.7336,6.25,6.25,4.707,0.0,15.5399,5.8209
MED00069,2026-09-07,2,2.213,2.0094,1.25,1.25,1.8973,0.0,9.2477,3.9496
MED00070,2026-09-07,2,15.5432,15.1511,15.625,15.625,15.415,3.2462,34.3538,10.1765
MED00071,2026-09-07,2,2.5586,2.9425,2.125,2.125,2.6163,0.0,10.9968,4.5031
MED00072,2026-09-07,2,2.9643,1.8099,3.125,3.125,2.5248,0.0,10.7812,4.4365
MED00073,2026-09-07,2,4.3781,4.2357,6.25,6.25,4.7761,0.0,15.6806,5.8594
MED00074,2026-09-07,2,4.2859,3.1144,5.125,5.125,4.0048,0.0,14.0807,5.4142
MED00075,2026-09-07,2,4.0936,2.8821,4.875,4.875,3.7816,0.0,13.6047,5.2783
MED00076,2026-09-07,2,0.212,0.0921,0.25,0.25,0.1714,0.0,4.0613,2.0902
MED00077,2026-09-07,2,6.3787,4.7931,7.25,7.25,5.9348,0.0,17.9772,6.4709
MED00078,2026-09-07,2,4.1652,5.2356,3.125,3.125,4.364,0.0,14.834,5.6259
MED00079,2026-09-07,2,22.8529,29.4207,18.0,18.0,24.4401,9.2068,48.1483,12.7393
MED00080,2026-09-07,2,4.8359,3.4522,6.125,6.125,4.5757,0.0,15.2711,5.747
MED00081,2026-09-07,2,0.347,0.4438,0.25,0.25,0.3642,0.0,4.7775,2.3714
MED00082,2026-09-07,2,3.8383,5.1494,2.75,2.75,4.1255,0.0,14.3356,5.4862
MED00083,2026-09-07,2,4.6804,3.8024,4.375,4.375,4.245,0.0,14.5862,5.5567
MED00084,2026-09-07,2,43.5805,42.9952,39.875,39.875,42.4833,22.4849,73.6075,16.7242
MED00085,2026-09-07,2,2.1894,1.7578,3.25,3.25,2.2683,0.0,10.1669,4.2442
MED00086,2026-09-07,2,0.3696,0.301,0.0,0.0,0.2519,0.0,4.3684,2.2119
MED00087,2026-09-07,2,1.8695,1.6378,2.0,2.0,1.8063,0.0,9.0159,3.874
MED00088,2026-09-07,2,28.7748,32.4827,28.0,28.0,30.1623,13.2716,56.4499,14.1253
MED00089,2026-09-07,2,16.2784,20.0506,8.0,8.0,15.8643,3.5249,35.0686,10.3191
MED00090,2026-09-07,2,4.0256,5.0691,4.875,4.875,4.6703,0.0,15.4649,5.8003
MED00091,2026-09-07,2,3.0164,2.7958,2.5,2.5,2.8024,0.0,11.4296,4.6357
MED00092,2026-09-07,2,1.6371,1.3049,1.5,1.5,1.467,0.0,8.1252,3.5777
MED00093,2026-09-07,2,0.2828,0.2215,0.25,0.25,0.2496,0.0,4.3598,2.2085
MED00094,2026-09-07,2,0.5817,0.4511,0.75,0.75,0.5685,0.0,5.4759,2.6369
MED00095,2026-09-07,2,3.3983,3.8993,3.875,3.875,3.726,0.0,13.4852,5.244
MED00096,2026-09-07,2,15.6538,11.9595,13.75,13.75,13.6682,2.1866,31.5375,9.6018
MED00097,2026-09-07,2,0.427,0.5026,0.0,0.0,0.3556,0.0,4.7468,2.3596
MED00098,2026-09-07,2,9.4633,8.8986,9.625,9.625,9.2764,0.0,24.12,7.976
MED00099,2026-09-07,2,0.2594,0.3169,0.0,0.0,0.2209,0.0,4.2515,2.1658
MED00100,2026-09-07,2,0.1613,0.1128,0.125,0.125,0.1324,0.0,3.9078,2.0286
MED00101,2026-09-07,2,4.9415,4.2477,7.25,7.25,5.2158,0.0,16.5655,6.0986
MED00102,2026-09-07,2,4.8571,3.8121,3.5,3.5,4.0978,0.0,14.2772,5.4698
MED00103,2026-09-07,2,3.3027,3.4578,1.0,1.0,2.8134,0.0,11.4549,4.6434
MED00104,2026-09-07,2,8.4558,9.4673,8.375,8.375,8.8665,0.0,23.3955,7.807
MED00105,2026-09-07,2,11.9042,12.0529,9.75,9.75,11.4568,0.9092,27.8724,8.8207
MED00106,2026-09-07,2,0.1322,0.2062,0.0,0.0,0.1312,0.0,3.9028,2.0266
MED00107,2026-09-07,2,9.0543,9.4811,8.25,8.25,9.0467,0.0,23.7149,7.8817
MED00108,2026-09-07,2,3.2796,3.6494,3.875,3.875,3.5812,0.0,13.1717,5.1533
MED00109,2026-09-07,2,0.5276,0.7015,0.0,0.0,0.473,0.0,5.1558,2.5162
MED00110,2026-09-07,2,0.5779,0.242,0.0,0.0,0.2985,0.0,4.5408,2.2795
MED00111,2026-09-07,2,0.6498,0.7709,1.0,1.0,0.7857,0.0,6.1685,2.8924
MED00112,2026-09-07,2,3.2496,2.672,3.75,3.75,3.1331,0.0,12.1818,4.8622
MED00113,2026-09-07,2,1.9854,1.8201,2.0,2.0,1.922,0.0,9.3101,3.9699
MED00114,2026-09-07,2,13.517,10.321,17.875,17.875,13.2524,1.9406,30.8575,9.4599
MED00115,2026-09-07,2,2.2077,2.0676,2.0,2.0,2.1012,0.0,9.7578,4.1142
MED00116,2026-09-07,2,8.2307,8.8032,10.0,10.0,8.9058,0.0,23.4654,7.8234
MED00117,2026-09-07,2,1.9471,1.5654,0.875,0.875,1.5305,0.0,8.2951,3.6349
MED00118,2026-09-07,2,1.7001,0.6359,1.75,1.75,1.2701,0.0,7.5862,3.3939
MED00119,2026-09-07,2,2.1035,1.9383,0.75,0.75,1.7092,0.0,8.7653,3.7915
MED00120,2026-09-07,2,12.2696,14.2793,3.5,3.5,10.9977,0.6546,27.095,8.6497
MED00121,2026-09-07,2,4.0257,4.8939,3.375,3.375,4.2343,0.0,14.5637,5.5504
MED00122,2026-09-07,2,2.4528,1.8578,5.625,5.625,2.9748,0.0,11.8242,4.7551
MED00123,2026-09-07,2,0.8127,0.9563,0.5,0.5,0.7978,0.0,6.2059,2.906
MED00124,2026-09-07,2,8.9419,9.0635,8.0,8.0,8.7736,0.0,23.2305,7.7682
MED00125,2026-09-07,2,0.2376,0.1743,0.375,0.375,0.2447,0.0,4.3414,2.2013
MED00126,2026-09-07,2,0.8895,1.1665,0.0,0.0,0.7906,0.0,6.1839,2.898
MED00127,2026-09-07,2,2.1968,1.8371,1.125,1.125,1.7896,0.0,8.9731,3.8599
MED00128,2026-09-07,2,2.3109,2.3173,1.0,1.0,1.9986,0.0,9.5028,4.0322
MED00129,2026-09-07,2,1.8989,1.4176,0.375,0.375,1.3313,0.0,7.7557,3.4521
MED00130,2026-09-07,2,0.161,0.2349,0.0,0.0,0.153,0.0,3.9893,2.0614
MED00131,2026-09-07,2,2.48,3.6382,2.375,2.375,2.94,0.0,11.7451,4.7313
MED00132,2026-09-07,2,0.3916,0.5329,0.0,0.0,0.3562,0.0,4.7489,2.3603
MED00133,2026-09-07,2,0.4705,0.3905,0.75,0.75,0.5053,0.0,5.2651,2.5576
MED00134,2026-09-07,2,0.6938,0.3504,0.0,0.0,0.3834,0.0,4.8453,2.3976
MED00135,2026-09-07,2,14.0321,12.8096,6.875,6.875,11.8043,1.1046,28.4568,8.948
MED00136,2026-09-07,2,1.7876,2.2972,2.5,2.5,2.1743,0.0,9.9377,4.1716
MED00137,2026-09-07,2,2.2668,2.3131,2.0,2.0,2.2238,0.0,10.0587,4.21
MED00138,2026-09-07,2,2.2524,2.5238,2.0,2.0,2.3067,0.0,10.2601,4.2736
MED00139,2026-09-07,2,3.4616,4.6007,1.25,1.25,3.4048,0.0,12.7859,5.0408
MED00140,2026-09-07,2,1.9104,1.165,0.875,0.875,1.3509,0.0,7.8096,3.4705
MED00141,2026-09-07,2,6.2478,7.2292,6.125,6.125,6.6336,0.0,19.3131,6.8132
MED00142,2026-09-07,2,0.408,0.4778,0.375,0.375,0.4295,0.0,5.0066,2.4594
MED00143,2026-09-07,2,1.9779,1.2278,1.75,1.75,1.6119,0.0,8.5109,3.7071
MED00144,2026-09-07,2,7.2078,7.8552,5.375,5.375,7.0414,0.0,20.0784,7.0052
MED00145,2026-09-07,2,0.6054,0.7428,1.125,1.125,0.789,0.0,6.179,2.8962
MED00146,2026-09-07,2,2.0476,1.6105,2.375,2.375,1.9466,0.0,9.3722,3.99
MED00147,2026-09-07,2,2.0617,1.3738,2.0,2.0,1.762,0.0,8.9019,3.8365
MED00148,2026-09-07,2,7.1531,5.3558,7.375,7.375,6.4644,0.0,18.9928,6.7319
MED00149,2026-09-07,2,4.5117,3.776,5.75,5.75,4.5091,0.0,15.1341,5.7092
MED00150,2026-09-07,2,2.2763,1.459,2.0,2.0,1.8709,0.0,9.1808,3.9278
MED00151,2026-09-07,2,2.3196,2.0124,1.5,1.5,1.9955,0.0,9.4949,4.0297
MED00152,2026-09-07,2,2.4393,1.9263,2.125,2.125,2.1518,0.0,9.8824,4.154
MED00153,2026-09-07,2,2.3943,2.5926,0.875,0.875,2.1117,0.0,9.7838,4.1225
MED00154,2026-09-07,2,15.5008,15.9282,18.5,18.5,16.4203,3.8731,35.9482,10.493
MED00155,2026-09-07,2,2.2099,3.1415,2.625,2.625,2.7011,0.0,11.1947,4.564
MED00156,2026-09-07,2,2.774,2.7846,5.0,5.0,3.3199,0.0,12.5984,4.9856
MED00157,2026-09-07,2,5.6033,5.3591,6.0,6.0,5.6031,0.0,17.3311,6.3019
MED00158,2026-09-07,2,0.2764,0.2399,0.125,0.125,0.2248,0.0,4.2666,2.1718
MED00159,2026-09-07,2,10.9214,10.228,8.75,8.75,10.1177,0.1783,25.5868,8.3121
MED00160,2026-09-07,2,4.4386,5.4153,4.0,4.0,4.7442,0.0,15.6157,5.8416
MED00161,2026-09-07,2,7.4635,6.7006,6.375,6.375,6.8894,0.0,19.7943,6.9343
MED00162,2026-09-07,2,2.3617,3.0726,0.875,0.875,2.3007,0.0,10.2456,4.269
MED00163,2026-09-07,2,0.3132,0.3115,0.25,0.25,0.2975,0.0,4.537,2.278
MED00164,2026-09-07,2,2.2015,2.844,1.25,1.25,2.2413,0.0,10.1015,4.2235
MED00165,2026-09-07,2,10.3343,10.1045,13.5,13.5,11.0149,0.6641,27.1243,8.6562
MED00166,2026-09-07,2,2.2977,2.8576,1.125,1.125,2.2497,0.0,10.1218,4.23
MED00167,2026-09-07,2,1.8864,1.2004,3.75,3.75,2.0532,0.0,9.6389,4.076
MED00168,2026-09-07,2,2.0847,1.1485,1.625,1.625,1.5852,0.0,8.4403,3.6835
MED00169,2026-09-07,2,1.8828,1.1921,1.375,1.375,1.4738,0.0,8.1433,3.5838
MED00170,2026-09-07,2,1.8834,1.508,2.0,2.0,1.757,0.0,8.889,3.8323
MED00171,2026-09-07,2,2.4243,1.8287,2.125,2.125,2.1059,0.0,9.7695,4.1179
MED00172,2026-09-07,2,2.9961,1.9304,3.75,3.75,2.7371,0.0,11.2785,4.5896
MED00173,2026-09-07,2,2.4152,2.2752,2.875,2.875,2.4705,0.0,10.6526,4.3965
MED00174,2026-09-07,2,7.8876,7.089,5.375,5.375,6.9544,0.0,19.9159,6.9647
MED00175,2026-09-07,2,1.188,1.0185,0.5,0.5,0.952,0.0,6.6725,3.0738
MED00176,2026-09-07,2,11.7754,17.276,11.75,11.75,14.0748,2.4296,32.1986,9.7386
MED00177,2026-09-07,2,0.2749,0.56,0.125,0.125,0.3578,0.0,4.7546,2.3626
MED00178,2026-09-07,2,1.861,1.4316,2.75,2.75,1.8989,0.0,9.2518,3.951
MED00179,2026-09-07,2,0.6903,0.3014,0.625,0.625,0.513,0.0,5.2912,2.5675
MED00180,2026-09-07,2,2.1248,2.4018,0.25,0.25,1.7887,0.0,8.9708,3.8592
MED00181,2026-09-07,2,3.531,3.349,3.625,3.625,3.4814,0.0,12.9539,5.0899
MED00182,2026-09-07,2,0.2959,0.5503,0.0,0.0,0.3307,0.0,4.6575,2.325
MED00183,2026-09-07,2,18.9955,26.177,15.0,15.0,21.0423,6.8847,43.0764,11.8397
MED00184,2026-09-07,2,8.2596,12.2203,4.75,4.75,9.0701,0.0,23.7563,7.8914
MED00185,2026-09-07,2,2.6902,1.7498,4.125,4.125,2.648,0.0,11.0709,4.526
MED00186,2026-09-07,2,2.0234,1.699,1.75,1.75,1.824,0.0,9.0612,3.8888
MED00187,2026-09-07,2,2.7345,3.1073,1.625,1.625,2.6242,0.0,11.0152,4.5088
MED00188,2026-09-07,2,3.5793,3.8398,5.625,5.625,4.1866,0.0,14.4639,5.5223
MED00189,2026-09-07,2,0.2018,0.2482,0.0,0.0,0.1725,0.0,4.0656,2.0919
MED00190,2026-09-07,2,2.3238,2.9075,3.25,3.25,2.7937,0.0,11.4093,4.6295
MED00191,2026-09-07,2,12.5876,11.0578,13.0,13.0,12.0621,1.2508,28.8881,9.0412
MED00192,2026-09-07,2,0.1666,0.1939,0.25,0.25,0.1983,0.0,4.1655,2.1317
MED00193,2026-09-07,2,0.1147,0.145,0.0,0.0,0.0997,0.0,3.7761,1.9755
MED00194,2026-09-07,2,9.27,9.3563,11.75,11.75,9.9154,0.0712,25.2364,8.2325
MED00195,2026-09-07,2,8.4894,7.2179,9.375,9.375,8.182,0.0,22.1701,7.5163
MED00196,2026-09-07,2,8.9634,8.6035,5.625,5.625,8.0144,0.0,21.8668,7.4434
MED00197,2026-09-07,2,8.809,7.8828,11.625,11.625,9.113,0.0,23.8321,7.9091
MED00198,2026-09-07,2,1.8602,1.3866,2.375,2.375,1.7891,0.0,8.9718,3.8595
MED00199,2026-09-07,2,1.9404,1.4486,1.375,1.375,1.6004,0.0,8.4807,3.697
MED00200,2026-09-07,2,1.954,1.2511,1.625,1.625,1.5832,0.0,8.4352,3.6818
MED00201,2026-09-07,2,9.7979,9.5033,8.375,8.375,9.3405,0.0,24.2327,8.0021
MED00202,2026-09-07,2,1.9173,1.881,0.375,0.375,1.5309,0.0,8.2962,3.6353
MED00203,2026-09-07,2,2.9493,3.047,3.25,3.25,3.0657,0.0,12.0302,4.8169
MED00204,2026-09-07,2,2.2441,2.3901,0.75,0.75,1.9457,0.0,9.3699,3.9893
MED00205,2026-09-07,2,12.4132,16.0415,9.75,9.75,13.2941,1.9651,30.9259,9.4742
MED00206,2026-09-07,2,1.4956,1.2519,1.5,1.5,1.3965,0.0,7.9343,3.513
MED00207,2026-09-07,2,2.1203,1.538,2.75,2.75,2.032,0.0,9.5861,4.0591
MED00208,2026-09-07,2,11.9547,12.2819,11.0,11.0,11.8721,1.1429,28.5703,8.9726
MED00209,2026-09-07,2,2.5863,1.7312,5.125,5.125,2.8467,0.0,11.5315,4.6666
MED00210,2026-09-07,2,1.228,0.5027,2.25,2.25,1.1741,0.0,7.3165,3.3005
MED00211,2026-09-07,2,2.4362,2.0046,2.625,2.625,2.3043,0.0,10.2543,4.2718
MED00212,2026-09-07,2,2.1811,2.374,0.25,0.25,1.7964,0.0,8.9905,3.8656
MED00213,2026-09-07,2,1.5547,2.0934,0.0,0.0,1.4046,0.0,7.9564,3.5205
MED00214,2026-09-07,2,10.6624,11.6068,13.875,13.875,11.8443,1.1272,28.5238,8.9625
MED00215,2026-09-07,2,2.4689,2.1024,2.25,2.25,2.2656,0.0,10.1604,4.2422
MED00216,2026-09-07,2,0.0858,0.152,0.0,0.0,0.0927,0.0,3.7477,1.9639
MED00217,2026-09-07,2,0.2115,0.2043,0.25,0.25,0.218,0.0,4.2408,2.1616
MED00218,2026-09-07,2,5.3261,5.6018,5.375,5.375,5.4582,0.0,17.0462,6.2266
MED00219,2026-09-07,2,13.8346,9.7068,10.5,10.5,11.3202,0.833,27.6417,8.7701
MED00220,2026-09-07,2,2.2925,1.8162,2.875,2.875,2.2371,0.0,10.0913,4.2203
MED00221,2026-09-07,2,3.9387,5.0235,2.25,2.25,3.9863,0.0,14.0417,5.4031
MED00222,2026-09-07,2,0.4673,0.4502,0.0,0.0,0.3476,0.0,4.7181,2.3484
MED00223,2026-09-07,2,8.6875,10.9412,4.25,4.25,8.5621,0.0,22.8532,7.6791
MED00224,2026-09-07,2,1.8802,1.6856,0.625,0.625,1.4972,0.0,8.2062,3.605
MED00225,2026-09-07,2,4.931,4.2917,5.875,5.875,4.8978,0.0,15.9273,5.9265
MED00226,2026-09-07,2,2.9692,2.2516,3.625,3.625,2.8317,0.0,11.4969,4.6561
MED00227,2026-09-07,2,15.9836,14.7839,20.25,20.25,16.5318,3.9432,36.1238,10.5275
MED00228,2026-09-07,2,1.7985,0.9581,3.0,3.0,1.7406,0.0,8.8467,3.8184
MED00229,2026-09-07,2,0.5937,0.8582,0.0,0.0,0.5609,0.0,5.4508,2.6275
MED00230,2026-09-07,2,13.4762,17.809,11.25,11.25,14.7577,2.8428,33.3013,9.9641
MED00231,2026-09-07,2,1.7264,0.6558,1.25,1.25,1.1664,0.0,7.2947,3.2929
MED00232,2026-09-07,2,3.3536,3.672,1.125,1.125,2.9504,0.0,11.7687,4.7384
MED00233,2026-09-07,2,0.457,0.5089,0.625,0.625,0.5197,0.0,5.3137,2.576
MED00234,2026-09-07,2,1.9461,1.2787,2.125,2.125,1.713,0.0,8.7753,3.7948
MED00235,2026-09-07,2,69.1027,76.2161,61.625,61.625,70.3285,44.6572,110.2819,21.4684
MED00236,2026-09-07,2,2.2563,2.5838,1.875,1.875,2.3028,0.0,10.2507,4.2706
MED00237,2026-09-07,2,6.2535,5.947,6.625,6.625,6.2219,0.0,18.53,6.6136
MED00238,2026-09-07,2,2.0983,1.3412,1.625,1.625,1.6702,0.0,8.6637,3.7579
MED00239,2026-09-07,2,4.1387,4.1208,4.5,4.5,4.2228,0.0,14.5397,5.5436
MED00240,2026-09-07,2,5.9701,6.1198,6.125,6.125,6.076,0.0,18.2499,6.5415
MED00241,2026-09-07,2,2.774,3.3603,2.375,2.375,2.9247,0.0,11.71,4.7207
MED00242,2026-09-07,2,10.603,13.0226,8.75,8.75,11.1742,0.752,27.3946,8.7158
MED00243,2026-09-07,2,0.1463,0.1167,0.125,0.125,0.129,0.0,3.8939,2.0231
MED00244,2026-09-07,2,2.23,2.0695,2.125,2.125,2.1399,0.0,9.8532,4.1446
MED00245,2026-09-07,2,73.3714,65.0593,79.25,79.25,71.4012,45.5362,111.656,21.6303
MED00246,2026-09-07,2,6.6292,6.381,6.75,6.75,6.5616,0.0,19.1769,6.7787
MED00247,2026-09-07,2,12.2984,12.8315,12.375,12.375,12.5516,1.5317,29.7022,9.2157
MED00248,2026-09-07,2,2.2725,2.1909,2.5,2.5,2.2958,0.0,10.2336,4.2653
MED00249,2026-09-07,2,22.7991,25.1858,34.25,34.25,26.5883,10.7125,51.2964,13.2766
MED00250,2026-09-07,2,16.0158,12.0493,16.125,16.125,14.4042,2.6282,32.7317,9.848
MED00251,2026-09-07,2,1.9169,1.3384,2.875,2.875,1.9094,0.0,9.2784,3.9596
MED00252,2026-09-07,2,0.3932,0.1294,0.75,0.75,0.37,0.0,4.7978,2.3793
MED00253,2026-09-07,2,4.3212,4.2602,4.0,4.0,4.2224,0.0,14.5388,5.5434
MED00254,2026-09-07,2,0.3637,0.1049,1.0,1.0,0.4101,0.0,4.9391,2.4336
MED00255,2026-09-07,2,6.923,6.5141,6.625,6.625,6.6873,0.0,19.4144,6.8388
MED00256,2026-09-07,2,2.3323,2.055,1.25,1.25,1.9571,0.0,9.3985,3.9986
MED00257,2026-09-07,2,6.0928,6.3773,7.5,7.5,6.5581,0.0,19.1703,6.777
MED00258,2026-09-07,2,2.3487,2.3732,3.875,3.875,2.7306,0.0,11.2634,4.585
MED00259,2026-09-07,2,2.4086,2.1052,3.125,3.125,2.4579,0.0,10.6225,4.3872
MED00260,2026-09-07,2,0.5389,0.4179,1.125,1.125,0.6308,0.0,5.6792,2.7126
MED00261,2026-09-07,2,0.83,0.8232,0.125,0.125,0.6574,0.0,5.7646,2.7443
MED00262,2026-09-07,2,4.3482,3.4157,5.0,5.0,4.1214,0.0,14.3269,5.4838
MED00263,2026-09-07,2,3.4765,3.7089,5.375,5.375,4.0363,0.0,14.1474,5.4331
MED00264,2026-09-07,2,0.4476,0.1342,0.0,0.0,0.209,0.0,4.2065,2.148
MED00265,2026-09-07,2,7.4786,7.0221,10.375,10.375,7.9966,0.0,21.8346,7.4356
MED00266,2026-09-07,2,14.9307,12.2419,6.25,6.25,11.7237,1.059,28.3215,8.9186
MED00267,2026-09-07,2,5.8078,6.624,3.875,3.875,5.6862,0.0,17.4938,6.3447
MED00268,2026-09-07,2,2.2791,2.4449,3.625,3.625,2.6762,0.0,11.1368,4.5462
MED00269,2026-09-07,2,2.3695,1.9505,2.125,2.125,2.138,0.0,9.8485,4.1432
MED00270,2026-09-07,2,2.4087,2.2432,4.875,4.875,2.9389,0.0,11.7426,4.7305
MED00271,2026-09-07,2,2.9965,2.6158,4.25,4.25,3.1441,0.0,12.2065,4.8696
MED00272,2026-09-07,2,4.4557,5.3244,4.875,4.875,4.9239,0.0,15.98,5.9409
MED00273,2026-09-07,2,3.5987,3.2199,2.625,2.625,3.2087,0.0,12.3512,4.9126
MED00274,2026-09-07,2,0.4612,0.3364,0.375,0.375,0.3888,0.0,4.8643,2.4049
MED00275,2026-09-07,2,13.0188,9.2198,14.25,14.25,11.7456,1.0714,28.3583,8.9266
MED00276,2026-09-07,2,2.0328,1.7531,2.25,2.25,1.9708,0.0,9.4329,4.0097
MED00277,2026-09-07,2,0.194,0.217,0.0,0.0,0.1569,0.0,4.0044,2.0674
MED00278,2026-09-07,2,8.9987,9.1843,11.25,11.25,9.6299,0.0,24.7394,8.1189
MED00279,2026-09-07,2,19.2192,21.3989,22.25,22.25,20.8808,6.7763,42.8322,11.7953
MED00280,2026-09-07,2,0.2038,0.1953,0.25,0.25,0.2117,0.0,4.2165,2.1519
MED00281,2026-09-07,2,14.773,12.2513,15.875,15.875,14.0029,2.3865,32.082,9.7146
MED00282,2026-09-07,2,3.7126,3.1805,3.25,3.25,3.3825,0.0,12.7366,5.0263
MED00283,2026-09-07,2,2.584,2.2123,3.625,3.625,2.6835,0.0,11.1539,4.5514
MED00284,2026-09-07,2,1.6377,1.1893,0.625,0.625,1.2073,0.0,7.4103,3.3331
MED00285,2026-09-07,2,6.4577,5.996,7.375,7.375,6.4936,0.0,19.0481,6.746
MED00286,2026-09-07,2,5.7615,4.1428,7.0,7.0,5.392,0.0,16.9154,6.1919
MED00287,2026-09-07,2,3.8148,4.0095,3.625,3.625,3.8539,0.0,13.7596,5.3227
MED00288,2026-09-07,2,40.073,39.9047,38.625,38.625,39.6925,20.3542,69.7894,16.1721
MED00289,2026-09-07,2,6.4835,5.0874,8.75,8.75,6.4563,0.0,18.9773,6.728
MED00290,2026-09-07,2,1.9688,1.126,1.125,1.125,1.4151,0.0,7.9848,3.5301
MED00291,2026-09-07,2,11.1267,18.8671,3.0,3.0,12.3989,1.4437,29.4489,9.1616
MED00292,2026-09-07,2,1.9426,2.0316,1.25,1.25,1.814,0.0,9.0357,3.8804
MED00293,2026-09-07,2,6.098,3.3743,9.875,9.875,5.8824,0.0,17.8757,6.4444
MED00294,2026-09-07,2,1.3356,0.8342,1.0,1.0,1.0466,0.0,6.9506,3.1724
MED00295,2026-09-07,2,0.2995,0.2308,0.0,0.0,0.1987,0.0,4.1668,2.1322
MED00296,2026-09-07,2,5.0017,4.0237,4.5,4.5,4.4774,0.0,15.0688,5.6911
MED00297,2026-09-07,2,7.389,6.0975,6.625,6.625,6.673,0.0,19.3874,6.8319
MED00298,2026-09-07,2,2.3732,1.7167,4.0,4.0,2.4955,0.0,10.712,4.415
MED00299,2026-09-07,2,0.3687,0.3862,0.25,0.25,0.3477,0.0,4.7184,2.3486
MED00300,2026-09-07,2,2.0504,1.9083,0.25,0.25,1.5575,0.0,8.3671,3.659
MED00301,2026-09-07,2,6.5194,7.0325,5.625,5.625,6.5234,0.0,19.1047,6.7604
MED00302,2026-09-07,2,9.4657,9.4642,4.375,4.375,8.2426,0.0,22.2794,7.5425
MED00303,2026-09-07,2,3.0147,2.4198,3.625,3.625,2.9173,0.0,11.6933,4.7156
MED00304,2026-09-07,2,5.3181,6.2412,4.625,4.625,5.5406,0.0,17.2084,6.2695
MED00305,2026-09-07,2,1.98,1.998,1.125,1.125,1.7826,0.0,8.9549,3.854
MED00306,2026-09-07,2,0.4403,0.2623,0.0,0.0,0.26,0.0,4.3984,2.2238
MED00307,2026-09-07,2,28.1033,23.4696,36.375,36.375,28.2009,11.8594,53.6339,13.666
MED00308,2026-09-07,2,0.6962,0.615,0.5,0.5,0.6156,0.0,5.6297,2.6943
MED00309,2026-09-07,2,4.2422,4.453,2.25,2.25,3.8522,0.0,13.7561,5.3217
MED00310,2026-09-07,2,4.1051,3.9853,3.25,3.25,3.8523,0.0,13.7563,5.3218
MED00311,2026-09-07,2,5.0032,4.5259,4.375,4.375,4.6571,0.0,15.438,5.7929
MED00312,2026-09-07,2,0.3911,0.2498,0.375,0.375,0.3287,0.0,4.6504,2.3222
MED00313,2026-09-07,2,0.6535,0.2476,1.75,1.75,0.7502,0.0,6.0584,2.8523
MED00314,2026-09-07,2,10.9133,9.6657,8.75,8.75,9.8804,0.0527,25.1757,8.2187
MED00315,2026-09-07,2,10.4329,11.3442,11.25,11.25,11.0211,0.6675,27.1348,8.6585
MED00316,2026-09-07,2,3.2595,2.8979,2.625,2.625,2.9584,0.0,11.7869,4.7439
MED00317,2026-09-07,2,2.371,1.8701,2.875,2.875,2.2865,0.0,10.2111,4.2582
MED00318,2026-09-07,2,3.1191,2.9144,5.0,5.0,3.492,0.0,12.9772,5.0967
MED00319,2026-09-07,2,11.8302,12.4684,11.0,11.0,11.9072,1.1628,28.6292,8.9853
MED00320,2026-09-07,2,8.4666,5.3297,3.75,3.75,6.0256,0.0,18.1527,6.5163
MED00321,2026-09-07,2,0.719,0.9928,3.75,3.75,1.5674,0.0,8.3934,3.6678
MED00322,2026-09-07,2,0.1568,0.2097,0.0,0.0,0.1411,0.0,3.9421,2.0424
MED00323,2026-09-07,2,0.9617,0.517,2.5,2.5,1.1495,0.0,7.2466,3.2762
MED00324,2026-09-07,2,1.5559,1.1597,2.0,2.0,1.4997,0.0,8.213,3.6073
MED00325,2026-09-07,2,8.222,9.0266,5.75,5.75,7.9675,0.0,21.7818,7.4229
MED00326,2026-09-07,2,9.971,11.7162,8.5,8.5,10.3527,0.3039,25.9921,8.4036
MED00327,2026-09-07,2,3.3496,4.4178,2.25,2.25,3.5323,0.0,13.0652,5.1224
MED00328,2026-09-07,2,5.053,4.5219,5.625,5.625,4.975,0.0,16.0831,5.9688
MED00329,2026-09-07,2,11.7407,12.5586,11.625,11.625,12.0655,1.2528,28.8937,9.0424
MED00330,2026-09-07,2,5.2912,4.0291,6.125,6.125,4.972,0.0,16.0771,5.9672
MED00331,2026-09-07,2,1.9294,1.3534,2.375,2.375,1.799,0.0,8.997,3.8678
MED00332,2026-09-07,2,3.286,3.7109,2.875,2.875,3.367,0.0,12.7025,5.0163
MED00333,2026-09-07,2,3.181,2.8568,6.25,6.25,3.7917,0.0,13.6264,5.2846
MED00334,2026-09-07,2,10.8027,13.8988,4.375,4.375,10.5491,0.4098,26.3293,8.4793
MED00335,2026-09-07,2,6.482,5.9913,6.5,6.5,6.2882,0.0,18.657,6.6462
MED00336,2026-09-07,2,10.5412,10.4931,11.25,11.25,10.7032,0.4934,26.5931,8.5382
MED00337,2026-09-07,2,67.1234,60.0577,60.25,60.25,62.5808,38.3541,100.2857,20.2602
MED00338,2026-09-07,2,9.813,13.3028,1.25,1.25,9.2058,0.0,23.9957,7.9471
MED00339,2026-09-07,2,1.97,1.9987,0.375,0.375,1.5979,0.0,8.4741,3.6948
MED00340,2026-09-07,2,1.6319,2.3817,0.25,0.25,1.6118,0.0,8.5106,3.707
MED00341,2026-09-07,2,6.632,6.8237,8.375,8.375,7.1404,0.0,20.2626,7.051
MED00342,2026-09-07,2,2.1963,1.9705,1.375,1.375,1.9056,0.0,9.2686,3.9564
MED00343,2026-09-07,2,10.9252,9.9953,11.625,11.625,10.7177,0.5014,26.6179,8.5437
MED00344,2026-09-07,2,5.8233,5.4177,5.625,5.625,5.612,0.0,17.3485,6.3065
MED00345,2026-09-07,2,0.1584,0.1452,0.0,0.0,0.1147,0.0,3.8367,2.0
MED00346,2026-09-07,2,3.7243,3.9164,2.0,2.0,3.3908,0.0,12.7551,5.0317
MED00347,2026-09-07,2,0.1745,0.2051,0.0,0.0,0.1452,0.0,3.9584,2.049
MED00348,2026-09-07,2,1.8949,1.1878,1.375,1.375,1.4761,0.0,8.1496,3.5859
MED00349,2026-09-07,2,2.5312,2.2894,2.0,2.0,2.3043,0.0,10.2543,4.2718
MED00350,2026-09-07,2,1.2664,2.0247,2.5,2.5,1.8824,0.0,9.2099,3.9373
MED00351,2026-09-07,2,0.6549,0.6742,0.0,0.0,0.5051,0.0,5.2647,2.5575
MED00352,2026-09-07,2,0.3093,0.359,0.0,0.0,0.2555,0.0,4.3817,2.2172
MED00353,2026-09-07,2,1.0747,0.3535,0.0,0.0,0.5149,0.0,5.2976,2.5699
MED00354,2026-09-07,2,0.9317,1.2035,1.25,1.25,1.123,0.0,7.1709,3.2498
MED00355,2026-09-07,2,13.5295,11.0372,11.5,11.5,12.0126,1.2227,28.8053,9.0234
MED00356,2026-09-07,2,2.0522,1.8771,1.875,1.875,1.9384,0.0,9.3514,3.9833
MED00357,2026-09-07,2,0.1898,0.1293,0.25,0.25,0.1793,0.0,4.0922,2.1025
MED00358,2026-09-07,2,6.0545,7.3562,3.375,3.375,5.9549,0.0,18.0163,6.481
MED00359,2026-09-07,2,2.3282,2.201,1.5,1.5,2.077,0.0,9.698,4.095
MED00360,2026-09-07,2,3.1872,1.9288,3.875,3.875,2.8321,0.0,11.4979,4.6564
MED00361,2026-09-07,2,2.3627,2.2225,4.875,4.875,2.9146,0.0,11.687,4.7137
MED00362,2026-09-07,2,2.6509,2.1327,4.875,4.875,2.9757,0.0,11.8262,4.7557
MED00363,2026-09-07,2,1.8691,1.3905,2.5,2.5,1.8241,0.0,9.0614,3.8889
MED00364,2026-09-07,2,0.1678,0.2476,0.0,0.0,0.1606,0.0,4.0192,2.0734
MED00365,2026-09-07,2,2.4036,2.072,2.125,2.125,2.2003,0.0,10.0014,4.1918
MED00366,2026-09-07,2,10.3454,10.757,11.25,11.25,10.7463,0.5169,26.6667,8.5546
MED00367,2026-09-07,2,2.3603,2.478,1.625,1.625,2.2338,0.0,10.0831,4.2177
MED00368,2026-09-07,2,3.1263,2.823,5.0,5.0,3.4564,0.0,12.8991,5.0739
MED00369,2026-09-07,2,5.3867,4.9966,5.0,5.0,5.1358,0.0,16.4059,6.0558
MED00370,2026-09-07,2,0.3823,0.1699,0.0,0.0,0.2016,0.0,4.178,2.1367
MED00371,2026-09-07,2,16.5848,12.2646,14.0,14.0,14.1744,2.4895,32.36,9.7718
MED00372,2026-09-07,2,0.1931,0.1175,0.125,0.125,0.1453,0.0,3.9589,2.0492
MED00373,2026-09-07,2,0.6261,0.5774,0.875,0.875,0.6667,0.0,5.7943,2.7553
MED00374,2026-09-07,2,1.9478,1.8227,2.75,2.75,2.0917,0.0,9.7343,4.1066
MED00375,2026-09-07,2,15.6885,17.1605,13.5,13.5,15.7884,3.4777,34.9481,10.2952
MED00376,2026-09-07,2,2.261,1.6087,2.0,2.0,1.9281,0.0,9.3255,3.9749
MED00377,2026-09-07,2,0.5487,0.729,0.875,0.875,0.7034,0.0,5.9111,2.7983
MED00378,2026-09-07,2,2.4234,2.6537,2.125,2.125,2.4496,0.0,10.6029,4.3811
MED00379,2026-09-07,2,0.6962,0.76,2.5,2.5,1.16,0.0,7.2765,3.2866
MED00380,2026-09-07,2,0.6765,0.3146,0.0,0.0,0.3626,0.0,4.7716,2.3691
MED00381,2026-09-07,2,1.3416,2.4424,1.25,1.25,1.7798,0.0,8.9478,3.8516
MED00382,2026-09-07,2,2.4608,2.459,3.75,3.75,2.7745,0.0,11.365,4.616
MED00383,2026-09-07,2,7.7925,9.6346,5.75,5.75,8.0742,0.0,21.9751,7.4695
MED00384,2026-09-07,2,2.2068,1.9854,2.125,2.125,2.0969,0.0,9.7472,4.1108
MED00385,2026-09-07,2,19.6436,20.9856,20.25,20.25,20.3696,6.4348,42.057,11.6534
MED00386,2026-09-07,2,15.3225,13.8273,14.125,14.125,14.4245,2.6405,32.7645,9.8547
MED00387,2026-09-07,2,20.6293,20.137,22.5,22.5,20.8974,6.7874,42.8572,11.7998
MED00388,2026-09-07,2,66.7536,107.6294,84.125,84.125,88.0695,59.3625,132.7472,24.0069
MED00389,2026-09-07,2,13.5048,11.6571,11.25,11.25,12.2022,1.3308,29.1217,9.0915
MED00390,2026-09-07,2,24.9926,26.1159,34.25,34.25,27.7263,11.5204,52.9481,13.5526
MED00391,2026-09-07,2,21.3759,19.317,24.875,24.875,21.3855,7.1155,43.5944,11.9336
MED00392,2026-09-07,2,21.3051,19.1291,22.625,22.625,20.7384,6.681,42.6166,11.7559
MED00393,2026-09-07,2,13.7259,15.1823,10.125,10.125,13.4755,2.0723,31.2229,9.5363
MED00394,2026-09-07,2,15.1677,15.7329,16.25,16.25,15.6805,3.4106,34.7766,10.261
MED00395,2026-09-07,2,18.5412,19.4944,18.375,18.375,18.917,5.4759,39.8359,11.2405
MED00396,2026-09-07,2,56.8208,54.5345,46.75,46.75,53.4871,31.0746,88.3685,18.743
MED00397,2026-09-07,2,46.0402,53.1689,48.125,48.125,49.5634,27.9808,83.1534,18.0491
MED00398,2026-09-07,2,103.8483,114.8386,128.0,128.0,114.3798,81.6859,165.2627,27.3412
MED00399,2026-09-07,2,88.0754,123.7665,115.75,115.75,109.7439,77.7165,159.5894,26.7838
MED00400,2026-09-07,2,73.5809,69.5503,69.875,69.875,71.0769,45.2703,111.2408,21.5815
MED00401,2026-09-07,2,20.5631,18.8061,20.875,20.875,19.9265,6.1404,41.3824,11.529
MED00402,2026-09-07,2,27.6566,25.6711,29.875,29.875,27.3931,11.2832,52.4657,13.4724
MED00403,2026-09-07,2,12.4853,13.9733,9.125,9.125,12.3051,1.3898,29.293,9.1282
MED00404,2026-09-07,2,6.2376,5.4639,6.125,6.125,5.894,0.0,17.8982,6.4503
MED00405,2026-09-07,2,8.8671,9.1122,7.375,7.375,8.6171,0.0,22.9515,7.7024
MED00406,2026-09-07,2,22.7976,24.0038,26.75,26.75,24.2799,9.0956,47.9118,12.6983
MED00407,2026-09-07,2,26.8971,26.8656,30.5,30.5,27.7828,11.5607,53.0298,13.5661
MED00408,2026-09-07,2,10.9861,9.2233,11.25,11.25,10.3259,0.2895,25.9459,8.3932
MED00409,2026-09-07,2,13.2987,13.275,10.875,10.875,12.7156,1.6267,29.9736,9.2734
MED00410,2026-09-07,2,12.545,10.9077,14.0,14.0,12.2269,1.345,29.1629,9.1003
MED00411,2026-09-07,2,21.32,24.3472,26.125,26.125,23.7665,8.7403,47.1523,12.566
MED00412,2026-09-07,2,12.991,12.7762,14.0,14.0,13.1586,1.8854,30.7035,9.4275
MED00413,2026-09-07,2,13.9242,15.0103,12.875,12.875,14.1371,2.4671,32.2997,9.7594
MED00414,2026-09-07,2,22.5458,21.8115,24.125,24.125,22.6443,7.9697,45.483,12.272
MED00415,2026-09-07,2,13.8072,13.3309,15.75,15.75,14.0925,2.4403,32.2274,9.7445
MED00416,2026-09-07,2,21.7823,24.4138,23.75,23.75,23.3776,8.4723,46.5753,12.4649
MED00417,2026-09-07,2,8.6597,9.1139,7.5,7.5,8.5771,0.0,22.88,7.6854
MED00418,2026-09-07,2,8.7681,6.2586,9.375,9.375,7.8773,0.0,21.6177,7.3832
MED00419,2026-09-07,2,10.5522,9.3951,10.125,10.125,9.9768,0.1036,25.3429,8.2568
MED00420,2026-09-07,2,26.7217,29.1679,30.625,30.625,28.7131,12.2264,54.372,13.7874
MED00421,2026-09-07,2,29.1547,22.7819,34.125,34.125,27.7292,11.5225,52.9523,13.5533
MED00422,2026-09-07,2,21.671,20.9049,23.375,23.375,21.7856,7.3858,44.1966,12.0422
MED00423,2026-09-07,2,13.4028,13.4304,11.25,11.25,12.9067,1.7379,30.2892,9.3402
MED00424,2026-09-07,2,71.1279,90.4473,118.875,118.875,90.81,61.6623,136.1737,24.3755
MED00001,2026-09-14,3,13.9269,9.9472,15.125,15.125,12.5712,1.5431,29.7348,9.2226
MED00002,2026-09-14,3,0.1296,0.1209,0.125,0.125,0.125,0.0,3.8781,2.0167
MED00003,2026-09-14,3,0.2997,0.59,0.0,0.0,0.3485,0.0,4.7215,2.3498
MED00004,2026-09-14,3,0.9141,0.536,1.75,1.75,0.9596,0.0,6.6951,3.0819
MED00005,2026-09-14,3,2.4568,3.6302,1.875,1.875,2.8078,0.0,11.4419,4.6394
MED00006,2026-09-14,3,1.7549,1.0717,0.25,0.25,1.1076,0.0,7.1267,3.2343
MED00007,2026-09-14,3,3.251,3.3602,2.75,2.75,3.1786,0.0,12.2838,4.8925
MED00008,2026-09-14,3,0.5975,0.4983,1.375,1.375,0.7449,0.0,6.0418,2.8462
MED00009,2026-09-14,3,3.6163,4.3215,3.875,3.875,3.9766,0.0,14.0209,5.3972
MED00010,2026-09-14,3,3.9027,3.8757,4.125,4.125,3.9492,0.0,13.9627,5.3806
MED00011,2026-09-14,3,22.3548,15.5028,24.875,24.875,20.1297,6.2752,41.6921,11.5862
MED00012,2026-09-14,3,2.2435,3.4009,0.375,0.375,2.2762,0.0,10.1861,4.2503
MED00013,2026-09-14,3,4.287,4.6236,6.375,6.375,4.9369,0.0,16.0064,5.948
MED00014,2026-09-14,3,18.2304,14.9028,28.0,28.0,19.2252,5.6778,40.3096,11.3294
MED00015,2026-09-14,3,0.4804,0.4034,0.875,0.875,0.5443,0.0,5.3956,2.6068
MED00016,2026-09-14,3,2.1995,1.8912,4.75,4.75,2.6904,0.0,11.1698,4.5563
MED00017,2026-09-14,3,1.9568,1.6628,2.375,2.375,1.9373,0.0,9.3489,3.9825
MED00018,2026-09-14,3,76.0455,66.265,87.75,87.75,74.8756,48.393,116.0915,22.1468
MED00019,2026-09-14,3,44.4544,40.8113,49.375,49.375,44.1705,23.7834,75.8997,17.0492
MED00020,2026-09-14,3,10.6163,10.951,14.875,14.875,11.7971,1.1005,28.4447,8.9453
MED00021,2026-09-14,3,5.0798,5.6818,4.5,4.5,5.1956,0.0,16.5253,6.0879
MED00022,2026-09-14,3,3.1543,2.2134,3.375,3.375,2.8185,0.0,11.4665,4.6469
MED00023,2026-09-14,3,1.5571,1.3456,0.25,0.25,1.1541,0.0,7.2599,3.2808
MED00024,2026-09-14,3,3.7537,3.5891,2.875,2.875,3.4761,0.0,12.9425,5.0866
MED00025,2026-09-14,3,0.1394,0.1327,0.0,0.0,0.103,0.0,3.7894,1.9808
MED00026,2026-09-14,3,0.3281,0.3861,0.125,0.125,0.3035,0.0,4.5588,2.2866
MED00027,2026-09-14,3,0.2546,0.1428,0.0,0.0,0.1466,0.0,3.9641,2.0513
MED00028,2026-09-14,3,0.4407,0.7277,0.5,0.5,0.5752,0.0,5.4978,2.6451
MED00029,2026-09-14,3,16.5209,14.823,17.375,17.375,16.0361,3.6321,35.3409,10.3732
MED00030,2026-09-14,3,6.2623,3.9859,5.5,5.5,5.1348,0.0,16.404,6.0553
MED00031,2026-09-14,3,3.7099,4.3647,3.25,3.25,3.8753,0.0,13.8055,5.3358
MED00032,2026-09-14,3,2.7297,2.7656,2.75,2.75,2.7523,0.0,11.3137,4.6004
MED00033,2026-09-14,3,0.9723,1.8256,1.875,1.875,1.5475,0.0,8.3406,3.6502
MED00034,2026-09-14,3,20.6613,17.3233,25.0,25.0,20.34,6.415,42.0119,11.6451
MED00035,2026-09-14,3,0.4653,0.1598,0.375,0.375,0.3165,0.0,4.6062,2.305
MED00036,2026-09-14,3,1.7092,1.2538,2.25,2.25,1.6519,0.0,8.6159,3.742
MED00037,2026-09-14,3,4.7212,3.9682,5.5,5.5,4.6004,0.0,15.3218,5.761
MED00038,2026-09-14,3,19.242,13.5043,20.0,20.0,17.052,4.2727,36.941,10.6871
MED00039,2026-09-14,3,0.9803,1.1051,1.25,1.25,1.0986,0.0,7.1009,3.2252
MED00040,2026-09-14,3,0.5487,0.6984,1.0,1.0,0.7209,0.0,5.9664,2.8186
MED00041,2026-09-14,3,0.3734,0.6115,0.125,0.125,0.413,0.0,4.949,2.4374
MED00042,2026-09-14,3,3.7697,3.3056,2.0,2.0,3.1517,0.0,12.2235,4.8746
MED00043,2026-09-14,3,0.4128,0.4295,0.5,0.5,0.4413,0.0,5.0472,2.4749
MED00044,2026-09-14,3,2.387,2.728,1.25,1.25,2.2564,0.0,10.1382,4.2351
MED00045,2026-09-14,3,1.7438,1.6039,0.125,0.125,1.2955,0.0,7.6566,3.4181
MED00046,2026-09-14,3,2.6753,3.1194,1.125,1.125,2.488,0.0,10.6941,4.4095
MED00047,2026-09-14,3,6.6364,6.6661,7.375,7.375,6.8341,0.0,19.6907,6.9083
MED00048,2026-09-14,3,13.61,14.3293,17.75,17.75,14.9254,2.9452,33.5707,10.0188
MED00049,2026-09-14,3,0.171,0.1487,0.0,0.0,0.1205,0.0,3.86,2.0094
MED00050,2026-09-14,3,3.1677,3.5944,2.625,2.625,3.2175,0.0,12.3707,4.9183
MED00051,2026-09-14,3,0.1765,0.1367,0.0,0.0,0.1174,0.0,3.8475,2.0043
MED00052,2026-09-14,3,0.4356,0.5749,0.5,0.5,0.5097,0.0,5.28,2.5633
MED00053,2026-09-14,3,10.228,6.9243,10.0,10.0,8.8054,0.0,23.287,7.7815
MED00054,2026-09-14,3,9.7788,7.5932,11.75,11.75,9.3542,0.0,24.2567,8.0077
MED00055,2026-09-14,3,1.0012,0.6085,1.25,1.25,0.8987,0.0,6.5131,3.0168
MED00056,2026-09-14,3,0.6519,0.323,1.0,1.0,0.5996,0.0,5.5779,2.675
MED00057,2026-09-14,3,0.4451,0.3804,0.125,0.125,0.3411,0.0,4.6949,2.3394
MED00058,2026-09-14,3,1.7112,1.1132,0.125,0.125,1.0797,0.0,7.0464,3.2061
MED00059,2026-09-14,3,11.5909,9.1991,11.75,11.75,10.6436,0.461,26.4912,8.5155
MED00060,2026-09-14,3,7.0606,6.7183,7.625,7.625,7.0615,0.0,20.1158,7.0145
MED00061,2026-09-14,3,0.6076,0.9988,0.75,0.75,0.8058,0.0,6.2307,2.915
MED00062,2026-09-14,3,13.8445,15.4942,15.875,15.875,15.0377,3.014,33.7506,10.0551
MED00063,2026-09-14,3,0.1577,0.1464,0.0,0.0,0.115,0.0,3.8379,2.0005
MED00064,2026-09-14,3,25.0153,24.1257,25.375,25.375,24.7564,9.4268,48.6145,12.8198
MED00065,2026-09-14,3,64.5618,60.8321,51.5,51.5,59.9101,36.2019,96.8082,19.8267
MED00066,2026-09-14,3,0.3956,0.4135,0.5,0.5,0.4287,0.0,5.0038,2.4583
MED00067,2026-09-14,3,2.2436,2.3214,3.875,3.875,2.6731,0.0,11.1295,4.544
MED00068,2026-09-14,3,4.7368,3.6416,6.25,6.25,4.651,0.0,15.4255,5.7895
MED00069,2026-09-14,3,2.213,1.9885,1.25,1.25,1.8886,0.0,9.2255,3.9424
MED00070,2026-09-14,3,15.553,14.6884,15.625,15.625,15.2254,3.1293,34.0511,10.1157
MED00071,2026-09-14,3,2.5586,2.8902,2.125,2.125,2.5945,0.0,10.9456,4.4874
MED00072,2026-09-14,3,2.9643,1.7825,3.125,3.125,2.5133,0.0,10.7542,4.4281
MED00073,2026-09-14,3,4.3483,4.1922,6.25,6.25,4.7478,0.0,15.623,5.8436
MED00074,2026-09-14,3,4.235,3.0042,5.125,5.125,3.9414,0.0,13.9462,5.3759
MED00075,2026-09-14,3,4.0836,2.8389,4.875,4.875,3.7602,0.0,13.5588,5.2651
MED00076,2026-09-14,3,0.2293,0.0899,0.25,0.25,0.1764,0.0,4.0809,2.098
MED00077,2026-09-14,3,6.298,4.7082,7.25,7.25,5.8718,0.0,17.8551,6.4391
MED00078,2026-09-14,3,4.1099,5.1729,3.125,3.125,4.3189,0.0,14.7403,5.5998
MED00079,2026-09-14,3,22.8529,28.9932,18.0,18.0,24.2618,9.0831,47.8852,12.6936
MED00080,2026-09-14,3,4.7839,3.4116,6.125,6.125,4.541,0.0,15.1998,5.7273
MED00081,2026-09-14,3,0.3513,0.4326,0.25,0.25,0.3611,0.0,4.7662,2.3671
MED00082,2026-09-14,3,3.7927,5.0545,2.75,2.75,4.0703,0.0,14.2193,5.4534
MED00083,2026-09-14,3,4.6248,3.7189,4.375,4.375,4.1912,0.0,14.4736,5.5251
MED00084,2026-09-14,3,44.1718,42.1877,39.875,39.875,42.3488,22.3817,73.4243,16.698
MED00085,2026-09-14,3,2.1894,1.7311,3.25,3.25,2.2571,0.0,10.1399,4.2357
MED00086,2026-09-14,3,0.3696,0.3016,0.0,0.0,0.2521,0.0,4.3693,2.2123
MED00087,2026-09-14,3,1.8695,1.6175,2.0,2.0,1.7978,0.0,8.9941,3.8668
MED00088,2026-09-14,3,29.1653,32.2657,28.0,28.0,30.2053,13.3028,56.5114,14.1352
MED00089,2026-09-14,3,16.3011,19.7174,8.0,8.0,15.7331,3.4433,34.8603,10.2777
MED00090,2026-09-14,3,3.9567,4.9805,4.875,4.875,4.6098,0.0,15.3411,5.7663
MED00091,2026-09-14,3,3.0164,2.7478,2.5,2.5,2.7824,0.0,11.3834,4.6216
MED00092,2026-09-14,3,1.6371,1.2875,1.5,1.5,1.4598,0.0,8.1057,3.5711
MED00093,2026-09-14,3,0.2905,0.2186,0.25,0.25,0.251,0.0,4.3651,2.2107
MED00094,2026-09-14,3,0.5802,0.4417,0.75,0.75,0.5641,0.0,5.4613,2.6314
MED00095,2026-09-14,3,3.358,3.8728,3.875,3.875,3.7012,0.0,13.4316,5.2285
MED00096,2026-09-14,3,15.8055,11.8625,13.75,13.75,13.6797,2.1934,31.5561,9.6057
MED00097,2026-09-14,3,0.427,0.4992,0.0,0.0,0.3542,0.0,4.7418,2.3576
MED00098,2026-09-14,3,9.4693,8.845,9.625,9.625,9.2561,0.0,24.0843,7.9677
MED00099,2026-09-14,3,0.264,0.3162,0.0,0.0,0.2222,0.0,4.2564,2.1678
MED00100,2026-09-14,3,0.1966,0.1114,0.125,0.125,0.1439,0.0,3.9535,2.047
MED00101,2026-09-14,3,5.0048,4.1434,7.25,7.25,5.1939,0.0,16.5219,6.087
MED00102,2026-09-14,3,4.7926,3.783,3.5,3.5,4.0636,0.0,14.2051,5.4494
MED00103,2026-09-14,3,3.2634,3.4262,1.0,1.0,2.7868,0.0,11.3935,4.6247
MED00104,2026-09-14,3,8.4611,9.3463,8.375,8.375,8.8178,0.0,23.3091,7.7867
MED00105,2026-09-14,3,11.9208,11.9801,9.75,9.75,11.4321,0.8954,27.8308,8.8116
MED00106,2026-09-14,3,0.1667,0.2034,0.0,0.0,0.1418,0.0,3.9451,2.0436
MED00107,2026-09-14,3,9.06,9.3496,8.25,8.25,8.9938,0.0,23.6213,7.8599
MED00108,2026-09-14,3,3.2407,3.621,3.875,3.875,3.556,0.0,13.117,5.1374
MED00109,2026-09-14,3,0.5276,0.699,0.0,0.0,0.4719,0.0,5.1521,2.5148
MED00110,2026-09-14,3,0.5779,0.241,0.0,0.0,0.2982,0.0,4.5394,2.279
MED00111,2026-09-14,3,0.6502,0.7505,1.0,1.0,0.7774,0.0,6.1428,2.883
MED00112,2026-09-14,3,3.211,2.631,3.75,3.75,3.1028,0.0,12.1137,4.8419
MED00113,2026-09-14,3,1.9854,1.8059,2.0,2.0,1.9161,0.0,9.2952,3.9651
MED00114,2026-09-14,3,13.648,9.9929,17.875,17.875,13.1604,1.8864,30.7065,9.4282
MED00115,2026-09-14,3,2.2077,2.0736,2.0,2.0,2.1037,0.0,9.764,4.1161
MED00116,2026-09-14,3,8.3105,8.6332,10.0,10.0,8.8623,0.0,23.388,7.8052
MED00117,2026-09-14,3,1.9471,1.5546,0.875,0.875,1.5259,0.0,8.2831,3.6309
MED00118,2026-09-14,3,1.7001,0.6112,1.75,1.75,1.2598,0.0,7.5575,3.384
MED00119,2026-09-14,3,2.1035,1.9065,0.75,0.75,1.6959,0.0,8.7308,3.7801
MED00120,2026-09-14,3,12.2696,14.0672,3.5,3.5,10.9092,0.606,26.9445,8.6163
MED00121,2026-09-14,3,3.9779,4.8347,3.375,3.375,4.1932,0.0,14.4778,5.5263
MED00122,2026-09-14,3,2.4528,1.8129,5.625,5.625,2.9561,0.0,11.7816,4.7423
MED00123,2026-09-14,3,0.8081,0.9485,0.5,0.5,0.7929,0.0,6.1908,2.9005
MED00124,2026-09-14,3,8.9476,8.9986,8.0,8.0,8.7485,0.0,23.1858,7.7577
MED00125,2026-09-14,3,0.2573,0.17,0.375,0.375,0.2496,0.0,4.3599,2.2086
MED00126,2026-09-14,3,0.888,1.1588,0.0,0.0,0.7869,0.0,6.1723,2.8938
MED00127,2026-09-14,3,2.1968,1.8071,1.125,1.125,1.7771,0.0,8.9409,3.8494
MED00128,2026-09-14,3,2.3109,2.3106,1.0,1.0,1.9959,0.0,9.4958,4.03
MED00129,2026-09-14,3,1.8989,1.3997,0.375,0.375,1.3239,0.0,7.7352,3.445
MED00130,2026-09-14,3,0.1743,0.2297,0.0,0.0,0.1554,0.0,3.9987,2.0651
MED00131,2026-09-14,3,2.48,3.5478,2.375,2.375,2.9023,0.0,11.659,4.7053
MED00132,2026-09-14,3,0.376,0.5263,0.0,0.0,0.3481,0.0,4.72,2.3492
MED00133,2026-09-14,3,0.474,0.3865,0.75,0.75,0.5048,0.0,5.2634,2.557
MED00134,2026-09-14,3,0.6938,0.3498,0.0,0.0,0.3832,0.0,4.8445,2.3972
MED00135,2026-09-14,3,14.0516,12.4359,6.875,6.875,11.6552,1.0205,28.2064,8.8936
MED00136,2026-09-14,3,1.7661,2.2678,2.5,2.5,2.1547,0.0,9.8896,4.1562
MED00137,2026-09-14,3,2.2668,2.2597,2.0,2.0,2.2015,0.0,10.0044,4.1928
MED00138,2026-09-14,3,2.2524,2.5242,2.0,2.0,2.3069,0.0,10.2605,4.2737
MED00139,2026-09-14,3,3.4205,4.5389,1.25,1.25,3.365,0.0,12.6981,5.015
MED00140,2026-09-14,3,1.9104,1.1314,0.875,0.875,1.3369,0.0,7.7711,3.4573
MED00141,2026-09-14,3,6.2517,7.058,6.125,6.125,6.5635,0.0,19.1806,6.7796
MED00142,2026-09-14,3,0.408,0.47,0.375,0.375,0.4263,0.0,4.9952,2.4551
MED00143,2026-09-14,3,1.9779,1.2235,1.75,1.75,1.6101,0.0,8.5062,3.7055
MED00144,2026-09-14,3,7.2124,7.7879,5.375,5.375,7.015,0.0,20.029,6.9929
MED00145,2026-09-14,3,0.6028,0.7321,1.125,1.125,0.7837,0.0,6.1623,2.8902
MED00146,2026-09-14,3,2.0476,1.5853,2.375,2.375,1.9361,0.0,9.3458,3.9815
MED00147,2026-09-14,3,2.0617,1.3484,2.0,2.0,1.7514,0.0,8.8746,3.8275
MED00148,2026-09-14,3,7.1576,5.2299,7.375,7.375,6.4135,0.0,18.8959,6.7072
MED00149,2026-09-14,3,4.466,3.7316,5.75,5.75,4.475,0.0,15.0637,5.6897
MED00150,2026-09-14,3,2.2763,1.4288,2.0,2.0,1.8583,0.0,9.1487,3.9174
MED00151,2026-09-14,3,2.3196,2.0043,1.5,1.5,1.9921,0.0,9.4864,4.0269
MED00152,2026-09-14,3,2.4393,1.9205,2.125,2.125,2.1493,0.0,9.8765,4.1521
MED00153,2026-09-14,3,2.3943,2.5807,0.875,0.875,2.1068,0.0,9.7716,4.1186
MED00154,2026-09-14,3,15.651,15.78,18.5,18.5,16.4099,3.8665,35.9317,10.4898
MED00155,2026-09-14,3,2.2099,3.1291,2.625,2.625,2.6959,0.0,11.1827,4.5603
MED00156,2026-09-14,3,2.774,2.7601,5.0,5.0,3.3097,0.0,12.5757,4.979
MED00157,2026-09-14,3,5.593,5.3718,6.0,6.0,5.6049,0.0,17.3346,6.3028
MED00158,2026-09-14,3,0.2839,0.2382,0.125,0.125,0.2267,0.0,4.2736,2.1745
MED00159,2026-09-14,3,10.9366,9.9803,8.75,8.75,10.0196,0.1262,25.417,8.2736
MED00160,2026-09-14,3,4.4164,5.344,4.0,4.0,4.7069,0.0,15.5396,5.8208
MED00161,2026-09-14,3,7.4682,6.5713,6.375,6.375,6.8371,0.0,19.6963,6.9097
MED00162,2026-09-14,3,2.3617,3.0646,0.875,0.875,2.2974,0.0,10.2375,4.2665
MED00163,2026-09-14,3,0.3184,0.3035,0.25,0.25,0.2959,0.0,4.5313,2.2758
MED00164,2026-09-14,3,2.2015,2.7668,1.25,1.25,2.2092,0.0,10.0231,4.1987
MED00165,2026-09-14,3,10.6733,9.9278,13.5,13.5,11.0572,0.6874,27.1961,8.672
MED00166,2026-09-14,3,2.2977,2.8352,1.125,1.125,2.2403,0.0,10.0991,4.2228
MED00167,2026-09-14,3,1.8864,1.18,3.75,3.75,2.0447,0.0,9.6177,4.0692
MED00168,2026-09-14,3,2.0847,1.1339,1.625,1.625,1.5791,0.0,8.4243,3.6782
MED00169,2026-09-14,3,1.8828,1.1634,1.375,1.375,1.4618,0.0,8.1111,3.5729
MED00170,2026-09-14,3,1.8834,1.514,2.0,2.0,1.7595,0.0,8.8954,3.8344
MED00171,2026-09-14,3,2.4243,1.8066,2.125,2.125,2.0967,0.0,9.7467,4.1106
MED00172,2026-09-14,3,2.9961,1.8959,3.75,3.75,2.7228,0.0,11.2452,4.5794
MED00173,2026-09-14,3,2.4152,2.2539,2.875,2.875,2.4616,0.0,10.6315,4.39
MED00174,2026-09-14,3,7.8926,6.9073,5.375,5.375,6.8804,0.0,19.7774,6.93
MED00175,2026-09-14,3,1.1576,1.002,0.5,0.5,0.9347,0.0,6.6211,3.0555
MED00176,2026-09-14,3,11.7918,16.744,11.75,11.75,13.8586,2.3001,31.8475,9.6661
MED00177,2026-09-14,3,0.321,0.5567,0.125,0.125,0.3722,0.0,4.8058,2.3823
MED00178,2026-09-14,3,1.8096,1.4181,2.75,2.75,1.8758,0.0,9.193,3.9318
MED00179,2026-09-14,3,0.6401,0.2962,0.625,0.625,0.4937,0.0,5.226,2.5429
MED00180,2026-09-14,3,2.1248,2.4002,0.25,0.25,1.7881,0.0,8.9691,3.8586
MED00181,2026-09-14,3,3.489,3.2812,3.625,3.625,3.4388,0.0,12.8605,5.0626
MED00182,2026-09-14,3,0.2967,0.551,0.0,0.0,0.3312,0.0,4.6594,2.3257
MED00183,2026-09-14,3,18.9955,25.4096,15.0,15.0,20.7223,6.6702,42.5921,11.7514
MED00184,2026-09-14,3,8.2711,12.0178,4.75,4.75,8.9896,0.0,23.6139,7.8581
MED00185,2026-09-14,3,2.6902,1.7124,4.125,4.125,2.6324,0.0,11.0344,4.5147
MED00186,2026-09-14,3,2.0234,1.6903,1.75,1.75,1.8204,0.0,9.0519,3.8857
MED00187,2026-09-14,3,2.7345,3.05,1.625,1.625,2.6003,0.0,10.9592,4.4916
MED00188,2026-09-14,3,3.5368,3.7551,5.625,5.625,4.1367,0.0,14.3591,5.4929
MED00189,2026-09-14,3,0.2176,0.2435,0.0,0.0,0.176,0.0,4.0792,2.0973
MED00190,2026-09-14,3,2.3238,2.8712,3.25,3.25,2.7785,0.0,11.3743,4.6188
MED00191,2026-09-14,3,12.8436,11.0142,13.0,13.0,12.1314,1.2904,29.0037,9.0661
MED00192,2026-09-14,3,0.1776,0.1885,0.25,0.25,0.1998,0.0,4.1712,2.134
MED00193,2026-09-14,3,0.123,0.1421,0.0,0.0,0.1014,0.0,3.7828,1.9782
MED00194,2026-09-14,3,9.3598,9.1411,11.75,11.75,9.8564,0.0401,25.1339,8.2092
MED00195,2026-09-14,3,8.5717,7.0794,9.375,9.375,8.1524,0.0,22.1167,7.5035
MED00196,2026-09-14,3,8.969,8.3853,5.625,5.625,7.9253,0.0,21.7051,7.4044
MED00197,2026-09-14,3,8.8943,7.7007,11.625,11.625,9.0663,0.0,23.7496,7.8898
MED00198,2026-09-14,3,1.8602,1.3721,2.375,2.375,1.7831,0.0,8.9563,3.8544
MED00199,2026-09-14,3,1.9,1.4266,1.375,1.375,1.5774,0.0,8.4199,3.6767
MED00200,2026-09-14,3,1.954,1.2273,1.625,1.625,1.5733,0.0,8.409,3.673
MED00201,2026-09-14,3,9.804,9.4727,8.375,8.375,9.3299,0.0,24.214,7.9978
MED00202,2026-09-14,3,1.9173,1.8647,0.375,0.375,1.524,0.0,8.278,3.6291
MED00203,2026-09-14,3,2.9493,2.9897,3.25,3.25,3.0419,0.0,11.9763,4.8008
MED00204,2026-09-14,3,2.2441,2.3756,0.75,0.75,1.9396,0.0,9.3546,3.9843
MED00205,2026-09-14,3,12.4305,16.0576,9.75,9.75,13.3068,1.9726,30.9466,9.4785
MED00206,2026-09-14,3,1.4956,1.2448,1.5,1.5,1.3936,0.0,7.9262,3.5102
MED00207,2026-09-14,3,2.1203,1.5027,2.75,2.75,2.0173,0.0,9.5494,4.0473
MED00208,2026-09-14,3,11.9714,12.2561,11.0,11.0,11.867,1.14,28.5618,8.9707
MED00209,2026-09-14,3,2.5699,1.7032,5.125,5.125,2.8294,0.0,11.4916,4.6545
MED00210,2026-09-14,3,1.228,0.4886,2.25,2.25,1.1682,0.0,7.2999,3.2948
MED00211,2026-09-14,3,2.4362,1.9788,2.625,2.625,2.2936,0.0,10.2283,4.2636
MED00212,2026-09-14,3,2.1811,2.3494,0.25,0.25,1.7861,0.0,8.9641,3.857
MED00213,2026-09-14,3,1.3984,2.096,0.0,0.0,1.3523,0.0,7.8133,3.4718
MED00214,2026-09-14,3,10.6691,11.566,13.875,13.875,11.8296,1.1189,28.4992,8.9571
MED00215,2026-09-14,3,2.4689,2.0651,2.25,2.25,2.25,0.0,10.1226,4.2302
MED00216,2026-09-14,3,0.1079,0.1495,0.0,0.0,0.0992,0.0,3.7742,1.9747
MED00217,2026-09-14,3,0.2281,0.1994,0.25,0.25,0.2217,0.0,4.2546,2.167
MED00218,2026-09-14,3,5.3163,5.5714,5.375,5.375,5.4422,0.0,17.0146,6.2183
MED00219,2026-09-14,3,13.8539,9.4662,10.5,10.5,11.2264,0.781,27.4831,8.7353
MED00220,2026-09-14,3,2.2925,1.7799,2.875,2.875,2.222,0.0,10.0544,4.2086
MED00221,2026-09-14,3,3.892,4.9105,2.25,2.25,3.9232,0.0,13.9076,5.3649
MED00222,2026-09-14,3,0.4673,0.4449,0.0,0.0,0.3454,0.0,4.7103,2.3454
MED00223,2026-09-14,3,8.6875,10.687,4.25,4.25,8.4561,0.0,22.6633,7.634
MED00224,2026-09-14,3,1.8802,1.6764,0.625,0.625,1.4934,0.0,8.196,3.6015
MED00225,2026-09-14,3,4.9006,4.2426,5.875,5.875,4.8669,0.0,15.8649,5.9096
MED00226,2026-09-14,3,2.9692,2.1837,3.625,3.625,2.8033,0.0,11.4317,4.6363
MED00227,2026-09-14,3,16.1385,14.4613,20.25,20.25,16.4502,3.8919,35.9953,10.5023
MED00228,2026-09-14,3,1.7985,0.9406,3.0,3.0,1.7333,0.0,8.8278,3.8121
MED00229,2026-09-14,3,0.5937,0.8532,0.0,0.0,0.5588,0.0,5.4438,2.6249
MED00230,2026-09-14,3,13.6068,17.6125,11.25,11.25,14.7205,2.8201,33.2414,9.952
MED00231,2026-09-14,3,1.7264,0.6455,1.25,1.25,1.1621,0.0,7.2825,3.2887
MED00232,2026-09-14,3,3.3138,3.6182,1.125,1.125,2.9144,0.0,11.6865,4.7136
MED00233,2026-09-14,3,0.4638,0.5071,0.625,0.625,0.5213,0.0,5.319,2.578
MED00234,2026-09-14,3,1.9461,1.2556,2.125,2.125,1.7034,0.0,8.7503,3.7865
MED00235,2026-09-14,3,69.1027,75.1539,61.625,61.625,69.8856,44.2946,109.7138,21.4011
MED00236,2026-09-14,3,2.2563,2.6033,1.875,1.875,2.311,0.0,10.2703,4.2768
MED00237,2026-09-14,3,6.2574,5.8468,6.625,6.625,6.1814,0.0,18.4524,6.5937
MED00238,2026-09-14,3,2.0983,1.3307,1.625,1.625,1.6658,0.0,8.6522,3.754
MED00239,2026-09-14,3,4.0896,4.0906,4.5,4.5,4.1934,0.0,14.4782,5.5264
MED00240,2026-09-14,3,5.9297,5.9639,6.125,6.125,5.9972,0.0,18.0979,6.5021
MED00241,2026-09-14,3,2.7614,3.3544,2.375,2.375,2.918,0.0,11.6947,4.7161
MED00242,2026-09-14,3,10.7058,12.6664,8.75,8.75,11.0608,0.6894,27.2022,8.6734
MED00243,2026-09-14,3,0.1569,0.115,0.125,0.125,0.1319,0.0,3.9055,2.0277
MED00244,2026-09-14,3,2.23,2.0496,2.125,2.125,2.1316,0.0,9.8328,4.1381
MED00245,2026-09-14,3,73.3714,63.8666,79.25,79.25,70.9039,45.1285,111.0192,21.5554
MED00246,2026-09-14,3,6.6334,6.3179,6.75,6.75,6.5367,0.0,19.1298,6.7667
MED00247,2026-09-14,3,12.3062,12.6423,12.375,12.375,12.4753,1.4877,29.5758,9.1887
MED00248,2026-09-14,3,2.2725,2.1601,2.5,2.5,2.2829,0.0,10.2025,4.2555
MED00249,2026-09-14,3,23.1084,24.6325,34.25,34.25,26.4633,10.6242,51.1144,13.2459
MED00250,2026-09-14,3,16.0259,11.7392,16.125,16.125,14.2784,2.5521,32.5283,9.8064
MED00251,2026-09-14,3,1.9169,1.3231,2.875,2.875,1.9031,0.0,9.2623,3.9544
MED00252,2026-09-14,3,0.3932,0.1294,0.75,0.75,0.37,0.0,4.7979,2.3793
MED00253,2026-09-14,3,4.2919,4.2221,4.0,4.0,4.1965,0.0,14.4846,5.5282
MED00254,2026-09-14,3,0.3637,0.1009,1.0,1.0,0.4085,0.0,4.9333,2.4313
MED00255,2026-09-14,3,6.9273,6.4266,6.625,6.625,6.6523,0.0,19.3484,6.8221
MED00256,2026-09-14,3,2.3323,2.0546,1.25,1.25,1.9569,0.0,9.3982,3.9985
MED00257,2026-09-14,3,6.0661,6.318,7.5,7.5,6.5242,0.0,19.1062,6.7607
MED00258,2026-09-14,3,2.3487,2.3363,3.875,3.875,2.7152,0.0,11.2277,4.5741
MED00259,2026-09-14,3,2.4086,2.0939,3.125,3.125,2.4531,0.0,10.6113,4.3837
MED00260,2026-09-14,3,0.5362,0.4085,1.125,1.125,0.626,0.0,5.6635,2.7068
MED00261,2026-09-14,3,0.8286,0.8083,0.125,0.125,0.6507,0.0,5.7432,2.7364
MED00262,2026-09-14,3,4.3014,3.3652,5.0,5.0,4.0844,0.0,14.249,5.4618
MED00263,2026-09-14,3,3.4352,3.6718,5.375,5.375,4.0067,0.0,14.0849,5.4153
MED00264,2026-09-14,3,0.4476,0.1331,0.0,0.0,0.2086,0.0,4.2048,2.1473
MED00265,2026-09-14,3,7.4833,6.9799,10.375,10.375,7.9806,0.0,21.8056,7.4286
MED00266,2026-09-14,3,14.9515,11.8641,6.25,6.25,11.5733,0.9745,28.0686,8.8635
MED00267,2026-09-14,3,5.8078,6.5219,3.875,3.875,5.6436,0.0,17.4105,6.3228
MED00268,2026-09-14,3,2.2791,2.421,3.625,3.625,2.6662,0.0,11.1136,4.5391
MED00269,2026-09-14,3,2.3695,1.9294,2.125,2.125,2.1292,0.0,9.8268,4.1362
MED00270,2026-09-14,3,2.4087,2.2091,4.875,4.875,2.9247,0.0,11.7101,4.7207
MED00271,2026-09-14,3,2.9965,2.5717,4.25,4.25,3.1257,0.0,12.1653,4.8573
MED00272,2026-09-14,3,4.4228,5.2716,4.875,4.875,4.8906,0.0,15.9128,5.9226
MED00273,2026-09-14,3,3.56,3.1632,2.625,2.625,3.1718,0.0,12.2687,4.8881
MED00274,2026-09-14,3,0.4715,0.327,0.375,0.375,0.3883,0.0,4.8628,2.4043
MED00275,2026-09-14,3,13.027,9.1708,14.25,14.25,11.728,1.0615,28.3286,8.9201
MED00276,2026-09-14,3,2.0328,1.736,2.25,2.25,1.9636,0.0,9.415,4.0039
MED00277,2026-09-14,3,0.2088,0.2127,0.0,0.0,0.1601,0.0,4.0172,2.0725
MED00278,2026-09-14,3,9.0043,9.006,11.25,11.25,9.5575,0.0,24.613,8.0898
MED00279,2026-09-14,3,19.6838,20.918,22.25,22.25,20.8392,6.7484,42.7692,11.7838
MED00280,2026-09-14,3,0.2193,0.1926,0.25,0.25,0.2158,0.0,4.2324,2.1582
MED00281,2026-09-14,3,14.7823,12.0382,15.875,15.875,13.9172,2.3352,31.9429,9.6858
MED00282,2026-09-14,3,3.6727,3.1623,3.25,3.25,3.3612,0.0,12.6897,5.0125
MED00283,2026-09-14,3,2.584,2.1805,3.625,3.625,2.6702,0.0,11.1229,4.5419
MED00284,2026-09-14,3,1.6377,1.1648,0.625,0.625,1.197,0.0,7.3814,3.3231
MED00285,2026-09-14,3,6.4618,5.9696,7.375,7.375,6.484,0.0,19.0299,6.7414
MED00286,2026-09-14,3,5.6951,4.0557,7.0,7.0,5.3329,0.0,16.7984,6.1608
MED00287,2026-09-14,3,3.7695,4.0077,3.625,3.625,3.8376,0.0,13.7249,5.3128
MED00288,2026-09-14,3,40.6168,38.6284,38.625,38.625,39.3462,20.0914,69.3132,16.1023
MED00289,2026-09-14,3,6.4716,4.9702,8.75,8.75,6.4033,0.0,18.8766,6.7023
MED00290,2026-09-14,3,1.9688,1.1057,1.125,1.125,1.4067,0.0,7.9618,3.5223
MED00291,2026-09-14,3,11.3457,18.8264,3.0,3.0,12.4569,1.4771,29.5452,9.1822
MED00292,2026-09-14,3,1.9426,2.0072,1.25,1.25,1.8039,0.0,9.0097,3.8719
MED00293,2026-09-14,3,5.9391,3.2782,9.875,9.875,5.7879,0.0,17.6922,6.3966
MED00294,2026-09-14,3,1.3289,0.8159,1.0,1.0,1.0367,0.0,6.9217,3.1622
MED00295,2026-09-14,3,0.3054,0.2272,0.0,0.0,0.1992,0.0,4.1688,2.133
MED00296,2026-09-14,3,4.9423,3.9838,4.5,4.5,4.4405,0.0,14.9925,5.67
MED00297,2026-09-14,3,7.3937,5.9588,6.625,6.625,6.6167,0.0,19.2812,6.8051
MED00298,2026-09-14,3,2.3732,1.7028,4.0,4.0,2.4897,0.0,10.6982,4.4107
MED00299,2026-09-14,3,0.3688,0.38,0.25,0.25,0.3451,0.0,4.7092,2.345
MED00300,2026-09-14,3,2.0504,1.891,0.25,0.25,1.5503,0.0,8.3479,3.6526
MED00301,2026-09-14,3,6.5235,6.9885,5.625,5.625,6.5065,0.0,19.0726,6.7522
MED00302,2026-09-14,3,9.4657,9.226,4.375,4.375,8.1433,0.0,22.1002,7.4995
MED00303,2026-09-14,3,3.0147,2.3848,3.625,3.625,2.9027,0.0,11.6599,4.7055
MED00304,2026-09-14,3,5.3049,6.04,4.625,4.625,5.4522,0.0,17.0344,6.2235
MED00305,2026-09-14,3,1.98,1.9884,1.125,1.125,1.7786,0.0,8.9446,3.8506
MED00306,2026-09-14,3,0.4403,0.2625,0.0,0.0,0.26,0.0,4.3987,2.2239
MED00307,2026-09-14,3,28.1033,22.8222,36.375,36.375,27.9309,11.6665,53.244,13.6016
MED00308,2026-09-14,3,0.6962,0.5945,0.5,0.5,0.607,0.0,5.6018,2.6839
MED00309,2026-09-14,3,4.1918,4.3107,2.25,2.25,3.7757,0.0,13.592,5.2747
MED00310,2026-09-14,3,4.0506,3.9122,3.25,3.25,3.8032,0.0,13.6511,5.2916
MED00311,2026-09-14,3,4.9622,4.468,4.375,4.375,4.619,0.0,15.3599,5.7715
MED00312,2026-09-14,3,0.3969,0.2474,0.375,0.375,0.3297,0.0,4.6539,2.3236
MED00313,2026-09-14,3,0.6502,0.2502,1.75,1.75,0.7502,0.0,6.0584,2.8523
MED00314,2026-09-14,3,11.0275,9.3778,8.75,8.75,9.7994,0.0101,25.0349,8.1866
MED00315,2026-09-14,3,10.4395,11.3203,11.25,11.25,11.0134,0.6632,27.1217,8.6556
MED00316,2026-09-14,3,3.2208,2.8735,2.625,2.625,2.935,0.0,11.7336,4.7278
MED00317,2026-09-14,3,2.371,1.8352,2.875,2.875,2.2719,0.0,10.1758,4.247
MED00318,2026-09-14,3,3.1191,2.8375,5.0,5.0,3.46,0.0,12.907,5.0762
MED00319,2026-09-14,3,11.8376,12.4252,11.0,11.0,11.8918,1.1541,28.6033,8.9797
MED00320,2026-09-14,3,8.4666,5.1672,3.75,3.75,5.9578,0.0,18.0218,6.4824
MED00321,2026-09-14,3,0.6982,0.9793,3.75,3.75,1.5546,0.0,8.3595,3.6565
MED00322,2026-09-14,3,0.1711,0.2064,0.0,0.0,0.1446,0.0,3.956,2.048
MED00323,2026-09-14,3,0.9514,0.507,2.5,2.5,1.1418,0.0,7.2247,3.2685
MED00324,2026-09-14,3,1.5559,1.1413,2.0,2.0,1.492,0.0,8.1924,3.6003
MED00325,2026-09-14,3,8.2272,9.0637,5.75,5.75,7.9848,0.0,21.8131,7.4304
MED00326,2026-09-14,3,9.9772,11.672,8.5,8.5,10.3364,0.2952,25.9641,8.3973
MED00327,2026-09-14,3,3.3098,4.3995,2.25,2.25,3.5111,0.0,13.0188,5.1089
MED00328,2026-09-14,3,5.0188,4.5163,5.625,5.625,4.961,0.0,16.0549,5.9612
MED00329,2026-09-14,3,11.7481,12.5344,11.625,11.625,12.0579,1.2485,28.8811,9.0397
MED00330,2026-09-14,3,5.2554,3.9745,6.125,6.125,4.937,0.0,16.0065,5.948
MED00331,2026-09-14,3,1.9294,1.3471,2.375,2.375,1.7964,0.0,8.9903,3.8656
MED00332,2026-09-14,3,3.247,3.666,2.875,2.875,3.3349,0.0,12.6316,4.9954
MED00333,2026-09-14,3,3.1733,2.849,6.25,6.25,3.7858,0.0,13.6137,5.2809
MED00334,2026-09-14,3,10.8027,13.7098,4.375,4.375,10.4702,0.3672,26.194,8.449
MED00335,2026-09-14,3,6.491,5.8997,6.5,6.5,6.2531,0.0,18.5898,6.629
MED00336,2026-09-14,3,10.7555,10.3881,11.25,11.25,10.7327,0.5095,26.6435,8.5494
MED00337,2026-09-14,3,67.1234,59.047,60.25,60.25,62.1593,38.0137,99.7381,20.1924
MED00338,2026-09-14,3,9.813,13.07,1.25,1.25,9.1087,0.0,23.8245,7.9073
MED00339,2026-09-14,3,1.97,1.9297,0.375,0.375,1.5692,0.0,8.398,3.6694
MED00340,2026-09-14,3,1.6328,2.3679,0.25,0.25,1.6064,0.0,8.4963,3.7022
MED00341,2026-09-14,3,6.6413,6.769,8.375,8.375,7.1208,0.0,20.2261,7.042
MED00342,2026-09-14,3,2.1963,1.9565,1.375,1.375,1.8997,0.0,9.2539,3.9516
MED00343,2026-09-14,3,10.9321,10.0013,11.625,11.625,10.7226,0.504,26.6262,8.5456
MED00344,2026-09-14,3,5.8269,5.3383,5.625,5.625,5.5801,0.0,17.286,6.29
MED00345,2026-09-14,3,0.1718,0.1432,0.0,0.0,0.1185,0.0,3.8519,2.0061
MED00346,2026-09-14,3,3.6801,3.9183,2.0,2.0,3.3765,0.0,12.7235,5.0225
MED00347,2026-09-14,3,0.2132,0.2009,0.0,0.0,0.1567,0.0,4.0037,2.0672
MED00348,2026-09-14,3,1.8949,1.1769,1.375,1.375,1.4716,0.0,8.1374,3.5818
MED00349,2026-09-14,3,2.5312,2.257,2.0,2.0,2.2908,0.0,10.2216,4.2615
MED00350,2026-09-14,3,1.1685,1.9939,2.5,2.5,1.8361,0.0,9.092,3.8989
MED00351,2026-09-14,3,0.6549,0.6731,0.0,0.0,0.5047,0.0,5.2631,2.5569
MED00352,2026-09-14,3,0.3093,0.3566,0.0,0.0,0.2545,0.0,4.378,2.2157
MED00353,2026-09-14,3,0.9388,0.3396,0.0,0.0,0.4627,0.0,5.1206,2.5029
MED00354,2026-09-14,3,0.927,1.1933,1.25,1.25,1.1172,0.0,7.1542,3.2439
MED00355,2026-09-14,3,13.538,10.8719,11.5,11.5,11.9466,1.1852,28.695,8.9995
MED00356,2026-09-14,3,2.0522,1.8518,1.875,1.875,1.9278,0.0,9.3248,3.9747
MED00357,2026-09-14,3,0.2026,0.1269,0.25,0.25,0.1827,0.0,4.1052,2.1077
MED00358,2026-09-14,3,6.0545,7.3531,3.375,3.375,5.9536,0.0,18.0137,6.4803
MED00359,2026-09-14,3,2.3282,2.1792,1.5,1.5,2.068,0.0,9.6755,4.0878
MED00360,2026-09-14,3,3.1872,1.902,3.875,3.875,2.8209,0.0,11.4722,4.6486
MED00361,2026-09-14,3,2.3627,2.211,4.875,4.875,2.9098,0.0,11.676,4.7104
MED00362,2026-09-14,3,2.6509,2.1085,4.875,4.875,2.9656,0.0,11.8033,4.7488
MED00363,2026-09-14,3,1.8691,1.383,2.5,2.5,1.821,0.0,9.0534,3.8862
MED00364,2026-09-14,3,0.2049,0.2438,0.0,0.0,0.1718,0.0,4.0627,2.0908
MED00365,2026-09-14,3,2.4036,2.0557,2.125,2.125,2.1935,0.0,9.9849,4.1866
MED00366,2026-09-14,3,10.3519,10.7095,11.25,11.25,10.7287,0.5073,26.6367,8.5479
MED00367,2026-09-14,3,2.3603,2.444,1.625,1.625,2.2196,0.0,10.0485,4.2068
MED00368,2026-09-14,3,3.0891,2.7703,5.0,5.0,3.4217,0.0,12.823,5.0516
MED00369,2026-09-14,3,5.3228,4.9224,5.0,5.0,5.083,0.0,16.3003,6.0274
MED00370,2026-09-14,3,0.3883,0.1637,0.0,0.0,0.2011,0.0,4.1759,2.1358
MED00371,2026-09-14,3,16.7583,11.9341,14.0,14.0,14.0959,2.4423,32.2328,9.7456
MED00372,2026-09-14,3,0.2059,0.114,0.125,0.125,0.1482,0.0,3.9704,2.0538
MED00373,2026-09-14,3,0.6244,0.5608,0.875,0.875,0.6591,0.0,5.7703,2.7464
MED00374,2026-09-14,3,1.9478,1.7979,2.75,2.75,2.0814,0.0,9.7087,4.0985
MED00375,2026-09-14,3,15.8526,16.9248,13.5,13.5,15.7462,3.4515,34.8811,10.2819
MED00376,2026-09-14,3,2.261,1.5931,2.0,2.0,1.9216,0.0,9.3091,3.9696
MED00377,2026-09-14,3,0.5463,0.7077,0.875,0.875,0.6937,0.0,5.8805,2.7871
MED00378,2026-09-14,3,2.4711,2.6444,2.125,2.125,2.4621,0.0,10.6326,4.3903
MED00379,2026-09-14,3,0.6673,0.7422,2.5,2.5,1.1427,0.0,7.2274,3.2695
MED00380,2026-09-14,3,0.6765,0.3049,0.0,0.0,0.3585,0.0,4.7573,2.3636
MED00381,2026-09-14,3,1.3423,2.4201,1.25,1.25,1.7708,0.0,8.9245,3.844
MED00382,2026-09-14,3,2.4608,2.3982,3.75,3.75,2.7491,0.0,11.3064,4.5981
MED00383,2026-09-14,3,7.8033,9.5777,5.75,5.75,8.0542,0.0,21.9389,7.4608
MED00384,2026-09-14,3,2.2068,1.9614,2.125,2.125,2.0869,0.0,9.7224,4.1028
MED00385,2026-09-14,3,19.656,20.7777,20.25,20.25,20.2871,6.3798,41.9316,11.6303
MED00386,2026-09-14,3,15.3321,13.7848,14.125,14.125,14.4101,2.6317,32.7412,9.85
MED00387,2026-09-14,3,20.6423,19.9112,22.5,22.5,20.8076,6.7273,42.7214,11.775
MED00388,2026-09-14,3,75.5446,105.7218,84.125,84.125,90.2805,61.2174,135.5124,24.3048
MED00389,2026-09-14,3,13.5134,11.4227,11.25,11.25,12.1073,1.2766,28.9636,9.0575
MED00390,2026-09-14,3,24.9926,25.2941,34.25,34.25,27.3836,11.2764,52.4518,13.4701
MED00391,2026-09-14,3,21.3894,19.2763,24.875,24.875,21.3731,7.1072,43.5758,11.9303
MED00392,2026-09-14,3,21.3185,18.8598,22.625,22.625,20.6307,6.609,42.4533,11.7261
MED00393,2026-09-14,3,13.7346,14.8487,10.125,10.125,13.3394,1.9918,31.0,9.4897
MED00394,2026-09-14,3,15.1772,15.5273,16.25,16.25,15.598,3.3594,34.6454,10.2348
MED00395,2026-09-14,3,18.5528,19.467,18.375,18.375,18.9095,5.471,39.8245,11.2384
MED00396,2026-09-14,3,56.8208,53.6922,46.75,46.75,53.1359,30.7964,87.9036,18.682
MED00397,2026-09-14,3,46.0402,52.1001,48.125,48.125,49.1177,27.6314,82.5579,17.9686
MED00398,2026-09-14,3,103.0334,113.4474,128.0,128.0,113.521,80.9496,164.2133,27.2388
MED00399,2026-09-14,3,87.3842,121.4842,115.75,115.75,108.5558,76.7014,158.1321,26.6391
MED00400,2026-09-14,3,73.5809,68.5469,69.875,69.875,70.6585,44.9274,110.7048,21.5183
MED00401,2026-09-14,3,20.5761,18.5227,20.875,20.875,19.8128,6.0651,41.2088,11.4969
MED00402,2026-09-14,3,27.674,25.193,29.875,29.875,27.1997,11.1458,52.1852,13.4256
MED00403,2026-09-14,3,12.5027,13.8472,9.125,9.125,12.2585,1.363,29.2154,9.1116
MED00404,2026-09-14,3,6.2415,5.4148,6.125,6.125,5.8748,0.0,17.861,6.4406
MED00405,2026-09-14,3,8.8727,9.0926,7.375,7.375,8.6108,0.0,22.9402,7.6997
MED00406,2026-09-14,3,22.7976,23.7966,26.75,26.75,24.1935,9.0357,47.7841,12.6761
MED00407,2026-09-14,3,26.6824,26.504,30.5,30.5,27.5586,11.4009,52.7053,13.5123
MED00408,2026-09-14,3,10.9931,9.1002,11.25,11.25,10.2769,0.2633,25.8616,8.3742
MED00409,2026-09-14,3,13.3071,13.0834,10.875,10.875,12.6385,1.582,29.8462,9.2463
MED00410,2026-09-14,3,12.8402,10.7407,14.0,14.0,12.2582,1.3629,29.2151,9.1115
MED00411,2026-09-14,3,21.1365,23.9882,26.125,26.125,23.554,8.5938,46.8373,12.5109
MED00412,2026-09-14,3,12.9992,12.6486,14.0,14.0,13.1082,1.8558,30.6208,9.4101
MED00413,2026-09-14,3,13.933,14.688,12.875,12.875,14.0057,2.3882,32.0866,9.7155
MED00414,2026-09-14,3,22.3659,21.6807,24.125,24.125,22.5283,7.8905,45.3096,12.2412
MED00415,2026-09-14,3,13.8159,13.0838,15.75,15.75,13.9925,2.3802,32.0651,9.7111
MED00416,2026-09-14,3,21.796,24.0182,23.75,23.75,23.2173,8.3622,46.337,12.423
MED00417,2026-09-14,3,8.6651,9.0242,7.5,7.5,8.5416,0.0,22.8164,7.6704
MED00418,2026-09-14,3,8.7736,6.1659,9.375,9.375,7.8405,0.0,21.5508,7.367
MED00419,2026-09-14,3,10.5588,9.2653,10.125,10.125,9.925,0.0762,25.2531,8.2363
MED00420,2026-09-14,3,26.7217,28.701,30.625,30.625,28.5184,12.0867,54.0916,13.7414
MED00421,2026-09-14,3,29.1731,22.7038,34.125,34.125,27.7029,11.5038,52.9143,13.547
MED00422,2026-09-14,3,21.6847,20.5209,23.375,23.375,21.6301,7.2806,43.9628,12.0002
MED00423,2026-09-14,3,13.4113,13.4334,11.25,11.25,12.9109,1.7404,30.296,9.3417
MED00424,2026-09-14,3,80.9918,89.3428,118.875,118.875,93.7229,64.1139,139.8045,24.7613
MED00001,2026-09-21,4,13.8805,9.7032,15.125,15.125,12.4536,1.4752,29.5398,9.181
MED00002,2026-09-21,4,0.1488,0.1219,0.125,0.125,0.132,0.0,3.9059,2.0279
MED00003,2026-09-21,4,0.3155,0.5923,0.0,0.0,0.3549,0.0,4.7442,2.3585
MED00004,2026-09-21,4,0.8764,0.5318,1.75,1.75,0.945,0.0,6.6516,3.0664
MED00005,2026-09-21,4,2.4362,3.6314,1.875,1.875,2.8012,0.0,11.4268,4.6348
MED00006,2026-09-21,4,1.764,1.0715,0.25,0.25,1.1106,0.0,7.1354,3.2373
MED00007,2026-09-21,4,3.288,3.394,2.75,2.75,3.2053,0.0,12.3435,4.9103
MED00008,2026-09-21,4,0.6061,0.4917,1.375,1.375,0.7451,0.0,6.0423,2.8464
MED00009,2026-09-21,4,3.5748,4.2891,3.875,3.875,3.9489,0.0,13.9621,5.3805
MED00010,2026-09-21,4,3.8009,3.8582,4.125,4.125,3.907,0.0,13.873,5.3551
MED00011,2026-09-21,4,24.8614,15.4117,24.875,24.875,20.9491,6.8221,42.9354,11.8141
MED00012,2026-09-21,4,2.2709,3.394,0.375,0.375,2.2827,0.0,10.202,4.2553
MED00013,2026-09-21,4,4.2245,4.5925,6.375,6.375,4.9026,0.0,15.937,5.9292
MED00014,2026-09-21,4,18.2072,14.6544,28.0,28.0,19.1138,5.6047,40.1385,11.2973
MED00015,2026-09-21,4,0.5115,0.3935,0.875,0.875,0.5508,0.0,5.4171,2.6149
MED00016,2026-09-21,4,2.2267,1.8802,4.75,4.75,2.6951,0.0,11.1809,4.5597
MED00017,2026-09-21,4,1.9544,1.6564,2.375,2.375,1.9339,0.0,9.3402,3.9797
MED00018,2026-09-21,4,76.371,65.9978,87.75,87.75,74.8754,48.3929,116.0913,22.1467
MED00019,2026-09-21,4,44.3761,40.5393,49.375,49.375,44.0303,23.6752,75.7097,17.0225
MED00020,2026-09-21,4,10.8144,11.0022,14.875,14.875,11.8862,1.1509,28.594,8.9777
MED00021,2026-09-21,4,4.9467,5.6002,4.5,4.5,5.1161,0.0,16.3664,6.0452
MED00022,2026-09-21,4,3.1493,2.1345,3.375,3.375,2.7839,0.0,11.3868,4.6226
MED00023,2026-09-21,4,1.6279,1.3459,0.25,0.25,1.1785,0.0,7.329,3.3049
MED00024,2026-09-21,4,3.6827,3.5643,2.875,2.875,3.4416,0.0,12.8666,5.0644
MED00025,2026-09-21,4,0.1382,0.1336,0.0,0.0,0.103,0.0,3.7895,1.9809
MED00026,2026-09-21,4,0.3583,0.3821,0.125,0.125,0.3121,0.0,4.5904,2.2989
MED00027,2026-09-21,4,0.2803,0.1432,0.0,0.0,0.1556,0.0,3.9994,2.0654
MED00028,2026-09-21,4,0.4358,0.7268,0.5,0.5,0.5731,0.0,5.4909,2.6425
MED00029,2026-09-21,4,16.5454,14.5344,17.375,17.375,15.9241,3.5622,35.1635,10.338
MED00030,2026-09-21,4,6.1258,3.938,5.5,5.5,5.0682,0.0,16.2705,6.0194
MED00031,2026-09-21,4,3.738,4.3455,3.25,3.25,3.877,0.0,13.809,5.3368
MED00032,2026-09-21,4,2.7206,2.7189,2.75,2.75,2.7297,0.0,11.2614,4.5844
MED00033,2026-09-21,4,0.9544,1.818,1.875,1.875,1.5382,0.0,8.3159,3.6419
MED00034,2026-09-21,4,22.1084,17.5059,25.0,25.0,20.911,6.7966,42.8779,11.8036
MED00035,2026-09-21,4,0.479,0.1584,0.375,0.375,0.3206,0.0,4.6212,2.3109
MED00036,2026-09-21,4,1.6568,1.2394,2.25,2.25,1.6279,0.0,8.5531,3.7211
MED00037,2026-09-21,4,4.6405,3.8832,5.5,5.5,4.5374,0.0,15.1923,5.7253
MED00038,2026-09-21,4,19.1357,13.3264,20.0,20.0,16.9415,4.2025,36.7678,10.6534
MED00039,2026-09-21,4,1.1088,1.1014,1.25,1.25,1.141,0.0,7.2224,3.2677
MED00040,2026-09-21,4,0.5188,0.6909,1.0,1.0,0.7075,0.0,5.9242,2.8031
MED00041,2026-09-21,4,0.3908,0.6171,0.125,0.125,0.4213,0.0,4.9778,2.4484
MED00042,2026-09-21,4,3.7638,3.2848,2.0,2.0,3.141,0.0,12.1995,4.8675
MED00043,2026-09-21,4,0.4032,0.4233,0.5,0.5,0.4354,0.0,5.0268,2.4671
MED00044,2026-09-21,4,2.4722,2.699,1.25,1.25,2.2735,0.0,10.1795,4.2482
MED00045,2026-09-21,4,1.768,1.6187,0.125,0.125,1.3099,0.0,7.6966,3.4318
MED00046,2026-09-21,4,2.6647,3.1117,1.125,1.125,2.4812,0.0,10.678,4.4044
MED00047,2026-09-21,4,6.5735,6.6062,7.375,7.375,6.7877,0.0,19.6034,6.8863
MED00048,2026-09-21,4,13.5348,14.3191,17.75,17.75,14.8955,2.9269,33.5226,10.009
MED00049,2026-09-21,4,0.1931,0.1484,0.0,0.0,0.1279,0.0,3.8898,2.0214
MED00050,2026-09-21,4,3.188,3.5854,2.625,2.625,3.2207,0.0,12.3778,4.9205
MED00051,2026-09-21,4,0.1784,0.1347,0.0,0.0,0.1172,0.0,3.8467,2.004
MED00052,2026-09-21,4,0.4326,0.5705,0.5,0.5,0.5068,0.0,5.2704,2.5596
MED00053,2026-09-21,4,10.3717,6.8647,10.0,10.0,8.8297,0.0,23.3303,7.7916
MED00054,2026-09-21,4,10.1108,7.5789,11.75,11.75,9.4618,0.0,24.4454,8.0513
MED00055,2026-09-21,4,0.9807,0.6092,1.25,1.25,0.8919,0.0,6.4928,3.0095
MED00056,2026-09-21,4,0.6647,0.3141,1.0,1.0,0.6003,0.0,5.5801,2.6758
MED00057,2026-09-21,4,0.453,0.3741,0.125,0.125,0.3412,0.0,4.6953,2.3396
MED00058,2026-09-21,4,1.7349,1.1183,0.125,0.125,1.0899,0.0,7.0759,3.2165
MED00059,2026-09-21,4,11.7194,9.0815,11.75,11.75,10.6385,0.4583,26.4825,8.5135
MED00060,2026-09-21,4,7.002,6.6566,7.625,7.625,7.0157,0.0,20.0305,6.9933
MED00061,2026-09-21,4,0.5842,0.9901,0.75,0.75,0.7942,0.0,6.1949,2.902
MED00062,2026-09-21,4,13.768,15.3283,15.875,15.875,14.9423,2.9556,33.5977,10.0242
MED00063,2026-09-21,4,0.1746,0.1471,0.0,0.0,0.1211,0.0,3.8623,2.0103
MED00064,2026-09-21,4,25.7059,24.0352,25.375,25.375,24.9548,9.5651,48.9064,12.87
MED00065,2026-09-21,4,64.4799,61.1205,51.5,51.5,60.0024,36.276,96.9286,19.8418
MED00066,2026-09-21,4,0.4063,0.4102,0.5,0.5,0.431,0.0,5.0117,2.4613
MED00067,2026-09-21,4,2.2674,2.3287,3.875,3.875,2.6843,0.0,11.1557,4.552
MED00068,2026-09-21,4,4.7665,3.5438,6.25,6.25,4.6204,0.0,15.3628,5.7723
MED00069,2026-09-21,4,2.3361,1.9531,1.25,1.25,1.9159,0.0,9.2948,3.9649
MED00070,2026-09-21,4,15.5011,14.589,15.625,15.625,15.1663,3.0929,33.9565,10.0967
MED00071,2026-09-21,4,2.6453,2.845,2.125,2.125,2.6053,0.0,10.971,4.4952
MED00072,2026-09-21,4,2.9573,1.7419,3.125,3.125,2.494,0.0,10.7084,4.4139
MED00073,2026-09-21,4,4.3757,4.1113,6.25,6.25,4.7234,0.0,15.5733,5.83
MED00074,2026-09-21,4,4.2754,2.9172,5.125,5.125,3.9189,0.0,13.8984,5.3623
MED00075,2026-09-21,4,4.2612,2.8162,4.875,4.875,3.8114,0.0,13.6688,5.2967
MED00076,2026-09-21,4,0.2405,0.0894,0.25,0.25,0.18,0.0,4.0949,2.1036
MED00077,2026-09-21,4,6.2301,4.6198,7.25,7.25,5.8117,0.0,17.7384,6.4087
MED00078,2026-09-21,4,3.9776,5.179,3.125,3.125,4.2763,0.0,14.6514,5.5749
MED00079,2026-09-21,4,24.8512,29.6353,18.0,18.0,25.213,9.7455,49.2858,12.9351
MED00080,2026-09-21,4,4.814,3.2804,6.125,6.125,4.4966,0.0,15.1082,5.702
MED00081,2026-09-21,4,0.3506,0.4302,0.25,0.25,0.3598,0.0,4.7617,2.3653
MED00082,2026-09-21,4,3.7179,5.048,2.75,2.75,4.042,0.0,14.1596,5.4365
MED00083,2026-09-21,4,4.5325,3.6568,4.375,4.375,4.1337,0.0,14.3529,5.4911
MED00084,2026-09-21,4,45.5566,41.6436,39.875,39.875,42.5955,22.571,73.7603,16.746
MED00085,2026-09-21,4,2.1833,1.7267,3.25,3.25,2.2532,0.0,10.1304,4.2327
MED00086,2026-09-21,4,0.3891,0.3027,0.0,0.0,0.2593,0.0,4.3959,2.2228
MED00087,2026-09-21,4,1.8954,1.6005,2.0,2.0,1.7996,0.0,8.9988,3.8683
MED00088,2026-09-21,4,29.4565,32.1338,28.0,28.0,30.2499,13.3351,56.5751,14.1455
MED00089,2026-09-21,4,18.2482,19.7083,8.0,8.0,16.3952,3.8573,35.9086,10.4852
MED00090,2026-09-21,4,3.9706,4.9247,4.875,4.875,4.5913,0.0,15.303,5.7558
MED00091,2026-09-21,4,3.0093,2.6953,2.5,2.5,2.7581,0.0,11.3271,4.6044
MED00092,2026-09-21,4,1.6352,1.307,1.5,1.5,1.4672,0.0,8.1258,3.5779
MED00093,2026-09-21,4,0.3065,0.218,0.25,0.25,0.2562,0.0,4.3846,2.2183
MED00094,2026-09-21,4,0.565,0.4339,0.75,0.75,0.5557,0.0,5.4333,2.6209
MED00095,2026-09-21,4,3.3124,3.8607,3.875,3.875,3.6805,0.0,13.387,5.2157
MED00096,2026-09-21,4,15.7111,11.7457,13.75,13.75,13.5986,2.1453,31.424,9.5782
MED00097,2026-09-21,4,0.4472,0.4906,0.0,0.0,0.3575,0.0,4.7536,2.3622
MED00098,2026-09-21,4,9.4193,8.765,9.625,9.625,9.2057,0.0,23.9954,7.9471
MED00099,2026-09-21,4,0.2916,0.3209,0.0,0.0,0.2336,0.0,4.2996,2.1848
MED00100,2026-09-21,4,0.1998,0.1108,0.125,0.125,0.1448,0.0,3.9569,2.0484
MED00101,2026-09-21,4,5.0082,4.1577,7.25,7.25,5.2011,0.0,16.5363,6.0908
MED00102,2026-09-21,4,4.837,3.7872,3.5,3.5,4.0805,0.0,14.2407,5.4595
MED00103,2026-09-21,4,3.2843,3.448,1.0,1.0,2.803,0.0,11.431,4.6361
MED00104,2026-09-21,4,8.4228,9.4336,8.375,8.375,8.8412,0.0,23.3506,7.7964
MED00105,2026-09-21,4,11.8504,12.0178,9.75,9.75,11.4237,0.8908,27.8166,8.8085
MED00106,2026-09-21,4,0.1866,0.2055,0.0,0.0,0.1495,0.0,3.9754,2.0558
MED00107,2026-09-21,4,9.019,9.3557,8.25,8.25,8.9823,0.0,23.601,7.8551
MED00108,2026-09-21,4,3.1967,3.6213,3.875,3.875,3.5411,0.0,13.0844,5.1279
MED00109,2026-09-21,4,0.5316,0.7086,0.0,0.0,0.4773,0.0,5.1703,2.5217
MED00110,2026-09-21,4,0.5623,0.2433,0.0,0.0,0.2938,0.0,4.5233,2.2727
MED00111,2026-09-21,4,0.751,0.7443,1.0,1.0,0.8092,0.0,6.2412,2.9188
MED00112,2026-09-21,4,3.1674,2.6199,3.75,3.75,3.0832,0.0,12.0696,4.8287
MED00113,2026-09-21,4,1.983,1.8025,2.0,2.0,1.9138,0.0,9.2895,3.9632
MED00114,2026-09-21,4,13.6666,9.9706,17.875,17.875,13.1575,1.8847,30.7017,9.4271
MED00115,2026-09-21,4,2.2404,2.072,2.0,2.0,2.1142,0.0,9.79,4.1244
MED00116,2026-09-21,4,8.2675,8.5848,10.0,10.0,8.8273,0.0,23.326,7.7907
MED00117,2026-09-21,4,2.0186,1.5726,0.875,0.875,1.5579,0.0,8.3681,3.6594
MED00118,2026-09-21,4,1.698,0.614,1.75,1.75,1.2603,0.0,7.5588,3.3844
MED00119,2026-09-21,4,2.101,1.9214,0.75,0.75,1.7013,0.0,8.7448,3.7847
MED00120,2026-09-21,4,13.174,14.1075,3.5,3.5,11.2353,0.7859,27.4982,8.7386
MED00121,2026-09-21,4,3.9323,4.858,3.375,3.375,4.1874,0.0,14.4655,5.5228
MED00122,2026-09-21,4,2.4417,1.8119,5.625,5.625,2.9519,0.0,11.772,4.7394
MED00123,2026-09-21,4,0.8037,0.9472,0.5,0.5,0.7908,0.0,6.1845,2.8982
MED00124,2026-09-21,4,8.9071,8.9911,8.0,8.0,8.7315,0.0,23.1555,7.7505
MED00125,2026-09-21,4,0.2626,0.1671,0.375,0.375,0.2502,0.0,4.3622,2.2095
MED00126,2026-09-21,4,0.8513,1.1762,0.0,0.0,0.7816,0.0,6.156,2.8879
MED00127,2026-09-21,4,2.2237,1.7874,1.125,1.125,1.7781,0.0,8.9434,3.8502
MED00128,2026-09-21,4,2.3005,2.3175,1.0,1.0,1.9951,0.0,9.494,4.0294
MED00129,2026-09-21,4,1.9088,1.4284,0.375,0.375,1.3392,0.0,7.7774,3.4595
MED00130,2026-09-21,4,0.1983,0.2307,0.0,0.0,0.164,0.0,4.0325,2.0787
MED00131,2026-09-21,4,2.4717,3.516,2.375,2.375,2.8862,0.0,11.6221,4.6941
MED00132,2026-09-21,4,0.3935,0.5276,0.0,0.0,0.3546,0.0,4.7432,2.3582
MED00133,2026-09-21,4,0.4933,0.3799,0.75,0.75,0.5086,0.0,5.2764,2.5619
MED00134,2026-09-21,4,0.6724,0.3549,0.0,0.0,0.3779,0.0,4.8261,2.3902
MED00135,2026-09-21,4,15.3764,12.5758,6.875,6.875,12.1666,1.3105,29.0624,9.0787
MED00136,2026-09-21,4,2.3771,2.2767,2.5,2.5,2.3674,0.0,10.4062,4.3195
MED00137,2026-09-21,4,2.2686,2.2833,2.0,2.0,2.212,0.0,10.0299,4.2009
MED00138,2026-09-21,4,2.2422,2.5042,2.0,2.0,2.2951,0.0,10.2319,4.2647
MED00139,2026-09-21,4,3.533,4.6193,1.25,1.25,3.437,0.0,12.8567,5.0615
MED00140,2026-09-21,4,1.9081,1.1282,0.875,0.875,1.3348,0.0,7.7653,3.4553
MED00141,2026-09-21,4,6.0401,6.9142,6.125,6.125,6.4312,0.0,18.9295,6.7158
MED00142,2026-09-21,4,0.4287,0.4771,0.375,0.375,0.4363,0.0,5.03,2.4683
MED00143,2026-09-21,4,1.9755,1.2106,1.75,1.75,1.6039,0.0,8.4899,3.7001
MED00144,2026-09-21,4,7.1954,7.8009,5.375,5.375,7.0146,0.0,20.0283,6.9927
MED00145,2026-09-21,4,0.5893,0.7224,1.125,1.125,0.7751,0.0,6.1357,2.8804
MED00146,2026-09-21,4,2.236,1.5826,2.375,2.375,1.9994,0.0,9.5046,4.0328
MED00147,2026-09-21,4,2.0928,1.3209,2.0,2.0,1.7505,0.0,8.8724,3.8268
MED00148,2026-09-21,4,7.0982,5.046,7.375,7.375,6.3165,0.0,18.711,6.66
MED00149,2026-09-21,4,4.4008,3.7059,5.75,5.75,4.4419,0.0,14.9955,5.6708
MED00150,2026-09-21,4,2.3739,1.4124,2.0,2.0,1.8848,0.0,9.2161,3.9393
MED00151,2026-09-21,4,2.3091,2.003,1.5,1.5,1.9879,0.0,9.476,4.0236
MED00152,2026-09-21,4,2.4283,1.9278,2.125,2.125,2.1486,0.0,9.8747,4.1515
MED00153,2026-09-21,4,2.4029,2.5838,0.875,0.875,2.111,0.0,9.782,4.1219
MED00154,2026-09-21,4,15.5157,15.7782,18.5,18.5,16.3629,3.8369,35.8575,10.4752
MED00155,2026-09-21,4,2.1999,3.1266,2.625,2.625,2.6914,0.0,11.1723,4.5571
MED00156,2026-09-21,4,2.7648,2.7408,5.0,5.0,3.2985,0.0,12.5509,4.9716
MED00157,2026-09-21,4,5.54,5.3612,6.0,6.0,5.5823,0.0,17.2903,6.2911
MED00158,2026-09-21,4,0.3112,0.2363,0.125,0.125,0.2352,0.0,4.3059,2.1873
MED00159,2026-09-21,4,11.1627,10.1869,8.75,8.75,10.1831,0.2131,25.6997,8.3376
MED00160,2026-09-21,4,4.3611,5.3896,4.0,4.0,4.7069,0.0,15.5397,5.8208
MED00161,2026-09-21,4,7.4314,6.6543,6.375,6.375,6.8592,0.0,19.7376,6.92
MED00162,2026-09-21,4,2.3907,3.0862,0.875,0.875,2.3163,0.0,10.2832,4.2809
MED00163,2026-09-21,4,0.3282,0.3016,0.25,0.25,0.2985,0.0,4.5408,2.2795
MED00164,2026-09-21,4,2.2367,2.7714,1.25,1.25,2.2231,0.0,10.0572,4.2095
MED00165,2026-09-21,4,10.8669,9.8591,13.5,13.5,11.0947,0.7081,27.2598,8.6861
MED00166,2026-09-21,4,2.3258,2.8493,1.125,1.125,2.2558,0.0,10.1368,4.2347
MED00167,2026-09-21,4,1.8842,1.1737,3.75,3.75,2.0413,0.0,9.6093,4.0665
MED00168,2026-09-21,4,2.1136,1.1235,1.625,1.625,1.5846,0.0,8.4389,3.683
MED00169,2026-09-21,4,1.9132,1.1712,1.375,1.375,1.4755,0.0,8.1479,3.5853
MED00170,2026-09-21,4,1.8812,1.5101,2.0,2.0,1.7571,0.0,8.8893,3.8324
MED00171,2026-09-21,4,2.4133,1.7998,2.125,2.125,2.0901,0.0,9.7303,4.1054
MED00172,2026-09-21,4,3.0781,1.8753,3.75,3.75,2.7422,0.0,11.2904,4.5932
MED00173,2026-09-21,4,2.4448,2.2401,2.875,2.875,2.466,0.0,10.6419,4.3932
MED00174,2026-09-21,4,7.8416,6.8903,5.375,5.375,6.8558,0.0,19.7314,6.9185
MED00175,2026-09-21,4,1.1285,0.9942,0.5,0.5,0.9215,0.0,6.5817,3.0414
MED00176,2026-09-21,4,11.9729,16.7909,11.75,11.75,13.94,2.3488,31.9799,9.6935
MED00177,2026-09-21,4,0.3228,0.5621,0.125,0.125,0.375,0.0,4.8159,2.3862
MED00178,2026-09-21,4,1.7938,1.3851,2.75,2.75,1.8566,0.0,9.1442,3.9159
MED00179,2026-09-21,4,0.6328,0.2926,0.625,0.625,0.4897,0.0,5.2125,2.5377
MED00180,2026-09-21,4,2.1508,2.4292,0.25,0.25,1.8091,0.0,9.0229,3.8763
MED00181,2026-09-21,4,3.5114,3.3025,3.625,3.625,3.4553,0.0,12.8967,5.0732
MED00182,2026-09-21,4,0.3253,0.5531,0.0,0.0,0.3419,0.0,4.6978,2.3406
MED00183,2026-09-21,4,22.2897,25.7319,15.0,15.0,21.9833,7.5198,44.4935,12.0955
MED00184,2026-09-21,4,8.5519,12.2316,4.75,4.75,9.1749,0.0,23.9412,7.9345
MED00185,2026-09-21,4,2.6928,1.644,4.125,4.125,2.6048,0.0,10.9697,4.4948
MED00186,2026-09-21,4,2.0339,1.6752,1.75,1.75,1.8176,0.0,9.0449,3.8835
MED00187,2026-09-21,4,2.82,3.0364,1.625,1.625,2.6239,0.0,11.0145,4.5086
MED00188,2026-09-21,4,3.4963,3.7836,5.625,5.625,4.1347,0.0,14.355,5.4917
MED00189,2026-09-21,4,0.2338,0.2432,0.0,0.0,0.1814,0.0,4.1,2.1056
MED00190,2026-09-21,4,2.3322,2.8701,3.25,3.25,2.7809,0.0,11.3799,4.6205
MED00191,2026-09-21,4,12.9546,11.0834,13.0,13.0,12.1982,1.3286,29.1152,9.0901
MED00192,2026-09-21,4,0.1842,0.1865,0.25,0.25,0.2013,0.0,4.1769,2.1362
MED00193,2026-09-21,4,0.1408,0.1421,0.0,0.0,0.1074,0.0,3.8072,1.988
MED00194,2026-09-21,4,9.3689,9.0904,11.75,11.75,9.8384,0.0306,25.1026,8.202
MED00195,2026-09-21,4,8.5801,7.0884,9.375,9.375,8.159,0.0,22.1286,7.5063
MED00196,2026-09-21,4,8.9778,8.3534,5.625,5.625,7.915,0.0,21.6864,7.3998
MED00197,2026-09-21,4,8.903,7.5447,11.625,11.625,9.0042,0.0,23.6397,7.8642
MED00198,2026-09-21,4,1.858,1.3545,2.375,2.375,1.775,0.0,8.9354,3.8476
MED00199,2026-09-21,4,2.01,1.4196,1.375,1.375,1.6121,0.0,8.5115,3.7073
MED00200,2026-09-21,4,1.9811,1.2394,1.625,1.625,1.5876,0.0,8.4467,3.6857
MED00201,2026-09-21,4,9.7714,9.5355,8.375,8.375,9.3449,0.0,24.2403,8.0039
MED00202,2026-09-21,4,1.9438,1.8652,0.375,0.375,1.5333,0.0,8.3027,3.6375
MED00203,2026-09-21,4,3.0246,2.9446,3.25,3.25,3.0488,0.0,11.992,4.8055
MED00204,2026-09-21,4,2.2716,2.4228,0.75,0.75,1.9687,0.0,9.4278,4.008
MED00205,2026-09-21,4,12.3618,15.9778,9.75,9.75,13.25,1.9391,30.8535,9.459
MED00206,2026-09-21,4,1.5365,1.2392,1.5,1.5,1.4052,0.0,7.9579,3.521
MED00207,2026-09-21,4,2.1144,1.49,2.75,2.75,2.01,0.0,9.5311,4.0414
MED00208,2026-09-21,4,11.9007,12.3038,11.0,11.0,11.8627,1.1376,28.5546,8.9692
MED00209,2026-09-21,4,2.6231,1.6708,5.125,5.125,2.8341,0.0,11.5025,4.6578
MED00210,2026-09-21,4,1.2043,0.4849,2.25,2.25,1.1586,0.0,7.2725,3.2852
MED00211,2026-09-21,4,2.466,1.9544,2.625,2.625,2.2936,0.0,10.2283,4.2636
MED00212,2026-09-21,4,2.2078,2.3703,0.25,0.25,1.804,0.0,9.01,3.872
MED00213,2026-09-21,4,1.338,2.1107,0.0,0.0,1.3377,0.0,7.7733,3.4581
MED00214,2026-09-21,4,10.6335,11.4984,13.875,13.875,11.7892,1.0961,28.4315,8.9425
MED00215,2026-09-21,4,2.4777,2.0615,2.25,2.25,2.2515,0.0,10.1263,4.2314
MED00216,2026-09-21,4,0.1188,0.1502,0.0,0.0,0.1032,0.0,3.7904,1.9813
MED00217,2026-09-21,4,0.2384,0.1984,0.25,0.25,0.2248,0.0,4.2663,2.1717
MED00218,2026-09-21,4,5.2659,5.5754,5.375,5.375,5.4266,0.0,16.9839,6.2101
MED00219,2026-09-21,4,13.764,9.256,10.5,10.5,11.1081,0.7154,27.2825,8.6911
MED00220,2026-09-21,4,2.3206,1.7758,2.875,2.875,2.2299,0.0,10.0736,4.2147
MED00221,2026-09-21,4,3.8316,4.9179,2.25,2.25,3.9057,0.0,13.8702,5.3543
MED00222,2026-09-21,4,0.4972,0.4418,0.0,0.0,0.3543,0.0,4.7421,2.3577
MED00223,2026-09-21,4,9.2506,10.8454,4.25,4.25,8.7147,0.0,23.1256,7.7435
MED00224,2026-09-21,4,1.9063,1.678,0.625,0.625,1.5029,0.0,8.2216,3.6102
MED00225,2026-09-21,4,4.8291,4.1882,5.875,5.875,4.8198,0.0,15.7693,5.8836
MED00226,2026-09-21,4,2.9529,2.1367,3.625,3.625,2.7781,0.0,11.3735,4.6186
MED00227,2026-09-21,4,16.1101,14.2676,20.25,20.25,16.3597,3.8349,35.8525,10.4742
MED00228,2026-09-21,4,1.7963,0.9101,3.0,3.0,1.7198,0.0,8.7929,3.8006
MED00229,2026-09-21,4,0.5807,0.859,0.0,0.0,0.5568,0.0,5.437,2.6223
MED00230,2026-09-21,4,13.5828,17.5783,11.25,11.25,14.698,2.8064,33.2052,9.9446
MED00231,2026-09-21,4,1.7244,0.6373,1.25,1.25,1.158,0.0,7.2707,3.2846
MED00232,2026-09-21,4,3.4154,3.6709,1.125,1.125,2.9711,0.0,11.8158,4.7526
MED00233,2026-09-21,4,0.4722,0.5057,0.625,0.625,0.5236,0.0,5.3267,2.5808
MED00234,2026-09-21,4,1.9438,1.2434,2.125,2.125,1.6975,0.0,8.735,3.7815
MED00235,2026-09-21,4,68.9795,75.401,61.625,61.625,69.9465,44.3444,109.7919,21.4104
MED00236,2026-09-21,4,2.3165,2.6337,1.875,1.875,2.3442,0.0,10.3506,4.3021
MED00237,2026-09-21,4,6.2355,5.6804,6.625,6.625,6.1045,0.0,18.3048,6.5556
MED00238,2026-09-21,4,2.0906,1.3333,1.625,1.625,1.6642,0.0,8.6481,3.7527
MED00239,2026-09-21,4,4.0426,4.0886,4.5,4.5,4.1765,0.0,14.4427,5.5164
MED00240,2026-09-21,4,5.8143,5.8694,6.125,6.125,5.9183,0.0,17.9453,6.4626
MED00241,2026-09-21,4,2.7656,3.3409,2.375,2.375,2.9137,0.0,11.685,4.7131
MED00242,2026-09-21,4,10.7162,12.8038,8.75,8.75,11.1216,0.7229,27.3055,8.6962
MED00243,2026-09-21,4,0.1772,0.1139,0.125,0.125,0.1384,0.0,3.9314,2.0381
MED00244,2026-09-21,4,2.238,2.0478,2.125,2.125,2.1336,0.0,9.8377,4.1397
MED00245,2026-09-21,4,72.5709,64.1965,79.25,79.25,70.7677,45.0169,110.8447,21.5348
MED00246,2026-09-21,4,6.5705,6.258,6.75,6.75,6.4902,0.0,19.0416,6.7443
MED00247,2026-09-21,4,12.2652,12.7149,12.375,12.375,12.4915,1.4971,29.6027,9.1944
MED00248,2026-09-21,4,2.2622,2.1023,2.5,2.5,2.2553,0.0,10.1355,4.2343
MED00249,2026-09-21,4,22.9387,24.4608,34.25,34.25,26.3337,10.5327,50.9255,13.214
MED00250,2026-09-21,4,15.9725,11.4598,16.125,16.125,14.1436,2.471,32.3101,9.7615
MED00251,2026-09-21,4,1.9146,1.3053,2.875,2.875,1.8949,0.0,9.2415,3.9476
MED00252,2026-09-21,4,0.4255,0.1289,0.75,0.75,0.3808,0.0,4.8361,2.394
MED00253,2026-09-21,4,4.2818,4.2209,4.0,4.0,4.1925,0.0,14.4762,5.5258
MED00254,2026-09-21,4,0.3935,0.0999,1.0,1.0,0.4182,0.0,4.9673,2.4444
MED00255,2026-09-21,4,6.9995,6.4723,6.625,6.625,6.6961,0.0,19.431,6.8429
MED00256,2026-09-21,4,2.4602,2.0931,1.25,1.25,2.0167,0.0,9.548,4.0468
MED00257,2026-09-21,4,5.958,6.2211,7.5,7.5,6.4468,0.0,18.9592,6.7234
MED00258,2026-09-21,4,2.3765,2.3331,3.875,3.875,2.7234,0.0,11.2467,4.5799
MED00259,2026-09-21,4,2.3977,2.0706,3.125,3.125,2.4397,0.0,10.5793,4.3737
MED00260,2026-09-21,4,0.5582,0.4091,1.125,1.125,0.6337,0.0,5.6885,2.7161
MED00261,2026-09-21,4,0.8233,0.8039,0.125,0.125,0.647,0.0,5.7314,2.732
MED00262,2026-09-21,4,4.3284,3.3014,5.0,5.0,4.067,0.0,14.2123,5.4514
MED00263,2026-09-21,4,3.3886,3.6669,5.375,5.375,3.9887,0.0,14.0467,5.4045
MED00264,2026-09-21,4,0.4509,0.1351,0.0,0.0,0.2106,0.0,4.2124,2.1503
MED00265,2026-09-21,4,7.439,6.91,10.375,10.375,7.9364,0.0,21.7252,7.4092
MED00266,2026-09-21,4,16.0536,12.0989,6.25,6.25,12.0481,1.2429,28.8647,9.0362
MED00267,2026-09-21,4,5.7527,6.5091,3.875,3.875,5.6195,0.0,17.3632,6.3103
MED00268,2026-09-21,4,2.2687,2.4132,3.625,3.625,2.6595,0.0,11.0978,4.5342
MED00269,2026-09-21,4,2.3588,1.9527,2.125,2.125,2.1353,0.0,9.8418,4.141
MED00270,2026-09-21,4,2.3978,2.1894,4.875,4.875,2.9128,0.0,11.6828,4.7125
MED00271,2026-09-21,4,3.0715,2.5475,4.25,4.25,3.1413,0.0,12.2001,4.8677
MED00272,2026-09-21,4,4.4004,5.2514,4.875,4.875,4.8745,0.0,15.8803,5.9138
MED00273,2026-09-21,4,3.5117,3.1479,2.625,2.625,3.1489,0.0,12.2174,4.8728
MED00274,2026-09-21,4,0.4998,0.3227,0.375,0.375,0.3962,0.0,4.8905,2.4149
MED00275,2026-09-21,4,12.9836,9.0043,14.25,14.25,11.6437,1.014,28.1871,8.8894
MED00276,2026-09-21,4,2.0304,1.7396,2.25,2.25,1.9643,0.0,9.4167,4.0045
MED00277,2026-09-21,4,0.2227,0.2119,0.0,0.0,0.1645,0.0,4.0344,2.0794
MED00278,2026-09-21,4,8.9636,8.9574,11.25,11.25,9.5233,0.0,24.5531,8.0761
MED00279,2026-09-21,4,20.4325,20.9493,22.25,22.25,21.1082,6.929,43.176,11.8578
MED00280,2026-09-21,4,0.2268,0.1922,0.25,0.25,0.2182,0.0,4.2414,2.1618
MED00281,2026-09-21,4,14.733,11.9392,15.875,15.875,13.8591,2.3004,31.8484,9.6663
MED00282,2026-09-21,4,3.6562,3.1035,3.25,3.25,3.3311,0.0,12.6231,4.9929
MED00283,2026-09-21,4,2.6886,2.1835,3.625,3.625,2.7073,0.0,11.2092,4.5684
MED00284,2026-09-21,4,1.6377,1.1752,0.625,0.625,1.2014,0.0,7.3937,3.3274
MED00285,2026-09-21,4,6.4005,5.9427,7.375,7.375,6.4518,0.0,18.9688,6.7258
MED00286,2026-09-21,4,5.6337,4.0231,7.0,7.0,5.2984,0.0,16.7299,6.1425
MED00287,2026-09-21,4,3.7183,3.9746,3.625,3.625,3.8063,0.0,13.6578,5.2936
MED00288,2026-09-21,4,41.6556,38.8222,38.625,38.625,39.7823,20.4225,69.9128,16.1902
MED00289,2026-09-21,4,6.4179,4.8512,8.75,8.75,6.3354,0.0,18.747,6.6692
MED00290,2026-09-21,4,1.9664,1.0952,1.125,1.125,1.4015,0.0,7.9477,3.5175
MED00291,2026-09-21,4,12.6939,19.1235,3.0,3.0,13.0418,1.8169,30.5116,9.3871
MED00292,2026-09-21,4,2.0062,1.9836,1.25,1.25,1.8158,0.0,9.0401,3.8819
MED00293,2026-09-21,4,5.8595,3.2087,9.875,9.875,5.7317,0.0,17.5827,6.3679
MED00294,2026-09-21,4,1.3257,0.7975,1.0,1.0,1.028,0.0,6.8961,3.1532
MED00295,2026-09-21,4,0.3331,0.2255,0.0,0.0,0.2079,0.0,4.2022,2.1463
MED00296,2026-09-21,4,4.8498,3.9416,4.5,4.5,4.3913,0.0,14.8906,5.6417
MED00297,2026-09-21,4,7.331,6.0104,6.625,6.625,6.6168,0.0,19.2814,6.8051
MED00298,2026-09-21,4,2.3625,1.6769,4.0,4.0,2.4752,0.0,10.6639,4.4
MED00299,2026-09-21,4,0.3576,0.3819,0.25,0.25,0.342,0.0,4.6983,2.3408
MED00300,2026-09-21,4,2.0788,1.8887,0.25,0.25,1.5591,0.0,8.3712,3.6604
MED00301,2026-09-21,4,6.4617,7.0176,5.625,5.625,6.4975,0.0,19.0554,6.7478
MED00302,2026-09-21,4,9.9814,9.2448,4.375,4.375,8.3275,0.0,22.4323,7.579
MED00303,2026-09-21,4,3.0091,2.3479,3.625,3.625,2.8854,0.0,11.6203,4.6936
MED00304,2026-09-21,4,5.1693,5.9236,4.625,4.625,5.3573,0.0,16.8467,6.1737
MED00305,2026-09-21,4,2.0074,2.0004,1.125,1.125,1.7929,0.0,8.9816,3.8627
MED00306,2026-09-21,4,0.4468,0.2628,0.0,0.0,0.2624,0.0,4.4074,2.2273
MED00307,2026-09-21,4,28.0538,22.7166,36.375,36.375,27.87,11.6229,53.1559,13.587
MED00308,2026-09-21,4,0.7049,0.6038,0.5,0.5,0.6139,0.0,5.6241,2.6922
MED00309,2026-09-21,4,4.1402,4.3163,2.25,2.25,3.7604,0.0,13.5591,5.2652
MED00310,2026-09-21,4,3.9338,3.9105,3.25,3.25,3.7625,0.0,13.5638,5.2666
MED00311,2026-09-21,4,4.8694,4.4296,4.375,4.375,4.5713,0.0,15.262,5.7445
MED00312,2026-09-21,4,0.4083,0.2411,0.375,0.375,0.3309,0.0,4.6584,2.3253
MED00313,2026-09-21,4,0.6471,0.2527,1.75,1.75,0.7502,0.0,6.0582,2.8522
MED00314,2026-09-21,4,11.5502,9.5168,8.75,8.75,10.0362,0.135,25.4458,8.2801
MED00315,2026-09-21,4,10.3922,11.2482,11.25,11.25,10.9671,0.6378,27.0431,8.6382
MED00316,2026-09-21,4,3.177,2.8918,2.625,2.625,2.9277,0.0,11.7168,4.7227
MED00317,2026-09-21,4,2.4001,1.8412,2.875,2.875,2.2843,0.0,10.2059,4.2565
MED00318,2026-09-21,4,3.3182,2.7302,5.0,5.0,3.4833,0.0,12.9582,5.0912
MED00319,2026-09-21,4,11.7841,12.4305,11.0,11.0,11.8757,1.1449,28.5763,8.9739
MED00320,2026-09-21,4,8.8201,5.1652,3.75,3.75,6.0779,0.0,18.2536,6.5424
MED00321,2026-09-21,4,0.6921,0.969,3.75,3.75,1.5483,0.0,8.3425,3.6508
MED00322,2026-09-21,4,0.1932,0.2073,0.0,0.0,0.1525,0.0,3.9874,2.0606
MED00323,2026-09-21,4,0.9196,0.493,2.5,2.5,1.1251,0.0,7.1768,3.2518
MED00324,2026-09-21,4,1.646,1.1295,2.0,2.0,1.5179,0.0,8.2617,3.6237
MED00325,2026-09-21,4,8.19,9.0111,5.75,5.75,7.9501,0.0,21.7501,7.4152
MED00326,2026-09-21,4,9.9321,11.6294,8.5,8.5,10.3032,0.2774,25.9068,8.3844
MED00327,2026-09-21,4,3.2649,4.4073,2.25,2.25,3.4989,0.0,12.9924,5.1011
MED00328,2026-09-21,4,4.956,4.4987,5.625,5.625,4.9322,0.0,15.9968,5.9454
MED00329,2026-09-21,4,11.6949,12.4631,11.625,11.625,12.01,1.2212,28.8011,9.0224
MED00330,2026-09-21,4,5.2083,3.9877,6.125,6.125,4.9263,0.0,15.985,5.9422
MED00331,2026-09-21,4,1.9271,1.3326,2.375,2.375,1.7895,0.0,8.9727,3.8598
MED00332,2026-09-21,4,3.2029,3.6903,2.875,2.875,3.33,0.0,12.6207,4.9922
MED00333,2026-09-21,4,3.1444,2.7964,6.25,6.25,3.754,0.0,13.5454,5.2613
MED00334,2026-09-21,4,10.9951,13.8063,4.375,4.375,10.5763,0.4245,26.376,8.4897
MED00335,2026-09-21,4,6.4638,5.8667,6.5,6.5,6.23,0.0,18.5457,6.6176
MED00336,2026-09-21,4,11.0905,10.3505,11.25,11.25,10.8316,0.5635,26.8122,8.587
MED00337,2026-09-21,4,64.6551,58.6183,60.25,60.25,61.1363,37.1887,98.4071,20.0269
MED00338,2026-09-21,4,10.5834,13.2821,1.25,1.25,9.4607,0.0,24.4435,8.0508
MED00339,2026-09-21,4,1.9826,1.9019,0.375,0.375,1.5619,0.0,8.3787,3.6629
MED00340,2026-09-21,4,1.5888,2.388,0.25,0.25,1.5997,0.0,8.4786,3.6963
MED00341,2026-09-21,4,6.5783,6.7123,8.375,8.375,7.0756,0.0,20.142,7.0211
MED00342,2026-09-21,4,2.2077,1.9597,1.375,1.375,1.905,0.0,9.2671,3.9559
MED00343,2026-09-21,4,10.8957,9.9104,11.625,11.625,10.6722,0.4766,26.5401,8.5264
MED00344,2026-09-21,4,5.873,5.3074,5.625,5.625,5.583,0.0,17.2917,6.2915
MED00345,2026-09-21,4,0.1954,0.1441,0.0,0.0,0.1269,0.0,3.8858,2.0198
MED00346,2026-09-21,4,3.6636,3.9217,2.0,2.0,3.3723,0.0,12.7142,5.0197
MED00347,2026-09-21,4,0.2151,0.2016,0.0,0.0,0.1576,0.0,4.0074,2.0686
MED00348,2026-09-21,4,1.9255,1.1865,1.375,1.375,1.486,0.0,8.1763,3.5949
MED00349,2026-09-21,4,2.5197,2.2648,2.0,2.0,2.2902,0.0,10.22,4.261
MED00350,2026-09-21,4,1.1508,1.9839,2.5,2.5,1.8259,0.0,9.0659,3.8903
MED00351,2026-09-21,4,0.6347,0.6855,0.0,0.0,0.5029,0.0,5.2571,2.5546
MED00352,2026-09-21,4,0.3105,0.3597,0.0,0.0,0.2562,0.0,4.3844,2.2182
MED00353,2026-09-21,4,0.8983,0.3378,0.0,0.0,0.4481,0.0,5.0705,2.4838
MED00354,2026-09-21,4,0.9064,1.2023,1.25,1.25,1.1138,0.0,7.1447,3.2406
MED00355,2026-09-21,4,13.681,10.9605,11.5,11.5,12.0324,1.234,28.8385,9.0305
MED00356,2026-09-21,4,2.0498,1.8771,1.875,1.875,1.9375,0.0,9.3493,3.9826
MED00357,2026-09-21,4,0.2186,0.1248,0.25,0.25,0.1873,0.0,4.1231,2.1148
MED00358,2026-09-21,4,5.9328,7.4127,3.375,3.375,5.9369,0.0,17.9813,6.4719
MED00359,2026-09-21,4,2.3567,2.1716,1.5,1.5,2.0746,0.0,9.6919,4.0931
MED00360,2026-09-21,4,3.26,1.8966,3.875,3.875,2.8436,0.0,11.5243,4.6645
MED00361,2026-09-21,4,2.352,2.1782,4.875,4.875,2.8925,0.0,11.6364,4.6984
MED00362,2026-09-21,4,2.6401,2.0957,4.875,4.875,2.9566,0.0,11.7827,4.7426
MED00363,2026-09-21,4,1.8669,1.3739,2.5,2.5,1.8164,0.0,9.0417,3.8824
MED00364,2026-09-21,4,0.2061,0.2455,0.0,0.0,0.1728,0.0,4.0669,2.0924
MED00365,2026-09-21,4,2.3928,2.057,2.125,2.125,2.1903,0.0,9.977,4.1841
MED00366,2026-09-21,4,10.3051,10.6557,11.25,11.25,10.6903,0.4864,26.571,8.5333
MED00367,2026-09-21,4,2.3892,2.4592,1.625,1.625,2.2358,0.0,10.0881,4.2193
MED00368,2026-09-21,4,3.0472,2.8093,5.0,5.0,3.4236,0.0,12.8272,5.0529
MED00369,2026-09-21,4,5.4116,4.8935,5.0,5.0,5.1014,0.0,16.3369,6.0373
MED00370,2026-09-21,4,0.4333,0.1609,0.0,0.0,0.2153,0.0,4.2304,2.1575
MED00371,2026-09-21,4,19.3965,11.9148,14.0,14.0,14.99,2.9848,33.6743,10.0397
MED00372,2026-09-21,4,0.2229,0.1148,0.125,0.125,0.1544,0.0,3.9946,2.0635
MED00373,2026-09-21,4,0.606,0.5498,0.875,0.875,0.6482,0.0,5.7353,2.7335
MED00374,2026-09-21,4,1.9478,1.7907,2.75,2.75,2.0784,0.0,9.7013,4.0961
MED00375,2026-09-21,4,15.8247,16.8424,13.5,13.5,15.7023,3.4242,34.8113,10.2679
MED00376,2026-09-21,4,2.2691,1.6048,2.0,2.0,1.9293,0.0,9.3285,3.9759
MED00377,2026-09-21,4,0.5297,0.6949,0.875,0.875,0.6827,0.0,5.8454,2.7741
MED00378,2026-09-21,4,2.5461,2.6466,2.125,2.125,2.4886,0.0,10.6956,4.4099
MED00379,2026-09-21,4,0.6615,0.7396,2.5,2.5,1.1396,0.0,7.2185,3.2664
MED00380,2026-09-21,4,0.6556,0.3023,0.0,0.0,0.3503,0.0,4.7279,2.3522
MED00381,2026-09-21,4,1.3389,2.4532,1.25,1.25,1.7834,0.0,8.9569,3.8546
MED00382,2026-09-21,4,2.5319,2.3393,3.75,3.75,2.7489,0.0,11.3058,4.5979
MED00383,2026-09-21,4,7.768,9.5712,5.75,5.75,8.0394,0.0,21.9121,7.4543
MED00384,2026-09-21,4,2.2007,1.9718,2.125,2.125,2.0891,0.0,9.7279,4.1046
MED00385,2026-09-21,4,19.6209,20.8419,20.25,20.25,20.3019,6.3897,41.9541,11.6345
MED00386,2026-09-21,4,15.2881,13.8676,14.125,14.125,14.4296,2.6435,32.7727,9.8564
MED00387,2026-09-21,4,20.5954,19.7726,22.5,22.5,20.7338,6.6779,42.6096,11.7546
MED00388,2026-09-21,4,72.455,106.4777,84.125,84.125,89.5391,60.595,134.586,24.2053
MED00389,2026-09-21,4,13.4683,11.3395,11.25,11.25,12.0572,1.2481,28.88,9.0395
MED00390,2026-09-21,4,24.9486,25.0504,34.25,34.25,27.2669,11.1935,52.2826,13.4418
MED00391,2026-09-21,4,21.3517,18.8494,24.875,24.875,21.1822,6.9787,43.2878,11.8781
MED00392,2026-09-21,4,21.0799,18.6921,22.625,22.625,20.4792,6.5078,42.2233,11.6839
MED00393,2026-09-21,4,14.4602,14.5738,10.125,10.125,13.4729,2.0707,31.2186,9.5354
MED00394,2026-09-21,4,15.0934,15.2605,16.25,16.25,15.4581,3.2728,34.4225,10.1903
MED00395,2026-09-21,4,18.3451,19.2254,18.375,18.375,18.7378,5.3588,39.56,11.1885
MED00396,2026-09-21,4,56.1731,54.3855,46.75,46.75,53.2035,30.85,87.9931,18.6937
MED00397,2026-09-21,4,45.5388,51.4935,48.125,48.125,48.6933,27.299,81.9901,17.8916
MED00398,2026-09-21,4,99.0307,112.3271,128.0,128.0,111.6849,79.3768,161.9673,27.0186
MED00399,2026-09-21,4,84.8944,120.4324,115.75,115.75,107.2657,75.6003,156.5479,26.4811
MED00400,2026-09-21,4,72.7797,68.326,69.875,69.875,70.2923,44.6275,110.2355,21.4629
MED00401,2026-09-21,4,20.5001,18.1532,20.875,20.875,19.6327,5.9461,40.9337,11.4458
MED00402,2026-09-21,4,28.0248,24.8224,29.875,29.875,27.1652,11.1212,52.135,13.4172
MED00403,2026-09-21,4,13.838,13.9856,9.125,9.125,12.7728,1.6599,30.0682,9.2934
MED00404,2026-09-21,4,6.1822,5.425,6.125,6.125,5.8588,0.0,17.8299,6.4325
MED00405,2026-09-21,4,8.8323,9.0625,7.375,7.375,8.5845,0.0,22.8931,7.6886
MED00406,2026-09-21,4,22.7458,23.6214,26.75,26.75,24.1027,8.9728,47.6499,12.6528
MED00407,2026-09-21,4,27.0207,26.3472,30.5,30.5,27.6089,11.4368,52.7782,13.5244
MED00408,2026-09-21,4,11.1476,9.0041,11.25,11.25,10.2897,0.2701,25.8836,8.3791
MED00409,2026-09-21,4,13.251,13.0457,10.875,10.875,12.6036,1.5618,29.7885,9.234
MED00410,2026-09-21,4,13.039,10.72,14.0,14.0,12.3176,1.3969,29.3138,9.1327
MED00411,2026-09-21,4,20.8999,23.5844,26.125,26.125,23.3047,8.4222,46.4669,12.4459
MED00412,2026-09-21,4,12.9559,12.3925,14.0,14.0,12.9866,1.7846,30.4207,9.368
MED00413,2026-09-21,4,14.1582,14.5017,12.875,12.875,14.0051,2.3878,32.0855,9.7153
MED00414,2026-09-21,4,22.1155,21.4355,24.125,24.125,22.3404,7.7624,45.0286,12.1912
MED00415,2026-09-21,4,13.7698,12.8224,15.75,15.75,13.8677,2.3056,31.8624,9.6692
MED00416,2026-09-21,4,21.37,23.6262,23.75,23.75,22.9082,8.1501,45.8767,12.3418
MED00417,2026-09-21,4,8.6363,8.989,7.5,7.5,8.517,0.0,22.7725,7.66
MED00418,2026-09-21,4,8.7217,6.1228,9.375,9.375,7.8048,0.0,21.4856,7.3512
MED00419,2026-09-21,4,10.511,9.136,10.125,10.125,9.8547,0.0392,25.131,8.2085
MED00420,2026-09-21,4,26.6746,28.5796,30.625,30.625,28.4517,12.0389,53.9955,13.7256
MED00421,2026-09-21,4,29.5429,22.3219,34.125,34.125,27.6701,11.4804,52.8669,13.5391
MED00422,2026-09-21,4,21.6465,20.2805,23.375,23.375,21.5168,7.2041,43.7923,11.9694
MED00423,2026-09-21,4,13.3666,13.3439,11.25,11.25,12.8583,1.7097,30.2093,9.3233
MED00424,2026-09-21,4,78.5638,87.9939,118.875,118.875,92.33,62.9408,138.0698,24.5776
MED00001,2026-09-28,5,12.6915,9.0061,12.1922,15.125,11.0465,0.5683,28.0384,8.9701
MED00002,2026-09-28,5,0.1361,0.1046,0.1307,0.125,0.1218,0.0,4.0649,2.0816
MED00003,2026-09-28,5,0.2885,0.5141,0.0,0.0,0.313,0.0,4.8219,2.3803
MED00004,2026-09-28,5,0.8074,0.6594,1.7801,1.75,0.9819,0.0,7.0691,3.2135
MED00005,2026-09-28,5,2.2346,3.5565,1.9073,1.875,2.7089,0.0,11.6664,4.7287
MED00006,2026-09-28,5,1.6374,1.0689,0.2267,0.25,1.0606,0.0,7.3074,3.2977
MED00007,2026-09-28,5,3.005,3.8523,2.4957,2.75,3.2381,0.0,12.9061,5.1038
MED00008,2026-09-28,5,0.6226,0.4956,1.4166,1.375,0.7624,0.0,6.3809,2.966
MED00009,2026-09-28,5,3.3558,3.8774,3.2668,3.875,3.5551,0.0,13.6248,5.3158
MED00010,2026-09-28,5,3.7851,3.6506,4.5238,4.125,3.9115,0.0,14.4144,5.5445
MED00011,2026-09-28,5,25.31,22.0708,24.6201,24.875,23.8176,8.6113,48.4766,13.0176
MED00012,2026-09-28,5,2.0648,2.861,0.3439,0.375,1.9824,0.0,9.861,4.1592
MED00013,2026-09-28,5,3.5397,4.1406,5.9014,6.375,4.3654,0.0,15.3952,5.8227
MED00014,2026-09-28,5,15.6534,14.4679,24.3991,28.0,17.2911,4.2845,38.383,11.1345
MED00015,2026-09-28,5,0.484,0.3423,0.9102,0.875,0.5285,0.0,5.5998,2.6772
MED00016,2026-09-28,5,2.1065,1.7154,4.2467,4.75,2.4634,0.0,11.0716,4.5443
MED00017,2026-09-28,5,1.8906,1.8228,2.1668,2.375,1.9311,0.0,9.7278,4.1159
MED00018,2026-09-28,5,76.6011,68.0103,84.6293,87.75,75.0382,48.2375,118.4989,22.9432
MED00019,2026-09-28,5,45.1879,39.1365,46.8353,49.375,43.1084,22.7451,76.13,17.4323
MED00020,2026-09-28,5,11.0854,12.4924,14.8413,14.875,12.5921,1.4346,30.6855,9.5516
MED00021,2026-09-28,5,3.7246,3.8575,3.3114,4.5,3.6838,0.0,13.9119,5.3995
MED00022,2026-09-28,5,2.3674,1.5,2.4498,3.375,2.028,0.0,9.9787,4.1972
MED00023,2026-09-28,5,1.2601,1.0364,0.1912,0.25,0.9094,0.0,6.8459,3.1339
MED00024,2026-09-28,5,2.7457,3.0846,2.1101,2.875,2.736,0.0,11.7312,4.7487
MED00025,2026-09-28,5,0.1383,0.1098,0.0,0.0,0.0931,0.0,3.944,2.0329
MED00026,2026-09-28,5,0.3348,0.3181,0.1298,0.125,0.2785,0.0,4.6907,2.3292
MED00027,2026-09-28,5,0.2184,0.1263,0.0,0.0,0.1274,0.0,4.088,2.0909
MED00028,2026-09-28,5,0.4882,0.5972,0.52,0.5,0.5419,0.0,5.6459,2.6945
MED00029,2026-09-28,5,12.0399,12.1031,13.6045,17.375,12.457,1.3572,30.4567,9.5022
MED00030,2026-09-28,5,3.6868,3.6009,4.174,5.5,3.7726,0.0,14.1087,5.4565
MED00031,2026-09-28,5,3.0843,3.653,2.6124,3.25,3.2103,0.0,12.8424,5.0848
MED00032,2026-09-28,5,2.3204,1.7483,2.1166,2.75,2.0349,0.0,9.9963,4.2029
MED00033,2026-09-28,5,0.9865,1.774,1.911,1.875,1.5396,0.0,8.681,3.77
MED00034,2026-09-28,5,22.5044,21.6366,25.5643,25.0,22.9056,7.9871,47.0976,12.7711
MED00035,2026-09-28,5,0.4693,0.1956,0.4039,0.375,0.3398,0.0,4.9223,2.4191
MED00036,2026-09-28,5,1.6085,1.3387,2.2892,2.25,1.6623,0.0,9.0155,3.8818
MED00037,2026-09-28,5,3.8162,3.4303,5.2047,5.5,3.9951,0.0,14.597,5.5968
MED00038,2026-09-28,5,12.7636,11.3271,13.9639,20.0,12.4678,1.3634,30.4751,9.5061
MED00039,2026-09-28,5,1.0143,1.2506,1.2329,1.25,1.1667,0.0,7.6225,3.408
MED00040,2026-09-28,5,0.5285,0.5119,1.003,1.0,0.6369,0.0,5.9688,2.8147
MED00041,2026-09-28,5,0.6055,0.4654,0.1209,0.125,0.4304,0.0,5.2539,2.5463
MED00042,2026-09-28,5,3.2589,3.351,2.0264,2.0,3.0023,0.0,12.3605,4.9402
MED00043,2026-09-28,5,0.4502,0.4059,0.5223,0.5,0.4497,0.0,5.3227,2.5725
MED00044,2026-09-28,5,2.0184,1.8635,0.9143,1.25,1.6887,0.0,9.0864,3.9053
MED00045,2026-09-28,5,1.7443,1.6696,0.1143,0.125,1.3204,0.0,8.0672,3.5617
MED00046,2026-09-28,5,2.2375,2.4146,0.8288,1.125,1.9727,0.0,9.8359,4.151
MED00047,2026-09-28,5,4.8784,6.3359,6.5533,7.375,5.8964,0.0,18.5432,6.6763
MED00048,2026-09-28,5,12.7616,15.0905,14.6863,17.75,14.2113,2.3839,33.3909,10.125
MED00049,2026-09-28,5,0.1652,0.1174,0.0,0.0,0.1055,0.0,3.9965,2.0541
MED00050,2026-09-28,5,2.706,3.4179,2.4536,2.625,2.9445,0.0,12.2252,4.8993
MED00051,2026-09-28,5,0.1703,0.1142,0.0,0.0,0.1058,0.0,3.998,2.0547
MED00052,2026-09-28,5,0.4729,0.5098,0.5259,0.5,0.5016,0.0,5.5061,2.6419
MED00053,2026-09-28,5,5.858,6.6637,6.8255,10.0,6.434,0.0,19.6015,6.9512
MED00054,2026-09-28,5,5.956,7.2174,8.4123,11.75,7.0824,0.0,20.8518,7.269
MED00055,2026-09-28,5,0.9116,0.8038,1.3466,1.25,0.9728,0.0,7.0414,3.2036
MED00056,2026-09-28,5,0.6497,0.3815,1.0035,1.0,0.6241,0.0,5.9259,2.7988
MED00057,2026-09-28,5,0.4305,0.3429,0.1257,0.125,0.3207,0.0,4.8506,2.3914
MED00058,2026-09-28,5,1.6684,1.1985,0.1138,0.125,1.0979,0.0,7.419,3.337
MED00059,2026-09-28,5,7.8057,7.124,9.2686,11.75,7.8833,0.0,22.3617,7.6432
MED00060,2026-09-28,5,5.8419,4.3998,6.0781,7.625,5.3035,0.0,17.35,6.3594
MED00061,2026-09-28,5,0.6185,0.8171,0.7931,0.75,0.7442,0.0,6.322,2.9445
MED00062,2026-09-28,5,13.0561,9.5938,12.153,15.875,11.4068,0.7663,28.6617,9.109
MED00063,2026-09-28,5,0.1613,0.1195,0.0,0.0,0.105,0.0,3.9946,2.0533
MED00064,2026-09-28,5,24.2285,26.4474,22.7494,25.375,24.8201,9.3035,49.9821,13.2832
MED00065,2026-09-28,5,63.5337,58.572,48.0841,51.5,57.7894,34.2466,95.967,20.1542
MED00066,2026-09-28,5,0.4284,0.3541,0.5161,0.5,0.4191,0.0,5.2129,2.5307
MED00067,2026-09-28,5,2.1652,2.7886,3.559,3.875,2.7646,0.0,11.7997,4.7697
MED00068,2026-09-28,5,3.3547,2.8038,4.4729,6.25,3.3989,0.0,13.2727,5.2125
MED00069,2026-09-28,5,1.8564,1.4797,0.9103,1.25,1.4722,0.0,8.4947,3.7072
MED00070,2026-09-28,5,11.5161,12.2516,11.7678,15.625,11.8952,1.0387,29.5004,9.2939
MED00071,2026-09-28,5,2.1336,2.0601,1.5361,2.125,1.9605,0.0,9.8043,4.1408
MED00072,2026-09-28,5,2.1321,1.5336,2.2683,3.125,1.9176,0.0,9.6928,4.1045
MED00073,2026-09-28,5,3.1909,3.0393,4.569,6.25,3.4644,0.0,13.4208,5.256
MED00074,2026-09-28,5,2.988,2.5015,3.6837,5.125,2.9565,0.0,12.2532,4.9078
MED00075,2026-09-28,5,3.009,2.4496,3.1867,4.875,2.8217,0.0,11.9354,4.8112
MED00076,2026-09-28,5,0.2349,0.0854,0.262,0.25,0.1793,0.0,4.3009,2.1758
MED00077,2026-09-28,5,3.9712,3.2669,4.7496,7.25,3.8699,0.0,14.323,5.5183
MED00078,2026-09-28,5,2.8338,4.4599,2.4571,3.125,3.4236,0.0,13.3285,5.2289
MED00079,2026-09-28,5,24.0095,31.2192,16.2199,18.0,25.1549,9.5361,50.4827,13.3707
MED00080,2026-09-28,5,3.3224,2.3216,4.4073,6.125,3.1709,0.0,12.7518,5.0578
MED00081,2026-09-28,5,0.3752,0.4005,0.262,0.25,0.3587,0.0,4.9926,2.4462
MED00082,2026-09-28,5,2.8086,3.7328,2.0341,2.75,3.0094,0.0,12.377,4.9452
MED00083,2026-09-28,5,3.1838,2.8729,3.1457,4.375,3.0481,0.0,12.4673,4.9724
MED00084,2026-09-28,5,45.9877,43.8633,43.6089,39.875,44.5722,23.8699,78.1434,17.7225
MED00085,2026-09-28,5,2.0745,1.7736,2.9447,3.25,2.1617,0.0,10.3199,4.3067
MED00086,2026-09-28,5,0.3382,0.2932,0.0,0.0,0.2379,0.0,4.5335,2.2677
MED00087,2026-09-28,5,1.8084,1.6118,1.8251,2.0,1.7322,0.0,9.2033,3.944
MED00088,2026-09-28,5,30.8745,29.2585,30.8554,28.0,30.2269,13.1337,57.9456,14.6329
MED00089,2026-09-28,5,19.1445,19.1236,8.3569,8.0,16.5444,3.8136,37.1888,10.8983
MED00090,2026-09-28,5,2.5852,3.7201,3.691,4.875,3.3286,0.0,13.1131,5.1653
MED00091,2026-09-28,5,2.0877,2.0405,1.7807,2.5,1.9958,0.0,9.8957,4.1704
MED00092,2026-09-28,5,1.6662,1.4483,1.3698,1.5,1.5053,0.0,8.5864,3.7382
MED00093,2026-09-28,5,0.2681,0.1715,0.2596,0.25,0.226,0.0,4.4869,2.2493
MED00094,2026-09-28,5,0.5488,0.4043,0.7793,0.75,0.5449,0.0,5.6563,2.6984
MED00095,2026-09-28,5,2.9276,3.6842,3.4862,3.875,3.3812,0.0,13.2325,5.2006
MED00096,2026-09-28,5,14.0138,10.3984,12.2149,13.75,12.0849,1.1456,29.8242,9.3647
MED00097,2026-09-28,5,0.4187,0.5463,0.0,0.0,0.371,0.0,5.0379,2.4637
MED00098,2026-09-28,5,7.9985,8.3582,8.5027,9.625,8.2785,0.0,23.0943,7.8213
MED00099,2026-09-28,5,0.2332,0.2621,0.0,0.0,0.1891,0.0,4.34,2.1913
MED00100,2026-09-28,5,0.1845,0.092,0.131,0.125,0.1332,0.0,4.1121,2.1005
MED00101,2026-09-28,5,4.1683,4.7012,6.3319,7.25,4.9183,0.0,16.558,6.1447
MED00102,2026-09-28,5,4.5914,3.2637,3.3308,3.5,3.7372,0.0,14.0306,5.4339
MED00103,2026-09-28,5,2.779,3.4723,0.9254,1.0,2.6223,0.0,11.4583,4.6645
MED00104,2026-09-28,5,7.2203,9.0614,7.5357,8.375,8.0716,0.0,22.7117,7.7286
MED00105,2026-09-28,5,11.1948,13.2415,9.2359,9.75,11.5854,0.8654,28.9692,9.177
MED00106,2026-09-28,5,0.1667,0.1725,0.0,0.0,0.129,0.0,4.0947,2.0935
MED00107,2026-09-28,5,7.7309,10.2622,7.5375,8.25,8.7474,0.0,23.9537,8.0275
MED00108,2026-09-28,5,2.8223,3.0884,3.5894,3.875,3.1217,0.0,12.6381,5.0237
MED00109,2026-09-28,5,0.4117,0.6598,0.0,0.0,0.4159,0.0,5.2017,2.5264
MED00110,2026-09-28,5,0.4366,0.2543,0.0,0.0,0.2554,0.0,4.6015,2.2943
MED00111,2026-09-28,5,0.6838,0.6497,1.0367,1.0,0.7557,0.0,6.3591,2.9581
MED00112,2026-09-28,5,2.7847,2.9902,3.4068,3.75,3.0237,0.0,12.4104,4.9553
MED00113,2026-09-28,5,1.9301,1.5468,1.7968,2.0,1.7399,0.0,9.2238,3.9508
MED00114,2026-09-28,5,13.8534,11.9951,17.6676,17.875,14.0154,2.267,33.0668,10.0574
MED00115,2026-09-28,5,2.0771,2.187,1.8148,2.0,2.0615,0.0,10.0648,4.225
MED00116,2026-09-28,5,7.7669,8.8721,9.2873,10.0,8.6035,0.0,23.6909,7.9648
MED00117,2026-09-28,5,1.8687,1.9515,0.8287,0.875,1.6534,0.0,8.9914,3.8738
MED00118,2026-09-28,5,1.6792,0.8922,1.5758,1.75,1.3277,0.0,8.088,3.5688
MED00119,2026-09-28,5,1.9412,1.9319,0.6851,0.75,1.6353,0.0,8.9424,3.8574
MED00120,2026-09-28,5,13.0153,13.1669,3.5813,3.5,10.8085,0.4388,27.6242,8.8771
MED00121,2026-09-28,5,3.2171,4.8718,3.2351,3.375,3.9147,0.0,14.4213,5.5465
MED00122,2026-09-28,5,2.3014,2.2094,4.9436,5.625,2.9047,0.0,12.1316,4.8709
MED00123,2026-09-28,5,0.8886,0.7496,0.4848,0.5,0.7338,0.0,6.2883,2.9322
MED00124,2026-09-28,5,7.5834,8.9404,7.1324,8.0,8.0477,0.0,22.6674,7.7178
MED00125,2026-09-28,5,0.2623,0.1696,0.393,0.375,0.2555,0.0,4.602,2.2945
MED00126,2026-09-28,5,0.7612,1.1091,0.0,0.0,0.7228,0.0,6.2524,2.9191
MED00127,2026-09-28,5,2.1187,1.7729,0.9568,1.125,1.6955,0.0,9.1047,3.9114
MED00128,2026-09-28,5,2.1087,2.3319,0.9182,1.0,1.9158,0.0,9.6879,4.103
MED00129,2026-09-28,5,1.825,1.5697,0.3435,0.375,1.3619,0.0,8.1851,3.602
MED00130,2026-09-28,5,0.1697,0.1902,0.0,0.0,0.1374,0.0,4.1296,2.1075
MED00131,2026-09-28,5,2.1454,2.5383,1.7484,2.375,2.2153,0.0,10.4553,4.3499
MED00132,2026-09-28,5,0.613,0.4282,0.0,0.0,0.3882,0.0,5.1009,2.4879
MED00133,2026-09-28,5,0.6398,0.3324,0.7256,0.75,0.533,0.0,5.6153,2.683
MED00134,2026-09-28,5,0.4794,0.3506,0.0,0.0,0.3101,0.0,4.811,2.376
MED00135,2026-09-28,5,15.8524,14.5367,7.0644,6.875,13.1929,1.7822,31.6967,9.7683
MED00136,2026-09-28,5,1.6744,2.3443,2.2816,2.5,2.1023,0.0,10.169,4.2585
MED00137,2026-09-28,5,2.2275,2.2372,2.2356,2.0,2.2357,0.0,10.5066,4.3662
MED00138,2026-09-28,5,2.0687,2.3602,1.8474,2.0,2.1388,0.0,10.2618,4.2882
MED00139,2026-09-28,5,3.0095,5.1533,1.1579,1.25,3.4584,0.0,13.4073,5.2521
MED00140,2026-09-28,5,1.8342,1.2973,0.7971,0.875,1.3612,0.0,8.183,3.6013
MED00141,2026-09-28,5,4.1395,4.531,4.4135,6.125,4.3732,0.0,15.4119,5.8274
MED00142,2026-09-28,5,0.4104,0.6008,0.378,0.375,0.4824,0.0,5.4386,2.6164
MED00143,2026-09-28,5,1.8624,1.1703,1.5896,1.75,1.5096,0.0,8.5984,3.7422
MED00144,2026-09-28,5,5.6534,7.9743,4.8691,5.375,6.4371,0.0,19.6076,6.9528
MED00145,2026-09-28,5,0.6107,0.6308,1.1811,1.125,0.7577,0.0,6.3657,2.9605
MED00146,2026-09-28,5,1.9137,1.6933,2.0731,2.375,1.8623,0.0,9.5479,4.0573
MED00147,2026-09-28,5,1.9846,0.9827,1.5711,2.0,1.4687,0.0,8.4849,3.7039
MED00148,2026-09-28,5,5.8995,3.7293,5.6653,7.375,4.9438,0.0,16.6109,6.1591
MED00149,2026-09-28,5,3.6237,4.4448,5.306,5.75,4.3768,0.0,15.4197,5.8296
MED00150,2026-09-28,5,1.6347,1.5284,1.4988,2.0,1.5591,0.0,8.7347,3.788
MED00151,2026-09-28,5,2.1213,2.0104,1.3659,1.5,1.8944,0.0,9.632,4.0847
MED00152,2026-09-28,5,2.1663,2.0439,1.9544,2.125,2.0661,0.0,10.0765,4.2287
MED00153,2026-09-28,5,2.1912,2.748,0.7871,0.875,2.0858,0.0,10.1267,4.2449
MED00154,2026-09-28,5,15.4047,14.907,17.5928,18.5,15.7421,3.3146,35.8949,10.6388
MED00155,2026-09-28,5,2.0105,2.792,2.3941,2.625,2.4312,0.0,10.9925,4.5196
MED00156,2026-09-28,5,2.3913,2.0378,3.8864,5.0,2.6081,0.0,11.4239,4.6539
MED00157,2026-09-28,5,4.2902,5.4846,5.3836,6.0,5.0571,0.0,16.8451,6.223
MED00158,2026-09-28,5,0.2583,0.2015,0.1298,0.125,0.2038,0.0,4.3988,2.2146
MED00159,2026-09-28,5,11.5011,10.7607,8.971,8.75,10.5916,0.3218,27.2453,8.7916
MED00160,2026-09-28,5,3.4515,6.1212,3.6173,4.0,4.6084,0.0,15.9104,5.9664
MED00161,2026-09-28,5,5.8796,8.344,5.6217,6.375,6.8507,0.0,20.4082,7.1571
MED00162,2026-09-28,5,2.1519,3.0159,0.7967,0.875,2.1864,0.0,10.3824,4.3267
MED00163,2026-09-28,5,0.3472,0.2684,0.262,0.25,0.2941,0.0,4.7501,2.3524
MED00164,2026-09-28,5,1.9674,1.8565,0.9171,1.25,1.6689,0.0,9.0333,3.8877
MED00165,2026-09-28,5,10.3536,11.4555,13.1666,13.5,11.5042,0.8203,28.8295,9.1461
MED00166,2026-09-28,5,2.1166,2.8313,1.0287,1.125,2.1535,0.0,10.2991,4.3001
MED00167,2026-09-28,5,1.8459,1.2127,3.339,3.75,1.945,0.0,9.7641,4.1277
MED00168,2026-09-28,5,1.93,1.41,1.4866,1.625,1.6078,0.0,8.8677,3.8325
MED00169,2026-09-28,5,1.8428,1.6135,1.2599,1.375,1.608,0.0,8.8681,3.8327
MED00170,2026-09-28,5,1.7994,1.4302,1.8135,2.0,1.6507,0.0,8.984,3.8713
MED00171,2026-09-28,5,2.1976,1.9485,1.9134,2.125,2.0272,0.0,9.9765,4.1965
MED00172,2026-09-28,5,1.8828,1.8711,2.8789,3.75,2.1209,0.0,10.2162,4.2736
MED00173,2026-09-28,5,2.2698,2.3081,2.6085,2.875,2.37,0.0,10.8414,4.4721
MED00174,2026-09-28,5,6.2905,6.8939,5.0331,5.375,6.2441,0.0,19.2302,6.8554
MED00175,2026-09-28,5,1.0716,1.174,0.5386,0.5,0.9864,0.0,7.083,3.2184
MED00176,2026-09-28,5,16.4372,17.9715,11.5606,11.75,15.9133,3.4205,36.172,10.6947
MED00177,2026-09-28,5,0.3148,0.4607,0.1297,0.125,0.3312,0.0,4.89,2.4066
MED00178,2026-09-28,5,2.1344,1.1634,2.6423,2.75,1.8545,0.0,9.5276,4.0506
MED00179,2026-09-28,5,0.5365,0.2938,0.6445,0.625,0.462,0.0,5.3665,2.5891
MED00180,2026-09-28,5,1.9705,2.2592,0.2291,0.25,1.6714,0.0,9.0401,3.8899
MED00181,2026-09-28,5,3.0746,3.7471,3.329,3.625,3.4197,0.0,13.3198,5.2263
MED00182,2026-09-28,5,0.2711,0.477,0.0,0.0,0.2916,0.0,4.7408,2.3487
MED00183,2026-09-28,5,22.9457,29.3594,15.4879,15.0,23.8384,8.6256,48.5078,13.0232
MED00184,2026-09-28,5,8.5008,11.5748,4.8585,4.75,8.9097,0.0,24.2489,8.0976
MED00185,2026-09-28,5,1.9005,1.2142,2.7527,4.125,1.8224,0.0,9.443,4.0229
MED00186,2026-09-28,5,1.9008,1.6732,1.6073,1.75,1.7368,0.0,9.2154,3.948
MED00187,2026-09-28,5,2.6971,2.8396,1.2809,1.625,2.4165,0.0,10.9563,4.5082
MED00188,2026-09-28,5,3.0551,4.1785,5.0987,5.625,4.0212,0.0,14.6538,5.613
MED00189,2026-09-28,5,0.2022,0.1965,0.0,0.0,0.1511,0.0,4.1861,2.1301
MED00190,2026-09-28,5,2.1485,3.0299,2.8959,3.25,2.6991,0.0,11.6429,4.7215
MED00191,2026-09-28,5,12.1006,13.6972,12.4834,13.0,12.8711,1.5953,31.1562,9.6528
MED00192,2026-09-28,5,0.186,0.158,0.2623,0.25,0.193,0.0,4.3556,2.1975
MED00193,2026-09-28,5,0.125,0.1159,0.0,0.0,0.0911,0.0,3.9356,2.0295
MED00194,2026-09-28,5,7.9729,8.5571,11.4248,11.75,9.0598,0.0,24.5209,8.162
MED00195,2026-09-28,5,6.8913,7.1321,9.0679,9.375,7.5253,0.0,21.6913,7.4783
MED00196,2026-09-28,5,7.6894,8.3283,5.3894,5.625,7.4069,0.0,21.4679,7.4229
MED00197,2026-09-28,5,7.3834,7.1561,11.2537,11.625,8.2326,0.0,23.0096,7.8009
MED00198,2026-09-28,5,1.763,1.269,2.1737,2.375,1.6582,0.0,9.0042,3.878
MED00199,2026-09-28,5,1.4708,1.4934,0.9744,1.375,1.3616,0.0,8.1843,3.6017
MED00200,2026-09-28,5,1.8836,1.5255,1.4872,1.625,1.6402,0.0,8.9558,3.8619
MED00201,2026-09-28,5,8.4417,7.3589,6.74,8.375,7.5868,0.0,21.8069,7.5069
MED00202,2026-09-28,5,1.8124,1.7949,0.3382,0.375,1.4501,0.0,8.4332,3.6864
MED00203,2026-09-28,5,2.1666,2.3098,2.3512,3.25,2.2731,0.0,10.6004,4.396
MED00204,2026-09-28,5,2.0741,2.299,0.6876,0.75,1.8344,0.0,9.4746,4.0333
MED00205,2026-09-28,5,11.6009,14.5589,9.2654,9.75,12.2808,1.2567,30.1577,9.4373
MED00206,2026-09-28,5,1.1983,1.055,1.1529,1.5,1.1287,0.0,7.5105,3.369
MED00207,2026-09-28,5,1.9565,1.8058,2.5156,2.75,2.0309,0.0,9.9861,4.1996
MED00208,2026-09-28,5,11.2261,12.68,10.6145,11.0,11.6956,0.9268,29.1584,9.2187
MED00209,2026-09-28,5,2.8806,1.7585,4.9045,5.125,2.9053,0.0,12.1331,4.8714
MED00210,2026-09-28,5,1.1931,0.795,2.4126,2.25,1.3234,0.0,8.0758,3.5646
MED00211,2026-09-28,5,2.2386,2.0323,2.3807,2.625,2.1892,0.0,10.3894,4.329
MED00212,2026-09-28,5,2.1796,2.0913,0.2132,0.25,1.6691,0.0,9.0338,3.8879
MED00213,2026-09-28,5,1.2728,2.0847,0.0,0.0,1.3046,0.0,8.0221,3.5462
MED00214,2026-09-28,5,10.0127,10.7472,12.0858,13.875,10.8307,0.4508,27.663,8.8859
MED00215,2026-09-28,5,2.2928,2.4924,2.0552,2.25,2.3208,0.0,10.7193,4.4336
MED00216,2026-09-28,5,0.1205,0.1099,0.0,0.0,0.087,0.0,3.9183,2.0226
MED00217,2026-09-28,5,0.2351,0.1926,0.2619,0.25,0.2241,0.0,4.4792,2.2463
MED00218,2026-09-28,5,4.035,5.6728,4.7509,5.375,4.8953,0.0,16.5103,6.1316
MED00219,2026-09-28,5,14.8649,10.1675,11.358,10.5,12.0723,1.1385,29.8028,9.36
MED00220,2026-09-28,5,2.1367,1.9312,2.6115,2.875,2.168,0.0,10.336,4.3119
MED00221,2026-09-28,5,3.0422,3.733,1.6811,2.25,3.0039,0.0,12.3642,4.9414
MED00222,2026-09-28,5,0.4576,0.561,0.0,0.0,0.3905,0.0,5.1091,2.491
MED00223,2026-09-28,5,12.3238,12.5877,4.3158,4.25,10.5082,0.2771,27.0992,8.7585
MED00224,2026-09-28,5,1.8029,1.4731,0.5729,0.625,1.3695,0.0,8.2067,3.6094
MED00225,2026-09-28,5,3.8773,4.2343,5.1616,5.875,4.3409,0.0,15.343,5.8081
MED00226,2026-09-28,5,2.2914,1.829,2.6356,3.625,2.1842,0.0,10.3767,4.3249
MED00227,2026-09-28,5,15.2468,14.2845,18.3802,20.25,15.619,3.2387,35.6953,10.5984
MED00228,2026-09-28,5,1.8213,0.8235,2.5001,3.0,1.5713,0.0,8.7681,3.7992
MED00229,2026-09-28,5,0.5001,0.794,0.0,0.0,0.5021,0.0,5.508,2.6426
MED00230,2026-09-28,5,13.1528,15.2359,10.6177,11.25,13.4211,1.9157,32.0785,9.8493
MED00231,2026-09-28,5,1.6343,0.5981,1.1396,1.25,1.0841,0.0,7.3778,3.3225
MED00232,2026-09-28,5,2.9051,4.1052,1.0526,1.125,2.9601,0.0,12.2617,4.9104
MED00233,2026-09-28,5,0.6436,0.3796,0.6049,0.625,0.5248,0.0,5.5869,2.6723
MED00234,2026-09-28,5,1.858,1.2006,1.9106,2.125,1.5984,0.0,8.8422,3.824
MED00235,2026-09-28,5,68.1457,74.2512,61.0752,61.625,69.0488,43.3325,110.751,22.0148
MED00236,2026-09-28,5,2.1832,2.7174,1.7517,1.875,2.3037,0.0,10.6767,4.4202
MED00237,2026-09-28,5,3.9557,4.4601,5.0289,6.625,4.4297,0.0,15.5323,5.8611
MED00238,2026-09-28,5,1.9394,1.7012,1.4731,1.625,1.7291,0.0,9.195,3.9413
MED00239,2026-09-28,5,3.4062,4.539,4.1549,4.5,4.0632,0.0,14.7451,5.639
MED00240,2026-09-28,5,3.966,3.9251,4.458,6.125,4.072,0.0,14.7641,5.6445
MED00241,2026-09-28,5,2.4781,3.1673,2.1705,2.375,2.6935,0.0,11.6296,4.7174
MED00242,2026-09-28,5,9.9204,13.1192,8.4835,8.75,10.9165,0.4974,27.8123,8.9194
MED00243,2026-09-28,5,0.1646,0.084,0.1305,0.125,0.1229,0.0,4.0695,2.0834
MED00244,2026-09-28,5,2.0905,2.3046,1.9235,2.125,2.1415,0.0,10.2686,4.2904
MED00245,2026-09-28,5,72.4978,64.1399,76.4555,79.25,70.0428,44.1434,112.0419,22.1716
MED00246,2026-09-28,5,4.9373,6.0299,6.099,6.75,5.679,0.0,18.109,6.5619
MED00247,2026-09-28,5,11.5841,14.2247,11.4237,12.375,12.658,1.4724,30.7968,9.5756
MED00248,2026-09-28,5,2.1561,1.7155,2.1018,2.5,1.9614,0.0,9.8066,4.1415
MED00249,2026-09-28,5,23.0398,25.7556,33.4641,34.25,26.718,10.6304,52.8061,13.7721
MED00250,2026-09-28,5,10.8088,8.9483,11.1133,16.125,10.1175,0.0696,26.4113,8.6016
MED00251,2026-09-28,5,1.8441,1.3862,2.6016,2.875,1.8383,0.0,9.4848,4.0366
MED00252,2026-09-28,5,0.3799,0.1496,0.7549,0.75,0.375,0.0,5.0524,2.4692
MED00253,2026-09-28,5,3.5724,4.4238,3.6423,4.0,3.9479,0.0,14.494,5.5674
MED00254,2026-09-28,5,0.3514,0.154,1.0063,1.0,0.4279,0.0,5.2448,2.5429
MED00255,2026-09-28,5,4.8209,6.5073,4.8058,6.625,5.5253,0.0,17.7997,6.4798
MED00256,2026-09-28,5,2.1886,2.042,1.1077,1.25,1.8681,0.0,9.5632,4.0623
MED00257,2026-09-28,5,4.1841,4.6919,5.5068,7.5,4.7201,0.0,16.1451,6.0313
MED00258,2026-09-28,5,2.1899,2.4386,3.5195,3.875,2.6176,0.0,11.4468,4.661
MED00259,2026-09-28,5,2.1999,2.081,2.8278,3.125,2.3045,0.0,10.6786,4.4208
MED00260,2026-09-28,5,0.4795,0.4488,1.1559,1.125,0.6309,0.0,5.9485,2.8072
MED00261,2026-09-28,5,0.7214,0.7535,0.1292,0.125,0.5922,0.0,5.8181,2.7588
MED00262,2026-09-28,5,3.2012,2.6662,3.7106,5.0,3.1046,0.0,12.5985,5.0119
MED00263,2026-09-28,5,3.0138,3.6103,4.8785,5.375,3.7168,0.0,13.9853,5.4208
MED00264,2026-09-28,5,0.3724,0.1308,0.0,0.0,0.1819,0.0,4.3113,2.1799
MED00265,2026-09-28,5,5.8463,7.2525,9.3349,10.375,7.2828,0.0,21.233,7.3644
MED00266,2026-09-28,5,16.2594,15.2068,6.4364,6.25,13.4596,1.9383,32.1427,9.8629
MED00267,2026-09-28,5,4.3024,6.1476,3.5229,3.875,4.8875,0.0,16.4941,6.1272
MED00268,2026-09-28,5,2.1135,2.5781,3.3043,3.625,2.5975,0.0,11.3983,4.646
MED00269,2026-09-28,5,2.1799,2.1947,1.9563,2.125,2.1342,0.0,10.25,4.2844
MED00270,2026-09-28,5,2.294,2.1052,4.4173,4.875,2.7314,0.0,11.7203,4.7453
MED00271,2026-09-28,5,1.6856,2.3325,3.2214,4.25,2.3287,0.0,10.739,4.4398
MED00272,2026-09-28,5,3.8872,4.2796,4.1634,4.875,4.1215,0.0,14.8715,5.675
MED00273,2026-09-28,5,3.1758,3.0542,2.0861,2.625,2.8646,0.0,12.0369,4.8421
MED00274,2026-09-28,5,0.7775,0.3048,0.363,0.375,0.4809,0.0,5.4333,2.6144
MED00275,2026-09-28,5,11.3409,7.5853,11.9375,14.25,9.9305,0.0,26.0803,8.5256
MED00276,2026-09-28,5,1.896,1.8459,2.0612,2.25,1.917,0.0,9.691,4.104
MED00277,2026-09-28,5,0.1982,0.1842,0.0,0.0,0.1446,0.0,4.1593,2.1194
MED00278,2026-09-28,5,7.6926,8.9832,9.8614,11.25,8.7633,0.0,23.9827,8.0344
MED00279,2026-09-28,5,20.955,21.2281,22.8297,22.25,21.5435,7.0657,45.0212,12.394
MED00280,2026-09-28,5,0.229,0.161,0.2608,0.25,0.2086,0.0,4.4177,2.2221
MED00281,2026-09-28,5,13.5501,10.8101,13.0489,15.875,12.2998,1.2675,30.19,9.4443
MED00282,2026-09-28,5,3.4385,2.7148,2.6934,3.25,2.9598,0.0,12.2611,4.9102
MED00283,2026-09-28,5,2.4,2.6695,3.1117,3.625,2.687,0.0,11.6141,4.7126
MED00284,2026-09-28,5,1.4402,0.9522,0.457,0.625,1.0002,0.0,7.1251,3.2333
MED00285,2026-09-28,5,4.844,5.5418,6.6106,7.375,5.5673,0.0,17.8846,6.5023
MED00286,2026-09-28,5,3.9776,3.7616,5.5154,7.0,4.2637,0.0,15.1777,5.7616
MED00287,2026-09-28,5,3.3002,3.6833,3.2545,3.625,3.4522,0.0,13.3933,5.248
MED00288,2026-09-28,5,41.5198,43.2907,35.1764,38.625,40.7647,20.9561,72.8867,16.9574
MED00289,2026-09-28,5,4.0062,4.2174,6.1766,8.75,4.6235,0.0,15.9422,5.9752
MED00290,2026-09-28,5,1.8637,1.1547,1.0078,1.125,1.3628,0.0,8.1876,3.6029
MED00291,2026-09-28,5,12.5895,18.21,2.8198,3.0,12.5815,1.4285,30.6676,9.5477
MED00292,2026-09-28,5,1.9649,1.3696,0.983,1.25,1.481,0.0,8.5191,3.7155
MED00293,2026-09-28,5,4.0218,3.2131,7.7561,9.875,4.5923,0.0,15.8764,5.957
MED00294,2026-09-28,5,1.3333,0.713,0.7294,1.0,0.9298,0.0,6.9092,3.1565
MED00295,2026-09-28,5,0.2712,0.2066,0.0,0.0,0.1789,0.0,4.2991,2.1751
MED00296,2026-09-28,5,3.9322,4.0771,4.0648,4.5,4.0287,0.0,14.6701,5.6177
MED00297,2026-09-28,5,5.7602,7.2508,6.0853,6.625,6.4662,0.0,19.6644,6.9674
MED00298,2026-09-28,5,2.1882,1.7131,3.5741,4.0,2.3277,0.0,10.7363,4.439
MED00299,2026-09-28,5,0.3997,0.2995,0.2505,0.25,0.3222,0.0,4.8564,2.3937
MED00300,2026-09-28,5,1.9229,1.8752,0.2267,0.25,1.4945,0.0,8.5564,3.7281
MED00301,2026-09-28,5,4.7834,6.7373,5.1813,5.625,5.6992,0.0,18.1496,6.5726
MED00302,2026-09-28,5,9.5112,8.8804,4.4433,4.375,8.0312,0.0,22.6368,7.7104
MED00303,2026-09-28,5,2.7127,2.4027,2.8536,3.625,2.6202,0.0,11.4532,4.663
MED00304,2026-09-28,5,3.6845,4.6984,3.3209,4.625,4.023,0.0,14.6577,5.6141
MED00305,2026-09-28,5,1.8798,1.9308,1.031,1.125,1.6976,0.0,9.1104,3.9133
MED00306,2026-09-28,5,0.3909,0.2445,0.0,0.0,0.2357,0.0,4.5246,2.2642
MED00307,2026-09-28,5,28.0344,27.3909,35.5679,36.375,29.6172,12.6944,57.0595,14.487
MED00308,2026-09-28,5,0.6424,0.6846,0.5161,0.5,0.63,0.0,5.9457,2.8062
MED00309,2026-09-28,5,3.0428,3.7275,1.6803,2.25,3.0016,0.0,12.3589,4.9398
MED00310,2026-09-28,5,3.3574,3.2872,2.5909,3.25,3.146,0.0,12.6942,5.0405
MED00311,2026-09-28,5,3.308,3.8984,3.2858,4.375,3.5522,0.0,13.6182,5.3139
MED00312,2026-09-28,5,0.6251,0.2097,0.3603,0.375,0.3884,0.0,5.1017,2.4882
MED00313,2026-09-28,5,0.5115,0.2337,1.7832,1.75,0.7039,0.0,6.1905,2.8964
MED00314,2026-09-28,5,12.3788,11.5864,8.917,8.75,11.223,0.665,28.3442,9.0384
MED00315,2026-09-28,5,9.5256,10.8139,10.0468,11.25,10.1985,0.1123,26.5543,8.6344
MED00316,2026-09-28,5,2.7284,3.2567,2.3766,2.625,2.8663,0.0,12.041,4.8434
MED00317,2026-09-28,5,2.2265,2.3528,2.607,2.875,2.3735,0.0,10.85,4.4748
MED00318,2026-09-28,5,2.665,1.8023,3.609,5.0,2.5364,0.0,11.2498,4.5999
MED00319,2026-09-28,5,11.0684,12.8406,10.0735,11.0,11.5777,0.8611,28.9559,9.1741
MED00320,2026-09-28,5,6.9273,6.6154,3.4659,3.75,5.9665,0.0,18.6824,6.7128
MED00321,2026-09-28,5,0.6423,0.8835,3.8203,3.75,1.5126,0.0,8.6066,3.745
MED00322,2026-09-28,5,0.1662,0.1534,0.0,0.0,0.1208,0.0,4.0608,2.0799
MED00323,2026-09-28,5,1.1002,0.5289,2.4084,2.5,1.1796,0.0,7.6603,3.4212
MED00324,2026-09-28,5,1.5234,1.0345,1.4272,2.0,1.2978,0.0,8.0025,3.5395
MED00325,2026-09-28,5,6.6064,8.4647,5.0017,5.75,6.9996,0.0,20.6936,7.2292
MED00326,2026-09-28,5,9.0166,11.8946,7.8909,8.5,9.9533,0.0,26.1207,8.5349
MED00327,2026-09-28,5,2.7587,4.2847,2.0862,2.25,3.235,0.0,12.8991,5.1017
MED00328,2026-09-28,5,3.9724,4.5318,5.117,5.625,4.4866,0.0,15.6531,5.8949
MED00329,2026-09-28,5,10.7376,12.5961,10.6496,11.625,11.502,0.8191,28.8258,9.1453
MED00330,2026-09-28,5,4.0705,4.7572,5.4136,6.125,4.686,0.0,16.0735,6.0115
MED00331,2026-09-28,5,1.8984,1.344,2.1564,2.375,1.7316,0.0,9.2015,3.9434
MED00332,2026-09-28,5,2.7432,3.8334,2.6289,2.875,3.1729,0.0,12.7562,5.0591
MED00333,2026-09-28,5,3.0157,2.56,5.4448,6.25,3.4165,0.0,13.3126,5.2242
MED00334,2026-09-28,5,10.6991,13.3588,4.0836,4.375,10.218,0.1227,26.5887,8.6422
MED00335,2026-09-28,5,5.4962,5.7257,7.4241,6.5,6.0639,0.0,18.8753,6.7632
MED00336,2026-09-28,5,10.1189,10.7535,10.0587,11.25,10.3791,0.2082,26.8725,8.707
MED00337,2026-09-28,5,64.5794,55.1308,59.1347,60.25,59.3863,35.5232,98.0833,20.4284
MED00338,2026-09-28,5,13.553,13.9709,1.2806,1.25,10.7709,0.4185,27.5586,8.8624
MED00339,2026-09-28,5,1.8619,1.3304,0.2735,0.375,1.2577,0.0,7.8873,3.4998
MED00340,2026-09-28,5,1.6339,2.6498,0.2729,0.25,1.7298,0.0,9.1967,3.9419
MED00341,2026-09-28,5,4.9425,6.4629,7.9384,8.375,6.3064,0.0,19.3523,6.887
MED00342,2026-09-28,5,2.0415,1.9437,1.2356,1.375,1.8078,0.0,9.4042,4.0102
MED00343,2026-09-28,5,10.0643,10.3892,10.5118,11.625,10.3181,0.1758,26.7652,8.6825
MED00344,2026-09-28,5,4.3167,5.0276,5.313,5.625,4.8586,0.0,16.434,6.1108
MED00345,2026-09-28,5,0.1664,0.1063,0.0,0.0,0.1012,0.0,3.9785,2.0468
MED00346,2026-09-28,5,3.0481,3.6797,1.8572,2.0,3.0263,0.0,12.4166,4.9572
MED00347,2026-09-28,5,0.2086,0.181,0.0,0.0,0.1468,0.0,4.1685,2.1231
MED00348,2026-09-28,5,1.836,1.3606,1.2594,1.375,1.5001,0.0,8.572,3.7333
MED00349,2026-09-28,5,2.2867,2.1079,1.8301,2.0,2.1039,0.0,10.1731,4.2598
MED00350,2026-09-28,5,1.1187,1.99,2.5497,2.5,1.8294,0.0,9.4614,4.029
MED00351,2026-09-28,5,0.4896,0.6608,0.0,0.0,0.443,0.0,5.2989,2.5634
MED00352,2026-09-28,5,0.2293,0.348,0.0,0.0,0.2236,0.0,4.4771,2.2455
MED00353,2026-09-28,5,0.7943,0.5034,0.0,0.0,0.4816,0.0,5.4358,2.6154
MED00354,2026-09-28,5,0.8847,1.2009,1.2753,1.25,1.1119,0.0,7.4607,3.3516
MED00355,2026-09-28,5,9.5561,10.1175,8.9374,11.5,9.6501,0.0,25.5813,8.4102
MED00356,2026-09-28,5,1.9651,2.0744,1.722,1.875,1.9538,0.0,9.787,4.1352
MED00357,2026-09-28,5,0.2184,0.1096,0.2616,0.25,0.1837,0.0,4.3184,2.1827
MED00358,2026-09-28,5,4.8541,5.4486,2.7306,3.375,4.5929,0.0,15.8779,5.9574
MED00359,2026-09-28,5,2.1464,2.2813,1.3851,1.5,2.0206,0.0,9.9595,4.191
MED00360,2026-09-28,5,2.8302,2.0069,3.042,3.875,2.541,0.0,11.261,4.6034
MED00361,2026-09-28,5,2.2371,2.2345,4.3409,4.875,2.7474,0.0,11.7585,4.757
MED00362,2026-09-28,5,2.4616,2.1333,4.2164,4.875,2.7518,0.0,11.7692,4.7603
MED00363,2026-09-28,5,1.7635,1.4792,2.2674,2.5,1.7686,0.0,9.3004,3.9761
MED00364,2026-09-28,5,0.1904,0.2009,0.0,0.0,0.1489,0.0,4.1771,2.1265
MED00365,2026-09-28,5,2.181,2.3926,1.8896,2.125,2.2009,0.0,10.4189,4.3384
MED00366,2026-09-28,5,9.4894,10.0239,10.215,11.25,9.8974,0.0,26.0215,8.512
MED00367,2026-09-28,5,2.1577,2.6707,1.4787,1.625,2.2095,0.0,10.4405,4.3452
MED00368,2026-09-28,5,2.7365,3.4121,4.5478,5.0,3.4593,0.0,13.4093,5.2527
MED00369,2026-09-28,5,3.68,3.9364,3.5402,5.0,3.7568,0.0,14.0737,5.4464
MED00370,2026-09-28,5,0.4016,0.2254,0.0,0.0,0.2314,0.0,4.5078,2.2575
MED00371,2026-09-28,5,20.0647,14.0979,14.2829,14.0,16.1974,3.5969,36.6307,10.7869
MED00372,2026-09-28,5,0.1949,0.1078,0.1308,0.125,0.1432,0.0,4.1538,2.1172
MED00373,2026-09-28,5,0.6348,0.5451,0.9135,0.875,0.6655,0.0,6.0639,2.8498
MED00374,2026-09-28,5,1.8983,1.3224,2.142,2.75,1.719,0.0,9.1679,3.9323
MED00375,2026-09-28,5,16.3178,17.0743,13.7716,13.5,16.0334,3.4949,36.3661,10.7338
MED00376,2026-09-28,5,2.1083,2.0518,1.8233,2.0,2.0179,0.0,9.9526,4.1888
MED00377,2026-09-28,5,0.5098,0.6546,0.8908,0.875,0.6629,0.0,6.0555,2.8467
MED00378,2026-09-28,5,2.2815,2.6382,1.934,2.125,2.3484,0.0,10.7879,4.4552
MED00379,2026-09-28,5,0.5743,0.8635,2.5475,2.5,1.173,0.0,7.6409,3.4144
MED00380,2026-09-28,5,0.4799,0.4046,0.0,0.0,0.3328,0.0,4.8963,2.4091
MED00381,2026-09-28,5,1.4245,2.4886,1.2757,1.25,1.8336,0.0,9.4725,4.0326
MED00382,2026-09-28,5,2.397,1.554,2.9536,3.75,2.1826,0.0,10.3726,4.3236
MED00383,2026-09-28,5,6.4399,8.8317,5.4484,5.75,7.2038,0.0,21.083,7.3269
MED00384,2026-09-28,5,2.0454,1.975,1.9224,2.125,1.9883,0.0,9.8763,4.1641
MED00385,2026-09-28,5,18.6806,22.0046,17.5925,20.25,19.8221,5.921,42.3643,11.9002
MED00386,2026-09-28,5,14.3285,14.746,12.523,14.125,14.08,2.3055,33.1738,10.0797
MED00387,2026-09-28,5,19.0358,22.4708,21.0174,22.5,20.9668,6.6796,44.1352,12.2308
MED00388,2026-09-28,5,73.5173,122.9779,93.4589,84.125,99.0417,68.2761,148.932,26.3374
MED00389,2026-09-28,5,8.2691,9.666,8.5625,11.25,8.9309,0.0,24.2873,8.1067
MED00390,2026-09-28,5,17.4413,21.5115,22.8894,34.25,20.4745,6.3521,43.3757,12.0897
MED00391,2026-09-28,5,16.7786,16.6653,19.9352,24.875,17.512,4.4249,38.7345,11.2035
MED00392,2026-09-28,5,17.174,18.9474,18.6934,22.625,18.2984,4.9286,39.9791,11.4454
MED00393,2026-09-28,5,13.3219,12.2807,8.6203,10.125,11.7632,0.9647,29.2744,9.2443
MED00394,2026-09-28,5,13.9279,12.451,13.6301,16.25,13.2539,1.8178,31.7989,9.79
MED00395,2026-09-28,5,17.0516,17.5567,16.2866,18.375,17.0942,4.1597,38.069,11.0727
MED00396,2026-09-28,5,55.2496,54.6948,47.0451,46.75,53.088,30.5146,89.6936,19.3243
MED00397,2026-09-28,5,45.8824,49.4072,48.2079,48.125,47.9609,26.4945,82.7714,18.3767
MED00398,2026-09-28,5,97.6727,114.0409,123.4171,128.0,110.8261,78.2902,163.587,27.8528
MED00399,2026-09-28,5,85.6464,119.1467,115.1618,115.75,106.8444,74.8957,158.6532,27.3502
MED00400,2026-09-28,5,71.7794,72.6232,72.8281,69.875,72.4569,46.118,115.1685,22.5478
MED00401,2026-09-28,5,14.1012,12.7037,12.9569,20.875,13.2556,1.8189,31.8018,9.7906
MED00402,2026-09-28,5,18.8258,16.3752,19.4974,29.875,17.9852,4.7273,39.4846,11.3497
MED00403,2026-09-28,5,12.7858,16.8717,9.1479,9.125,13.6221,2.034,32.4136,9.9202
MED00404,2026-09-28,5,4.507,6.4553,5.7516,6.125,5.6251,0.0,18.0008,6.5332
MED00405,2026-09-28,5,7.2468,8.5083,6.6962,7.375,7.6468,0.0,21.9196,7.5347
MED00406,2026-09-28,5,20.27,24.1913,23.8422,26.75,22.7899,7.9084,46.9222,12.7396
MED00407,2026-09-28,5,18.2541,17.4233,20.2826,30.5,18.4168,5.005,40.1657,11.4814
MED00408,2026-09-28,5,6.4013,6.4394,7.1438,11.25,6.6033,0.0,19.9306,7.0356
MED00409,2026-09-28,5,10.5682,11.3073,7.7089,10.875,10.195,0.1105,26.5483,8.633
MED00410,2026-09-28,5,8.8413,9.3821,9.5502,14.0,9.2472,0.0,24.8591,8.2416
MED00411,2026-09-28,5,17.8916,18.0446,20.1734,26.125,18.5255,5.0752,40.3368,11.5143
MED00412,2026-09-28,5,11.8858,8.1677,11.4134,14.0,10.2329,0.1306,26.6151,8.6483
MED00413,2026-09-28,5,13.2685,10.9322,10.063,12.875,11.5318,0.8356,28.877,9.1566
MED00414,2026-09-28,5,17.9592,16.0756,18.575,24.125,17.3408,4.316,38.462,11.1501
MED00415,2026-09-28,5,12.6602,9.8202,12.2011,15.75,11.3775,0.7501,28.6111,9.0977
MED00416,2026-09-28,5,17.2487,15.8769,17.6828,23.75,16.799,3.9735,37.5971,10.9795
MED00417,2026-09-28,5,7.3002,6.6447,6.2459,7.5,6.779,0.0,20.2702,7.1221
MED00418,2026-09-28,5,6.9069,5.9386,7.9005,9.375,6.7505,0.0,20.2152,7.1081
MED00419,2026-09-28,5,8.558,7.7538,8.4232,10.125,8.1986,0.0,22.9468,7.7857
MED00420,2026-09-28,5,18.944,18.1925,19.6196,30.625,18.8131,5.2615,40.7886,11.601
MED00421,2026-09-28,5,20.2984,15.9133,23.1152,34.125,19.1718,5.495,41.3505,11.7083
MED00422,2026-09-28,5,16.9436,15.4188,18.3205,23.375,16.6579,3.8848,37.3711,10.9346
MED00423,2026-09-28,5,12.0677,11.2459,9.9418,11.25,11.2226,0.6648,28.3435,9.0382
MED00424,2026-09-28,5,69.6516,85.2908,109.4673,118.875,85.8782,57.2189,132.3528,24.5342
MED00001,2026-10-05,6,12.6838,8.8177,12.1922,15.125,10.9653,0.524,27.8973,8.9385
MED00002,2026-10-05,6,0.1361,0.1039,0.1307,0.125,0.1215,0.0,4.0636,2.0811
MED00003,2026-10-05,6,0.2879,0.5098,0.0,0.0,0.311,0.0,4.8144,2.3773
MED00004,2026-10-05,6,0.8326,0.6493,1.7801,1.75,0.9863,0.0,7.0826,3.2183
MED00005,2026-10-05,6,2.2027,3.54,1.9073,1.875,2.6911,0.0,11.6237,4.7156
MED00006,2026-10-05,6,1.6261,1.0689,0.2267,0.25,1.0567,0.0,7.2958,3.2936
MED00007,2026-10-05,6,3.005,3.8241,2.4957,2.75,3.2263,0.0,12.8791,5.0958
MED00008,2026-10-05,6,0.6212,0.4843,1.4166,1.375,0.7572,0.0,6.3641,2.9599
MED00009,2026-10-05,6,3.3558,3.8295,3.2668,3.875,3.5352,0.0,13.58,5.3027
MED00010,2026-10-05,6,3.8831,3.6181,4.5238,4.125,3.9315,0.0,14.4581,5.5571
MED00011,2026-10-05,6,21.8032,21.7465,24.6201,24.875,22.4831,7.6999,46.4558,12.6554
MED00012,2026-10-05,6,2.0331,2.8557,0.3439,0.375,1.9694,0.0,9.8273,4.1482
MED00013,2026-10-05,6,3.5375,4.1256,5.9014,6.375,4.3583,0.0,15.3803,5.8185
MED00014,2026-10-05,6,15.5034,14.1812,24.3991,28.0,17.1203,4.1763,38.1107,11.081
MED00015,2026-10-05,6,0.4828,0.3347,0.9102,0.875,0.525,0.0,5.5875,2.6726
MED00016,2026-10-05,6,2.1065,1.7105,4.2467,4.75,2.4614,0.0,11.0666,4.5427
MED00017,2026-10-05,6,1.8906,1.8155,2.1668,2.375,1.928,0.0,9.7198,4.1133
MED00018,2026-10-05,6,75.4441,67.534,84.6293,87.75,74.4439,47.7488,117.7333,22.8528
MED00019,2026-10-05,6,45.1879,38.8526,46.8353,49.375,42.99,22.6543,75.9667,17.4086
MED00020,2026-10-05,6,10.8835,12.4108,14.8413,14.875,12.489,1.3755,30.511,9.5139
MED00021,2026-10-05,6,3.7534,3.7912,3.3114,4.5,3.666,0.0,13.8723,5.388
MED00022,2026-10-05,6,2.3674,1.4498,2.4498,3.375,2.0071,0.0,9.9247,4.1798
MED00023,2026-10-05,6,1.2376,1.0288,0.1912,0.25,0.8985,0.0,6.8121,3.1218
MED00024,2026-10-05,6,2.7457,3.0412,2.1101,2.875,2.7178,0.0,11.6879,4.7354
MED00025,2026-10-05,6,0.1113,0.1093,0.0,0.0,0.0836,0.0,3.9038,2.0167
MED00026,2026-10-05,6,0.3361,0.3129,0.1298,0.125,0.2768,0.0,4.6841,2.3266
MED00027,2026-10-05,6,0.2198,0.1255,0.0,0.0,0.1275,0.0,4.0886,2.0911
MED00028,2026-10-05,6,0.4871,0.5883,0.52,0.5,0.5378,0.0,5.6318,2.6892
MED00029,2026-10-05,6,11.7641,11.8111,13.6045,17.375,12.2409,1.234,30.0898,9.4226
MED00030,2026-10-05,6,3.6871,3.5155,4.174,5.5,3.7371,0.0,14.0302,5.4338
MED00031,2026-10-05,6,3.0843,3.5855,2.6124,3.25,3.1822,0.0,12.7776,5.0655
MED00032,2026-10-05,6,2.3387,1.6943,2.1166,2.75,2.0186,0.0,9.9545,4.1894
MED00033,2026-10-05,6,1.0038,1.7598,1.911,1.875,1.5396,0.0,8.6811,3.77
MED00034,2026-10-05,6,20.5247,21.6241,25.5643,25.0,22.2233,7.5239,46.0601,12.5836
MED00035,2026-10-05,6,0.4693,0.1943,0.4039,0.375,0.3393,0.0,4.9202,2.4183
MED00036,2026-10-05,6,1.6261,1.3055,2.2892,2.25,1.6545,0.0,8.9944,3.8748
MED00037,2026-10-05,6,3.7594,3.3502,5.2047,5.5,3.9423,0.0,14.4817,5.5638
MED00038,2026-10-05,6,12.7558,11.1322,13.9639,20.0,12.3839,1.3154,30.3328,9.4753
MED00039,2026-10-05,6,1.0303,1.2285,1.2329,1.25,1.163,0.0,7.6116,3.4042
MED00040,2026-10-05,6,0.5273,0.4986,1.003,1.0,0.631,0.0,5.9488,2.8073
MED00041,2026-10-05,6,0.5978,0.459,0.1209,0.125,0.4251,0.0,5.2348,2.539
MED00042,2026-10-05,6,3.2519,3.3177,2.0264,2.0,2.986,0.0,12.3224,4.9287
MED00043,2026-10-05,6,0.4492,0.3989,0.5223,0.5,0.4464,0.0,5.311,2.5681
MED00044,2026-10-05,6,1.9715,1.8302,0.9143,1.25,1.6587,0.0,9.0058,3.8785
MED00045,2026-10-05,6,1.7175,1.6763,0.1143,0.125,1.314,0.0,8.049,3.5554
MED00046,2026-10-05,6,2.2713,2.3714,0.8288,1.125,1.9662,0.0,9.8191,4.1456
MED00047,2026-10-05,6,4.828,6.3122,6.5533,7.375,5.8692,0.0,18.4892,6.6621
MED00048,2026-10-05,6,12.7538,15.0601,14.6863,17.75,14.1959,2.3747,33.3655,10.1197
MED00049,2026-10-05,6,0.1652,0.1157,0.0,0.0,0.1048,0.0,3.9935,2.0529
MED00050,2026-10-05,6,2.6556,3.4159,2.4536,2.625,2.9264,0.0,12.1826,4.8864
MED00051,2026-10-05,6,0.1446,0.1121,0.0,0.0,0.0962,0.0,3.9574,2.0383
MED00052,2026-10-05,6,0.4718,0.5037,0.5259,0.5,0.4987,0.0,5.4958,2.638
MED00053,2026-10-05,6,5.7904,6.6246,6.8255,10.0,6.3946,0.0,19.5246,6.9314
MED00054,2026-10-05,6,5.7741,7.1939,8.4123,11.75,7.0104,0.0,20.7143,7.2344
MED00055,2026-10-05,6,0.9213,0.7986,1.3466,1.25,0.974,0.0,7.045,3.2049
MED00056,2026-10-05,6,0.6497,0.3706,1.0035,1.0,0.6196,0.0,5.9106,2.7932
MED00057,2026-10-05,6,0.439,0.3374,0.1257,0.125,0.3212,0.0,4.8528,2.3923
MED00058,2026-10-05,6,1.6428,1.2011,0.1138,0.125,1.0903,0.0,7.3962,3.3289
MED00059,2026-10-05,6,7.6897,7.0251,9.2686,11.75,7.8023,0.0,22.2107,7.6063
MED00060,2026-10-05,6,5.7494,4.301,6.0781,7.625,5.2307,0.0,17.2014,6.3194
MED00061,2026-10-05,6,0.6171,0.8007,0.7931,0.75,0.7369,0.0,6.2982,2.9359
MED00062,2026-10-05,6,12.8405,9.3257,12.153,15.875,11.2213,0.664,28.3411,9.0377
MED00063,2026-10-05,6,0.1296,0.118,0.0,0.0,0.0935,0.0,3.946,2.0337
MED00064,2026-10-05,6,23.5875,26.2711,22.7494,25.375,24.5274,9.1007,49.5436,13.2062
MED00065,2026-10-05,6,64.0579,58.1966,48.0841,51.5,57.8121,34.2647,95.9972,20.1581
MED00066,2026-10-05,6,0.4274,0.3494,0.5161,0.5,0.4167,0.0,5.2046,2.5275
MED00067,2026-10-05,6,2.1652,2.784,3.559,3.875,2.7627,0.0,11.7951,4.7683
MED00068,2026-10-05,6,3.3991,2.7328,4.4729,6.25,3.3845,0.0,13.24,5.2028
MED00069,2026-10-05,6,1.7577,1.437,0.9103,1.25,1.4207,0.0,8.3508,3.6585
MED00070,2026-10-05,6,11.4757,12.0144,11.7678,15.625,11.7825,0.9755,29.3075,9.2515
MED00071,2026-10-05,6,2.0841,2.0225,1.5361,2.125,1.9279,0.0,9.7195,4.1132
MED00072,2026-10-05,6,2.1321,1.4836,2.2683,3.125,1.8967,0.0,9.6382,4.0868
MED00073,2026-10-05,6,3.1909,2.963,4.569,6.25,3.4325,0.0,13.3489,5.2349
MED00074,2026-10-05,6,3.0275,2.4252,3.6837,5.125,2.9382,0.0,12.2102,4.8948
MED00075,2026-10-05,6,3.009,2.3991,3.1867,4.875,2.8007,0.0,11.8854,4.7959
MED00076,2026-10-05,6,0.2349,0.0844,0.262,0.25,0.1789,0.0,4.2992,2.1751
MED00077,2026-10-05,6,3.9121,3.1658,4.7496,7.25,3.8075,0.0,14.1857,5.4787
MED00078,2026-10-05,6,2.8817,4.4116,2.4571,3.125,3.4198,0.0,13.32,5.2264
MED00079,2026-10-05,6,21.6514,31.3594,16.2199,18.0,24.4069,9.0174,49.3628,13.1744
MED00080,2026-10-05,6,3.3224,2.2403,4.4073,6.125,3.1371,0.0,12.6735,5.0344
MED00081,2026-10-05,6,0.3743,0.3965,0.262,0.25,0.3568,0.0,4.9853,2.4434
MED00082,2026-10-05,6,2.8145,3.6981,2.0341,2.75,2.9969,0.0,12.3478,4.9364
MED00083,2026-10-05,6,3.1838,2.7931,3.1457,4.375,3.0148,0.0,12.3897,4.9491
MED00084,2026-10-05,6,43.6417,43.1509,43.6089,39.875,43.4727,23.0245,76.632,17.505
MED00085,2026-10-05,6,2.0745,1.7619,2.9447,3.25,2.1568,0.0,10.3075,4.3028
MED00086,2026-10-05,6,0.343,0.2938,0.0,0.0,0.2398,0.0,4.5409,2.2705
MED00087,2026-10-05,6,1.7806,1.5995,1.8251,2.0,1.7176,0.0,9.1643,3.9311
MED00088,2026-10-05,6,29.7255,28.9211,30.8554,28.0,29.6932,12.7492,57.1702,14.5053
MED00089,2026-10-05,6,17.069,19.1208,8.3569,8.0,15.8333,3.371,36.0426,10.6686
MED00090,2026-10-05,6,2.5484,3.6675,3.691,4.875,3.2941,0.0,13.0343,5.1419
MED00091,2026-10-05,6,2.0877,1.9986,1.7807,2.5,1.9783,0.0,9.8505,4.1558
MED00092,2026-10-05,6,1.6662,1.4608,1.3698,1.5,1.5105,0.0,8.6009,3.743
MED00093,2026-10-05,6,0.2681,0.1691,0.2596,0.25,0.225,0.0,4.4828,2.2477
MED00094,2026-10-05,6,0.5612,0.395,0.7793,0.75,0.5453,0.0,5.6577,2.6989
MED00095,2026-10-05,6,2.9276,3.681,3.4862,3.875,3.3799,0.0,13.2295,5.1997
MED00096,2026-10-05,6,13.9315,10.2475,12.2149,13.75,11.9938,1.0942,29.6689,9.3308
MED00097,2026-10-05,6,0.4236,0.5375,0.0,0.0,0.369,0.0,5.0305,2.4608
MED00098,2026-10-05,6,8.0191,8.3202,8.5027,9.625,8.2697,0.0,23.078,7.8174
MED00099,2026-10-05,6,0.2346,0.26,0.0,0.0,0.1887,0.0,4.3383,2.1906
MED00100,2026-10-05,6,0.1567,0.0907,0.131,0.125,0.1231,0.0,4.0704,2.0838
MED00101,2026-10-05,6,4.0032,4.6973,6.3319,7.25,4.8602,0.0,16.4374,6.1117
MED00102,2026-10-05,6,4.5259,3.2184,3.3308,3.5,3.696,0.0,13.939,5.4074
MED00103,2026-10-05,6,2.7272,3.4797,0.9254,1.0,2.6077,0.0,11.4228,4.6536
MED00104,2026-10-05,6,7.2158,9.0913,7.5357,8.375,8.0825,0.0,22.7319,7.7335
MED00105,2026-10-05,6,11.2084,13.2303,9.2359,9.75,11.5854,0.8654,28.9691,9.177
MED00106,2026-10-05,6,0.134,0.1714,0.0,0.0,0.1173,0.0,4.0461,2.0741
MED00107,2026-10-05,6,7.726,10.212,7.5375,8.25,8.7248,0.0,23.9125,8.0177
MED00108,2026-10-05,6,2.8223,3.0924,3.5894,3.875,3.1234,0.0,12.642,5.0249
MED00109,2026-10-05,6,0.4035,0.6609,0.0,0.0,0.4136,0.0,5.1933,2.5232
MED00110,2026-10-05,6,0.4482,0.2548,0.0,0.0,0.2595,0.0,4.6176,2.3006
MED00111,2026-10-05,6,0.6677,0.6375,1.0367,1.0,0.7451,0.0,6.3248,2.9456
MED00112,2026-10-05,6,2.7847,2.9739,3.4068,3.75,3.0169,0.0,12.3945,4.9505
MED00113,2026-10-05,6,1.9301,1.5488,1.7968,2.0,1.7408,0.0,9.2261,3.9516
MED00114,2026-10-05,6,13.665,11.9199,17.6676,17.875,13.9196,2.2101,32.9081,10.0241
MED00115,2026-10-05,6,2.0401,2.1781,1.8148,2.0,2.0451,0.0,10.0227,4.2114
MED00116,2026-10-05,6,7.6157,8.7755,9.2873,10.0,8.5115,0.0,23.5225,7.9244
MED00117,2026-10-05,6,1.8274,1.9462,0.8287,0.875,1.6371,0.0,8.9471,3.859
MED00118,2026-10-05,6,1.6792,0.8889,1.5758,1.75,1.3263,0.0,8.0841,3.5675
MED00119,2026-10-05,6,1.9412,1.9374,0.6851,0.75,1.6376,0.0,8.9485,3.8595
MED00120,2026-10-05,6,12.3319,13.0963,3.5813,3.5,10.5454,0.297,27.1643,8.7732
MED00121,2026-10-05,6,3.2171,4.8737,3.2351,3.375,3.9155,0.0,14.423,5.547
MED00122,2026-10-05,6,2.3014,2.1979,4.9436,5.625,2.8999,0.0,12.1203,4.8675
MED00123,2026-10-05,6,0.8756,0.7318,0.4848,0.5,0.7219,0.0,6.2496,2.9181
MED00124,2026-10-05,6,7.5786,8.9206,7.1324,8.0,8.0378,0.0,22.649,7.7134
MED00125,2026-10-05,6,0.2623,0.1666,0.393,0.375,0.2543,0.0,4.5973,2.2927
MED00126,2026-10-05,6,0.7967,1.1071,0.0,0.0,0.7341,0.0,6.2893,2.9326
MED00127,2026-10-05,6,2.0852,1.7444,0.9568,1.125,1.6721,0.0,9.0418,3.8905
MED00128,2026-10-05,6,2.1087,2.3266,0.9182,1.0,1.9136,0.0,9.6822,4.1011
MED00129,2026-10-05,6,1.8125,1.5883,0.3435,0.375,1.3653,0.0,8.1948,3.6053
MED00130,2026-10-05,6,0.1698,0.1878,0.0,0.0,0.1363,0.0,4.1253,2.1058
MED00131,2026-10-05,6,2.1454,2.4977,1.7484,2.375,2.1984,0.0,10.4126,4.3363
MED00132,2026-10-05,6,0.5963,0.4204,0.0,0.0,0.3793,0.0,5.0682,2.4753
MED00133,2026-10-05,6,0.6525,0.321,0.7256,0.75,0.5326,0.0,5.6139,2.6825
MED00134,2026-10-05,6,0.4963,0.3522,0.0,0.0,0.3166,0.0,4.8354,2.3855
MED00135,2026-10-05,6,14.5059,14.5166,7.0644,6.875,12.724,1.5104,30.9083,9.5996
MED00136,2026-10-05,6,1.653,2.3236,2.2816,2.5,2.0864,0.0,10.1284,4.2454
MED00137,2026-10-05,6,2.245,2.239,2.2356,2.0,2.2425,0.0,10.5236,4.3716
MED00138,2026-10-05,6,2.0687,2.3457,1.8474,2.0,2.1327,0.0,10.2464,4.2832
MED00139,2026-10-05,6,2.8839,5.1932,1.1579,1.25,3.4321,0.0,13.3478,5.2346
MED00140,2026-10-05,6,1.8342,1.2894,0.7971,0.875,1.3579,0.0,8.1737,3.5981
MED00141,2026-10-05,6,4.3078,4.4457,4.4135,6.125,4.3952,0.0,15.4589,5.8406
MED00142,2026-10-05,6,0.4029,0.6065,0.378,0.375,0.4822,0.0,5.438,2.6162
MED00143,2026-10-05,6,1.8624,1.1647,1.5896,1.75,1.5073,0.0,8.592,3.7401
MED00144,2026-10-05,6,5.5818,7.9724,4.8691,5.375,6.4118,0.0,19.5582,6.9401
MED00145,2026-10-05,6,0.6093,0.6192,1.1811,1.125,0.7524,0.0,6.3485,2.9542
MED00146,2026-10-05,6,1.9137,1.6674,2.0731,2.375,1.8514,0.0,9.5194,4.048
MED00147,2026-10-05,6,1.9695,0.9522,1.5711,2.0,1.4508,0.0,8.4352,3.6871
MED00148,2026-10-05,6,5.8518,3.5783,5.6653,7.375,4.8645,0.0,16.4463,6.1141
MED00149,2026-10-05,6,3.6214,4.3951,5.306,5.75,4.3553,0.0,15.3738,5.8167
MED00150,2026-10-05,6,1.6096,1.5051,1.4988,2.0,1.5408,0.0,8.6844,3.7711
MED00151,2026-10-05,6,2.1213,2.0043,1.3659,1.5,1.8918,0.0,9.6253,4.0826
MED00152,2026-10-05,6,2.1663,2.042,1.9544,2.125,2.0653,0.0,10.0745,4.2281
MED00153,2026-10-05,6,2.1761,2.7503,0.7871,0.875,2.0816,0.0,10.116,4.2414
MED00154,2026-10-05,6,15.2571,14.8663,17.5928,18.5,15.6746,3.2729,35.7855,10.6166
MED00155,2026-10-05,6,2.0105,2.8054,2.3941,2.625,2.4368,0.0,11.0062,4.5239
MED00156,2026-10-05,6,2.4101,1.9907,3.8864,5.0,2.5949,0.0,11.3919,4.644
MED00157,2026-10-05,6,4.2875,5.4707,5.3836,6.0,5.0504,0.0,16.8313,6.2192
MED00158,2026-10-05,6,0.2599,0.1978,0.1298,0.125,0.2028,0.0,4.3948,2.213
MED00159,2026-10-05,6,11.1158,10.8075,8.971,8.75,10.4793,0.2617,27.0485,8.747
MED00160,2026-10-05,6,3.4515,6.1322,3.6173,4.0,4.6129,0.0,15.92,5.9691
MED00161,2026-10-05,6,5.8202,8.4046,5.6217,6.375,6.8557,0.0,20.4177,7.1595
MED00162,2026-10-05,6,2.1189,3.0288,0.7967,0.875,2.1805,0.0,10.3673,4.3219
MED00163,2026-10-05,6,0.3464,0.2642,0.262,0.25,0.2921,0.0,4.7424,2.3494
MED00164,2026-10-05,6,1.9323,1.8443,0.9171,1.25,1.6518,0.0,8.9871,3.8723
MED00165,2026-10-05,6,9.8564,11.3148,13.1666,13.5,11.2755,0.6939,28.435,9.0586
MED00166,2026-10-05,6,2.0841,2.8372,1.0287,1.125,2.1448,0.0,10.2771,4.2931
MED00167,2026-10-05,6,1.8459,1.2074,3.339,3.75,1.9428,0.0,9.7584,4.1259
MED00168,2026-10-05,6,1.9004,1.3835,1.4866,1.625,1.5866,0.0,8.8098,3.8132
MED00169,2026-10-05,6,1.8114,1.6151,1.2599,1.375,1.5979,0.0,8.8406,3.8235
MED00170,2026-10-05,6,1.7994,1.4224,1.8135,2.0,1.6474,0.0,8.9752,3.8684
MED00171,2026-10-05,6,2.1976,1.9374,1.9134,2.125,2.0225,0.0,9.9646,4.1927
MED00172,2026-10-05,6,1.8828,1.8453,2.8789,3.75,2.1101,0.0,10.1888,4.2648
MED00173,2026-10-05,6,2.2349,2.2986,2.6085,2.875,2.3541,0.0,10.802,4.4597
MED00174,2026-10-05,6,6.1393,6.8297,5.0331,5.375,6.1656,0.0,19.0759,6.8154
MED00175,2026-10-05,6,1.0876,1.1601,0.5386,0.5,0.9861,0.0,7.082,3.2181
MED00176,2026-10-05,6,14.2281,17.7977,11.5606,11.75,15.0853,2.9117,34.8264,10.4215
MED00177,2026-10-05,6,0.2642,0.4582,0.1297,0.125,0.3128,0.0,4.8211,2.3799
MED00178,2026-10-05,6,2.118,1.1246,2.6423,2.75,1.8327,0.0,9.4702,4.0318
MED00179,2026-10-05,6,0.5366,0.2911,0.6445,0.625,0.4609,0.0,5.3626,2.5876
MED00180,2026-10-05,6,1.9403,2.273,0.2291,0.25,1.6668,0.0,9.0277,3.8858
MED00181,2026-10-05,6,3.0173,3.7565,3.329,3.625,3.404,0.0,13.2842,5.2158
MED00182,2026-10-05,6,0.2722,0.4728,0.0,0.0,0.2902,0.0,4.7354,2.3466
MED00183,2026-10-05,6,19.2834,29.3352,15.4879,15.0,22.5758,7.7628,46.5968,12.6809
MED00184,2026-10-05,6,8.2012,11.5958,4.8585,4.75,8.816,0.0,24.0786,8.0572
MED00185,2026-10-05,6,1.9005,1.1613,2.7527,4.125,1.8004,0.0,9.3847,4.0038
MED00186,2026-10-05,6,1.8878,1.661,1.6073,1.75,1.7272,0.0,9.19,3.9396
MED00187,2026-10-05,6,2.6354,2.8058,1.2809,1.625,2.3813,0.0,10.8694,4.4809
MED00188,2026-10-05,6,3.0551,4.1988,5.0987,5.625,4.0296,0.0,14.6722,5.6183
MED00189,2026-10-05,6,0.2022,0.1943,0.0,0.0,0.1502,0.0,4.1823,2.1286
MED00190,2026-10-05,6,2.1338,3.0264,2.8959,3.25,2.6926,0.0,11.6274,4.7167
MED00191,2026-10-05,6,11.6368,13.6421,12.4834,13.0,12.6895,1.4906,30.85,9.5871
MED00192,2026-10-05,6,0.186,0.1549,0.2623,0.25,0.1917,0.0,4.3505,2.1955
MED00193,2026-10-05,6,0.125,0.1142,0.0,0.0,0.0904,0.0,3.9325,2.0283
MED00194,2026-10-05,6,8.0008,8.4733,11.4248,11.75,9.0345,0.0,24.475,8.1511
MED00195,2026-10-05,6,6.7308,7.1065,9.0679,9.375,7.4598,0.0,21.5677,7.4477
MED00196,2026-10-05,6,7.714,8.2744,5.3894,5.625,7.3929,0.0,21.4414,7.4163
MED00197,2026-10-05,6,7.4092,7.0294,11.2537,11.625,8.1886,0.0,22.9283,7.7812
MED00198,2026-10-05,6,1.763,1.2589,2.1737,2.375,1.654,0.0,8.9929,3.8743
MED00199,2026-10-05,6,1.5021,1.4873,0.9744,1.375,1.3698,0.0,8.2074,3.6096
MED00200,2026-10-05,6,1.8547,1.5329,1.4872,1.625,1.6334,0.0,8.9373,3.8557
MED00201,2026-10-05,6,8.5027,7.2598,6.74,8.375,7.5663,0.0,21.7684,7.4974
MED00202,2026-10-05,6,1.7846,1.7987,0.3382,0.375,1.4422,0.0,8.4111,3.6789
MED00203,2026-10-05,6,2.1666,2.2602,2.3512,3.25,2.2525,0.0,10.5486,4.3796
MED00204,2026-10-05,6,2.0422,2.3206,0.6876,0.75,1.8325,0.0,9.4696,4.0317
MED00205,2026-10-05,6,11.5849,14.4836,9.2654,9.75,12.244,1.2358,30.0951,9.4237
MED00206,2026-10-05,6,1.1983,1.044,1.1529,1.5,1.1242,0.0,7.4969,3.3642
MED00207,2026-10-05,6,1.9565,1.7844,2.5156,2.75,2.022,0.0,9.9632,4.1922
MED00208,2026-10-05,6,11.2396,12.6946,10.6145,11.0,11.7063,0.9329,29.1769,9.2228
MED00209,2026-10-05,6,2.8806,1.6945,4.9045,5.125,2.8786,0.0,12.0701,4.8522
MED00210,2026-10-05,6,1.2059,0.7845,2.4126,2.25,1.3234,0.0,8.0758,3.5646
MED00211,2026-10-05,6,2.2042,2.0068,2.3807,2.625,2.1668,0.0,10.3328,4.3109
MED00212,2026-10-05,6,2.1451,2.0785,0.2132,0.25,1.652,0.0,8.9875,3.8725
MED00213,2026-10-05,6,1.3151,2.0852,0.0,0.0,1.3193,0.0,8.0641,3.5606
MED00214,2026-10-05,6,10.0162,10.7105,12.0858,13.875,10.8166,0.4432,27.6383,8.8803
MED00215,2026-10-05,6,2.2771,2.479,2.0552,2.25,2.3099,0.0,10.692,4.425
MED00216,2026-10-05,6,0.0968,0.1081,0.0,0.0,0.0782,0.0,3.8806,2.0073
MED00217,2026-10-05,6,0.2351,0.19,0.2619,0.25,0.223,0.0,4.4749,2.2446
MED00218,2026-10-05,6,4.0325,5.6616,4.7509,5.375,4.8897,0.0,16.4987,6.1285
MED00219,2026-10-05,6,14.9001,9.9341,11.358,10.5,11.987,1.0904,29.6572,9.3282
MED00220,2026-10-05,6,2.1039,1.9224,2.6115,2.875,2.1532,0.0,10.2983,4.2998
MED00221,2026-10-05,6,3.0657,3.6814,1.6811,2.25,2.9905,0.0,12.3328,4.9319
MED00222,2026-10-05,6,0.4492,0.5569,0.0,0.0,0.3859,0.0,5.0924,2.4846
MED00223,2026-10-05,6,10.3402,12.5651,4.3158,4.25,9.8204,0.0,25.8847,8.4805
MED00224,2026-10-05,6,1.7752,1.4723,0.5729,0.625,1.3597,0.0,8.179,3.5999
MED00225,2026-10-05,6,3.8748,4.1841,5.1616,5.875,4.3191,0.0,15.2964,5.795
MED00226,2026-10-05,6,2.2956,1.7764,2.6356,3.625,2.1637,0.0,10.3249,4.3084
MED00227,2026-10-05,6,15.1007,14.0916,18.3802,20.25,15.4887,3.1585,35.4836,10.5554
MED00228,2026-10-05,6,1.8204,0.8004,2.5001,3.0,1.5614,0.0,8.7409,3.7901
MED00229,2026-10-05,6,0.5101,0.7923,0.0,0.0,0.5048,0.0,5.5174,2.6462
MED00230,2026-10-05,6,13.0265,15.2258,10.6177,11.25,13.3737,1.888,31.9993,9.8326
MED00231,2026-10-05,6,1.6343,0.5926,1.1396,1.25,1.0818,0.0,7.3709,3.3201
MED00232,2026-10-05,6,2.7838,4.1365,1.0526,1.125,2.9317,0.0,12.1951,4.8902
MED00233,2026-10-05,6,0.6437,0.3712,0.6049,0.625,0.5213,0.0,5.5748,2.6678
MED00234,2026-10-05,6,1.858,1.1918,1.9106,2.125,1.5948,0.0,8.8322,3.8207
MED00235,2026-10-05,6,68.1457,73.9243,61.0752,61.625,68.9125,43.2214,110.5737,21.9932
MED00236,2026-10-05,6,2.1532,2.7142,1.7517,1.875,2.2921,0.0,10.6478,4.411
MED00237,2026-10-05,6,3.9534,4.3404,5.0289,6.625,4.379,0.0,15.4244,5.8309
MED00238,2026-10-05,6,1.9394,1.6968,1.4731,1.625,1.7273,0.0,9.1901,3.9397
MED00239,2026-10-05,6,3.4062,4.5233,4.1549,4.5,4.0566,0.0,14.7308,5.635
MED00240,2026-10-05,6,3.9635,3.8477,4.458,6.125,4.0388,0.0,14.6922,5.624
MED00241,2026-10-05,6,2.461,3.1726,2.1705,2.375,2.6899,0.0,11.621,4.7148
MED00242,2026-10-05,6,9.9559,13.1387,8.4835,8.75,10.9368,0.5084,27.8476,8.9273
MED00243,2026-10-05,6,0.1646,0.0819,0.1305,0.125,0.122,0.0,4.0658,2.082
MED00244,2026-10-05,6,2.0761,2.2932,1.9235,2.125,2.1318,0.0,10.244,4.2825
MED00245,2026-10-05,6,72.4978,63.9637,76.4555,79.25,69.9693,44.0834,111.9465,22.16
MED00246,2026-10-05,6,4.8862,5.9894,6.099,6.75,5.6447,0.0,18.0401,6.5436
MED00247,2026-10-05,6,11.577,14.2416,11.4237,12.375,12.6626,1.4751,30.8046,9.5773
MED00248,2026-10-05,6,2.1551,1.6724,2.1018,2.5,1.9431,0.0,9.7591,4.1261
MED00249,2026-10-05,6,22.4116,25.3271,33.4641,34.25,26.3245,10.3536,52.2233,13.6721
MED00250,2026-10-05,6,10.7607,8.6661,11.1133,16.125,9.9833,0.0,26.1739,8.5471
MED00251,2026-10-05,6,1.8441,1.3715,2.6016,2.875,1.8322,0.0,9.4687,4.0314
MED00252,2026-10-05,6,0.3733,0.1482,0.7549,0.75,0.3721,0.0,5.0421,2.4653
MED00253,2026-10-05,6,3.5441,4.4029,3.6423,4.0,3.9296,0.0,14.4539,5.5558
MED00254,2026-10-05,6,0.3453,0.1524,1.0063,1.0,0.4252,0.0,5.235,2.5391
MED00255,2026-10-05,6,4.7403,6.494,4.8058,6.625,5.4922,0.0,17.7328,6.4619
MED00256,2026-10-05,6,2.1886,2.0395,1.1077,1.25,1.867,0.0,9.5604,4.0614
MED00257,2026-10-05,6,4.2368,4.6014,5.5068,7.5,4.7004,0.0,16.1037,6.0199
MED00258,2026-10-05,6,2.1572,2.43,3.5195,3.875,2.6028,0.0,11.4111,4.6499
MED00259,2026-10-05,6,2.1999,2.0624,2.8278,3.125,2.2967,0.0,10.6592,4.4146
MED00260,2026-10-05,6,0.4825,0.446,1.1559,1.125,0.6307,0.0,5.9481,2.8071
MED00261,2026-10-05,6,0.7402,0.7463,0.1292,0.125,0.5956,0.0,5.8297,2.7631
MED00262,2026-10-05,6,3.2436,2.5991,3.7106,5.0,3.0911,0.0,12.5671,5.0025
MED00263,2026-10-05,6,3.0138,3.6009,4.8785,5.375,3.7129,0.0,13.9766,5.4183
MED00264,2026-10-05,6,0.3681,0.1309,0.0,0.0,0.1805,0.0,4.3054,2.1776
MED00265,2026-10-05,6,5.7858,7.1537,9.3349,10.375,7.2209,0.0,21.1155,7.3351
MED00266,2026-10-05,6,15.1634,15.3183,6.4364,6.25,13.1312,1.7463,31.5933,9.7463
MED00267,2026-10-05,6,4.2605,6.1206,3.5229,3.875,4.8619,0.0,16.441,6.1127
MED00268,2026-10-05,6,2.1135,2.5655,3.3043,3.625,2.5922,0.0,11.3855,4.642
MED00269,2026-10-05,6,2.1799,2.2143,1.9563,2.125,2.1423,0.0,10.2708,4.2911
MED00270,2026-10-05,6,2.294,2.0854,4.4173,4.875,2.7231,0.0,11.7006,4.7393
MED00271,2026-10-05,6,1.7079,2.31,3.2214,4.25,2.327,0.0,10.7346,4.4384
MED00272,2026-10-05,6,3.8546,4.2348,4.1634,4.875,4.0917,0.0,14.807,5.6566
MED00273,2026-10-05,6,3.1743,3.0155,2.0861,2.625,2.8479,0.0,11.9975,4.8301
MED00274,2026-10-05,6,0.7564,0.2956,0.363,0.375,0.4698,0.0,5.3942,2.5996
MED00275,2026-10-05,6,11.334,7.4719,11.9375,14.25,9.8809,0.0,25.9922,8.5053
MED00276,2026-10-05,6,1.896,1.8448,2.0612,2.25,1.9165,0.0,9.6899,4.1036
MED00277,2026-10-05,6,0.1982,0.1827,0.0,0.0,0.144,0.0,4.1569,2.1184
MED00278,2026-10-05,6,7.6877,8.9127,9.8614,11.25,8.7323,0.0,23.9261,8.0209
MED00279,2026-10-05,6,19.606,21.0525,22.8297,22.25,21.0089,6.7077,44.2001,12.2428
MED00280,2026-10-05,6,0.229,0.1593,0.2608,0.25,0.2078,0.0,4.4149,2.2209
MED00281,2026-10-05,6,13.5419,10.6951,13.0489,15.875,12.249,1.2386,30.1037,9.4256
MED00282,2026-10-05,6,3.4096,2.6578,2.6934,3.25,2.9262,0.0,12.1821,4.8863
MED00283,2026-10-05,6,2.3632,2.6455,3.1117,3.625,2.6644,0.0,11.5597,4.6959
MED00284,2026-10-05,6,1.4402,0.9466,0.457,0.625,0.9979,0.0,7.1179,3.2308
MED00285,2026-10-05,6,4.7939,5.528,6.6106,7.375,5.5445,0.0,17.8384,6.4901
MED00286,2026-10-05,6,3.9185,3.7092,5.5154,7.0,4.2216,0.0,15.0873,5.7361
MED00287,2026-10-05,6,3.3002,3.6664,3.2545,3.625,3.4452,0.0,13.3774,5.2433
MED00288,2026-10-05,6,39.9214,43.2635,35.1764,38.625,40.2067,20.5325,72.1108,16.8424
MED00289,2026-10-05,6,4.0037,4.0797,6.1766,8.75,4.5653,0.0,15.8195,5.9412
MED00290,2026-10-05,6,1.8637,1.1403,1.0078,1.125,1.3568,0.0,8.1707,3.5971
MED00291,2026-10-05,6,11.0352,18.4708,2.8198,3.0,12.1587,1.1874,29.9501,9.3922
MED00292,2026-10-05,6,1.9166,1.3294,0.983,1.25,1.4477,0.0,8.4264,3.6841
MED00293,2026-10-05,6,3.962,3.1192,7.7561,9.875,4.5327,0.0,15.7506,5.922
MED00294,2026-10-05,6,1.3358,0.6941,0.7294,1.0,0.9228,0.0,6.8874,3.1488
MED00295,2026-10-05,6,0.2729,0.2032,0.0,0.0,0.1781,0.0,4.2957,2.1737
MED00296,2026-10-05,6,3.9536,4.0365,4.0648,4.5,4.019,0.0,14.6491,5.6117
MED00297,2026-10-05,6,5.7154,7.2774,6.0853,6.625,6.462,0.0,19.6561,6.9652
MED00298,2026-10-05,6,2.1882,1.6884,3.5741,4.0,2.3174,0.0,10.7107,4.4309
MED00299,2026-10-05,6,0.4078,0.296,0.2505,0.25,0.3235,0.0,4.8615,2.3956
MED00300,2026-10-05,6,1.8933,1.8667,0.2267,0.25,1.4808,0.0,8.5185,3.7153
MED00301,2026-10-05,6,4.7339,6.7455,5.1813,5.625,5.6857,0.0,18.1225,6.5655
MED00302,2026-10-05,6,9.0099,8.7928,4.4433,4.375,7.8233,0.0,22.2498,7.6158
MED00303,2026-10-05,6,2.7211,2.3619,2.8536,3.625,2.6061,0.0,11.419,4.6524
MED00304,2026-10-05,6,3.7544,4.5973,3.3209,4.625,4.0047,0.0,14.618,5.6028
MED00305,2026-10-05,6,1.8509,1.9309,1.031,1.125,1.6877,0.0,9.0839,3.9045
MED00306,2026-10-05,6,0.4029,0.2438,0.0,0.0,0.2395,0.0,4.5395,2.27
MED00307,2026-10-05,6,27.922,27.1646,35.5679,36.375,29.4844,12.599,56.8661,14.455
MED00308,2026-10-05,6,0.6465,0.6836,0.5161,0.5,0.631,0.0,5.9491,2.8074
MED00309,2026-10-05,6,3.0663,3.7096,1.6803,2.25,3.0022,0.0,12.3603,4.9402
MED00310,2026-10-05,6,3.3945,3.2152,2.5909,3.25,3.1287,0.0,12.6541,5.0286
MED00311,2026-10-05,6,3.3083,3.8255,3.2858,4.375,3.5218,0.0,13.5501,5.294
MED00312,2026-10-05,6,0.6119,0.2016,0.3603,0.375,0.3805,0.0,5.0728,2.4771
MED00313,2026-10-05,6,0.5147,0.2352,1.7832,1.75,0.7057,0.0,6.1963,2.8986
MED00314,2026-10-05,6,11.5988,11.5893,8.917,8.75,10.9575,0.5197,27.8836,8.9354
MED00315,2026-10-05,6,9.5196,10.7369,10.0468,11.25,10.1643,0.0943,26.4941,8.6206
MED00316,2026-10-05,6,2.7284,3.2672,2.3766,2.625,2.8707,0.0,12.0513,4.8465
MED00317,2026-10-05,6,2.1923,2.3477,2.607,2.875,2.3596,0.0,10.8157,4.464
MED00318,2026-10-05,6,2.5692,1.7409,3.609,5.0,2.478,0.0,11.1072,4.5554
MED00319,2026-10-05,6,11.0614,12.8018,10.0735,11.0,11.5591,0.8508,28.924,9.167
MED00320,2026-10-05,6,6.6577,6.5823,3.4659,3.75,5.8605,0.0,18.4718,6.6576
MED00321,2026-10-05,6,0.6423,0.878,3.8203,3.75,1.5103,0.0,8.6002,3.7428
MED00322,2026-10-05,6,0.1662,0.1512,0.0,0.0,0.1199,0.0,4.057,2.0784
MED00323,2026-10-05,6,1.1154,0.5063,2.4084,2.5,1.1755,0.0,7.6481,3.4169
MED00324,2026-10-05,6,1.5452,1.0276,1.4272,2.0,1.3024,0.0,8.0156,3.544
MED00325,2026-10-05,6,6.538,8.4282,5.0017,5.75,6.961,0.0,20.6197,7.2105
MED00326,2026-10-05,6,9.0109,11.8684,7.8909,8.5,9.9404,0.0,26.0979,8.5296
MED00327,2026-10-05,6,2.7587,4.2902,2.0862,2.25,3.2373,0.0,12.9044,5.1033
MED00328,2026-10-05,6,3.9699,4.5172,5.117,5.625,4.4797,0.0,15.6384,5.8908
MED00329,2026-10-05,6,10.7309,12.5266,10.6496,11.625,11.4708,0.8018,28.7719,9.1334
MED00330,2026-10-05,6,4.0584,4.7565,5.4136,6.125,4.6815,0.0,16.0642,6.009
MED00331,2026-10-05,6,1.8984,1.333,2.1564,2.375,1.727,0.0,9.1893,3.9394
MED00332,2026-10-05,6,2.7432,3.8542,2.6289,2.875,3.1816,0.0,12.7762,5.0651
MED00333,2026-10-05,6,3.0157,2.5244,5.4448,6.25,3.4017,0.0,13.2791,5.2143
MED00334,2026-10-05,6,10.4568,13.2683,4.0836,4.375,10.0973,0.059,26.3757,8.5935
MED00335,2026-10-05,6,5.4779,5.6444,7.4241,6.5,6.0238,0.0,18.7959,6.7425
MED00336,2026-10-05,6,9.5399,10.6893,10.0587,11.25,10.1543,0.089,26.4764,8.6165
MED00337,2026-10-05,6,64.5794,54.364,59.1347,60.25,59.0665,35.2672,97.6601,20.3738
MED00338,2026-10-05,6,11.4342,14.0282,1.2806,1.25,10.0702,0.0447,26.3277,8.5825
MED00339,2026-10-05,6,1.8491,1.3058,0.2735,0.375,1.2431,0.0,7.8451,3.4852
MED00340,2026-10-05,6,1.6691,2.6508,0.2729,0.25,1.7423,0.0,9.2301,3.9529
MED00341,2026-10-05,6,4.8876,6.4101,7.9384,8.375,6.2657,0.0,19.2724,6.8663
MED00342,2026-10-05,6,2.0275,1.9476,1.2356,1.375,1.8046,0.0,9.3957,4.0074
MED00343,2026-10-05,6,10.0581,10.281,10.5118,11.625,10.2709,0.1507,26.6821,8.6636
MED00344,2026-10-05,6,4.2525,4.9519,5.313,5.625,4.805,0.0,16.3225,6.0802
MED00345,2026-10-05,6,0.1664,0.1052,0.0,0.0,0.1008,0.0,3.9766,2.0461
MED00346,2026-10-05,6,3.024,3.6782,1.8572,2.0,3.0175,0.0,12.3959,4.9509
MED00347,2026-10-05,6,0.1772,0.1799,0.0,0.0,0.1356,0.0,4.1223,2.1046
MED00348,2026-10-05,6,1.8047,1.3642,1.2594,1.375,1.4908,0.0,8.5463,3.7247
MED00349,2026-10-05,6,2.2867,2.1135,1.8301,2.0,2.1063,0.0,10.179,4.2617
MED00350,2026-10-05,6,1.1187,1.9768,2.5497,2.5,1.824,0.0,9.447,4.0242
MED00351,2026-10-05,6,0.5069,0.6636,0.0,0.0,0.4501,0.0,5.3242,2.5731
MED00352,2026-10-05,6,0.2339,0.3472,0.0,0.0,0.2248,0.0,4.4819,2.2474
MED00353,2026-10-05,6,0.8207,0.4951,0.0,0.0,0.4871,0.0,5.4553,2.6227
MED00354,2026-10-05,6,0.9002,1.2005,1.2753,1.25,1.1171,0.0,7.476,3.3569
MED00355,2026-10-05,6,9.5781,10.0327,8.9374,11.5,9.6222,0.0,25.5315,8.3986
MED00356,2026-10-05,6,1.9651,2.0892,1.722,1.875,1.96,0.0,9.803,4.1404
MED00357,2026-10-05,6,0.2184,0.1071,0.2616,0.25,0.1826,0.0,4.3142,2.1811
MED00358,2026-10-05,6,4.8819,5.3909,2.7306,3.375,4.5784,0.0,15.8472,5.9489
MED00359,2026-10-05,6,2.1134,2.2668,1.3851,1.5,2.0032,0.0,9.9148,4.1766
MED00360,2026-10-05,6,2.8302,1.9729,3.042,3.875,2.5268,0.0,11.2265,4.5926
MED00361,2026-10-05,6,2.2371,2.2067,4.3409,4.875,2.7358,0.0,11.7308,4.7485
MED00362,2026-10-05,6,2.4616,2.1096,4.2164,4.875,2.7419,0.0,11.7455,4.7531
MED00363,2026-10-05,6,1.7635,1.4675,2.2674,2.5,1.7638,0.0,9.2875,3.9718
MED00364,2026-10-05,6,0.1617,0.1993,0.0,0.0,0.1384,0.0,4.1338,2.1092
MED00365,2026-10-05,6,2.181,2.3811,1.8896,2.125,2.1961,0.0,10.4068,4.3345
MED00366,2026-10-05,6,9.4834,10.0023,10.215,11.25,9.8863,0.0,26.0019,8.5075
MED00367,2026-10-05,6,2.1245,2.6721,1.4787,1.625,2.1987,0.0,10.4134,4.3366
MED00368,2026-10-05,6,2.7365,3.4425,4.5478,5.0,3.472,0.0,13.4379,5.2611
MED00369,2026-10-05,6,3.5476,3.879,3.5402,5.0,3.6875,0.0,13.9203,5.4019
MED00370,2026-10-05,6,0.4107,0.2203,0.0,0.0,0.2323,0.0,4.5116,2.259
MED00371,2026-10-05,6,17.1287,14.0646,14.2829,14.0,15.1794,2.9691,34.98,10.4529
MED00372,2026-10-05,6,0.1949,0.1071,0.1308,0.125,0.143,0.0,4.1526,2.1167
MED00373,2026-10-05,6,0.647,0.5354,0.9135,0.875,0.6656,0.0,6.0644,2.85
MED00374,2026-10-05,6,1.9132,1.2954,2.142,2.75,1.7129,0.0,9.1514,3.9269
MED00375,2026-10-05,6,16.2097,16.9318,13.7716,13.5,15.937,3.4351,36.2103,10.7024
MED00376,2026-10-05,6,2.0938,2.0547,1.8233,2.0,2.0142,0.0,9.943,4.1857
MED00377,2026-10-05,6,0.513,0.6399,0.8908,0.875,0.6579,0.0,6.0386,2.8405
MED00378,2026-10-05,6,2.1617,2.6459,1.934,2.125,2.3107,0.0,10.694,4.4256
MED00379,2026-10-05,6,0.5743,0.8555,2.5475,2.5,1.1696,0.0,7.631,3.411
MED00380,2026-10-05,6,0.4927,0.3994,0.0,0.0,0.3351,0.0,4.9046,2.4123
MED00381,2026-10-05,6,1.4245,2.4938,1.2757,1.25,1.8358,0.0,9.4783,4.0345
MED00382,2026-10-05,6,2.3602,1.5056,2.9536,3.75,2.1498,0.0,10.2897,4.2971
MED00383,2026-10-05,6,6.3684,8.837,5.4484,5.75,7.1815,0.0,21.0407,7.3163
MED00384,2026-10-05,6,2.0454,1.9773,1.9224,2.125,1.9893,0.0,9.8788,4.1649
MED00385,2026-10-05,6,18.6692,21.8851,17.5925,20.25,19.7684,5.8857,42.2808,11.8845
MED00386,2026-10-05,6,14.3198,14.6431,12.523,14.125,14.0341,2.2782,33.0978,10.0639
MED00387,2026-10-05,6,19.0242,22.2283,21.0174,22.5,20.8617,6.6095,43.9734,12.2008
MED00388,2026-10-05,6,64.9638,122.5699,93.4589,84.125,95.9463,65.6628,145.0548,25.9247
MED00389,2026-10-05,6,8.2639,9.522,8.5625,11.25,8.869,0.0,24.175,8.0801
MED00390,2026-10-05,6,17.6725,21.1432,22.8894,34.25,20.4,6.3027,43.2605,12.0682
MED00391,2026-10-05,6,16.7684,16.2961,19.9352,24.875,17.3546,4.3248,38.484,11.1544
MED00392,2026-10-05,6,17.1635,18.6604,18.6934,22.625,18.1751,4.8493,39.7847,11.4078
MED00393,2026-10-05,6,12.3909,12.0224,8.6203,10.125,11.3371,0.7278,28.5414,9.0823
MED00394,2026-10-05,6,13.9194,12.2765,13.6301,16.25,13.1782,1.7737,31.6721,9.763
MED00395,2026-10-05,6,17.0412,17.264,16.2866,18.375,16.9685,4.0804,37.8683,11.0331
MED00396,2026-10-05,6,56.5877,54.8534,47.0451,46.75,53.6117,30.9283,90.3958,19.4185
MED00397,2026-10-05,6,45.8824,48.9789,48.2079,48.125,47.7823,26.3555,82.5285,18.3428
MED00398,2026-10-05,6,97.6813,112.9626,123.4171,128.0,110.3793,77.9089,163.0343,27.7969
MED00399,2026-10-05,6,85.6538,118.1222,115.1618,115.75,106.4197,74.5343,158.1259,27.296
MED00400,2026-10-05,6,71.7794,71.958,72.8281,69.875,72.1795,45.8908,114.8099,22.5049
MED00401,2026-10-05,6,14.0926,12.3152,12.9569,20.875,13.0907,1.7227,31.5253,9.7317
MED00402,2026-10-05,6,18.7915,16.0238,19.4974,29.875,17.827,4.6259,39.2341,11.301
MED00403,2026-10-05,6,11.5406,16.8316,9.1479,9.125,13.1795,1.7744,31.6742,9.7635
MED00404,2026-10-05,6,4.4603,6.3865,5.7516,6.125,5.5805,0.0,17.911,6.5094
MED00405,2026-10-05,6,7.2422,8.4434,6.6962,7.375,7.6182,0.0,21.8659,7.5214
MED00406,2026-10-05,6,20.5387,23.8785,23.8422,26.75,22.7514,7.8822,46.8636,12.729
MED00407,2026-10-05,6,17.9829,17.1851,20.2826,30.5,18.2247,4.8812,39.8629,11.4229
MED00408,2026-10-05,6,6.2191,6.2929,7.1438,11.25,6.4799,0.0,19.6909,6.9742
MED00409,2026-10-05,6,10.8373,11.2762,7.7089,10.875,10.2741,0.1524,26.6877,8.6648
MED00410,2026-10-05,6,8.7145,9.3977,9.5502,14.0,9.2104,0.0,24.7927,8.226
MED00411,2026-10-05,6,17.892,17.4888,20.1734,26.125,18.2939,4.9257,39.972,11.444
MED00412,2026-10-05,6,11.8786,7.9048,11.4134,14.0,10.1208,0.0714,26.4173,8.603
MED00413,2026-10-05,6,13.1654,10.6844,10.063,12.875,11.3932,0.7588,28.6382,9.1037
MED00414,2026-10-05,6,17.9483,15.6001,18.575,24.125,17.1387,4.1879,38.1401,11.0867
MED00415,2026-10-05,6,12.6524,9.5019,12.2011,15.75,11.2421,0.6755,28.3772,9.0457
MED00416,2026-10-05,6,17.7953,15.4388,17.6828,23.75,16.8032,3.9762,37.6038,10.9808
MED00417,2026-10-05,6,7.2412,6.4953,6.2459,7.5,6.6965,0.0,20.1111,7.0816
MED00418,2026-10-05,6,6.8039,5.8816,7.9005,9.375,6.6915,0.0,20.1013,7.0791
MED00419,2026-10-05,6,8.5526,7.5786,8.4232,10.125,8.1237,0.0,22.8082,7.7521
MED00420,2026-10-05,6,18.9444,17.9129,19.6196,30.625,18.6966,5.186,40.6058,11.566
MED00421,2026-10-05,6,20.2614,15.4916,23.1152,34.125,18.9833,5.3722,41.0555,11.652
MED00422,2026-10-05,6,17.1574,15.0087,18.3205,23.375,16.56,3.8234,37.2139,10.9033
MED00423,2026-10-05,6,12.0603,11.1077,9.9418,11.25,11.1624,0.6317,28.2393,9.015
MED00424,2026-10-05,6,60.6941,84.1265,109.4673,118.875,82.3292,54.2649,127.8391,24.0249
MED00001,2026-10-12,7,12.4869,8.8021,12.1922,15.125,10.8915,0.4838,27.7689,8.9097
MED00002,2026-10-12,7,0.1322,0.1031,0.1307,0.125,0.1199,0.0,4.0568,2.0783
MED00003,2026-10-12,7,0.2797,0.5064,0.0,0.0,0.3068,0.0,4.7985,2.3712
MED00004,2026-10-12,7,0.8326,0.655,1.7801,1.75,0.9886,0.0,7.0897,3.2208
MED00005,2026-10-12,7,2.2027,3.5144,1.9073,1.875,2.6804,0.0,11.5981,4.7077
MED00006,2026-10-12,7,1.6352,1.0751,0.2267,0.25,1.0624,0.0,7.3129,3.2997
MED00007,2026-10-12,7,3.0117,3.7779,2.4957,2.75,3.2093,0.0,12.8401,5.0842
MED00008,2026-10-12,7,0.6212,0.4841,1.4166,1.375,0.7571,0.0,6.3638,2.9598
MED00009,2026-10-12,7,3.3118,3.7846,3.2668,3.875,3.5014,0.0,13.5041,5.2805
MED00010,2026-10-12,7,3.8831,3.6252,4.5238,4.125,3.9345,0.0,14.4647,5.5589
MED00011,2026-10-12,7,20.1202,21.7894,24.6201,24.875,21.9253,7.3226,45.6054,12.5009
MED00012,2026-10-12,7,2.0331,2.8424,0.3439,0.375,1.9638,0.0,9.8129,4.1436
MED00013,2026-10-12,7,3.5563,4.1423,5.9014,6.375,4.3717,0.0,15.4088,5.8266
MED00014,2026-10-12,7,15.1008,14.23,24.3991,28.0,17.003,4.1021,37.9233,11.044
MED00015,2026-10-12,7,0.4828,0.3311,0.9102,0.875,0.5235,0.0,5.5823,2.6706
MED00016,2026-10-12,7,2.1167,1.7204,4.2467,4.75,2.469,0.0,11.0853,4.5486
MED00017,2026-10-12,7,1.8906,1.8158,2.1668,2.375,1.9281,0.0,9.7201,4.1134
MED00018,2026-10-12,7,80.3753,67.2078,84.6293,87.75,75.9943,49.0245,119.7292,23.0879
MED00019,2026-10-12,7,46.9176,38.6548,46.8353,49.375,43.499,23.0447,76.6682,17.5102
MED00020,2026-10-12,7,10.4113,12.4037,14.8413,14.875,12.3246,1.2816,30.2321,9.4535
MED00021,2026-10-12,7,3.755,3.8046,3.3114,4.5,3.6721,0.0,13.886,5.392
MED00022,2026-10-12,7,2.3674,1.4421,2.4498,3.375,2.0039,0.0,9.9165,4.1771
MED00023,2026-10-12,7,1.2404,1.0309,0.1912,0.25,0.9004,0.0,6.8178,3.1239
MED00024,2026-10-12,7,2.7457,3.0622,2.1101,2.875,2.7266,0.0,11.7089,4.7418
MED00025,2026-10-12,7,0.1091,0.1074,0.0,0.0,0.0821,0.0,3.8973,2.014
MED00026,2026-10-12,7,0.3318,0.31,0.1298,0.125,0.2742,0.0,4.674,2.3227
MED00027,2026-10-12,7,0.217,0.1243,0.0,0.0,0.1261,0.0,4.0827,2.0887
MED00028,2026-10-12,7,0.4871,0.5836,0.52,0.5,0.5358,0.0,5.625,2.6866
MED00029,2026-10-12,7,11.4752,11.7417,13.6045,17.375,12.1131,1.1616,29.8724,9.3752
MED00030,2026-10-12,7,3.6383,3.5024,4.174,5.5,3.7149,0.0,13.9811,5.4196
MED00031,2026-10-12,7,3.0843,3.5492,2.6124,3.25,3.167,0.0,12.7428,5.0551
MED00032,2026-10-12,7,2.3387,1.6532,2.1166,2.75,2.0014,0.0,9.9102,4.1751
MED00033,2026-10-12,7,1.0038,1.7516,1.911,1.875,1.5362,0.0,8.6716,3.7669
MED00034,2026-10-12,7,19.721,21.5962,25.5643,25.0,21.9368,7.3304,45.6229,12.5041
MED00035,2026-10-12,7,0.4342,0.1965,0.4039,0.375,0.3282,0.0,4.8788,2.4023
MED00036,2026-10-12,7,1.6261,1.3055,2.2892,2.25,1.6545,0.0,8.9944,3.8748
MED00037,2026-10-12,7,3.7604,3.2949,5.2047,5.5,3.9196,0.0,14.432,5.5496
MED00038,2026-10-12,7,12.6762,11.1568,13.9639,20.0,12.3669,1.3058,30.3039,9.4691
MED00039,2026-10-12,7,1.0174,1.2232,1.2329,1.25,1.1564,0.0,7.5922,3.3975
MED00040,2026-10-12,7,0.5273,0.487,1.003,1.0,0.6261,0.0,5.9326,2.8013
MED00041,2026-10-12,7,0.5816,0.4474,0.1209,0.125,0.4147,0.0,5.1973,2.5247
MED00042,2026-10-12,7,3.2593,3.3309,2.0264,2.0,2.994,0.0,12.3412,4.9344
MED00043,2026-10-12,7,0.4492,0.3975,0.5223,0.5,0.4458,0.0,5.3089,2.5672
MED00044,2026-10-12,7,1.9538,1.8361,0.9143,1.25,1.6551,0.0,8.996,3.8753
MED00045,2026-10-12,7,1.7175,1.6674,0.1143,0.125,1.3104,0.0,8.0385,3.5518
MED00046,2026-10-12,7,2.2713,2.3793,0.8288,1.125,1.9695,0.0,9.8276,4.1484
MED00047,2026-10-12,7,4.8535,6.3458,6.5533,7.375,5.892,0.0,18.5345,6.674
MED00048,2026-10-12,7,12.7427,15.1118,14.6863,17.75,14.2137,2.3854,33.3949,10.1259
MED00049,2026-10-12,7,0.1605,0.1142,0.0,0.0,0.1025,0.0,3.9841,2.0491
MED00050,2026-10-12,7,2.6556,3.4239,2.4536,2.625,2.9298,0.0,12.1905,4.8888
MED00051,2026-10-12,7,0.1402,0.1109,0.0,0.0,0.0942,0.0,3.9487,2.0348
MED00052,2026-10-12,7,0.4718,0.503,0.5259,0.5,0.4984,0.0,5.4949,2.6377
MED00053,2026-10-12,7,5.6645,6.572,6.8255,10.0,6.3296,0.0,19.3976,6.8987
MED00054,2026-10-12,7,5.5051,7.2212,8.4123,11.75,6.9298,0.0,20.56,7.1955
MED00055,2026-10-12,7,0.9213,0.8049,1.3466,1.25,0.9766,0.0,7.0531,3.2078
MED00056,2026-10-12,7,0.6497,0.376,1.0035,1.0,0.6218,0.0,5.9182,2.796
MED00057,2026-10-12,7,0.439,0.3351,0.1257,0.125,0.3203,0.0,4.8492,2.3908
MED00058,2026-10-12,7,1.6519,1.2001,0.1138,0.125,1.093,0.0,7.4042,3.3318
MED00059,2026-10-12,7,7.6587,7.0039,9.2686,11.75,7.7829,0.0,22.1744,7.5974
MED00060,2026-10-12,7,5.756,4.223,6.0781,7.625,5.2004,0.0,17.1395,6.3027
MED00061,2026-10-12,7,0.6171,0.7904,0.7931,0.75,0.7326,0.0,6.2843,2.9308
MED00062,2026-10-12,7,12.6751,9.1281,12.153,15.875,11.0823,0.5879,28.1005,8.984
MED00063,2026-10-12,7,0.1251,0.1165,0.0,0.0,0.0913,0.0,3.9367,2.03
MED00064,2026-10-12,7,23.6086,26.3538,22.7494,25.375,24.569,9.1296,49.606,13.2172
MED00065,2026-10-12,7,62.2563,58.1952,48.0841,51.5,57.1954,33.7729,95.178,20.0512
MED00066,2026-10-12,7,0.4274,0.3458,0.5161,0.5,0.4153,0.0,5.1993,2.5255
MED00067,2026-10-12,7,2.1362,2.8037,3.559,3.875,2.761,0.0,11.791,4.767
MED00068,2026-10-12,7,3.4021,2.7317,4.4729,6.25,3.3851,0.0,13.2413,5.2032
MED00069,2026-10-12,7,1.7419,1.4447,0.9103,1.25,1.4185,0.0,8.3446,3.6564
MED00070,2026-10-12,7,11.3689,12.1579,11.7678,15.625,11.8058,0.9885,29.3474,9.2603
MED00071,2026-10-12,7,2.0653,2.0324,1.5361,2.125,1.9256,0.0,9.7135,4.1113
MED00072,2026-10-12,7,2.1129,1.498,2.2683,3.125,1.8962,0.0,9.6368,4.0863
MED00073,2026-10-12,7,3.2064,2.9671,4.569,6.25,3.4395,0.0,13.3647,5.2395
MED00074,2026-10-12,7,3.0003,2.4329,3.6837,5.125,2.9321,0.0,12.1959,4.8904
MED00075,2026-10-12,7,3.0182,2.403,3.1867,4.875,2.8055,0.0,11.8968,4.7994
MED00076,2026-10-12,7,0.2252,0.0848,0.262,0.25,0.1758,0.0,4.2864,2.17
MED00077,2026-10-12,7,3.8229,3.1523,4.7496,7.25,3.7714,0.0,14.106,5.4557
MED00078,2026-10-12,7,2.8622,4.3839,2.4571,3.125,3.4016,0.0,13.2789,5.2143
MED00079,2026-10-12,7,19.8708,31.3489,16.2199,18.0,23.7935,8.5947,48.4402,13.0111
MED00080,2026-10-12,7,3.3224,2.2426,4.4073,6.125,3.138,0.0,12.6758,5.035
MED00081,2026-10-12,7,0.3637,0.3961,0.262,0.25,0.3529,0.0,4.9712,2.438
MED00082,2026-10-12,7,2.7891,3.7383,2.0341,2.75,3.005,0.0,12.3667,4.9421
MED00083,2026-10-12,7,3.1838,2.7922,3.1457,4.375,3.0145,0.0,12.3889,4.9488
MED00084,2026-10-12,7,44.8848,43.3266,43.6089,39.875,43.9711,23.4074,77.3178,17.6039
MED00085,2026-10-12,7,2.0745,1.7824,2.9447,3.25,2.1654,0.0,10.3292,4.3097
MED00086,2026-10-12,7,0.343,0.2927,0.0,0.0,0.2393,0.0,4.539,2.2698
MED00087,2026-10-12,7,1.7806,1.6134,1.8251,2.0,1.7234,0.0,9.1798,3.9363
MED00088,2026-10-12,7,29.5297,28.8068,30.8554,28.0,29.5786,12.6667,57.0034,14.4777
MED00089,2026-10-12,7,15.1808,19.0269,8.3569,8.0,15.1484,2.9501,34.9294,10.4425
MED00090,2026-10-12,7,2.5565,3.6717,3.691,4.875,3.2986,0.0,13.0447,5.145
MED00091,2026-10-12,7,2.0689,2.0203,1.7807,2.5,1.9809,0.0,9.8572,4.1579
MED00092,2026-10-12,7,1.6662,1.4649,1.3698,1.5,1.5122,0.0,8.6055,3.7446
MED00093,2026-10-12,7,0.2627,0.1676,0.2596,0.25,0.2225,0.0,4.473,2.2439
MED00094,2026-10-12,7,0.5612,0.3945,0.7793,0.75,0.545,0.0,5.6569,2.6986
MED00095,2026-10-12,7,2.9276,3.7045,3.4862,3.875,3.3897,0.0,13.2518,5.2063
MED00096,2026-10-12,7,13.931,10.2017,12.2149,13.75,11.9745,1.0833,29.6359,9.3236
MED00097,2026-10-12,7,0.4236,0.5383,0.0,0.0,0.3693,0.0,5.0317,2.4613
MED00098,2026-10-12,7,8.0796,8.3898,8.5027,9.625,8.3194,0.0,23.1697,7.8395
MED00099,2026-10-12,7,0.2317,0.2564,0.0,0.0,0.1862,0.0,4.3284,2.1867
MED00100,2026-10-12,7,0.1519,0.0894,0.131,0.125,0.1209,0.0,4.0613,2.0802
MED00101,2026-10-12,7,3.9802,4.7444,6.3319,7.25,4.872,0.0,16.4619,6.1184
MED00102,2026-10-12,7,4.4554,3.1753,3.3308,3.5,3.6539,0.0,13.8455,5.3802
MED00103,2026-10-12,7,2.7272,3.5028,0.9254,1.0,2.6173,0.0,11.4462,4.6608
MED00104,2026-10-12,7,7.2641,9.1603,7.5357,8.375,8.1278,0.0,22.8158,7.7539
MED00105,2026-10-12,7,11.2082,13.3734,9.2359,9.75,11.645,0.8986,29.0716,9.1996
MED00106,2026-10-12,7,0.1292,0.1697,0.0,0.0,0.115,0.0,4.0363,2.0701
MED00107,2026-10-12,7,7.7777,10.3134,7.5375,8.25,8.7847,0.0,24.0217,8.0437
MED00108,2026-10-12,7,2.8223,3.0987,3.5894,3.875,3.126,0.0,12.648,5.0267
MED00109,2026-10-12,7,0.4035,0.6554,0.0,0.0,0.4113,0.0,5.1849,2.52
MED00110,2026-10-12,7,0.4482,0.2537,0.0,0.0,0.2591,0.0,4.6159,2.3
MED00111,2026-10-12,7,0.655,0.6338,1.0367,1.0,0.7392,0.0,6.3058,2.9386
MED00112,2026-10-12,7,2.7847,2.994,3.4068,3.75,3.0253,0.0,12.4142,4.9564
MED00113,2026-10-12,7,1.9301,1.552,1.7968,2.0,1.7421,0.0,9.2297,3.9527
MED00114,2026-10-12,7,13.2258,11.9703,17.6676,17.875,13.7904,2.1334,32.6936,9.9791
MED00115,2026-10-12,7,2.0401,2.1912,1.8148,2.0,2.0506,0.0,10.0367,4.2159
MED00116,2026-10-12,7,7.5447,8.7514,9.2873,10.0,8.4771,0.0,23.4596,7.9093
MED00117,2026-10-12,7,1.8315,1.9338,0.8287,0.875,1.6333,0.0,8.937,3.8557
MED00118,2026-10-12,7,1.6792,0.9022,1.5758,1.75,1.3319,0.0,8.0998,3.5729
MED00119,2026-10-12,7,1.9412,1.9525,0.6851,0.75,1.6439,0.0,8.9656,3.8652
MED00120,2026-10-12,7,11.436,13.0162,3.5813,3.5,10.2055,0.1161,26.5669,8.6372
MED00121,2026-10-12,7,3.2185,4.9072,3.2351,3.375,3.9299,0.0,14.4547,5.5561
MED00122,2026-10-12,7,2.3014,2.2203,4.9436,5.625,2.9093,0.0,12.1424,4.8742
MED00123,2026-10-12,7,0.8627,0.7139,0.4848,0.5,0.7101,0.0,6.2108,2.9039
MED00124,2026-10-12,7,7.5578,8.9787,7.1324,8.0,8.055,0.0,22.6809,7.7211
MED00125,2026-10-12,7,0.2549,0.1666,0.393,0.375,0.2517,0.0,4.5874,2.2888
MED00126,2026-10-12,7,0.7967,1.0973,0.0,0.0,0.73,0.0,6.2759,2.9277
MED00127,2026-10-12,7,2.0852,1.734,0.9568,1.125,1.6678,0.0,9.0302,3.8867
MED00128,2026-10-12,7,2.1087,2.3353,0.9182,1.0,1.9172,0.0,9.6917,4.1042
MED00129,2026-10-12,7,1.8125,1.5883,0.3435,0.375,1.3653,0.0,8.1949,3.6054
MED00130,2026-10-12,7,0.1649,0.1862,0.0,0.0,0.1341,0.0,4.1158,2.102
MED00131,2026-10-12,7,2.1454,2.5083,1.7484,2.375,2.2028,0.0,10.4237,4.3399
MED00132,2026-10-12,7,0.5802,0.4121,0.0,0.0,0.3703,0.0,5.0351,2.4626
MED00133,2026-10-12,7,0.6385,0.3142,0.7256,0.75,0.525,0.0,5.5876,2.6726
MED00134,2026-10-12,7,0.4963,0.3498,0.0,0.0,0.3156,0.0,4.8316,2.384
MED00135,2026-10-12,7,13.3961,14.531,7.0644,6.875,12.3505,1.2964,30.2761,9.463
MED00136,2026-10-12,7,1.653,2.313,2.2816,2.5,2.082,0.0,10.117,4.2418
MED00137,2026-10-12,7,2.2501,2.2436,2.2356,2.0,2.2461,0.0,10.5327,4.3745
MED00138,2026-10-12,7,2.0687,2.3527,1.8474,2.0,2.1356,0.0,10.2538,4.2856
MED00139,2026-10-12,7,2.8839,5.1912,1.1579,1.25,3.4312,0.0,13.3459,5.234
MED00140,2026-10-12,7,1.8342,1.301,0.7971,0.875,1.3627,0.0,8.1874,3.6028
MED00141,2026-10-12,7,4.3307,4.4382,4.4135,6.125,4.3999,0.0,15.4688,5.8434
MED00142,2026-10-12,7,0.4029,0.6101,0.378,0.375,0.4837,0.0,5.4432,2.6182
MED00143,2026-10-12,7,1.8624,1.1741,1.5896,1.75,1.5112,0.0,8.6028,3.7437
MED00144,2026-10-12,7,5.6065,7.9662,4.8691,5.375,6.4176,0.0,19.5696,6.943
MED00145,2026-10-12,7,0.6093,0.6129,1.1811,1.125,0.7498,0.0,6.34,2.9511
MED00146,2026-10-12,7,1.9137,1.6474,2.0731,2.375,1.8431,0.0,9.4975,4.0408
MED00147,2026-10-12,7,1.9695,0.9418,1.5711,2.0,1.4465,0.0,8.423,3.6829
MED00148,2026-10-12,7,5.8429,3.5425,5.6653,7.375,4.8465,0.0,16.409,6.1039
MED00149,2026-10-12,7,3.5833,4.418,5.306,5.75,4.3518,0.0,15.3663,5.8146
MED00150,2026-10-12,7,1.6132,1.5094,1.4988,2.0,1.5439,0.0,8.6928,3.774
MED00151,2026-10-12,7,2.1213,2.0178,1.3659,1.5,1.8975,0.0,9.6401,4.0874
MED00152,2026-10-12,7,2.1663,2.0594,1.9544,2.125,2.0726,0.0,10.093,4.234
MED00153,2026-10-12,7,2.1761,2.7466,0.7871,0.875,2.0801,0.0,10.1122,4.2402
MED00154,2026-10-12,7,14.9004,14.768,17.5928,18.5,15.5116,3.1726,35.5209,10.563
MED00155,2026-10-12,7,2.0105,2.8149,2.3941,2.625,2.4408,0.0,11.016,4.5269
MED00156,2026-10-12,7,2.4123,1.9472,3.8864,5.0,2.5775,0.0,11.3498,4.6309
MED00157,2026-10-12,7,4.3102,5.5019,5.3836,6.0,5.0712,0.0,16.8741,6.2308
MED00158,2026-10-12,7,0.2566,0.1954,0.1298,0.125,0.2007,0.0,4.3864,2.2097
MED00159,2026-10-12,7,10.7024,10.7859,8.971,8.75,10.3289,0.1815,26.7843,8.6869
MED00160,2026-10-12,7,3.4531,6.1507,3.6173,4.0,4.6212,0.0,15.9373,5.9739
MED00161,2026-10-12,7,5.8459,8.4641,5.6217,6.375,6.8893,0.0,20.4823,7.1758
MED00162,2026-10-12,7,2.1189,3.045,0.7967,0.875,2.1872,0.0,10.3844,4.3273
MED00163,2026-10-12,7,0.3366,0.2629,0.262,0.25,0.2882,0.0,4.7275,2.3436
MED00164,2026-10-12,7,1.9574,1.8593,0.9171,1.25,1.6667,0.0,9.0273,3.8857
MED00165,2026-10-12,7,9.494,11.3997,13.1666,13.5,11.187,0.6452,28.2818,9.0245
MED00166,2026-10-12,7,2.0841,2.8579,1.0287,1.125,2.1535,0.0,10.299,4.3001
MED00167,2026-10-12,7,1.8549,1.2218,3.339,3.75,1.9519,0.0,9.7819,4.1335
MED00168,2026-10-12,7,1.9004,1.4022,1.4866,1.625,1.5944,0.0,8.8312,3.8203
MED00169,2026-10-12,7,1.8114,1.6314,1.2599,1.375,1.6046,0.0,8.8591,3.8297
MED00170,2026-10-12,7,1.7994,1.4272,1.8135,2.0,1.6494,0.0,8.9805,3.8702
MED00171,2026-10-12,7,2.1976,1.9579,1.9134,2.125,2.0311,0.0,9.9865,4.1997
MED00172,2026-10-12,7,1.8828,1.8497,2.8789,3.75,2.112,0.0,10.1935,4.2663
MED00173,2026-10-12,7,2.2349,2.2975,2.6085,2.875,2.3537,0.0,10.8009,4.4594
MED00174,2026-10-12,7,6.0978,6.8183,5.0331,5.375,6.1467,0.0,19.0386,6.8057
MED00175,2026-10-12,7,1.0876,1.1656,0.5386,0.5,0.9884,0.0,7.0889,3.2205
MED00176,2026-10-12,7,13.0945,17.7387,11.5606,11.75,14.673,2.6615,34.1513,10.2827
MED00177,2026-10-12,7,0.2571,0.4538,0.1297,0.125,0.3086,0.0,4.805,2.3737
MED00178,2026-10-12,7,2.0298,1.0994,2.6423,2.75,1.7921,0.0,9.3627,3.9966
MED00179,2026-10-12,7,0.5366,0.2904,0.6445,0.625,0.4606,0.0,5.3616,2.5873
MED00180,2026-10-12,7,1.9403,2.2749,0.2291,0.25,1.6676,0.0,9.0298,3.8865
MED00181,2026-10-12,7,3.0173,3.7734,3.329,3.625,3.4111,0.0,13.3003,5.2206
MED00182,2026-10-12,7,0.2687,0.4664,0.0,0.0,0.2864,0.0,4.7209,2.341
MED00183,2026-10-12,7,16.794,29.3252,15.4879,15.0,21.7202,7.1845,45.2917,12.4436
MED00184,2026-10-12,7,7.5343,11.5011,4.8585,4.75,8.5484,0.0,23.5903,7.9407
MED00185,2026-10-12,7,1.8821,1.156,2.7527,4.125,1.7919,0.0,9.3621,3.9964
MED00186,2026-10-12,7,1.8878,1.6739,1.6073,1.75,1.7326,0.0,9.2044,3.9444
MED00187,2026-10-12,7,2.6414,2.8074,1.2809,1.625,2.384,0.0,10.8761,4.483
MED00188,2026-10-12,7,3.0607,4.2364,5.0987,5.625,4.0472,0.0,14.7104,5.6292
MED00189,2026-10-12,7,0.1965,0.1919,0.0,0.0,0.1472,0.0,4.1701,2.1237
MED00190,2026-10-12,7,2.1338,3.0286,2.8959,3.25,2.6935,0.0,11.6296,4.7174
MED00191,2026-10-12,7,11.1206,13.5568,12.4834,13.0,12.4774,1.3689,30.4913,9.5096
MED00192,2026-10-12,7,0.186,0.1539,0.2623,0.25,0.1913,0.0,4.3488,2.1948
MED00193,2026-10-12,7,0.1214,0.1131,0.0,0.0,0.0887,0.0,3.9254,2.0254
MED00194,2026-10-12,7,7.5316,8.5285,11.4248,11.75,8.897,0.0,24.2258,8.0922
MED00195,2026-10-12,7,6.5845,7.1613,9.0679,9.375,7.4326,0.0,21.5164,7.4349
MED00196,2026-10-12,7,7.5438,8.3502,5.3894,5.625,7.3663,0.0,21.3911,7.4038
MED00197,2026-10-12,7,7.2296,7.089,11.2537,11.625,8.152,0.0,22.8607,7.7648
MED00198,2026-10-12,7,1.763,1.2647,2.1737,2.375,1.6564,0.0,8.9994,3.8764
MED00199,2026-10-12,7,1.5055,1.4834,0.9744,1.375,1.3693,0.0,8.206,3.6092
MED00200,2026-10-12,7,1.8547,1.5415,1.4872,1.625,1.637,0.0,8.947,3.859
MED00201,2026-10-12,7,8.4604,7.0958,6.74,8.375,7.4835,0.0,21.6124,7.4588
MED00202,2026-10-12,7,1.7846,1.8041,0.3382,0.375,1.4445,0.0,8.4174,3.6811
MED00203,2026-10-12,7,2.1948,2.2639,2.3512,3.25,2.2637,0.0,10.5766,4.3885
MED00204,2026-10-12,7,2.0422,2.3298,0.6876,0.75,1.8363,0.0,9.4797,4.035
MED00205,2026-10-12,7,11.5847,14.5051,9.2654,9.75,12.2528,1.2408,30.1102,9.427
MED00206,2026-10-12,7,1.1983,1.0452,1.1529,1.5,1.1247,0.0,7.4985,3.3648
MED00207,2026-10-12,7,1.9582,1.802,2.5156,2.75,2.0299,0.0,9.9836,4.1988
MED00208,2026-10-12,7,11.2299,12.6433,10.6145,11.0,11.6816,0.919,29.1344,9.2135
MED00209,2026-10-12,7,2.7607,1.6732,4.9045,5.125,2.8288,0.0,11.9522,4.8163
MED00210,2026-10-12,7,1.2059,0.7939,2.4126,2.25,1.3274,0.0,8.087,3.5685
MED00211,2026-10-12,7,2.2042,2.0224,2.3807,2.625,2.1733,0.0,10.3493,4.3161
MED00212,2026-10-12,7,2.1451,2.0651,0.2132,0.25,1.6464,0.0,8.9724,3.8674
MED00213,2026-10-12,7,1.3151,2.0663,0.0,0.0,1.3114,0.0,8.0416,3.5529
MED00214,2026-10-12,7,10.0493,10.7575,12.0858,13.875,10.8475,0.4599,27.6922,8.8924
MED00215,2026-10-12,7,2.2771,2.4996,2.0552,2.25,2.3185,0.0,10.7135,4.4318
MED00216,2026-10-12,7,0.0934,0.1065,0.0,0.0,0.0764,0.0,3.8728,2.0041
MED00217,2026-10-12,7,0.2285,0.1901,0.2619,0.25,0.2208,0.0,4.4661,2.2412
MED00218,2026-10-12,7,4.0343,5.7086,4.7509,5.375,4.9099,0.0,16.5407,6.14
MED00219,2026-10-12,7,14.6295,9.9994,11.358,10.5,11.9217,1.0536,29.5457,9.3038
MED00220,2026-10-12,7,2.0756,1.9452,2.6115,2.875,2.153,0.0,10.2978,4.2997
MED00221,2026-10-12,7,3.0657,3.7016,1.6811,2.25,2.9989,0.0,12.3524,4.9378
MED00222,2026-10-12,7,0.4492,0.5602,0.0,0.0,0.3873,0.0,5.0974,2.4865
MED00223,2026-10-12,7,9.4434,12.5081,4.3158,4.25,9.4899,0.0,25.2949,8.3436
MED00224,2026-10-12,7,1.7752,1.468,0.5729,0.625,1.3579,0.0,8.1739,3.5982
MED00225,2026-10-12,7,3.8801,4.2179,5.1616,5.875,4.335,0.0,15.3304,5.8045
MED00226,2026-10-12,7,2.2977,1.7864,2.6356,3.625,2.1685,0.0,10.3372,4.3123
MED00227,2026-10-12,7,14.8143,14.0887,18.3802,20.25,15.3895,3.0976,35.3223,10.5227
MED00228,2026-10-12,7,1.7447,0.8008,2.5001,3.0,1.5356,0.0,8.6702,3.7664
MED00229,2026-10-12,7,0.5101,0.7873,0.0,0.0,0.5028,0.0,5.5102,2.6435
MED00230,2026-10-12,7,12.5759,15.0778,10.6177,11.25,13.1578,1.7618,31.638,9.7558
MED00231,2026-10-12,7,1.6343,0.5969,1.1396,1.25,1.0836,0.0,7.3764,3.322
MED00232,2026-10-12,7,2.7838,4.142,1.0526,1.125,2.934,0.0,12.2004,4.8918
MED00233,2026-10-12,7,0.6355,0.3603,0.6049,0.625,0.514,0.0,5.5494,2.6582
MED00234,2026-10-12,7,1.858,1.205,1.9106,2.125,1.6003,0.0,8.8472,3.8257
MED00235,2026-10-12,7,65.8935,73.5959,61.0752,61.625,68.0053,42.4826,109.3934,21.849
MED00236,2026-10-12,7,2.1581,2.6903,1.7517,1.875,2.2838,0.0,10.6271,4.4045
MED00237,2026-10-12,7,3.8924,4.3027,5.0289,6.625,4.3424,0.0,15.3462,5.809
MED00238,2026-10-12,7,1.9394,1.7045,1.4731,1.625,1.7305,0.0,9.1988,3.9425
MED00239,2026-10-12,7,3.4077,4.5761,4.1549,4.5,4.0792,0.0,14.7797,5.6489
MED00240,2026-10-12,7,3.9653,3.862,4.458,6.125,4.0454,0.0,14.7065,5.6281
MED00241,2026-10-12,7,2.461,3.1622,2.1705,2.375,2.6856,0.0,11.6106,4.7116
MED00242,2026-10-12,7,9.6818,13.2707,8.4835,8.75,10.898,0.4874,27.7802,8.9122
MED00243,2026-10-12,7,0.1599,0.0802,0.1305,0.125,0.1197,0.0,4.0562,2.0781
MED00244,2026-10-12,7,2.0761,2.2967,1.9235,2.125,2.1332,0.0,10.2477,4.2837
MED00245,2026-10-12,7,73.0654,63.6696,76.4555,79.25,70.0408,44.1418,112.0394,22.1713
MED00246,2026-10-12,7,4.9121,6.0329,6.099,6.75,5.6716,0.0,18.0943,6.558
MED00247,2026-10-12,7,11.567,14.2978,11.4237,12.375,12.6826,1.4866,30.8384,9.5845
MED00248,2026-10-12,7,2.1551,1.6576,2.1018,2.5,1.9369,0.0,9.743,4.1209
MED00249,2026-10-12,7,20.9286,25.199,33.4641,34.25,25.7639,9.9608,51.3906,13.5285
MED00250,2026-10-12,7,10.705,8.6591,11.1133,16.125,9.9613,0.0,26.135,8.5382
MED00251,2026-10-12,7,1.8441,1.3737,2.6016,2.875,1.8331,0.0,9.4711,4.0321
MED00252,2026-10-12,7,0.3578,0.149,0.7549,0.75,0.3672,0.0,5.0238,2.4582
MED00253,2026-10-12,7,3.5457,4.4362,3.6423,4.0,3.944,0.0,14.4854,5.5649
MED00254,2026-10-12,7,0.3453,0.1552,1.0063,1.0,0.4263,0.0,5.2391,2.5407
MED00255,2026-10-12,7,4.7335,6.4972,4.8058,6.625,5.4912,0.0,17.7309,6.4614
MED00256,2026-10-12,7,2.1935,2.0063,1.1077,1.25,1.8549,0.0,9.5284,4.0509
MED00257,2026-10-12,7,4.2593,4.6184,5.5068,7.5,4.7152,0.0,16.1347,6.0284
MED00258,2026-10-12,7,2.1282,2.4563,3.5195,3.875,2.6038,0.0,11.4136,4.6507
MED00259,2026-10-12,7,2.2106,2.0759,2.8278,3.125,2.306,0.0,10.6824,4.4219
MED00260,2026-10-12,7,0.4736,0.4459,1.1559,1.125,0.6276,0.0,5.9377,2.8032
MED00261,2026-10-12,7,0.7402,0.7402,0.1292,0.125,0.5931,0.0,5.8211,2.7599
MED00262,2026-10-12,7,3.2465,2.6224,3.7106,5.0,3.1018,0.0,12.592,5.0099
MED00263,2026-10-12,7,3.0284,3.6312,4.8785,5.375,3.7305,0.0,14.0157,5.4296
MED00264,2026-10-12,7,0.3681,0.1301,0.0,0.0,0.1801,0.0,4.304,2.177
MED00265,2026-10-12,7,5.8445,7.2461,9.3349,10.375,7.2795,0.0,21.2267,7.3628
MED00266,2026-10-12,7,14.0033,15.3693,6.4364,6.25,12.7557,1.5287,30.9618,9.6111
MED00267,2026-10-12,7,4.2624,6.1563,3.5229,3.875,4.8775,0.0,16.4733,6.1215
MED00268,2026-10-12,7,2.1135,2.5979,3.3043,3.625,2.6058,0.0,11.4183,4.6522
MED00269,2026-10-12,7,2.1799,2.2248,1.9563,2.125,2.1467,0.0,10.2818,4.2946
MED00270,2026-10-12,7,2.294,2.1078,4.4173,4.875,2.7325,0.0,11.7229,4.7461
MED00271,2026-10-12,7,1.7162,2.3095,3.2214,4.25,2.3296,0.0,10.7411,4.4405
MED00272,2026-10-12,7,3.8563,4.1666,4.1634,4.875,4.0639,0.0,14.7466,5.6395
MED00273,2026-10-12,7,3.1702,2.9907,2.0861,2.625,2.8362,0.0,11.9697,4.8217
MED00274,2026-10-12,7,0.6709,0.293,0.363,0.375,0.4395,0.0,5.2862,2.5586
MED00275,2026-10-12,7,11.1957,7.3706,11.9375,14.25,9.7914,0.0,25.8331,8.4685
MED00276,2026-10-12,7,1.896,1.8625,2.0612,2.25,1.9239,0.0,9.7091,4.1098
MED00277,2026-10-12,7,0.1926,0.1814,0.0,0.0,0.1415,0.0,4.1467,2.1143
MED00278,2026-10-12,7,7.7392,9.0108,9.8614,11.25,8.7908,0.0,24.0327,8.0463
MED00279,2026-10-12,7,18.9758,20.977,22.8297,22.25,20.7619,6.5431,43.8196,12.1723
MED00280,2026-10-12,7,0.2225,0.1574,0.2608,0.25,0.2048,0.0,4.403,2.2162
MED00281,2026-10-12,7,13.212,10.6727,13.0489,15.875,12.1268,1.1694,29.8957,9.3803
MED00282,2026-10-12,7,3.4096,2.6277,2.6934,3.25,2.9137,0.0,12.1526,4.8773
MED00283,2026-10-12,7,2.3685,2.6263,3.1117,3.625,2.6582,0.0,11.5449,4.6913
MED00284,2026-10-12,7,1.4402,0.9499,0.457,0.625,0.9993,0.0,7.1222,3.2323
MED00285,2026-10-12,7,4.796,5.5493,6.6106,7.375,5.5541,0.0,17.8578,6.4952
MED00286,2026-10-12,7,3.913,3.7376,5.5154,7.0,4.2315,0.0,15.1087,5.7421
MED00287,2026-10-12,7,3.3002,3.6698,3.2545,3.625,3.4466,0.0,13.3806,5.2442
MED00288,2026-10-12,7,41.2802,43.5166,35.1764,38.625,40.7769,20.9654,72.9037,16.9599
MED00289,2026-10-12,7,4.0249,4.0925,6.1766,8.75,4.5778,0.0,15.846,5.9485
MED00290,2026-10-12,7,1.8637,1.155,1.0078,1.125,1.3629,0.0,8.188,3.603
MED00291,2026-10-12,7,9.755,18.422,2.8198,3.0,11.7006,0.9296,29.167,9.2206
MED00292,2026-10-12,7,1.9166,1.305,0.983,1.25,1.4375,0.0,8.398,3.6745
MED00293,2026-10-12,7,3.9712,3.1365,7.7561,9.875,4.543,0.0,15.7725,5.9281
MED00294,2026-10-12,7,1.3358,0.6952,0.7294,1.0,0.9232,0.0,6.8889,3.1493
MED00295,2026-10-12,7,0.2695,0.2014,0.0,0.0,0.1761,0.0,4.2879,2.1706
MED00296,2026-10-12,7,3.9746,4.0694,4.0648,4.5,4.0399,0.0,14.6946,5.6246
MED00297,2026-10-12,7,5.7406,7.3373,6.0853,6.625,6.4956,0.0,19.7215,6.982
MED00298,2026-10-12,7,2.1902,1.7059,3.5741,4.0,2.3253,0.0,10.7305,4.4371
MED00299,2026-10-12,7,0.4022,0.2931,0.2505,0.25,0.3204,0.0,4.8496,2.391
MED00300,2026-10-12,7,1.8933,1.8737,0.2267,0.25,1.4837,0.0,8.5266,3.718
MED00301,2026-10-12,7,4.6841,6.7844,5.1813,5.625,5.6849,0.0,18.1209,6.565
MED00302,2026-10-12,7,8.6086,8.7484,4.4433,4.375,7.6675,0.0,21.9584,7.5442
MED00303,2026-10-12,7,2.7272,2.3654,2.8536,3.625,2.6096,0.0,11.4276,4.6551
MED00304,2026-10-12,7,3.7257,4.6077,3.3209,4.625,3.9992,0.0,14.606,5.5994
MED00305,2026-10-12,7,1.8509,1.934,1.031,1.125,1.689,0.0,9.0874,3.9057
MED00306,2026-10-12,7,0.3919,0.2421,0.0,0.0,0.235,0.0,4.522,2.2632
MED00307,2026-10-12,7,26.0715,27.2498,35.5679,36.375,28.8871,12.1707,55.9947,14.3103
MED00308,2026-10-12,7,0.6465,0.6855,0.5161,0.5,0.6318,0.0,5.9518,2.8084
MED00309,2026-10-12,7,3.0663,3.7451,1.6803,2.25,3.017,0.0,12.3948,4.9506
MED00310,2026-10-12,7,3.3849,3.1704,2.5909,3.25,3.1067,0.0,12.6033,5.0133
MED00311,2026-10-12,7,3.3036,3.8132,3.2858,4.375,3.5151,0.0,13.535,5.2895
MED00312,2026-10-12,7,0.5953,0.1972,0.3603,0.375,0.373,0.0,5.0454,2.4665
MED00313,2026-10-12,7,0.4895,0.2338,1.7832,1.75,0.6964,0.0,6.166,2.8874
MED00314,2026-10-12,7,10.7562,11.587,8.917,8.75,10.6683,0.3631,27.3795,8.8219
MED00315,2026-10-12,7,9.5592,10.8008,10.0468,11.25,10.2045,0.1155,26.565,8.6368
MED00316,2026-10-12,7,2.7284,3.3081,2.3766,2.625,2.8877,0.0,12.0916,4.8588
MED00317,2026-10-12,7,2.1923,2.3641,2.607,2.875,2.3665,0.0,10.8327,4.4694
MED00318,2026-10-12,7,2.546,1.7334,3.609,5.0,2.4669,0.0,11.0802,4.547
MED00319,2026-10-12,7,11.0612,12.9167,10.0735,11.0,11.607,0.8774,29.0063,9.1852
MED00320,2026-10-12,7,6.2668,6.6223,3.4659,3.75,5.7435,0.0,18.2382,6.596
MED00321,2026-10-12,7,0.6108,0.8752,3.8203,3.75,1.4984,0.0,8.5672,3.7317
MED00322,2026-10-12,7,0.1615,0.1488,0.0,0.0,0.1173,0.0,4.046,2.074
MED00323,2026-10-12,7,1.1154,0.5027,2.4084,2.5,1.1739,0.0,7.6436,3.4154
MED00324,2026-10-12,7,1.5452,1.0301,1.4272,2.0,1.3034,0.0,8.0186,3.545
MED00325,2026-10-12,7,6.5874,8.4396,5.0017,5.75,6.9826,0.0,20.6611,7.221
MED00326,2026-10-12,7,9.0407,11.8707,7.8909,8.5,9.9516,0.0,26.1177,8.5342
MED00327,2026-10-12,7,2.7587,4.2719,2.0862,2.25,3.2297,0.0,12.8869,5.0981
MED00328,2026-10-12,7,3.9909,4.5492,5.117,5.625,4.5002,0.0,15.6819,5.9029
MED00329,2026-10-12,7,10.7755,12.6298,10.6496,11.625,11.529,0.8341,28.8722,9.1556
MED00330,2026-10-12,7,4.08,4.7762,5.4136,6.125,4.6971,0.0,16.0968,6.018
MED00331,2026-10-12,7,1.8984,1.3472,2.1564,2.375,1.7329,0.0,9.205,3.9446
MED00332,2026-10-12,7,2.7432,3.8605,2.6289,2.875,3.1842,0.0,12.7823,5.0669
MED00333,2026-10-12,7,3.0304,2.5319,5.4448,6.25,3.4099,0.0,13.2975,5.2198
MED00334,2026-10-12,7,10.5155,13.1433,4.0836,4.375,10.0653,0.0421,26.319,8.5805
MED00335,2026-10-12,7,5.4856,5.6862,7.4241,6.5,6.0438,0.0,18.8356,6.7528
MED00336,2026-10-12,7,9.3297,10.786,10.0587,11.25,10.1227,0.0724,26.4206,8.6038
MED00337,2026-10-12,7,65.3791,53.9025,59.1347,60.25,59.1476,35.3321,97.7674,20.3876
MED00338,2026-10-12,7,10.5293,14.0106,1.2806,1.25,9.7534,0.0,25.7654,8.4529
MED00339,2026-10-12,7,1.8491,1.3158,0.2735,0.375,1.2473,0.0,7.8572,3.4894
MED00340,2026-10-12,7,1.6445,2.6491,0.2729,0.25,1.7331,0.0,9.2057,3.9448
MED00341,2026-10-12,7,4.8898,6.4443,7.9384,8.375,6.2807,0.0,19.3019,6.874
MED00342,2026-10-12,7,2.0275,1.9443,1.2356,1.375,1.8032,0.0,9.3921,4.0062
MED00343,2026-10-12,7,10.0999,10.3649,10.5118,11.625,10.3202,0.1769,26.7689,8.6834
MED00344,2026-10-12,7,4.2536,4.9146,5.313,5.625,4.7899,0.0,16.2908,6.0714
MED00345,2026-10-12,7,0.1616,0.104,0.0,0.0,0.0986,0.0,3.9676,2.0424
MED00346,2026-10-12,7,3.024,3.6809,1.8572,2.0,3.0186,0.0,12.3984,4.9517
MED00347,2026-10-12,7,0.1718,0.1791,0.0,0.0,0.1334,0.0,4.1132,2.101
MED00348,2026-10-12,7,1.8047,1.3767,1.2594,1.375,1.4961,0.0,8.5609,3.7296
MED00349,2026-10-12,7,2.2867,2.1347,1.8301,2.0,2.1151,0.0,10.2016,4.2689
MED00350,2026-10-12,7,1.105,1.9726,2.5497,2.5,1.8175,0.0,9.43,4.0187
MED00351,2026-10-12,7,0.5069,0.6586,0.0,0.0,0.448,0.0,5.3167,2.5702
MED00352,2026-10-12,7,0.2342,0.345,0.0,0.0,0.2239,0.0,4.4786,2.2461
MED00353,2026-10-12,7,0.8207,0.5005,0.0,0.0,0.4894,0.0,5.4634,2.6258
MED00354,2026-10-12,7,0.9002,1.1948,1.2753,1.25,1.1147,0.0,7.469,3.3544
MED00355,2026-10-12,7,9.6444,10.0961,8.9374,11.5,9.6713,0.0,25.6192,8.419
MED00356,2026-10-12,7,1.9651,2.0987,1.722,1.875,1.964,0.0,9.8133,4.1437
MED00357,2026-10-12,7,0.2184,0.1063,0.2616,0.25,0.1823,0.0,4.3128,2.1805
MED00358,2026-10-12,7,4.8894,5.2556,2.7306,3.375,4.5246,0.0,15.7335,5.9173
MED00359,2026-10-12,7,2.1134,2.284,1.3851,1.5,2.0104,0.0,9.9333,4.1826
MED00360,2026-10-12,7,2.6702,1.9719,3.042,3.875,2.4716,0.0,11.0917,4.5506
MED00361,2026-10-12,7,2.2371,2.2306,4.3409,4.875,2.7458,0.0,11.7547,4.7559
MED00362,2026-10-12,7,2.4616,2.1043,4.2164,4.875,2.7397,0.0,11.7403,4.7514
MED00363,2026-10-12,7,1.7635,1.4826,2.2674,2.5,1.7701,0.0,9.3042,3.9773
MED00364,2026-10-12,7,0.1568,0.1973,0.0,0.0,0.1359,0.0,4.1235,2.1051
MED00365,2026-10-12,7,2.181,2.4107,1.8896,2.125,2.2084,0.0,10.4379,4.3444
MED00366,2026-10-12,7,9.5148,10.0447,10.215,11.25,9.9147,0.0,26.0523,8.5191
MED00367,2026-10-12,7,2.1245,2.6937,1.4787,1.625,2.2077,0.0,10.4361,4.3438
MED00368,2026-10-12,7,2.7498,3.4705,4.5478,5.0,3.4882,0.0,13.4744,5.2718
MED00369,2026-10-12,7,3.5173,3.927,3.5402,5.0,3.6972,0.0,13.9418,5.4082
MED00370,2026-10-12,7,0.4056,0.221,0.0,0.0,0.2309,0.0,4.5059,2.2568
MED00371,2026-10-12,7,15.6108,14.1321,14.2829,14.0,14.6885,2.6708,34.1766,10.2879
MED00372,2026-10-12,7,0.1894,0.1069,0.1308,0.125,0.141,0.0,4.1445,2.1135
MED00373,2026-10-12,7,0.647,0.5358,0.9135,0.875,0.6658,0.0,6.0649,2.8502
MED00374,2026-10-12,7,1.9132,1.2691,2.142,2.75,1.7019,0.0,9.122,3.9171
MED00375,2026-10-12,7,14.8504,16.7938,13.7716,13.5,15.4146,3.113,35.3631,10.531
MED00376,2026-10-12,7,2.0938,2.0598,1.8233,2.0,2.0163,0.0,9.9485,4.1875
MED00377,2026-10-12,7,0.5172,0.641,0.8908,0.875,0.6597,0.0,6.0448,2.8428
MED00378,2026-10-12,7,2.1617,2.6644,1.934,2.125,2.3184,0.0,10.7132,4.4317
MED00379,2026-10-12,7,0.5743,0.8646,2.5475,2.5,1.1735,0.0,7.6422,3.4149
MED00380,2026-10-12,7,0.4927,0.4031,0.0,0.0,0.3366,0.0,4.9103,2.4145
MED00381,2026-10-12,7,1.3975,2.4867,1.2757,1.25,1.8236,0.0,9.446,4.0239
MED00382,2026-10-12,7,2.3665,1.4836,2.9536,3.75,2.1428,0.0,10.2719,4.2914
MED00383,2026-10-12,7,6.38,8.869,5.4484,5.75,7.1989,0.0,21.0736,7.3246
MED00384,2026-10-12,7,2.0454,1.9954,1.9224,2.125,1.9968,0.0,9.8982,4.1712
MED00385,2026-10-12,7,18.483,21.6569,17.5925,20.25,19.6095,5.7814,42.0336,11.8378
MED00386,2026-10-12,7,14.177,14.4283,12.523,14.125,13.8957,2.1959,32.8684,10.0158
MED00387,2026-10-12,7,18.4186,22.0724,21.0174,22.5,20.5896,6.4285,43.5536,12.1228
MED00388,2026-10-12,7,95.213,121.8691,93.4589,84.125,105.9993,74.1766,157.6037,27.2423
MED00389,2026-10-12,7,8.3992,9.5374,8.5625,11.25,8.9218,0.0,24.2708,8.1028
MED00390,2026-10-12,7,17.5238,21.3038,22.8894,34.25,20.4161,6.3133,43.2854,12.0729
MED00391,2026-10-12,7,16.4395,16.1962,19.9352,24.875,17.2004,4.227,38.2385,11.1061
MED00392,2026-10-12,7,16.7312,18.5352,18.6934,22.625,17.975,4.7208,39.4685,11.3465
MED00393,2026-10-12,7,11.7602,12.0024,8.6203,10.125,11.1131,0.6047,28.1538,8.9959
MED00394,2026-10-12,7,13.4714,12.1456,13.6301,16.25,12.9704,1.6528,31.3233,9.6886
MED00395,2026-10-12,7,16.5513,17.077,16.2866,18.375,16.723,3.9257,37.4754,10.9553
MED00396,2026-10-12,7,56.1771,55.1428,47.0451,46.75,53.592,30.9127,90.3694,19.415
MED00397,2026-10-12,7,45.5946,48.6494,48.2079,48.125,47.5465,26.1721,82.2077,18.2979
MED00398,2026-10-12,7,105.0807,112.2302,123.4171,128.0,112.6045,79.8099,165.7852,28.0744
MED00399,2026-10-12,7,91.4372,117.6187,115.1618,115.75,108.1877,76.0397,160.3196,27.5208
MED00400,2026-10-12,7,72.3415,71.6012,72.8281,69.875,72.2229,45.9263,114.866,22.5116
MED00401,2026-10-12,7,13.688,12.2791,12.9569,20.875,12.9373,1.6336,31.2675,9.6767
MED00402,2026-10-12,7,18.8455,15.9322,19.4974,29.875,17.8073,4.6133,39.2029,11.2949
MED00403,2026-10-12,7,11.4142,16.7192,9.1479,9.125,13.0894,1.7219,31.5231,9.7313
MED00404,2026-10-12,7,4.4645,6.3416,5.7516,6.125,5.5632,0.0,17.8762,6.5001
MED00405,2026-10-12,7,7.23,8.3781,6.6962,7.375,7.5868,0.0,21.8069,7.5069
MED00406,2026-10-12,7,20.2374,23.813,23.8422,26.75,22.621,7.7936,46.6656,12.6933
MED00407,2026-10-12,7,18.0345,17.1473,20.2826,30.5,18.2266,4.8824,39.866,11.4235
MED00408,2026-10-12,7,6.26,6.2855,7.1438,11.25,6.4908,0.0,19.7121,6.9796
MED00409,2026-10-12,7,10.4578,11.2572,7.7089,10.875,10.1364,0.0796,26.4448,8.6093
MED00410,2026-10-12,7,8.4354,9.4323,9.5502,14.0,9.1293,0.0,24.6465,8.1916
MED00411,2026-10-12,7,17.7163,17.1399,20.1734,26.125,18.0883,4.7935,39.6475,11.3813
MED00412,2026-10-12,7,11.8211,7.7563,11.4134,14.0,10.0392,0.0285,26.2729,8.5699
MED00413,2026-10-12,7,12.6283,10.5074,10.063,12.875,11.1357,0.6171,28.193,9.0046
MED00414,2026-10-12,7,17.7605,15.3146,18.575,24.125,16.9555,4.0721,37.8474,11.029
MED00415,2026-10-12,7,12.5282,9.3354,12.2011,15.75,11.1302,0.614,28.1834,9.0025
MED00416,2026-10-12,7,17.4167,15.1647,17.6828,23.75,16.5594,3.823,37.213,10.9032
MED00417,2026-10-12,7,7.2051,6.3496,6.2459,7.5,6.6234,0.0,19.9696,7.0456
MED00418,2026-10-12,7,6.7801,5.8319,7.9005,9.375,6.6626,0.0,20.0455,7.0649
MED00419,2026-10-12,7,8.4002,7.5481,8.4232,10.125,8.0589,0.0,22.6881,7.7229
MED00420,2026-10-12,7,18.3105,17.7946,19.6196,30.625,18.4305,5.0138,40.1873,11.4855
MED00421,2026-10-12,7,19.5669,15.3333,23.1152,34.125,18.6797,5.175,40.5793,11.5609
MED00422,2026-10-12,7,16.9889,14.7295,18.3205,23.375,16.386,3.7145,36.9343,10.8476
MED00423,2026-10-12,7,11.8137,10.8792,9.9418,11.25,10.9828,0.5335,27.9277,8.9453
MED00424,2026-10-12,7,78.7323,83.8397,109.4673,118.875,88.3787,59.3075,135.5212,24.8868
MED00001,2026-10-19,8,12.4869,8.6862,12.1922,15.125,10.8432,0.4576,27.6847,8.8907
MED00002,2026-10-19,8,0.1279,0.1026,0.1307,0.125,0.1182,0.0,4.0498,2.0755
MED00003,2026-10-19,8,0.2778,0.5006,0.0,0.0,0.3038,0.0,4.7868,2.3666
MED00004,2026-10-19,8,0.7846,0.6529,1.7801,1.75,0.9714,0.0,7.0371,3.2021
MED00005,2026-10-19,8,2.0056,3.5097,1.9073,1.875,2.611,0.0,11.431,4.6561
MED00006,2026-10-19,8,1.6327,1.0721,0.2267,0.25,1.0603,0.0,7.3065,3.2974
MED00007,2026-10-19,8,3.0918,3.7647,2.4957,2.75,3.2312,0.0,12.8904,5.0991
MED00008,2026-10-19,8,0.6148,0.4827,1.4166,1.375,0.7544,0.0,6.3548,2.9565
MED00009,2026-10-19,8,3.3118,3.7547,3.2668,3.875,3.4889,0.0,13.476,5.2723
MED00010,2026-10-19,8,3.8831,3.5913,4.5238,4.125,3.9203,0.0,14.4337,5.5501
MED00011,2026-10-19,8,19.9074,21.618,24.6201,24.875,21.7811,7.2254,45.3849,12.4606
MED00012,2026-10-19,8,2.0258,2.8198,0.3439,0.375,1.9519,0.0,9.7819,4.1335
MED00013,2026-10-19,8,3.5436,4.1211,5.9014,6.375,4.3585,0.0,15.3807,5.8187
MED00014,2026-10-19,8,14.9951,14.0714,24.3991,28.0,16.9007,4.0376,37.7598,11.0117
MED00015,2026-10-19,8,0.486,0.3288,0.9102,0.875,0.5236,0.0,5.5826,2.6707
MED00016,2026-10-19,8,2.1134,1.7135,4.2467,4.75,2.465,0.0,11.0754,4.5455
MED00017,2026-10-19,8,1.8876,1.8143,2.1668,2.375,1.9265,0.0,9.7159,4.1121
MED00018,2026-10-19,8,80.3753,66.7988,84.6293,87.75,75.8237,48.884,119.5098,23.0622
MED00019,2026-10-19,8,47.3016,38.3849,46.8353,49.375,43.5178,23.0591,76.6941,17.514
MED00020,2026-10-19,8,10.4113,12.3122,14.8413,14.875,12.2864,1.2599,30.1673,9.4394
MED00021,2026-10-19,8,3.7416,3.7514,3.3114,4.5,3.6453,0.0,13.8264,5.3747
MED00022,2026-10-19,8,2.2745,1.4258,2.4498,3.375,1.9653,0.0,9.8167,4.1448
MED00023,2026-10-19,8,1.241,1.0189,0.1912,0.25,0.8956,0.0,6.8029,3.1185
MED00024,2026-10-19,8,2.7359,3.0162,2.1101,2.875,2.7041,0.0,11.6549,4.7252
MED00025,2026-10-19,8,0.1085,0.107,0.0,0.0,0.0817,0.0,3.8957,2.0134
MED00026,2026-10-19,8,0.3323,0.3077,0.1298,0.125,0.2734,0.0,4.6708,2.3215
MED00027,2026-10-19,8,0.2173,0.1234,0.0,0.0,0.1258,0.0,4.0815,2.0883
MED00028,2026-10-19,8,0.4779,0.5775,0.52,0.5,0.5301,0.0,5.6054,2.6793
MED00029,2026-10-19,8,11.4525,11.5803,13.6045,17.375,12.038,1.1192,29.7444,9.3473
MED00030,2026-10-19,8,3.6311,3.4669,4.174,5.5,3.6976,0.0,13.9427,5.4084
MED00031,2026-10-19,8,3.0781,3.5278,2.6124,3.25,3.156,0.0,12.7173,5.0475
MED00032,2026-10-19,8,2.3303,1.6281,2.1166,2.75,1.9881,0.0,9.8758,4.164
MED00033,2026-10-19,8,0.9386,1.74,1.911,1.875,1.509,0.0,8.5968,3.7417
MED00034,2026-10-19,8,19.5124,21.5712,25.5643,25.0,21.855,7.2752,45.4979,12.4812
MED00035,2026-10-19,8,0.4193,0.1965,0.4039,0.375,0.3231,0.0,4.8597,2.3949
MED00036,2026-10-19,8,1.5768,1.2955,2.2892,2.25,1.6335,0.0,8.9374,3.8558
MED00037,2026-10-19,8,3.7604,3.2871,5.2047,5.5,3.9163,0.0,14.4249,5.5475
MED00038,2026-10-19,8,12.631,11.0135,13.9639,20.0,12.2917,1.2629,30.1762,9.4414
MED00039,2026-10-19,8,0.9979,1.2107,1.2329,1.25,1.1445,0.0,7.5571,3.3853
MED00040,2026-10-19,8,0.5213,0.4834,1.003,1.0,0.6226,0.0,5.9207,2.7969
MED00041,2026-10-19,8,0.5662,0.4415,0.1209,0.125,0.407,0.0,5.1694,2.5141
MED00042,2026-10-19,8,3.2495,3.3107,2.0264,2.0,2.9823,0.0,12.3137,4.9261
MED00043,2026-10-19,8,0.4408,0.3938,0.5223,0.5,0.4414,0.0,5.293,2.5612
MED00044,2026-10-19,8,1.9234,1.8028,0.9143,1.25,1.6308,0.0,8.9303,3.8534
MED00045,2026-10-19,8,1.7148,1.6603,0.1143,0.125,1.3065,0.0,8.0274,3.548
MED00046,2026-10-19,8,2.2276,2.3315,0.8288,1.125,1.9346,0.0,9.7371,4.119
MED00047,2026-10-19,8,4.8362,6.3222,6.5533,7.375,5.8762,0.0,18.5031,6.6658
MED00048,2026-10-19,8,12.6972,15.0286,14.6863,17.75,14.1635,2.3553,33.3118,10.1085
MED00049,2026-10-19,8,0.1558,0.1128,0.0,0.0,0.1003,0.0,3.9747,2.0453
MED00050,2026-10-19,8,2.6461,3.4203,2.4536,2.625,2.925,0.0,12.1794,4.8854
MED00051,2026-10-19,8,0.1342,0.1103,0.0,0.0,0.0919,0.0,3.939,2.0309
MED00052,2026-10-19,8,0.4629,0.4994,0.5259,0.5,0.4938,0.0,5.4789,2.6317
MED00053,2026-10-19,8,5.5972,6.5554,6.8255,10.0,6.2996,0.0,19.339,6.8836
MED00054,2026-10-19,8,5.4144,7.1484,8.4123,11.75,6.8684,0.0,20.4421,7.1657
MED00055,2026-10-19,8,0.8485,0.8016,1.3466,1.25,0.9503,0.0,6.9724,3.1791
MED00056,2026-10-19,8,0.6166,0.3743,1.0035,1.0,0.6098,0.0,5.8777,2.781
MED00057,2026-10-19,8,0.4131,0.3333,0.1257,0.125,0.3106,0.0,4.8129,2.3768
MED00058,2026-10-19,8,1.6494,1.1958,0.1138,0.125,1.0903,0.0,7.3962,3.3289
MED00059,2026-10-19,8,7.8272,6.9145,9.2686,11.75,7.8033,0.0,22.2124,7.6067
MED00060,2026-10-19,8,5.7355,4.1532,6.0781,7.625,5.1643,0.0,17.0654,6.2827
MED00061,2026-10-19,8,0.6345,0.7845,0.7931,0.75,0.7361,0.0,6.2957,2.9349
MED00062,2026-10-19,8,12.6299,8.9678,12.153,15.875,11.0,0.5429,27.9575,8.952
MED00063,2026-10-19,8,0.117,0.1155,0.0,0.0,0.0882,0.0,3.9232,2.0245
MED00064,2026-10-19,8,23.5889,26.1111,22.7494,25.375,24.4611,9.0549,49.4441,13.1887
MED00065,2026-10-19,8,62.2563,57.7092,48.0841,51.5,56.9927,33.6114,94.9085,20.016
MED00066,2026-10-19,8,0.4301,0.3446,0.5161,0.5,0.4157,0.0,5.2009,2.5261
MED00067,2026-10-19,8,2.1285,2.7888,3.559,3.875,2.7522,0.0,11.7699,4.7605
MED00068,2026-10-19,8,3.3617,2.6872,4.4729,6.25,3.3527,0.0,13.1678,5.1815
MED00069,2026-10-19,8,1.684,1.4271,0.9103,1.25,1.3913,0.0,8.2683,3.6304
MED00070,2026-10-19,8,11.2337,11.9677,11.7678,15.625,11.6803,0.9183,29.1322,9.213
MED00071,2026-10-19,8,2.0291,2.0079,1.5361,2.125,1.903,0.0,9.6546,4.0921
MED00072,2026-10-19,8,2.0896,1.4902,2.2683,3.125,1.885,0.0,9.6075,4.0767
MED00073,2026-10-19,8,3.1949,2.9334,4.569,6.25,3.4216,0.0,13.3241,5.2276
MED00074,2026-10-19,8,2.9698,2.3985,3.6837,5.125,2.9073,0.0,12.1376,4.8727
MED00075,2026-10-19,8,3.0075,2.3825,3.1867,4.875,2.7932,0.0,11.8678,4.7905
MED00076,2026-10-19,8,0.2234,0.0845,0.262,0.25,0.175,0.0,4.2834,2.1688
MED00077,2026-10-19,8,3.8826,3.1072,4.7496,7.25,3.7729,0.0,14.1095,5.4567
MED00078,2026-10-19,8,2.8566,4.3326,2.4571,3.125,3.3783,0.0,13.226,5.1987
MED00079,2026-10-19,8,19.7317,31.2222,16.2199,18.0,23.6931,8.5258,48.2888,12.9842
MED00080,2026-10-19,8,3.3106,2.2054,4.4073,6.125,3.1184,0.0,12.6305,5.0215
MED00081,2026-10-19,8,0.3612,0.3932,0.262,0.25,0.3509,0.0,4.9636,2.4351
MED00082,2026-10-19,8,2.784,3.6977,2.0341,2.75,2.9863,0.0,12.3231,4.9289
MED00083,2026-10-19,8,3.2013,2.7547,3.1457,4.375,3.0048,0.0,12.3663,4.942
MED00084,2026-10-19,8,44.7825,42.9636,43.6089,39.875,43.7848,23.2642,77.0616,17.567
MED00085,2026-10-19,8,2.0713,1.7714,2.9447,3.25,2.1597,0.0,10.3148,4.3051
MED00086,2026-10-19,8,0.334,0.2906,0.0,0.0,0.2354,0.0,4.5236,2.2638
MED00087,2026-10-19,8,1.7778,1.5996,1.8251,2.0,1.7167,0.0,9.1618,3.9303
MED00088,2026-10-19,8,29.5051,28.6883,30.8554,28.0,29.5208,12.6252,56.9191,14.4638
MED00089,2026-10-19,8,15.0789,18.9017,8.3569,8.0,15.0613,2.8971,34.7873,10.4134
MED00090,2026-10-19,8,2.5474,3.6234,3.691,4.875,3.2754,0.0,12.9915,5.1292
MED00091,2026-10-19,8,2.0461,1.9961,1.7807,2.5,1.9631,0.0,9.811,4.143
MED00092,2026-10-19,8,1.6637,1.4648,1.3698,1.5,1.5113,0.0,8.603,3.7438
MED00093,2026-10-19,8,0.263,0.1664,0.2596,0.25,0.2222,0.0,4.4716,2.2433
MED00094,2026-10-19,8,0.5783,0.3925,0.7793,0.75,0.55,0.0,5.6741,2.705
MED00095,2026-10-19,8,2.9171,3.6864,3.4862,3.875,3.3785,0.0,13.2265,5.1988
MED00096,2026-10-19,8,13.543,10.1307,12.2149,13.75,11.8122,0.9921,29.3584,9.2627
MED00097,2026-10-19,8,0.4125,0.5355,0.0,0.0,0.3644,0.0,5.0134,2.4543
MED00098,2026-10-19,8,8.0508,8.3383,8.5027,9.625,8.2881,0.0,23.112,7.8256
MED00099,2026-10-19,8,0.232,0.2557,0.0,0.0,0.186,0.0,4.3275,2.1864
MED00100,2026-10-19,8,0.1457,0.089,0.131,0.125,0.1186,0.0,4.0517,2.0763
MED00101,2026-10-19,8,3.9385,4.71,6.3319,7.25,4.8434,0.0,16.4024,6.1021
MED00102,2026-10-19,8,4.4554,3.1631,3.3308,3.5,3.6488,0.0,13.8341,5.3769
MED00103,2026-10-19,8,2.7175,3.4844,0.9254,1.0,2.6063,0.0,11.4196,4.6526
MED00104,2026-10-19,8,7.2381,9.1091,7.5357,8.375,8.0976,0.0,22.7598,7.7403
MED00105,2026-10-19,8,11.1682,13.3648,9.2359,9.75,11.6277,0.889,29.0419,9.1931
MED00106,2026-10-19,8,0.1209,0.1682,0.0,0.0,0.1115,0.0,4.0218,2.0643
MED00107,2026-10-19,8,7.7499,10.2473,7.5375,8.25,8.7477,0.0,23.9542,8.0276
MED00108,2026-10-19,8,2.8122,3.0837,3.5894,3.875,3.1163,0.0,12.6256,5.02
MED00109,2026-10-19,8,0.3839,0.6533,0.0,0.0,0.4037,0.0,5.1574,2.5095
MED00110,2026-10-19,8,0.4224,0.2528,0.0,0.0,0.2499,0.0,4.5801,2.286
MED00111,2026-10-19,8,0.6427,0.6282,1.0367,1.0,0.7327,0.0,6.2845,2.9308
MED00112,2026-10-19,8,2.7747,2.9809,3.4068,3.75,3.0164,0.0,12.3935,4.9502
MED00113,2026-10-19,8,1.9271,1.5433,1.7968,2.0,1.7375,0.0,9.2173,3.9486
MED00114,2026-10-19,8,13.2258,11.9152,17.6676,17.875,13.7674,2.1198,32.6554,9.9711
MED00115,2026-10-19,8,2.0328,2.191,1.8148,2.0,2.048,0.0,10.0301,4.2138
MED00116,2026-10-19,8,7.5447,8.702,9.2873,10.0,8.4565,0.0,23.4218,7.9002
MED00117,2026-10-19,8,1.7685,1.9311,0.8287,0.875,1.6107,0.0,8.8755,3.8351
MED00118,2026-10-19,8,1.6766,0.8982,1.5758,1.75,1.3293,0.0,8.0925,3.5704
MED00119,2026-10-19,8,1.9382,1.9389,0.6851,0.75,1.6372,0.0,8.9474,3.8591
MED00120,2026-10-19,8,11.4194,12.9085,3.5813,3.5,10.155,0.0894,26.4776,8.6168
MED00121,2026-10-19,8,3.207,4.8761,3.2351,3.375,3.913,0.0,14.4177,5.5455
MED00122,2026-10-19,8,2.2932,2.2128,4.9436,5.625,2.9033,0.0,12.1283,4.8699
MED00123,2026-10-19,8,0.8398,0.7069,0.4848,0.5,0.6993,0.0,6.1756,2.891
MED00124,2026-10-19,8,7.5308,8.9264,7.1324,8.0,8.0239,0.0,22.6233,7.7071
MED00125,2026-10-19,8,0.2532,0.1657,0.393,0.375,0.2508,0.0,4.5836,2.2873
MED00126,2026-10-19,8,0.7508,1.094,0.0,0.0,0.713,0.0,6.2203,2.9073
MED00127,2026-10-19,8,2.0696,1.7197,0.9568,1.125,1.6565,0.0,8.9996,3.8765
MED00128,2026-10-19,8,2.1011,2.3288,0.9182,1.0,1.9119,0.0,9.6778,4.0997
MED00129,2026-10-19,8,1.8173,1.5834,0.3435,0.375,1.3649,0.0,8.1936,3.6049
MED00130,2026-10-19,8,0.1601,0.1838,0.0,0.0,0.1314,0.0,4.1048,2.0976
MED00131,2026-10-19,8,2.1218,2.4612,1.7484,2.375,2.1751,0.0,10.3538,4.3176
MED00132,2026-10-19,8,0.5648,0.4062,0.0,0.0,0.3625,0.0,5.0067,2.4517
MED00133,2026-10-19,8,0.6145,0.3114,0.7256,0.75,0.5156,0.0,5.555,2.6603
MED00134,2026-10-19,8,0.4677,0.3491,0.0,0.0,0.3055,0.0,4.7935,2.3692
MED00135,2026-10-19,8,13.3768,14.4418,7.0644,6.875,12.3067,1.2714,30.2016,9.4469
MED00136,2026-10-19,8,1.662,2.3058,2.2816,2.5,2.0821,0.0,10.1173,4.2418
MED00137,2026-10-19,8,2.2333,2.2294,2.2356,2.0,2.2345,0.0,10.5034,4.3652
MED00138,2026-10-19,8,2.0613,2.3445,1.8474,2.0,2.1297,0.0,10.2387,4.2808
MED00139,2026-10-19,8,2.8736,5.1718,1.1579,1.25,3.4196,0.0,13.3196,5.2263
MED00140,2026-10-19,8,1.8313,1.2905,0.7971,0.875,1.3574,0.0,8.1723,3.5976
MED00141,2026-10-19,8,4.2792,4.3628,4.4135,6.125,4.3508,0.0,15.3642,5.814
MED00142,2026-10-19,8,0.3889,0.6095,0.378,0.375,0.4787,0.0,5.4255,2.6115
MED00143,2026-10-19,8,1.8595,1.1691,1.5896,1.75,1.5081,0.0,8.5943,3.7408
MED00144,2026-10-19,8,5.5864,7.9356,4.8691,5.375,6.3981,0.0,19.5314,6.9332
MED00145,2026-10-19,8,0.6385,0.6101,1.1811,1.125,0.7586,0.0,6.3685,2.9615
MED00146,2026-10-19,8,1.8213,1.6352,2.0731,2.375,1.8064,0.0,9.4006,4.009
MED00147,2026-10-19,8,1.8625,0.9267,1.5711,2.0,1.4036,0.0,8.3029,3.6422
MED00148,2026-10-19,8,5.8221,3.4718,5.6653,7.375,4.8099,0.0,16.3327,6.0829
MED00149,2026-10-19,8,3.5705,4.4023,5.306,5.75,4.3409,0.0,15.343,5.8081
MED00150,2026-10-19,8,1.614,1.4994,1.4988,2.0,1.5399,0.0,8.682,3.7703
MED00151,2026-10-19,8,2.1137,2.013,1.3659,1.5,1.8929,0.0,9.6281,4.0835
MED00152,2026-10-19,8,2.1585,2.0579,1.9544,2.125,2.0693,0.0,10.0846,4.2313
MED00153,2026-10-19,8,2.1684,2.7376,0.7871,0.875,2.0737,0.0,10.0958,4.2349
MED00154,2026-10-19,8,14.9418,14.6898,17.5928,18.5,15.4932,3.1613,35.4909,10.5569
MED00155,2026-10-19,8,2.0033,2.8014,2.3941,2.625,2.4327,0.0,10.9961,4.5207
MED00156,2026-10-19,8,2.4037,1.9181,3.8864,5.0,2.5624,0.0,11.3132,4.6196
MED00157,2026-10-19,8,4.2948,5.506,5.3836,6.0,5.0677,0.0,16.8668,6.2288
MED00158,2026-10-19,8,0.257,0.1945,0.1298,0.125,0.2004,0.0,4.3853,2.2092
MED00159,2026-10-19,8,10.9771,10.7043,8.971,8.75,10.3888,0.2134,26.8896,8.7109
MED00160,2026-10-19,8,3.4408,6.13,3.6173,4.0,4.6083,0.0,15.9103,5.9664
MED00161,2026-10-19,8,5.825,8.4436,5.6217,6.375,6.8736,0.0,20.4521,7.1682
MED00162,2026-10-19,8,2.1113,3.0378,0.7967,0.875,2.1816,0.0,10.3703,4.3228
MED00163,2026-10-19,8,0.3343,0.261,0.262,0.25,0.2866,0.0,4.7215,2.3412
MED00164,2026-10-19,8,1.9398,1.8251,0.9171,1.25,1.6464,0.0,8.9725,3.8675
MED00165,2026-10-19,8,9.4601,11.3468,13.1666,13.5,11.1533,0.6267,28.2235,9.0115
MED00166,2026-10-19,8,2.0766,2.8479,1.0287,1.125,2.1467,0.0,10.2819,4.2946
MED00167,2026-10-19,8,1.852,1.2157,3.339,3.75,1.9484,0.0,9.7728,4.1306
MED00168,2026-10-19,8,1.8974,1.401,1.4866,1.625,1.5929,0.0,8.827,3.819
MED00169,2026-10-19,8,1.8085,1.627,1.2599,1.375,1.6019,0.0,8.8515,3.8271
MED00170,2026-10-19,8,1.7966,1.4269,1.8135,2.0,1.6483,0.0,8.9777,3.8692
MED00171,2026-10-19,8,2.1897,1.9482,1.9134,2.125,2.0243,0.0,9.9692,4.1942
MED00172,2026-10-19,8,1.8906,1.8345,2.8789,3.75,2.1082,0.0,10.1841,4.2633
MED00173,2026-10-19,8,2.227,2.2882,2.6085,2.875,2.3471,0.0,10.7846,4.4542
MED00174,2026-10-19,8,6.0978,6.7474,5.0331,5.375,6.1171,0.0,18.9803,6.7906
MED00175,2026-10-19,8,1.0446,1.16,0.5386,0.5,0.9713,0.0,7.0369,3.202
MED00176,2026-10-19,8,13.0945,17.5161,11.5606,11.75,14.5802,2.6054,33.9988,10.2512
MED00177,2026-10-19,8,0.2557,0.4518,0.1297,0.125,0.3072,0.0,4.7999,2.3717
MED00178,2026-10-19,8,1.8336,1.091,2.6423,2.75,1.7215,0.0,9.1745,3.9345
MED00179,2026-10-19,8,0.5263,0.2889,0.6445,0.625,0.4564,0.0,5.3468,2.5816
MED00180,2026-10-19,8,1.9372,2.2729,0.2291,0.25,1.6658,0.0,9.0248,3.8849
MED00181,2026-10-19,8,3.0065,3.7524,3.329,3.625,3.3986,0.0,13.272,5.2122
MED00182,2026-10-19,8,0.2691,0.4641,0.0,0.0,0.2855,0.0,4.7175,2.3397
MED00183,2026-10-19,8,16.6524,29.0821,15.4879,15.0,21.5704,7.0837,45.0623,12.4015
MED00184,2026-10-19,8,7.5473,11.4326,4.8585,4.75,8.5243,0.0,23.5461,7.9301
MED00185,2026-10-19,8,1.883,1.1353,2.7527,4.125,1.7836,0.0,9.3401,3.9891
MED00186,2026-10-19,8,1.8849,1.6674,1.6073,1.75,1.7289,0.0,9.1944,3.9411
MED00187,2026-10-19,8,2.6361,2.7799,1.2809,1.625,2.3707,0.0,10.8432,4.4727
MED00188,2026-10-19,8,3.0498,4.2127,5.0987,5.625,4.0336,0.0,14.6809,5.6207
MED00189,2026-10-19,8,0.1952,0.1904,0.0,0.0,0.1461,0.0,4.1656,2.1219
MED00190,2026-10-19,8,2.1261,3.0082,2.8959,3.25,2.6824,0.0,11.6028,4.7092
MED00191,2026-10-19,8,11.1294,13.537,12.4834,13.0,12.4722,1.3659,30.4825,9.5077
MED00192,2026-10-19,8,0.1834,0.1524,0.2623,0.25,0.1898,0.0,4.3427,2.1924
MED00193,2026-10-19,8,0.1176,0.1117,0.0,0.0,0.0868,0.0,3.9174,2.0222
MED00194,2026-10-19,8,7.3802,8.4493,11.4248,11.75,8.8122,0.0,24.0717,8.0556
MED00195,2026-10-19,8,6.561,7.1218,9.0679,9.375,7.4081,0.0,21.4701,7.4234
MED00196,2026-10-19,8,7.5169,8.2771,5.3894,5.625,7.3266,0.0,21.316,7.3851
MED00197,2026-10-19,8,7.1436,7.0275,11.2537,11.625,8.097,0.0,22.7587,7.74
MED00198,2026-10-19,8,1.7603,1.2566,2.1737,2.375,1.652,0.0,8.9877,3.8725
MED00199,2026-10-19,8,1.4433,1.4787,0.9744,1.375,1.3461,0.0,8.1402,3.5867
MED00200,2026-10-19,8,1.8518,1.5384,1.4872,1.625,1.6347,0.0,8.9408,3.8569
MED00201,2026-10-19,8,8.4301,7.0286,6.74,8.375,7.4451,0.0,21.5401,7.4408
MED00202,2026-10-19,8,1.7818,1.7909,0.3382,0.375,1.438,0.0,8.3993,3.6749
MED00203,2026-10-19,8,2.1044,2.2374,2.3512,3.25,2.2217,0.0,10.4713,4.355
MED00204,2026-10-19,8,2.0349,2.3261,0.6876,0.75,1.8323,0.0,9.4691,4.0315
MED00205,2026-10-19,8,11.5434,14.4399,9.2654,9.75,12.2115,1.2173,30.0399,9.4117
MED00206,2026-10-19,8,1.1476,1.0396,1.1529,1.5,1.105,0.0,7.44,3.3443
MED00207,2026-10-19,8,1.9552,1.7876,2.5156,2.75,2.0229,0.0,9.9654,4.1929
MED00208,2026-10-19,8,11.1898,12.648,10.6145,11.0,11.6698,0.9125,29.1142,9.209
MED00209,2026-10-19,8,2.4542,1.6603,4.9045,5.125,2.7186,0.0,11.6897,4.7359
MED00210,2026-10-19,8,1.183,0.7938,2.4126,2.25,1.3195,0.0,8.0645,3.5608
MED00211,2026-10-19,8,2.1963,2.0094,2.3807,2.625,2.1652,0.0,10.3287,4.3096
MED00212,2026-10-19,8,2.1291,2.0501,0.2132,0.25,1.6346,0.0,8.9406,3.8568
MED00213,2026-10-19,8,1.2394,2.0619,0.0,0.0,1.2837,0.0,7.9621,3.5256
MED00214,2026-10-19,8,10.0134,10.7078,12.0858,13.875,10.8145,0.4421,27.6347,8.8795
MED00215,2026-10-19,8,2.2689,2.4891,2.0552,2.25,2.3113,0.0,10.6956,4.4261
MED00216,2026-10-19,8,0.0883,0.1049,0.0,0.0,0.0739,0.0,3.8622,1.9999
MED00217,2026-10-19,8,0.2376,0.1891,0.2619,0.25,0.2235,0.0,4.4769,2.2454
MED00218,2026-10-19,8,4.0199,5.6899,4.7509,5.375,4.8972,0.0,16.5144,6.1328
MED00219,2026-10-19,8,14.6702,9.9316,11.358,10.5,11.9073,1.0455,29.5211,9.2984
MED00220,2026-10-19,8,2.0682,1.9285,2.6115,2.875,2.1435,0.0,10.2737,4.292
MED00221,2026-10-19,8,3.0293,3.646,1.6811,2.25,2.9632,0.0,12.269,4.9126
MED00222,2026-10-19,8,0.4383,0.5597,0.0,0.0,0.3833,0.0,5.0829,2.481
MED00223,2026-10-19,8,9.4434,12.4212,4.3158,4.25,9.4537,0.0,25.23,8.3284
MED00224,2026-10-19,8,1.7725,1.4563,0.5729,0.625,1.3521,0.0,8.1575,3.5926
MED00225,2026-10-19,8,3.8662,4.1873,5.1616,5.875,4.3175,0.0,15.293,5.794
MED00226,2026-10-19,8,2.2895,1.7568,2.6356,3.625,2.1534,0.0,10.2988,4.3
MED00227,2026-10-19,8,14.9842,13.9827,18.3802,20.25,15.4034,3.1062,35.345,10.5273
MED00228,2026-10-19,8,1.7317,0.7931,2.5001,3.0,1.528,0.0,8.6491,3.7593
MED00229,2026-10-19,8,0.484,0.784,0.0,0.0,0.4925,0.0,5.4741,2.6298
MED00230,2026-10-19,8,12.6108,14.9582,10.6177,11.25,13.12,1.7397,31.5744,9.7422
MED00231,2026-10-19,8,1.619,0.5914,1.1396,1.25,1.0761,0.0,7.3538,3.314
MED00232,2026-10-19,8,2.7738,4.1245,1.0526,1.125,2.9233,0.0,12.1753,4.8842
MED00233,2026-10-19,8,0.5942,0.3577,0.6049,0.625,0.4988,0.0,5.4962,2.6382
MED00234,2026-10-19,8,1.8551,1.1928,1.9106,2.125,1.5942,0.0,8.8307,3.8202
MED00235,2026-10-19,8,66.2485,73.3173,61.0752,61.625,68.0105,42.4869,109.4002,21.8499
MED00236,2026-10-19,8,2.1377,2.6891,1.7517,1.875,2.2764,0.0,10.6085,4.3986
MED00237,2026-10-19,8,3.8847,4.2457,5.0289,6.625,4.316,0.0,15.2898,5.7931
MED00238,2026-10-19,8,1.9444,1.7055,1.4731,1.625,1.7327,0.0,9.2045,3.9444
MED00239,2026-10-19,8,3.3956,4.5598,4.1549,4.5,4.0682,0.0,14.756,5.6421
MED00240,2026-10-19,8,3.9512,3.7954,4.458,6.125,4.0128,0.0,14.6355,5.6078
MED00241,2026-10-19,8,2.4523,3.1521,2.1705,2.375,2.6784,0.0,11.5932,4.7062
MED00242,2026-10-19,8,9.5666,13.1735,8.4835,8.75,10.8181,0.444,27.6411,8.8809
MED00243,2026-10-19,8,0.1551,0.0796,0.1305,0.125,0.1178,0.0,4.0482,2.0749
MED00244,2026-10-19,8,2.0687,2.2872,1.9235,2.125,2.1268,0.0,10.2312,4.2784
MED00245,2026-10-19,8,73.3674,63.2181,76.4555,79.25,69.9558,44.0724,111.929,22.1579
MED00246,2026-10-19,8,4.8946,6.0065,6.099,6.75,5.6546,0.0,18.0601,6.5489
MED00247,2026-10-19,8,11.5257,14.2416,11.4237,12.375,12.6451,1.465,30.7749,9.5709
MED00248,2026-10-19,8,2.139,1.6416,2.1018,2.5,1.9247,0.0,9.7113,4.1106
MED00249,2026-10-19,8,20.7072,25.0114,33.4641,34.25,25.6099,9.8532,51.1614,13.4888
MED00250,2026-10-19,8,10.5777,8.5299,11.1133,16.125,9.864,0.0,25.9621,8.4983
MED00251,2026-10-19,8,1.8412,1.3681,2.6016,2.875,1.8298,0.0,9.4624,4.0293
MED00252,2026-10-19,8,0.3498,0.1499,0.7549,0.75,0.3648,0.0,5.0151,2.4549
MED00253,2026-10-19,8,3.533,4.4164,3.6423,4.0,3.9314,0.0,14.4579,5.557
MED00254,2026-10-19,8,0.3212,0.1553,1.0063,1.0,0.4181,0.0,5.2096,2.5294
MED00255,2026-10-19,8,4.7166,6.4567,4.8058,6.625,5.4685,0.0,17.6851,6.4492
MED00256,2026-10-19,8,2.1936,2.0039,1.1077,1.25,1.8539,0.0,9.5259,4.0501
MED00257,2026-10-19,8,4.2086,4.5714,5.5068,7.5,4.6783,0.0,16.0573,6.0071
MED00258,2026-10-19,8,2.1206,2.445,3.5195,3.875,2.5965,0.0,11.3959,4.6452
MED00259,2026-10-19,8,2.2027,2.0688,2.8278,3.125,2.3003,0.0,10.6683,4.4175
MED00260,2026-10-19,8,0.4653,0.4438,1.1559,1.125,0.6239,0.0,5.9252,2.7986
MED00261,2026-10-19,8,0.7259,0.7352,0.1292,0.125,0.5861,0.0,5.7975,2.7511
MED00262,2026-10-19,8,3.2079,2.6004,3.7106,5.0,3.0794,0.0,12.5401,4.9943
MED00263,2026-10-19,8,3.0176,3.6038,4.8785,5.375,3.7154,0.0,13.9821,5.4199
MED00264,2026-10-19,8,0.3207,0.1295,0.0,0.0,0.1637,0.0,4.2374,2.1506
MED00265,2026-10-19,8,5.8236,7.2159,9.3349,10.375,7.2597,0.0,21.1893,7.3535
MED00266,2026-10-19,8,13.9831,15.2748,6.4364,6.25,12.7094,1.502,30.8836,9.5943
MED00267,2026-10-19,8,4.2472,6.1047,3.5229,3.875,4.8508,0.0,16.4178,6.1063
MED00268,2026-10-19,8,2.1059,2.5844,3.3043,3.625,2.5976,0.0,11.3984,4.646
MED00269,2026-10-19,8,2.1722,2.2209,1.9563,2.125,2.1424,0.0,10.271,4.2911
MED00270,2026-10-19,8,2.2858,2.0873,4.4173,4.875,2.7211,0.0,11.6957,4.7378
MED00271,2026-10-19,8,1.705,2.2952,3.2214,4.25,2.3198,0.0,10.7167,4.4328
MED00272,2026-10-19,8,3.8563,4.1334,4.1634,4.875,4.05,0.0,14.7165,5.6309
MED00273,2026-10-19,8,3.1702,2.9679,2.0861,2.625,2.8267,0.0,11.9472,4.8148
MED00274,2026-10-19,8,0.5416,0.2889,0.363,0.375,0.3935,0.0,5.1204,2.4953
MED00275,2026-10-19,8,11.483,7.3227,11.9375,14.25,9.8697,0.0,25.9722,8.5007
MED00276,2026-10-19,8,1.893,1.8546,2.0612,2.25,1.9196,0.0,9.6979,4.1062
MED00277,2026-10-19,8,0.1913,0.1805,0.0,0.0,0.1407,0.0,4.1432,2.113
MED00278,2026-10-19,8,7.7115,8.9117,9.8614,11.25,8.74,0.0,23.9402,8.0243
MED00279,2026-10-19,8,18.7751,20.8338,22.8297,22.25,20.6336,6.4577,43.6215,12.1355
MED00280,2026-10-19,8,0.2208,0.1568,0.2608,0.25,0.204,0.0,4.3997,2.2149
MED00281,2026-10-19,8,13.212,10.5716,13.0489,15.875,12.0847,1.1455,29.8239,9.3647
MED00282,2026-10-19,8,3.4096,2.6068,2.6934,3.25,2.905,0.0,12.1321,4.8711
MED00283,2026-10-19,8,2.3638,2.618,3.1117,3.625,2.6532,0.0,11.5327,4.6875
MED00284,2026-10-19,8,1.3924,0.9387,0.457,0.625,0.9782,0.0,7.0579,3.2095
MED00285,2026-10-19,8,4.7789,5.5239,6.6106,7.375,5.5376,0.0,17.8247,6.4864
MED00286,2026-10-19,8,3.966,3.7041,5.5154,7.0,4.2357,0.0,15.1177,5.7446
MED00287,2026-10-19,8,3.2884,3.66,3.2545,3.625,3.4385,0.0,13.3623,5.2388
MED00288,2026-10-19,8,41.468,43.0719,35.1764,38.625,40.6557,20.8733,72.7353,16.935
MED00289,2026-10-19,8,3.9879,4.0337,6.1766,8.75,4.5407,0.0,15.7675,5.9267
MED00290,2026-10-19,8,1.8608,1.1456,1.0078,1.125,1.358,0.0,8.1742,3.5983
MED00291,2026-10-19,8,9.7821,18.3678,2.8198,3.0,11.6872,0.9222,29.1441,9.2156
MED00292,2026-10-19,8,1.7999,1.2823,0.983,1.25,1.3882,0.0,8.2594,3.6274
MED00293,2026-10-19,8,4.003,3.0907,7.7561,9.875,4.5348,0.0,15.7551,5.9233
MED00294,2026-10-19,8,1.2799,0.6885,0.7294,1.0,0.9013,0.0,6.8207,3.1249
MED00295,2026-10-19,8,0.2698,0.2001,0.0,0.0,0.1757,0.0,4.2863,2.17
MED00296,2026-10-19,8,3.9604,4.0508,4.0648,4.5,4.0273,0.0,14.6672,5.6168
MED00297,2026-10-19,8,5.7201,7.3086,6.0853,6.625,6.4766,0.0,19.6845,6.9726
MED00298,2026-10-19,8,2.1824,1.6985,3.5741,4.0,2.3196,0.0,10.7162,4.4326
MED00299,2026-10-19,8,0.4049,0.2896,0.2505,0.25,0.3199,0.0,4.8477,2.3903
MED00300,2026-10-19,8,1.8904,1.8614,0.2267,0.25,1.4776,0.0,8.5097,3.7123
MED00301,2026-10-19,8,4.6673,6.7439,5.1813,5.625,5.6623,0.0,18.0755,6.553
MED00302,2026-10-19,8,8.8295,8.6693,4.4433,4.375,7.7101,0.0,22.0381,7.5639
MED00303,2026-10-19,8,2.7218,2.3487,2.8536,3.625,2.6008,0.0,11.4063,4.6485
MED00304,2026-10-19,8,3.7188,4.526,3.3209,4.625,3.9628,0.0,14.5266,5.5767
MED00305,2026-10-19,8,1.8481,1.9278,1.031,1.125,1.6854,0.0,9.0777,3.9025
MED00306,2026-10-19,8,0.381,0.2409,0.0,0.0,0.2308,0.0,4.5055,2.2566
MED00307,2026-10-19,8,25.8891,27.102,35.5679,36.375,28.763,12.082,55.8134,14.2801
MED00308,2026-10-19,8,0.6341,0.6789,0.5161,0.5,0.6248,0.0,5.9282,2.7997
MED00309,2026-10-19,8,3.0298,3.6909,1.6803,2.25,2.9819,0.0,12.3128,4.9258
MED00310,2026-10-19,8,3.3728,3.1258,2.5909,3.25,3.084,0.0,12.5506,4.9975
MED00311,2026-10-19,8,3.3537,3.7761,3.2858,4.375,3.5168,0.0,13.5387,5.2906
MED00312,2026-10-19,8,0.5795,0.1953,0.3603,0.375,0.3668,0.0,5.0225,2.4578
MED00313,2026-10-19,8,0.4181,0.2344,1.7832,1.75,0.6723,0.0,6.0863,2.8581
MED00314,2026-10-19,8,10.8383,11.4913,8.917,8.75,10.6565,0.3567,27.3588,8.8173
MED00315,2026-10-19,8,9.525,10.7508,10.0468,11.25,10.172,0.0984,26.5076,8.6237
MED00316,2026-10-19,8,2.7187,3.3028,2.3766,2.625,2.8822,0.0,12.0785,4.8548
MED00317,2026-10-19,8,2.1844,2.3582,2.607,2.875,2.3614,0.0,10.82,4.4654
MED00318,2026-10-19,8,2.518,1.6938,3.609,5.0,2.4408,0.0,11.0161,4.527
MED00319,2026-10-19,8,11.0217,12.889,10.0735,11.0,11.5819,0.8635,28.9632,9.1757
MED00320,2026-10-19,8,6.2668,6.5859,3.4659,3.75,5.7283,0.0,18.2079,6.588
MED00321,2026-10-19,8,0.5773,0.8728,3.8203,3.75,1.4859,0.0,8.5327,3.7201
MED00322,2026-10-19,8,0.1567,0.1469,0.0,0.0,0.1149,0.0,4.0359,2.0699
MED00323,2026-10-19,8,1.0735,0.5004,2.4084,2.5,1.1586,0.0,7.5987,3.3997
MED00324,2026-10-19,8,1.4939,1.0232,1.4272,2.0,1.283,0.0,7.96,3.5249
MED00325,2026-10-19,8,6.5638,8.4281,5.0017,5.75,6.9697,0.0,20.6365,7.2148
MED00326,2026-10-19,8,9.0084,11.8326,7.8909,8.5,9.9247,0.0,26.0699,8.5232
MED00327,2026-10-19,8,2.7488,4.2463,2.0862,2.25,3.2157,0.0,12.8546,5.0885
MED00328,2026-10-19,8,3.9767,4.549,5.117,5.625,4.4953,0.0,15.6715,5.9
MED00329,2026-10-19,8,10.737,12.583,10.6496,11.625,11.4964,0.816,28.816,9.1431
MED00330,2026-10-19,8,4.0654,4.7727,5.4136,6.125,4.6907,0.0,16.0833,6.0143
MED00331,2026-10-19,8,1.8955,1.3417,2.1564,2.375,1.7296,0.0,9.1962,3.9417
MED00332,2026-10-19,8,2.7334,3.8436,2.6289,2.875,3.1738,0.0,12.7583,5.0597
MED00333,2026-10-19,8,3.0322,2.5191,5.4448,6.25,3.4051,0.0,13.2868,5.2166
MED00334,2026-10-19,8,10.5448,13.0478,4.0836,4.375,10.0355,0.0265,26.2663,8.5683
MED00335,2026-10-19,8,5.4856,5.6594,7.4241,6.5,6.0327,0.0,18.8135,6.7471
MED00336,2026-10-19,8,9.2963,10.7172,10.0587,11.25,10.0826,0.0513,26.3497,8.5875
MED00337,2026-10-19,8,65.7313,53.468,59.1347,60.25,59.0869,35.2835,97.687,20.3773
MED00338,2026-10-19,8,10.5141,13.9448,1.2806,1.25,9.7207,0.0,25.7072,8.4394
MED00339,2026-10-19,8,1.7877,1.2906,0.2735,0.375,1.2157,0.0,7.7657,3.4578
MED00340,2026-10-19,8,1.609,2.6387,0.2729,0.25,1.7167,0.0,9.1617,3.9303
MED00341,2026-10-19,8,4.8724,6.3972,7.9384,8.375,6.2551,0.0,19.2517,6.861
MED00342,2026-10-19,8,2.0244,1.9351,1.2356,1.375,1.7983,0.0,9.3791,4.002
MED00343,2026-10-19,8,10.0639,10.3476,10.5118,11.625,10.3006,0.1665,26.7345,8.6755
MED00344,2026-10-19,8,4.2536,4.8921,5.313,5.625,4.7805,0.0,16.2713,6.0661
MED00345,2026-10-19,8,0.1644,0.1029,0.0,0.0,0.0991,0.0,3.9697,2.0433
MED00346,2026-10-19,8,3.0132,3.6749,1.8572,2.0,3.0124,0.0,12.384,4.9473
MED00347,2026-10-19,8,0.1648,0.1782,0.0,0.0,0.1307,0.0,4.1018,2.0964
MED00348,2026-10-19,8,1.8019,1.3745,1.2594,1.375,1.4942,0.0,8.5557,3.7278
MED00349,2026-10-19,8,2.2785,2.1212,1.8301,2.0,2.1067,0.0,10.1802,4.262
MED00350,2026-10-19,8,1.062,1.9676,2.5497,2.5,1.8008,0.0,9.3856,4.0041
MED00351,2026-10-19,8,0.4367,0.6581,0.0,0.0,0.4238,0.0,5.2299,2.5372
MED00352,2026-10-19,8,0.236,0.3436,0.0,0.0,0.224,0.0,4.4788,2.2461
MED00353,2026-10-19,8,0.7735,0.4999,0.0,0.0,0.473,0.0,5.4055,2.6039
MED00354,2026-10-19,8,0.8484,1.1912,1.2753,1.25,1.0955,0.0,7.4118,3.3344
MED00355,2026-10-19,8,9.61,10.0171,8.9374,11.5,9.6266,0.0,25.5393,8.4004
MED00356,2026-10-19,8,1.9621,2.0932,1.722,1.875,1.9606,0.0,9.8047,4.1409
MED00357,2026-10-19,8,0.2116,0.1054,0.2616,0.25,0.1796,0.0,4.3021,2.1763
MED00358,2026-10-19,8,4.8719,5.2113,2.7306,3.375,4.5001,0.0,15.6817,5.9028
MED00359,2026-10-19,8,2.1059,2.2711,1.3851,1.5,2.0025,0.0,9.9128,4.1759
MED00360,2026-10-19,8,2.6702,1.9593,3.042,3.875,2.4664,0.0,11.0789,4.5466
MED00361,2026-10-19,8,2.2291,2.2229,4.3409,4.875,2.7398,0.0,11.7405,4.7515
MED00362,2026-10-19,8,2.4568,2.0932,4.2164,4.875,2.7334,0.0,11.7252,4.7468
MED00363,2026-10-19,8,1.7608,1.4813,2.2674,2.5,1.7686,0.0,9.3003,3.976
MED00364,2026-10-19,8,0.1504,0.1959,0.0,0.0,0.1331,0.0,4.1119,2.1005
MED00365,2026-10-19,8,2.1733,2.4075,1.8896,2.125,2.2045,0.0,10.4279,4.3412
MED00366,2026-10-19,8,9.4808,10.001,10.215,11.25,9.8849,0.0,25.9993,8.5069
MED00367,2026-10-19,8,2.117,2.6789,1.4787,1.625,2.199,0.0,10.414,4.3368
MED00368,2026-10-19,8,2.74,3.4674,4.5478,5.0,3.4835,0.0,13.4639,5.2687
MED00369,2026-10-19,8,3.5047,3.8978,3.5402,5.0,3.6807,0.0,13.9051,5.3975
MED00370,2026-10-19,8,0.3947,0.2191,0.0,0.0,0.2264,0.0,4.4881,2.2498
MED00371,2026-10-19,8,15.5883,14.0495,14.2829,14.0,14.6463,2.6453,34.1074,10.2736
MED00372,2026-10-19,8,0.1881,0.1058,0.1308,0.125,0.1401,0.0,4.1407,2.112
MED00373,2026-10-19,8,0.6349,0.5311,0.9135,0.875,0.6597,0.0,6.0447,2.8428
MED00374,2026-10-19,8,1.7984,1.2522,2.142,2.75,1.6556,0.0,8.9972,3.8757
MED00375,2026-10-19,8,14.8504,16.6934,13.7716,13.5,15.3727,3.0873,35.295,10.5171
MED00376,2026-10-19,8,2.0864,2.0624,1.8233,2.0,2.0148,0.0,9.9446,4.1862
MED00377,2026-10-19,8,0.5144,0.6348,0.8908,0.875,0.6562,0.0,6.033,2.8385
MED00378,2026-10-19,8,2.139,2.6537,1.934,2.125,2.3062,0.0,10.6828,4.4221
MED00379,2026-10-19,8,0.5455,0.8653,2.5475,2.5,1.1639,0.0,7.6141,3.4051
MED00380,2026-10-19,8,0.4643,0.4021,0.0,0.0,0.3265,0.0,4.8726,2.3999
MED00381,2026-10-19,8,1.317,2.4805,1.2757,1.25,1.7935,0.0,9.3664,3.9978
MED00382,2026-10-19,8,2.3581,1.4506,2.9536,3.75,2.1261,0.0,10.2296,4.2779
MED00383,2026-10-19,8,6.3572,8.8197,5.4484,5.75,7.1705,0.0,21.0197,7.3111
MED00384,2026-10-19,8,2.0422,1.9839,1.9224,2.125,1.991,0.0,9.8831,4.1663
MED00385,2026-10-19,8,18.4977,21.5736,17.5925,20.25,19.5798,5.7619,41.9873,11.8291
MED00386,2026-10-19,8,14.1882,14.3882,12.523,14.125,13.8828,2.1882,32.847,10.0113
MED00387,2026-10-19,8,18.4332,21.9605,21.0174,22.5,20.5479,6.4008,43.4892,12.1109
MED00388,2026-10-19,8,91.53,121.251,93.4589,84.125,104.482,72.8868,155.7175,27.0475
MED00389,2026-10-19,8,8.3692,9.4248,8.5625,11.25,8.8645,0.0,24.1668,8.0782
MED00390,2026-10-19,8,17.1374,21.033,22.8894,34.25,20.171,6.1511,42.9059,12.0019
MED00391,2026-10-19,8,16.3653,16.1102,19.9352,24.875,17.1392,4.1882,38.1408,11.0869
MED00392,2026-10-19,8,16.7312,18.4115,18.6934,22.625,17.9234,4.6877,39.3869,11.3307
MED00393,2026-10-19,8,11.7602,11.827,8.6203,10.125,11.0399,0.5647,28.0268,8.9675
MED00394,2026-10-19,8,13.4714,11.9912,13.6301,16.25,12.906,1.6155,31.215,9.6654
MED00395,2026-10-19,8,16.5513,16.9663,16.2866,18.375,16.6768,3.8967,37.4014,10.9406
MED00396,2026-10-19,8,55.9765,54.9589,47.0451,46.75,53.4467,30.7979,90.1746,19.3889
MED00397,2026-10-19,8,45.2756,48.1844,48.2079,48.125,47.2435,25.9366,81.7953,18.2401
MED00398,2026-10-19,8,105.0807,111.7521,123.4171,128.0,112.4051,79.6394,165.5389,28.0496
MED00399,2026-10-19,8,90.8845,116.8814,115.1618,115.75,107.6912,75.6167,159.7039,27.4578
MED00400,2026-10-19,8,72.2916,71.3432,72.8281,69.875,72.0982,45.8242,114.7048,22.4923
MED00401,2026-10-19,8,13.7343,12.0524,12.9569,20.875,12.8586,1.5881,31.1351,9.6483
MED00402,2026-10-19,8,18.1994,15.6405,19.4974,29.875,17.4646,4.3947,38.6591,11.1887
MED00403,2026-10-19,8,11.4068,16.709,9.1479,9.125,13.0825,1.718,31.5117,9.7288
MED00404,2026-10-19,8,4.4556,6.319,5.7516,6.125,5.5507,0.0,17.8511,6.4934
MED00405,2026-10-19,8,7.2282,8.342,6.6962,7.375,7.5711,0.0,21.7774,7.4996
MED00406,2026-10-19,8,19.71,23.6502,23.8422,26.75,22.3728,7.6251,46.2879,12.625
MED00407,2026-10-19,8,17.71,16.8897,20.2826,30.5,18.0082,4.7421,39.521,11.3567
MED00408,2026-10-19,8,6.2377,6.1964,7.1438,11.25,6.446,0.0,19.6249,6.9573
MED00409,2026-10-19,8,10.3514,11.1692,7.7089,10.875,10.0633,0.0411,26.3155,8.5797
MED00410,2026-10-19,8,8.4053,9.3658,9.5502,14.0,9.0913,0.0,24.5777,8.1754
MED00411,2026-10-19,8,17.6531,16.8813,20.1734,26.125,17.9588,4.7104,39.4428,11.3415
MED00412,2026-10-19,8,11.7789,7.6104,11.4134,14.0,9.964,0.0,26.1396,8.5392
MED00413,2026-10-19,8,12.4997,10.3515,10.063,12.875,11.0267,0.5575,28.0039,8.9624
MED00414,2026-10-19,8,17.6971,15.1458,18.575,24.125,16.8634,4.0141,37.7002,10.9999
MED00415,2026-10-19,8,12.4835,9.1739,12.2011,15.75,11.0475,0.5688,28.0401,8.9705
MED00416,2026-10-19,8,16.7717,14.9068,17.6828,23.75,16.2313,3.618,36.6853,10.7978
MED00417,2026-10-19,8,7.1794,6.2607,6.2459,7.5,6.5775,0.0,19.8807,7.0228
MED00418,2026-10-19,8,6.7801,5.7943,7.9005,9.375,6.6469,0.0,20.0152,7.0572
MED00419,2026-10-19,8,8.4148,7.4684,8.4232,10.125,8.0306,0.0,22.6357,7.7101
MED00420,2026-10-19,8,18.1621,17.5426,19.6196,30.625,18.2747,4.9134,39.9417,11.4382
MED00421,2026-10-19,8,19.0148,15.2284,23.1152,34.125,18.4472,5.0246,40.2135,11.4906
MED00422,2026-10-19,8,16.611,14.5102,18.3205,23.375,16.1653,3.5769,36.5789,10.7765
MED00423,2026-10-19,8,11.8137,10.8143,9.9418,11.25,10.9558,0.5188,27.8807,8.9348
MED00424,2026-10-19,8,78.7323,83.1853,109.4673,118.875,88.1058,59.0793,135.1758,24.8486
MED00001,2026-10-26,9,12.3568,8.7904,12.1922,15.125,10.8421,0.6485,27.2269,9.1122
MED00002,2026-10-26,9,0.1327,0.1017,0.1307,0.125,0.1194,0.0,3.9484,2.1295
MED00003,2026-10-26,9,0.2808,0.5012,0.0,0.0,0.305,0.0,4.6702,2.4276
MED00004,2026-10-26,9,0.7774,0.6576,1.7801,1.75,0.9708,0.0,6.8712,3.2814
MED00005,2026-10-26,9,1.9889,3.4849,1.9073,1.875,2.595,0.0,11.154,4.76
MED00006,2026-10-26,9,1.626,1.0562,0.2267,0.25,1.0514,0.0,7.1112,3.3701
MED00007,2026-10-26,9,3.0848,3.7661,2.4957,2.75,3.2294,0.0,12.6249,5.2251
MED00008,2026-10-26,9,0.6394,0.4855,1.4166,1.375,0.764,0.0,6.2336,3.0419
MED00009,2026-10-26,9,3.211,3.755,3.2668,3.875,3.4545,0.0,13.1293,5.3805
MED00010,2026-10-26,9,3.7996,3.5986,4.5238,4.125,3.8948,0.0,14.094,5.6721
MED00011,2026-10-26,9,19.3029,21.9391,24.6201,24.875,21.7083,7.4443,44.6354,12.7507
MED00012,2026-10-26,9,2.0197,2.8052,0.3439,0.375,1.9437,0.0,9.5491,4.2296
MED00013,2026-10-26,9,3.5134,4.0759,5.9014,6.375,4.3294,0.0,15.0209,5.946
MED00014,2026-10-26,9,14.797,14.2714,24.3991,28.0,16.9163,4.2846,37.2198,11.2915
MED00015,2026-10-26,9,0.4994,0.3325,0.9102,0.875,0.5297,0.0,5.4665,2.7456
MED00016,2026-10-26,9,2.1557,1.6859,4.2467,4.75,2.468,0.0,10.8496,4.6613
MED00017,2026-10-26,9,1.8803,1.805,2.1668,2.375,1.9201,0.0,9.4887,4.2091
MED00018,2026-10-26,9,82.5498,66.9338,84.6293,87.75,76.6237,50.0424,119.3493,23.7613
MED00019,2026-10-26,9,47.9188,38.3483,46.8353,49.375,43.7136,23.5874,76.0634,17.9909
MED00020,2026-10-26,9,10.3575,12.2844,14.8413,14.875,12.2564,1.4459,29.6328,9.6636
MED00021,2026-10-26,9,3.6963,3.7325,3.3114,4.5,3.6219,0.0,13.4994,5.4932
MED00022,2026-10-26,9,2.2708,1.4336,2.4498,3.375,1.9673,0.0,9.6092,4.2499
MED00023,2026-10-26,9,1.2269,1.0117,0.1912,0.25,0.8877,0.0,6.6189,3.1873
MED00024,2026-10-26,9,2.7215,3.018,2.1101,2.875,2.6999,0.0,11.4027,4.84
MED00025,2026-10-26,9,0.1118,0.106,0.0,0.0,0.0824,0.0,3.7953,2.0649
MED00026,2026-10-26,9,0.3296,0.3075,0.1298,0.125,0.2723,0.0,4.548,2.3778
MED00027,2026-10-26,9,0.224,0.1229,0.0,0.0,0.1279,0.0,3.9828,2.1439
MED00028,2026-10-26,9,0.482,0.5775,0.52,0.5,0.5315,0.0,5.4726,2.748
MED00029,2026-10-26,9,11.4009,11.7528,13.6045,17.375,12.0923,1.3515,29.3565,9.6013
MED00030,2026-10-26,9,3.5759,3.5098,4.174,5.5,3.6967,0.0,13.6632,5.5428
MED00031,2026-10-26,9,3.0688,3.5241,2.6124,3.25,3.1513,0.0,12.4477,5.1701
MED00032,2026-10-26,9,2.2577,1.6474,2.1166,2.75,1.9714,0.0,9.6196,4.2535
MED00033,2026-10-26,9,0.9384,1.7355,1.911,1.875,1.5071,0.0,8.3996,3.8332
MED00034,2026-10-26,9,20.1161,21.5506,25.5643,25.0,22.0529,7.6786,45.1572,12.8492
MED00035,2026-10-26,9,0.4224,0.1967,0.4039,0.375,0.3242,0.0,4.7412,2.4564
MED00036,2026-10-26,9,1.5821,1.3157,2.2892,2.25,1.6437,0.0,8.7669,3.9615
MED00037,2026-10-26,9,3.6907,3.3158,5.2047,5.5,3.9044,0.0,14.1148,5.6783
MED00038,2026-10-26,9,12.3814,11.0568,13.9639,20.0,12.2244,1.4274,29.5789,9.6515
MED00039,2026-10-26,9,0.9866,1.2313,1.2329,1.25,1.1492,0.0,7.3971,3.4747
MED00040,2026-10-26,9,0.547,0.4864,1.003,1.0,0.6326,0.0,5.8103,2.8795
MED00041,2026-10-26,9,0.5612,0.4422,0.1209,0.125,0.4056,0.0,5.0353,2.5748
MED00042,2026-10-26,9,3.2158,3.3085,2.0264,2.0,2.9698,0.0,12.0323,5.04
MED00043,2026-10-26,9,0.453,0.3983,0.5223,0.5,0.4474,0.0,5.1828,2.6336
MED00044,2026-10-26,9,1.9372,1.8036,0.9143,1.25,1.6359,0.0,8.7461,3.9543
MED00045,2026-10-26,9,1.7097,1.6464,0.1143,0.125,1.2989,0.0,7.8242,3.629
MED00046,2026-10-26,9,2.2259,2.34,0.8288,1.125,1.9376,0.0,9.5334,4.2243
MED00047,2026-10-26,9,4.7826,6.2544,6.5533,7.375,5.8296,0.0,18.0697,6.8071
MED00048,2026-10-26,9,12.5537,14.9498,14.6863,17.75,14.0815,2.5235,32.6594,10.3318
MED00049,2026-10-26,9,0.1586,0.1129,0.0,0.0,0.1014,0.0,3.8741,2.0982
MED00050,2026-10-26,9,2.6035,3.362,2.4536,2.625,2.8861,0.0,11.8387,4.9788
MED00051,2026-10-26,9,0.1393,0.1109,0.0,0.0,0.0939,0.0,3.8432,2.0851
MED00052,2026-10-26,9,0.4757,0.4997,0.5259,0.5,0.4983,0.0,5.3594,2.7034
MED00053,2026-10-26,9,5.5735,6.5518,6.8255,10.0,6.29,0.0,18.9674,7.0504
MED00054,2026-10-26,9,5.4242,7.1473,8.4123,11.75,6.8712,0.0,20.0801,7.3459
MED00055,2026-10-26,9,0.839,0.8024,1.3466,1.25,0.9474,0.0,6.8006,3.2551
MED00056,2026-10-26,9,0.6138,0.3819,1.0035,1.0,0.612,0.0,5.7424,2.8532
MED00057,2026-10-26,9,0.4124,0.334,0.1257,0.125,0.3107,0.0,4.6913,2.4362
MED00058,2026-10-26,9,1.6426,1.1857,0.1138,0.125,1.0838,0.0,7.2064,3.405
MED00059,2026-10-26,9,7.7741,6.9041,9.2686,11.75,7.7807,0.0,21.7808,7.7859
MED00060,2026-10-26,9,5.6835,4.1698,6.0781,7.625,5.1535,0.0,16.7213,6.4333
MED00061,2026-10-26,9,0.652,0.789,0.7931,0.75,0.7439,0.0,6.1701,3.0177
MED00062,2026-10-26,9,11.7378,9.0444,12.153,15.875,10.7269,0.5851,27.0282,9.0658
MED00063,2026-10-26,9,0.1214,0.115,0.0,0.0,0.0895,0.0,3.8248,2.0774
MED00064,2026-10-26,9,23.178,26.2178,22.7494,25.375,24.3651,9.272,48.6249,13.4918
MED00065,2026-10-26,9,63.0597,57.4816,48.0841,51.5,57.1726,34.1864,94.1196,20.5476
MED00066,2026-10-26,9,0.442,0.3442,0.5161,0.5,0.4196,0.0,5.085,2.5946
MED00067,2026-10-26,9,2.1202,2.7814,3.559,3.875,2.7462,0.0,11.5118,4.8749
MED00068,2026-10-26,9,3.1187,2.7307,4.4729,6.25,3.2877,0.0,12.7563,5.2658
MED00069,2026-10-26,9,1.6851,1.4261,0.9103,1.25,1.3913,0.0,8.082,3.721
MED00070,2026-10-26,9,10.7694,12.023,11.7678,15.625,11.5446,1.04,28.4291,9.3901
MED00071,2026-10-26,9,2.0436,1.9957,1.5361,2.125,1.9029,0.0,9.4444,4.1941
MED00072,2026-10-26,9,2.1047,1.4851,2.2683,3.125,1.888,0.0,9.4062,4.1811
MED00073,2026-10-26,9,3.0761,2.9314,4.569,6.25,3.3801,0.0,12.9634,5.3296
MED00074,2026-10-26,9,2.762,2.441,3.6837,5.125,2.8539,0.0,11.7638,4.9551
MED00075,2026-10-26,9,2.9114,2.3874,3.1867,4.875,2.7624,0.0,11.5499,4.887
MED00076,2026-10-26,9,0.2362,0.0843,0.262,0.25,0.1793,0.0,4.1892,2.2301
MED00077,2026-10-26,9,3.8738,3.1213,4.7496,7.25,3.7758,0.0,13.8359,5.5948
MED00078,2026-10-26,9,2.8502,4.3308,2.4571,3.125,3.3754,0.0,12.9528,5.3264
MED00079,2026-10-26,9,19.465,30.8126,16.2199,18.0,23.4311,8.6242,47.231,13.236
MED00080,2026-10-26,9,3.2861,2.2329,4.4073,6.125,3.1216,0.0,12.3801,5.149
MED00081,2026-10-26,9,0.3613,0.3936,0.262,0.25,0.3511,0.0,4.8394,2.4961
MED00082,2026-10-26,9,2.7745,3.6356,2.0341,2.75,2.9571,0.0,12.0031,5.0308
MED00083,2026-10-26,9,3.1732,2.7687,3.1457,4.375,3.001,0.0,12.1042,5.0626
MED00084,2026-10-26,9,43.5042,43.1317,43.6089,39.875,43.4177,23.359,75.6591,17.9306
MED00085,2026-10-26,9,2.0632,1.7573,2.9447,3.25,2.151,0.0,10.0725,4.4054
MED00086,2026-10-26,9,0.3388,0.2883,0.0,0.0,0.2361,0.0,4.4102,2.3214
MED00087,2026-10-26,9,1.7715,1.598,1.8251,2.0,1.7139,0.0,8.9528,4.0258
MED00088,2026-10-26,9,28.6907,28.5436,30.8554,28.0,29.1819,12.6916,55.6876,14.7408
MED00089,2026-10-26,9,15.2659,18.815,8.3569,8.0,15.0891,3.1384,34.2982,10.6828
MED00090,2026-10-26,9,2.5129,3.6184,3.691,4.875,3.2615,0.0,12.6972,5.2475
MED00091,2026-10-26,9,2.0574,1.983,1.7807,2.5,1.9615,0.0,9.5944,4.245
MED00092,2026-10-26,9,1.6599,1.4426,1.3698,1.5,1.5007,0.0,8.3823,3.8271
MED00093,2026-10-26,9,0.266,0.1651,0.2596,0.25,0.2227,0.0,4.3584,2.3001
MED00094,2026-10-26,9,0.583,0.3937,0.7793,0.75,0.5521,0.0,5.5424,2.7753
MED00095,2026-10-26,9,2.8863,3.6461,3.4862,3.875,3.3512,0.0,12.8988,5.3098
MED00096,2026-10-26,9,13.4544,10.1581,12.2149,13.75,11.7934,1.1808,28.8514,9.4866
MED00097,2026-10-26,9,0.4142,0.5389,0.0,0.0,0.3664,0.0,4.8948,2.5184
MED00098,2026-10-26,9,7.9034,8.254,8.5027,9.625,8.2025,0.0,22.5547,7.9818
MED00099,2026-10-26,9,0.2378,0.2517,0.0,0.0,0.1863,0.0,4.2167,2.2415
MED00100,2026-10-26,9,0.1512,0.0889,0.131,0.125,0.1205,0.0,3.9528,2.1313
MED00101,2026-10-26,9,3.881,4.6984,6.3319,7.25,4.8188,0.0,16.0391,6.24
MED00102,2026-10-26,9,4.1348,3.1645,3.3308,3.5,3.5397,0.0,13.3182,5.4382
MED00103,2026-10-26,9,2.7084,3.4464,0.9254,1.0,2.5874,0.0,11.1358,4.7541
MED00104,2026-10-26,9,7.1663,8.9651,7.5357,8.375,8.0129,0.0,22.2079,7.8943
MED00105,2026-10-26,9,11.0907,13.1637,9.2359,9.75,11.5174,1.0247,28.3828,9.3795
MED00106,2026-10-26,9,0.1255,0.1669,0.0,0.0,0.1125,0.0,3.9202,2.1176
MED00107,2026-10-26,9,7.6488,10.1982,7.5375,8.25,8.6926,0.0,23.4433,8.2034
MED00108,2026-10-26,9,2.7826,3.0351,3.5894,3.875,3.0859,0.0,12.2987,5.1236
MED00109,2026-10-26,9,0.3835,0.6448,0.0,0.0,0.4,0.0,5.0156,2.5669
MED00110,2026-10-26,9,0.4225,0.2509,0.0,0.0,0.2491,0.0,4.46,2.3418
MED00111,2026-10-26,9,0.6603,0.6308,1.0367,1.0,0.7398,0.0,6.1568,3.0126
MED00112,2026-10-26,9,2.7493,2.9742,3.4068,3.75,3.0049,0.0,12.1131,5.0654
MED00113,2026-10-26,9,1.9227,1.5217,1.7968,2.0,1.7269,0.0,8.9871,4.0377
MED00114,2026-10-26,9,13.2439,11.9553,17.6676,17.875,13.7904,2.3483,32.1818,10.2281
MED00115,2026-10-26,9,2.0294,2.1594,1.8148,2.0,2.0337,0.0,9.7778,4.3068
MED00116,2026-10-26,9,7.4706,8.7074,9.2873,10.0,8.4335,0.0,22.9748,8.087
MED00117,2026-10-26,9,1.7642,1.9373,0.8287,0.875,1.6118,0.0,8.6817,3.9319
MED00118,2026-10-26,9,1.6701,0.9052,1.5758,1.75,1.33,0.0,7.9113,3.6601
MED00119,2026-10-26,9,1.9338,1.9203,0.6851,0.75,1.6279,0.0,8.7249,3.9469
MED00120,2026-10-26,9,10.8389,12.8148,3.5813,3.5,9.9174,0.1481,25.62,8.7328
MED00121,2026-10-26,9,3.1804,4.8261,3.2351,3.375,3.8831,0.0,14.0686,5.6645
MED00122,2026-10-26,9,2.2869,2.2103,4.9436,5.625,2.9002,0.0,11.8712,4.9891
MED00123,2026-10-26,9,0.8397,0.7116,0.4848,0.5,0.7012,0.0,6.0335,2.9654
MED00124,2026-10-26,9,7.4102,8.8461,7.1324,8.0,7.9491,0.0,22.0908,7.8647
MED00125,2026-10-26,9,0.2627,0.1677,0.393,0.375,0.2549,0.0,4.4818,2.3508
MED00126,2026-10-26,9,0.7507,1.0818,0.0,0.0,0.7078,0.0,6.0547,2.9736
MED00127,2026-10-26,9,2.0366,1.7292,0.9568,1.125,1.6492,0.0,8.7814,3.9665
MED00128,2026-10-26,9,2.0964,2.3016,0.9182,1.0,1.8989,0.0,9.4342,4.1907
MED00129,2026-10-26,9,1.8122,1.5579,0.3435,0.375,1.3526,0.0,7.9744,3.6827
MED00130,2026-10-26,9,0.163,0.1839,0.0,0.0,0.1324,0.0,4.0015,2.1517
MED00131,2026-10-26,9,2.1218,2.4631,1.7484,2.375,2.1759,0.0,10.1343,4.426
MED00132,2026-10-26,9,0.5648,0.408,0.0,0.0,0.3633,0.0,4.8837,2.514
MED00133,2026-10-26,9,0.6105,0.3166,0.7256,0.75,0.5164,0.0,5.4213,2.7278
MED00134,2026-10-26,9,0.4678,0.3446,0.0,0.0,0.3037,0.0,4.6652,2.4256
MED00135,2026-10-26,9,13.3769,14.441,7.0644,6.875,12.3064,1.4747,29.7167,9.6825
MED00136,2026-10-26,9,1.8046,2.3055,2.2816,2.5,2.1307,0.0,10.0217,4.3885
MED00137,2026-10-26,9,2.1993,2.2083,2.2356,2.0,2.214,0.0,10.229,4.4574
MED00138,2026-10-26,9,2.0567,2.3183,1.8474,2.0,2.1172,0.0,9.9878,4.3772
MED00139,2026-10-26,9,2.8386,5.1105,1.1579,1.25,3.3821,0.0,12.9679,5.331
MED00140,2026-10-26,9,1.8272,1.2982,0.7971,0.875,1.3591,0.0,7.9928,3.6892
MED00141,2026-10-26,9,4.2402,4.3865,4.4135,6.125,4.3474,0.0,15.0588,5.957
MED00142,2026-10-26,9,0.3932,0.6048,0.378,0.375,0.4782,0.0,5.2899,2.676
MED00143,2026-10-26,9,1.8553,1.1577,1.5896,1.75,1.502,0.0,8.3856,3.8283
MED00144,2026-10-26,9,5.5044,7.8559,4.8691,5.375,6.3367,0.0,19.0577,7.0746
MED00145,2026-10-26,9,0.6561,0.6131,1.1811,1.125,0.7659,0.0,6.2396,3.0442
MED00146,2026-10-26,9,1.8213,1.6414,2.0731,2.375,1.809,0.0,9.2018,4.1114
MED00147,2026-10-26,9,1.8333,0.9388,1.5711,2.0,1.3986,0.0,8.1023,3.7282
MED00148,2026-10-26,9,5.7352,3.5596,5.6653,7.375,4.8168,0.0,16.0349,6.2388
MED00149,2026-10-26,9,3.5183,4.401,5.306,5.75,4.3225,0.0,15.0064,5.9417
MED00150,2026-10-26,9,1.6122,1.5097,1.4988,2.0,1.5436,0.0,8.4986,3.8679
MED00151,2026-10-26,9,2.1089,1.984,1.3659,1.5,1.8791,0.0,9.3833,4.1733
MED00152,2026-10-26,9,2.1501,2.02,1.9544,2.125,2.0506,0.0,9.8206,4.3211
MED00153,2026-10-26,9,2.1611,2.7195,0.7871,0.875,2.0636,0.0,9.8533,4.3321
MED00154,2026-10-26,9,15.0113,14.5799,17.5928,18.5,15.4711,3.3749,34.914,10.8129
MED00155,2026-10-26,9,1.9988,2.7601,2.3941,2.625,2.4139,0.0,10.7188,4.6186
MED00156,2026-10-26,9,2.3722,1.9373,3.8864,5.0,2.5596,0.0,11.0696,4.7327
MED00157,2026-10-26,9,4.2583,5.4116,5.3836,6.0,5.0158,0.0,16.4419,6.3545
MED00158,2026-10-26,9,0.2599,0.1939,0.1298,0.125,0.2012,0.0,4.275,2.2656
MED00159,2026-10-26,9,10.9771,10.6207,8.971,8.75,10.354,0.3821,26.3823,8.9139
MED00160,2026-10-26,9,3.4097,6.0798,3.6173,4.0,4.5768,0.0,15.5388,6.0964
MED00161,2026-10-26,9,5.7395,8.3836,5.6217,6.375,6.8193,0.0,19.9815,7.32
MED00162,2026-10-26,9,2.1077,2.9821,0.7967,0.875,2.1572,0.0,10.0878,4.4105
MED00163,2026-10-26,9,0.3344,0.2618,0.262,0.25,0.2869,0.0,4.6027,2.4002
MED00164,2026-10-26,9,1.9512,1.8088,0.9171,1.25,1.6435,0.0,8.7664,3.9613
MED00165,2026-10-26,9,8.7614,11.3014,13.1666,13.5,10.8954,0.6778,27.3186,9.1336
MED00166,2026-10-26,9,2.0731,2.8038,1.0287,1.125,2.1271,0.0,10.0127,4.3855
MED00167,2026-10-26,9,1.8448,1.2074,3.339,3.75,1.9424,0.0,9.5457,4.2285
MED00168,2026-10-26,9,1.8896,1.4032,1.4866,1.625,1.5912,0.0,8.6266,3.9126
MED00169,2026-10-26,9,1.8015,1.631,1.2599,1.375,1.6011,0.0,8.6533,3.9219
MED00170,2026-10-26,9,1.7926,1.4014,1.8135,2.0,1.6363,0.0,8.7472,3.9546
MED00171,2026-10-26,9,2.1848,1.9416,1.9134,2.125,2.0199,0.0,9.7429,4.295
MED00172,2026-10-26,9,1.8832,1.8329,2.8789,3.75,2.1051,0.0,9.9575,4.367
MED00173,2026-10-26,9,2.2232,2.279,2.6085,2.875,2.3419,0.0,10.5436,4.5612
MED00174,2026-10-26,9,6.1261,6.7655,5.0331,5.375,6.1344,0.0,18.6656,6.9691
MED00175,2026-10-26,9,1.0452,1.1657,0.5386,0.5,0.9739,0.0,6.8805,3.2848
MED00176,2026-10-26,9,13.0269,17.6152,11.5606,11.75,14.5984,2.8373,33.5026,10.5133
MED00177,2026-10-26,9,0.2536,0.4456,0.1297,0.125,0.3039,0.0,4.6661,2.426
MED00178,2026-10-26,9,1.8253,1.1099,2.6423,2.75,1.7265,0.0,8.986,4.0373
MED00179,2026-10-26,9,0.5263,0.2902,0.6445,0.625,0.457,0.0,5.2163,2.6468
MED00180,2026-10-26,9,1.9471,2.227,0.2291,0.25,1.65,0.0,8.7837,3.9673
MED00181,2026-10-26,9,2.9582,3.7348,3.329,3.625,3.3747,0.0,12.9514,5.3259
MED00182,2026-10-26,9,0.272,0.4607,0.0,0.0,0.2851,0.0,4.5959,2.3974
MED00183,2026-10-26,9,16.0156,29.1011,15.4879,15.0,21.3606,7.2087,44.1076,12.6505
MED00184,2026-10-26,9,7.3666,11.3095,4.8585,4.75,8.4112,0.0,22.9343,8.0769
MED00185,2026-10-26,9,1.8484,1.1592,2.7527,4.125,1.7817,0.0,9.1306,4.087
MED00186,2026-10-26,9,1.8828,1.6506,1.6073,1.75,1.7212,0.0,8.9719,4.0324
MED00187,2026-10-26,9,2.6347,2.7886,1.2809,1.625,2.3739,0.0,10.6215,4.5868
MED00188,2026-10-26,9,3.0176,4.1833,5.0987,5.625,4.0104,0.0,14.3427,5.7462
MED00189,2026-10-26,9,0.1987,0.1906,0.0,0.0,0.1474,0.0,4.0621,2.1771
MED00190,2026-10-26,9,2.1139,2.9965,2.8959,3.25,2.6733,0.0,11.3399,4.8198
MED00191,2026-10-26,9,10.9841,13.6026,12.4834,13.0,12.4498,1.5576,29.9574,9.7366
MED00192,2026-10-26,9,0.1939,0.1538,0.2623,0.25,0.1939,0.0,4.2467,2.2539
MED00193,2026-10-26,9,0.122,0.1118,0.0,0.0,0.0884,0.0,3.8201,2.0754
MED00194,2026-10-26,9,7.3441,8.4289,11.4248,11.75,8.7913,0.0,23.6211,8.2474
MED00195,2026-10-26,9,6.4917,7.058,9.0679,9.375,7.3577,0.0,20.9955,7.5845
MED00196,2026-10-26,9,7.483,8.2639,5.3894,5.625,7.3095,0.0,20.9053,7.5611
MED00197,2026-10-26,9,7.058,7.0695,11.2537,11.625,8.0852,0.0,22.3403,7.9278
MED00198,2026-10-26,9,1.7563,1.2526,2.1737,2.375,1.649,0.0,8.7811,3.9664
MED00199,2026-10-26,9,1.4242,1.4806,0.9744,1.375,1.3403,0.0,7.9402,3.6704
MED00200,2026-10-26,9,1.8473,1.5302,1.4872,1.625,1.6298,0.0,8.7298,3.9486
MED00201,2026-10-26,9,8.3785,7.0069,6.74,8.375,7.4184,0.0,21.1087,7.6137
MED00202,2026-10-26,9,1.7745,1.7731,0.3382,0.375,1.4281,0.0,8.1837,3.757
MED00203,2026-10-26,9,2.1186,2.2301,2.3512,3.25,2.2235,0.0,10.2524,4.4652
MED00204,2026-10-26,9,2.0288,2.2765,0.6876,0.75,1.8095,0.0,9.2031,4.1119
MED00205,2026-10-26,9,11.4633,14.2836,9.2654,9.75,12.1189,1.3668,29.4014,9.6114
MED00206,2026-10-26,9,1.1329,1.0293,1.1529,1.5,1.0957,0.0,7.2413,3.4178
MED00207,2026-10-26,9,1.9475,1.7998,2.5156,2.75,2.0254,0.0,9.7567,4.2997
MED00208,2026-10-26,9,11.1122,12.4729,10.6145,11.0,11.5703,1.0545,28.4728,9.4001
MED00209,2026-10-26,9,2.3835,1.6969,4.9045,5.125,2.7096,0.0,11.4257,4.8473
MED00210,2026-10-26,9,1.205,0.805,2.4126,2.25,1.3316,0.0,7.916,3.6618
MED00211,2026-10-26,9,2.1926,2.0149,2.3807,2.625,2.1662,0.0,10.1103,4.418
MED00212,2026-10-26,9,2.0912,2.0355,0.2132,0.25,1.6156,0.0,8.6919,3.9354
MED00213,2026-10-26,9,1.2392,2.051,0.0,0.0,1.2791,0.0,7.7683,3.6089
MED00214,2026-10-26,9,9.715,10.5917,12.0858,13.875,10.664,0.5507,26.9197,9.0404
MED00215,2026-10-26,9,2.2651,2.4933,2.0552,2.25,2.3117,0.0,10.4697,4.5369
MED00216,2026-10-26,9,0.0916,0.1052,0.0,0.0,0.0752,0.0,3.765,2.052
MED00217,2026-10-26,9,0.2465,0.1893,0.2619,0.25,0.2266,0.0,4.3737,2.3064
MED00218,2026-10-26,9,3.9857,5.6056,4.7509,5.375,4.8504,0.0,16.1038,6.2585
MED00219,2026-10-26,9,14.6431,10.0784,11.358,10.5,11.9593,1.2754,29.132,9.5504
MED00220,2026-10-26,9,2.0597,1.9299,2.6115,2.875,2.1412,0.0,10.0478,4.3972
MED00221,2026-10-26,9,2.9973,3.6321,1.6811,2.25,2.9465,0.0,11.9785,5.023
MED00222,2026-10-26,9,0.4402,0.5617,0.0,0.0,0.3847,0.0,4.9609,2.545
MED00223,2026-10-26,9,9.3764,12.3745,4.3158,4.25,9.4113,0.0,24.7278,8.5181
MED00224,2026-10-26,9,1.7652,1.4473,0.5729,0.625,1.3459,0.0,7.9557,3.676
MED00225,2026-10-26,9,3.8097,4.189,5.1616,5.875,4.2988,0.0,14.9565,5.9271
MED00226,2026-10-26,9,2.2889,1.7776,2.6356,3.625,2.1619,0.0,10.0995,4.4144
MED00227,2026-10-26,9,14.9877,14.0376,18.3802,20.25,15.4275,3.3478,34.8438,10.7981
MED00228,2026-10-26,9,1.7113,0.8015,2.5001,3.0,1.5245,0.0,8.4469,3.8498
MED00229,2026-10-26,9,0.8662,0.7777,0.0,0.0,0.6206,0.0,5.7706,2.8641
MED00230,2026-10-26,9,12.7605,14.8781,10.6177,11.25,13.1377,1.96,31.1043,9.9919
MED00231,2026-10-26,9,1.6153,0.591,1.1396,1.25,1.0747,0.0,7.1797,3.3952
MED00232,2026-10-26,9,2.7571,4.0833,1.0526,1.125,2.9004,0.0,11.8717,4.9893
MED00233,2026-10-26,9,0.5942,0.3594,0.6049,0.625,0.4995,0.0,5.3633,2.705
MED00234,2026-10-26,9,1.8509,1.1934,1.9106,2.125,1.593,0.0,8.6315,3.9144
MED00235,2026-10-26,9,68.0442,72.6547,61.0752,61.625,68.3483,43.2335,108.7166,22.4503
MED00236,2026-10-26,9,2.1341,2.6644,1.7517,1.875,2.2648,0.0,10.3545,4.4989
MED00237,2026-10-26,9,3.8611,4.3096,5.0289,6.625,4.3346,0.0,15.0318,5.9491
MED00238,2026-10-26,9,1.9368,1.6953,1.4731,1.625,1.7258,0.0,8.9842,4.0367
MED00239,2026-10-26,9,3.3758,4.5155,4.1549,4.5,4.043,0.0,14.4127,5.767
MED00240,2026-10-26,9,3.9264,3.7954,4.458,6.125,4.0043,0.0,14.3298,5.7424
MED00241,2026-10-26,9,2.4481,3.1203,2.1705,2.375,2.6637,0.0,11.3171,4.8125
MED00242,2026-10-26,9,9.5235,13.0431,8.4835,8.75,10.749,0.5973,27.0664,9.0747
MED00243,2026-10-26,9,0.1609,0.0801,0.1305,0.125,0.12,0.0,3.9507,2.1304
MED00244,2026-10-26,9,2.0618,2.2829,1.9235,2.125,2.1226,0.0,10.0014,4.3817
MED00245,2026-10-26,9,74.5381,62.7977,76.4555,79.25,70.1809,44.734,111.0829,22.7471
MED00246,2026-10-26,9,4.853,5.9577,6.099,6.75,5.62,0.0,17.6557,6.6935
MED00247,2026-10-26,9,11.4457,14.1242,11.4237,12.375,12.5688,1.6267,30.1565,9.7812
MED00248,2026-10-26,9,2.093,1.6522,2.1018,2.5,1.9134,0.0,9.4714,4.2033
MED00249,2026-10-26,9,20.019,25.1822,33.4641,34.25,25.4458,10.0282,50.2273,13.7819
MED00250,2026-10-26,9,10.1572,8.6183,11.1133,16.125,9.757,0.0632,25.3383,8.6653
MED00251,2026-10-26,9,1.834,1.3692,2.6016,2.875,1.8278,0.0,9.2506,4.1281
MED00252,2026-10-26,9,0.3592,0.1478,0.7549,0.75,0.3671,0.0,4.8975,2.5195
MED00253,2026-10-26,9,3.5145,4.379,3.6423,4.0,3.9094,0.0,14.1255,5.6816
MED00254,2026-10-26,9,0.3298,0.1573,1.0063,1.0,0.4219,0.0,5.0932,2.5979
MED00255,2026-10-26,9,4.6276,6.4146,4.8058,6.625,5.4205,0.0,17.2584,6.5835
MED00256,2026-10-26,9,2.124,1.9816,1.1077,1.25,1.8208,0.0,9.2324,4.1219
MED00257,2026-10-26,9,4.1823,4.543,5.5068,7.5,4.6574,0.0,15.7061,6.1446
MED00258,2026-10-26,9,2.1176,2.4237,3.5195,3.875,2.5866,0.0,11.1341,4.7536
MED00259,2026-10-26,9,2.1977,2.0621,2.8278,3.125,2.2958,0.0,10.4307,4.5241
MED00260,2026-10-26,9,0.4611,0.4444,1.1559,1.125,0.6227,0.0,5.7778,2.8669
MED00261,2026-10-26,9,0.7193,0.739,0.1292,0.125,0.5854,0.0,5.6541,2.8189
MED00262,2026-10-26,9,2.976,2.5895,3.7106,5.0,2.9956,0.0,12.0917,5.0587
MED00263,2026-10-26,9,2.8988,3.581,4.8785,5.375,3.6653,0.0,13.5945,5.522
MED00264,2026-10-26,9,0.3207,0.1284,0.0,0.0,0.1632,0.0,4.1252,2.2034
MED00265,2026-10-26,9,5.7741,7.1603,9.3349,10.375,7.2196,0.0,20.737,7.5175
MED00266,2026-10-26,9,13.7577,15.2401,6.4364,6.25,12.6179,1.6552,30.2387,9.7996
MED00267,2026-10-26,9,4.2089,6.0673,3.5229,3.875,4.8221,0.0,16.0457,6.2419
MED00268,2026-10-26,9,2.1012,2.562,3.3043,3.625,2.5866,0.0,11.134,4.7535
MED00269,2026-10-26,9,2.1637,2.194,1.9563,2.125,2.1283,0.0,10.0156,4.3864
MED00270,2026-10-26,9,2.2769,2.0853,4.4173,4.875,2.7173,0.0,11.4437,4.8531
MED00271,2026-10-26,9,1.7011,2.2886,3.2214,4.25,2.3157,0.0,10.4794,4.5401
MED00272,2026-10-26,9,3.7821,4.1141,4.1634,4.875,4.0166,0.0,14.3561,5.7502
MED00273,2026-10-26,9,3.0936,2.974,2.0861,2.625,2.803,0.0,11.645,4.9173
MED00274,2026-10-26,9,0.5474,0.2955,0.363,0.375,0.3983,0.0,5.0093,2.5644
MED00275,2026-10-26,9,11.2809,7.3088,11.9375,14.25,9.7947,0.0831,25.4046,8.6813
MED00276,2026-10-26,9,1.8888,1.8376,2.0612,2.25,1.911,0.0,9.4654,4.2012
MED00277,2026-10-26,9,0.1985,0.1803,0.0,0.0,0.1431,0.0,4.0444,2.1697
MED00278,2026-10-26,9,7.6581,8.9188,9.8614,11.25,8.7246,0.0,23.501,8.2177
MED00279,2026-10-26,9,18.6554,20.8107,22.8297,22.25,20.583,6.6851,42.9218,12.4234
MED00280,2026-10-26,9,0.2291,0.1564,0.2608,0.25,0.2067,0.0,4.2965,2.2745
MED00281,2026-10-26,9,12.8696,10.5612,13.0489,15.875,11.9632,1.2777,29.1387,9.5519
MED00282,2026-10-26,9,3.3303,2.6146,2.6934,3.25,2.8811,0.0,11.8269,4.9751
MED00283,2026-10-26,9,2.279,2.6227,3.1117,3.625,2.6261,0.0,11.2281,4.7839
MED00284,2026-10-26,9,1.3776,0.9249,0.457,0.625,0.9674,0.0,6.8609,3.2776
MED00285,2026-10-26,9,4.7383,5.4652,6.6106,7.375,5.4992,0.0,17.4155,6.6271
MED00286,2026-10-26,9,3.9754,3.6789,5.5154,7.0,4.2284,0.0,14.8076,5.8835
MED00287,2026-10-26,9,3.1927,3.6221,3.2545,3.625,3.3899,0.0,12.9854,5.3364
MED00288,2026-10-26,9,40.9992,43.1468,35.1764,38.625,40.5266,21.1394,71.6887,17.3304
MED00289,2026-10-26,9,4.0738,4.0872,6.1766,8.75,4.5924,0.0,15.5711,6.1057
MED00290,2026-10-26,9,1.8566,1.147,1.0078,1.125,1.3571,0.0,7.9872,3.6872
MED00291,2026-10-26,9,9.5184,17.9319,2.8198,3.0,11.4153,0.9672,28.209,9.3396
MED00292,2026-10-26,9,1.7717,1.2953,0.983,1.25,1.3839,0.0,8.0617,3.7137
MED00293,2026-10-26,9,3.943,3.1215,7.7561,9.875,4.5271,0.0,15.4354,6.0665
MED00294,2026-10-26,9,1.2682,0.6949,0.7294,1.0,0.9,0.0,6.6565,3.2014
MED00295,2026-10-26,9,0.2737,0.2001,0.0,0.0,0.177,0.0,4.1802,2.2263
MED00296,2026-10-26,9,3.9146,4.0424,4.0648,4.5,4.0081,0.0,14.338,5.7448
MED00297,2026-10-26,9,5.6715,7.2789,6.0853,6.625,6.4476,0.0,19.2712,7.1317
MED00298,2026-10-26,9,2.1738,1.6943,3.5741,4.0,2.3149,0.0,10.4775,4.5395
MED00299,2026-10-26,9,0.4213,0.2897,0.2505,0.25,0.3255,0.0,4.7458,2.4583
MED00300,2026-10-26,9,1.9001,1.8519,0.2267,0.25,1.4769,0.0,8.3174,3.8043
MED00301,2026-10-26,9,4.5991,6.6564,5.1813,5.625,5.6025,0.0,17.6209,6.6839
MED00302,2026-10-26,9,8.825,8.6554,4.4433,4.375,7.7027,0.0,21.6366,7.7492
MED00303,2026-10-26,9,2.7203,2.3736,2.8536,3.625,2.6107,0.0,11.1914,4.772
MED00304,2026-10-26,9,3.7015,4.577,3.3209,4.625,3.9782,0.0,14.2737,5.7257
MED00305,2026-10-26,9,1.8606,1.9013,1.031,1.125,1.6786,0.0,8.8597,3.9936
MED00306,2026-10-26,9,0.3839,0.239,0.0,0.0,0.231,0.0,4.3906,2.3133
MED00307,2026-10-26,9,25.6538,27.2626,35.5679,36.375,28.7495,12.3798,55.0615,14.6331
MED00308,2026-10-26,9,0.6284,0.6789,0.5161,0.5,0.6229,0.0,5.7783,2.8671
MED00309,2026-10-26,9,2.9979,3.6717,1.6803,2.25,2.963,0.0,12.0166,5.035
MED00310,2026-10-26,9,3.286,3.1471,2.5909,3.25,3.0632,0.0,12.2467,5.1073
MED00311,2026-10-26,9,3.3418,3.7924,3.2858,4.375,3.5195,0.0,13.2733,5.4245
MED00312,2026-10-26,9,0.5744,0.1998,0.3603,0.375,0.367,0.0,4.897,2.5193
MED00313,2026-10-26,9,0.4181,0.2269,1.7832,1.75,0.6691,0.0,5.9296,2.9256
MED00314,2026-10-26,9,10.8029,11.4853,8.917,8.75,10.6419,0.5386,26.8814,9.0314
MED00315,2026-10-26,9,9.459,10.6363,10.0468,11.25,10.1016,0.2463,25.9425,8.8097
MED00316,2026-10-26,9,2.7126,3.2594,2.3766,2.625,2.862,0.0,11.7826,4.9611
MED00317,2026-10-26,9,2.1772,2.3563,2.607,2.875,2.358,0.0,10.5829,4.5741
MED00318,2026-10-26,9,2.477,1.7383,3.609,5.0,2.4454,0.0,10.7949,4.6435
MED00319,2026-10-26,9,10.8779,12.663,10.0735,11.0,11.4385,0.9803,28.2485,9.3487
MED00320,2026-10-26,9,6.1745,6.6289,3.4659,3.75,5.7147,0.0,17.843,6.745
MED00321,2026-10-26,9,0.5721,0.8655,3.8203,3.75,1.4811,0.0,8.3288,3.8083
MED00322,2026-10-26,9,0.1626,0.1471,0.0,0.0,0.1169,0.0,3.9383,2.1252
MED00323,2026-10-26,9,1.0739,0.5128,2.4084,2.5,1.1639,0.0,7.4396,3.4901
MED00324,2026-10-26,9,1.4741,1.0196,1.4272,2.0,1.2747,0.0,7.7559,3.6044
MED00325,2026-10-26,9,6.4987,8.3017,5.0017,5.75,6.8948,0.0,20.1246,7.3576
MED00326,2026-10-26,9,8.9459,11.7355,7.8909,8.5,9.8628,0.1191,25.5243,8.7099
MED00327,2026-10-26,9,2.7343,4.2132,2.0862,2.25,3.1969,0.0,12.5512,5.2023
MED00328,2026-10-26,9,3.9429,4.4694,5.117,5.625,4.4505,0.0,15.2753,6.0201
MED00329,2026-10-26,9,10.6449,12.429,10.6496,11.625,11.4006,0.959,28.184,9.3338
MED00330,2026-10-26,9,4.0057,4.7414,5.4136,6.125,4.6572,0.0,15.7057,6.1445
MED00331,2026-10-26,9,1.8881,1.3278,2.1564,2.375,1.7212,0.0,8.9721,4.0325
MED00332,2026-10-26,9,2.719,3.8032,2.6289,2.875,3.152,0.0,12.4494,5.1706
MED00333,2026-10-26,9,2.9349,2.5035,5.4448,6.25,3.3653,0.0,12.9304,5.3195
MED00334,2026-10-26,9,10.5506,12.99,4.0836,4.375,10.0134,0.1992,25.7882,8.773
MED00335,2026-10-26,9,5.3352,5.6181,7.4241,6.5,5.964,0.0,18.3333,6.879
MED00336,2026-10-26,9,9.0731,10.6467,10.0587,11.25,9.9768,0.1797,25.7243,8.7577
MED00337,2026-10-26,9,65.9885,53.6247,59.1347,60.25,59.2402,35.8455,96.8435,20.9126
MED00338,2026-10-26,9,10.0961,13.8016,1.2806,1.25,9.518,0.0,24.9168,8.5638
MED00339,2026-10-26,9,1.7847,1.2952,0.2735,0.375,1.2167,0.0,7.591,3.545
MED00340,2026-10-26,9,1.5855,2.6134,0.2729,0.25,1.6981,0.0,8.911,4.0114
MED00341,2026-10-26,9,4.8309,6.3761,7.9384,8.375,6.2321,0.0,18.8553,7.0202
MED00342,2026-10-26,9,2.0221,1.9175,1.2356,1.375,1.7902,0.0,9.1527,4.0946
MED00343,2026-10-26,9,9.9325,10.2237,10.5118,11.625,10.2041,0.3013,26.1213,8.8522
MED00344,2026-10-26,9,4.1697,4.9228,5.313,5.625,4.7646,0.0,15.9275,6.2081
MED00345,2026-10-26,9,0.1706,0.1023,0.0,0.0,0.101,0.0,3.8727,2.0976
MED00346,2026-10-26,9,2.9989,3.6279,1.8572,2.0,2.9879,0.0,12.074,5.0531
MED00347,2026-10-26,9,0.171,0.1774,0.0,0.0,0.1325,0.0,4.0016,2.1518
MED00348,2026-10-26,9,1.7948,1.358,1.2594,1.375,1.4849,0.0,8.3392,3.8119
MED00349,2026-10-26,9,2.2696,2.0883,1.8301,2.0,2.0899,0.0,9.9195,4.3543
MED00350,2026-10-26,9,1.062,1.9595,2.5497,2.5,1.7974,0.0,9.1715,4.101
MED00351,2026-10-26,9,0.5274,0.6485,0.0,0.0,0.4508,0.0,5.1948,2.6383
MED00352,2026-10-26,9,0.2314,0.3415,0.0,0.0,0.2215,0.0,4.3542,2.2983
MED00353,2026-10-26,9,0.7782,0.5067,0.0,0.0,0.4775,0.0,5.2875,2.675
MED00354,2026-10-26,9,0.8482,1.1807,1.2753,1.25,1.0911,0.0,7.2278,3.4129
MED00355,2026-10-26,9,9.5021,9.9209,8.9374,11.5,9.5496,0.0,24.9726,8.5773
MED00356,2026-10-26,9,1.9577,2.0652,1.722,1.875,1.9474,0.0,9.5586,4.2328
MED00357,2026-10-26,9,0.2238,0.1059,0.2616,0.25,0.184,0.0,4.2077,2.2377
MED00358,2026-10-26,9,4.8106,5.1801,2.7306,3.375,4.4661,0.0,15.3079,6.0295
MED00359,2026-10-26,9,2.0995,2.2556,1.3851,1.5,1.9938,0.0,9.6767,4.2727
MED00360,2026-10-26,9,2.6765,1.9518,3.042,3.875,2.4654,0.0,10.8433,4.6593
MED00361,2026-10-26,9,2.2194,2.2053,4.3409,4.875,2.7291,0.0,11.4717,4.862
MED00362,2026-10-26,9,2.3788,2.0885,4.2164,4.875,2.7048,0.0,11.4143,4.8437
MED00363,2026-10-26,9,1.7568,1.4628,2.2674,2.5,1.7595,0.0,9.0726,4.0671
MED00364,2026-10-26,9,0.1561,0.1948,0.0,0.0,0.1346,0.0,4.0103,2.1554
MED00365,2026-10-26,9,2.1683,2.3808,1.8896,2.125,2.1917,0.0,10.1735,4.439
MED00366,2026-10-26,9,9.3354,9.8944,10.215,11.25,9.7907,0.081,25.3976,8.6796
MED00367,2026-10-26,9,2.1082,2.657,1.4787,1.625,2.1868,0.0,10.1615,4.435
MED00368,2026-10-26,9,2.7111,3.4292,4.5478,5.0,3.4577,0.0,13.1364,5.3827
MED00369,2026-10-26,9,3.5059,3.834,3.5402,5.0,3.6545,0.0,13.5709,5.5149
MED00370,2026-10-26,9,0.4016,0.2254,0.0,0.0,0.2313,0.0,4.3918,2.3138
MED00371,2026-10-26,9,15.5288,14.0875,14.2829,14.0,14.6418,2.8638,33.5732,10.5285
MED00372,2026-10-26,9,0.1951,0.1059,0.1308,0.125,0.1425,0.0,4.0423,2.1688
MED00373,2026-10-26,9,0.6523,0.5388,0.9135,0.875,0.6688,0.0,5.9286,2.9252
MED00374,2026-10-26,9,1.7626,1.2564,2.142,2.75,1.6451,0.0,8.7706,3.9628
MED00375,2026-10-26,9,15.0266,16.6819,13.7716,13.5,15.4282,3.3482,34.8449,10.7984
MED00376,2026-10-26,9,2.0794,2.0474,1.8233,2.0,2.0062,0.0,9.7081,4.2833
MED00377,2026-10-26,9,0.5143,0.6403,0.8908,0.875,0.6584,0.0,5.8948,2.9121
MED00378,2026-10-26,9,2.1306,2.621,1.934,2.125,2.2897,0.0,10.4155,4.5191
MED00379,2026-10-26,9,0.5405,0.8599,2.5475,2.5,1.1599,0.0,7.4281,3.486
MED00380,2026-10-26,9,0.4644,0.408,0.0,0.0,0.329,0.0,4.7586,2.4635
MED00381,2026-10-26,9,1.3264,2.4512,1.2757,1.25,1.7845,0.0,9.138,4.0895
MED00382,2026-10-26,9,2.3581,1.48,2.9536,3.75,2.1384,0.0,10.0409,4.3949
MED00383,2026-10-26,9,6.2942,8.7116,5.4484,5.75,7.1039,0.0,20.5195,7.4609
MED00384,2026-10-26,9,2.0376,1.9603,1.9224,2.125,1.9795,0.0,9.6404,4.2605
MED00385,2026-10-26,9,18.3962,21.4796,17.5925,20.25,19.5059,5.9677,41.2666,12.1019
MED00386,2026-10-26,9,13.991,14.3756,12.523,14.125,13.8101,2.3601,32.2142,10.2352
MED00387,2026-10-26,9,18.1926,22.0727,21.0174,22.5,20.5124,6.6378,42.8138,12.4026
MED00388,2026-10-26,9,92.2133,120.9386,93.4589,84.125,104.5854,73.5574,154.4584,27.7362
MED00389,2026-10-26,9,8.3508,9.4181,8.5625,11.25,8.8554,0.0,23.7362,8.2758
MED00390,2026-10-26,9,17.062,21.0492,22.8894,34.25,20.152,6.3969,42.2612,12.2958
MED00391,2026-10-26,9,16.2679,16.1057,19.9352,24.875,17.104,4.4044,37.5166,11.3522
MED00392,2026-10-26,9,16.5456,18.4971,18.6934,22.625,17.8957,4.9137,38.7622,11.6047
MED00393,2026-10-26,9,10.9759,11.9173,8.6203,10.125,10.8094,0.6304,27.1705,9.099
MED00394,2026-10-26,9,13.2183,12.0086,13.6301,16.25,12.8267,1.7772,30.5872,9.8773
MED00395,2026-10-26,9,16.3788,16.956,16.2866,18.375,16.6136,4.0921,36.7399,11.193
MED00396,2026-10-26,9,56.8939,53.9647,47.0451,46.75,53.3459,31.1354,89.0461,19.8542
MED00397,2026-10-26,9,45.4767,48.4323,48.2079,48.125,47.4156,26.4638,81.0925,18.729
MED00398,2026-10-26,9,105.4756,111.9401,123.4171,128.0,112.6186,80.4264,164.3627,28.7768
MED00399,2026-10-26,9,97.0431,117.0492,115.1618,115.75,109.8674,78.0691,160.9784,28.4247
MED00400,2026-10-26,9,74.8928,71.3485,72.8281,69.875,72.9901,47.0425,114.697,23.1948
MED00401,2026-10-26,9,13.3611,12.2,12.9569,20.875,12.7925,1.7571,30.5301,9.8646
MED00402,2026-10-26,9,17.9371,15.7871,19.4974,29.875,17.4361,4.6173,38.0403,11.4588
MED00403,2026-10-26,9,11.1822,16.7215,9.1479,9.125,13.011,1.8853,30.8938,9.9453
MED00404,2026-10-26,9,4.4178,6.3697,5.7516,6.125,5.5589,0.0,17.5343,6.66
MED00405,2026-10-26,9,7.1565,8.3171,6.6962,7.375,7.5362,0.0,21.328,7.6701
MED00406,2026-10-26,9,19.4872,23.7388,23.8422,26.75,22.3335,7.8701,45.5812,12.9289
MED00407,2026-10-26,9,17.596,16.7864,20.2826,30.5,17.9262,4.9334,38.8101,11.6143
MED00408,2026-10-26,9,6.2249,6.1941,7.1438,11.25,6.4407,0.0,19.2579,7.1281
MED00409,2026-10-26,9,10.266,11.1039,7.7089,10.875,10.0069,0.1957,25.7768,8.7703
MED00410,2026-10-26,9,8.3067,9.2615,9.5502,14.0,9.0141,0.0,24.0205,8.3456
MED00411,2026-10-26,9,17.5716,17.1488,20.1734,26.125,18.0425,5.0088,38.9923,11.6509
MED00412,2026-10-26,9,11.7231,7.7162,11.4134,14.0,9.989,0.1862,25.7456,8.7628
MED00413,2026-10-26,9,12.4368,10.4301,10.063,12.875,11.038,0.7567,27.5636,9.1905
MED00414,2026-10-26,9,17.3304,15.2354,18.575,24.125,16.7753,4.1949,36.9965,11.2458
MED00415,2026-10-26,9,12.3698,9.3168,12.2011,15.75,11.0683,0.7735,27.6156,9.2026
MED00416,2026-10-26,9,16.6113,15.0806,17.6828,23.75,16.2489,3.8616,36.1596,11.0731
MED00417,2026-10-26,9,7.1147,6.2989,6.2459,7.5,6.5714,0.0,19.5087,7.1949
MED00418,2026-10-26,9,6.7297,5.7833,7.9005,9.375,6.6251,0.0,19.6115,7.2222
MED00419,2026-10-26,9,8.3582,7.4984,8.4232,10.125,8.0238,0.0,22.2277,7.8993
MED00420,2026-10-26,9,17.7318,17.4499,19.6196,30.625,18.0888,5.0389,39.0647,11.6654
MED00421,2026-10-26,9,18.8041,15.1892,23.1152,34.125,18.3588,5.2144,39.4864,11.7498
MED00422,2026-10-26,9,16.5344,14.6716,18.3205,23.375,16.2064,3.8348,36.0918,11.059
MED00423,2026-10-26,9,11.6158,10.7975,9.9418,11.25,10.8811,0.6699,27.294,9.1278
MED00424,2026-10-26,9,79.3865,83.4772,109.4673,118.875,88.4513,59.9043,134.3362,25.5183
MED00001,2026-11-02,10,12.3626,8.7336,12.1922,15.125,10.8204,0.6365,27.1895,9.1035
MED00002,2026-11-02,10,0.1412,0.1012,0.1307,0.125,0.1221,0.0,3.9596,2.1341
MED00003,2026-11-02,10,0.3039,0.4946,0.0,0.0,0.3102,0.0,4.6893,2.4354
MED00004,2026-11-02,10,1.1112,0.6659,1.7801,1.75,1.0885,0.0,7.2203,3.4101
MED00005,2026-11-02,10,2.4755,3.4897,1.9073,1.875,2.7634,0.0,11.5522,4.8878
MED00006,2026-11-02,10,1.6202,1.0536,0.2267,0.25,1.0483,0.0,7.1021,3.3667
MED00007,2026-11-02,10,3.0686,3.717,2.4957,2.75,3.2034,0.0,12.566,5.2069
MED00008,2026-11-02,10,0.6496,0.4888,1.4166,1.375,0.7689,0.0,6.2491,3.0478
MED00009,2026-11-02,10,3.1996,3.7182,3.2668,3.875,3.4353,0.0,13.0865,5.3674
MED00010,2026-11-02,10,3.8095,3.6044,4.5238,4.125,3.9007,0.0,14.1066,5.6759
MED00011,2026-11-02,10,18.7411,21.6834,24.6201,24.875,21.4095,7.2418,44.182,12.6646
MED00012,2026-11-02,10,2.0265,2.776,0.3439,0.375,1.9339,0.0,9.5239,4.2211
MED00013,2026-11-02,10,3.5062,4.0873,5.9014,6.375,4.3317,0.0,15.0257,5.9474
MED00014,2026-11-02,10,14.8136,14.1961,24.3991,28.0,16.8906,4.2683,37.1792,11.2832
MED00015,2026-11-02,10,0.506,0.3313,0.9102,0.875,0.5315,0.0,5.4725,2.7479
MED00016,2026-11-02,10,2.129,1.7004,4.2467,4.75,2.4649,0.0,10.842,4.6588
MED00017,2026-11-02,10,1.8827,1.8044,2.1668,2.375,1.9207,0.0,9.4901,4.2096
MED00018,2026-11-02,10,86.3919,67.0147,84.6293,87.75,77.9715,51.1589,121.0687,23.968
MED00019,2026-11-02,10,47.8398,38.2276,46.8353,49.375,43.6363,23.5277,75.9578,17.9752
MED00020,2026-11-02,10,10.2577,12.1504,14.8413,14.875,12.1665,1.3941,29.4814,9.6295
MED00021,2026-11-02,10,3.6887,3.7142,3.3114,4.5,3.6117,0.0,13.4769,5.4864
MED00022,2026-11-02,10,2.2795,1.4116,2.4498,3.375,1.9611,0.0,9.5934,4.2446
MED00023,2026-11-02,10,1.4023,1.0085,0.1912,0.25,0.9464,0.0,6.7975,3.254
MED00024,2026-11-02,10,2.7158,2.9927,2.1101,2.875,2.6874,0.0,11.3733,4.8305
MED00025,2026-11-02,10,0.1155,0.1049,0.0,0.0,0.0832,0.0,3.7987,2.0663
MED00026,2026-11-02,10,0.3373,0.3073,0.1298,0.125,0.2749,0.0,4.5577,2.3818
MED00027,2026-11-02,10,0.2281,0.121,0.0,0.0,0.1285,0.0,3.9854,2.145
MED00028,2026-11-02,10,0.4955,0.572,0.52,0.5,0.5338,0.0,5.4805,2.7511
MED00029,2026-11-02,10,10.9091,11.5704,13.6045,17.375,11.8481,1.212,28.944,9.5077
MED00030,2026-11-02,10,3.5375,3.4922,4.174,5.5,3.6762,0.0,13.6184,5.5292
MED00031,2026-11-02,10,3.1621,3.4742,2.6124,3.25,3.1624,0.0,12.4729,5.1779
MED00032,2026-11-02,10,2.2141,1.6155,2.1166,2.75,1.9431,0.0,9.5475,4.2291
MED00033,2026-11-02,10,1.3175,1.7206,1.911,1.875,1.6305,0.0,8.7318,3.9493
MED00034,2026-11-02,10,20.0932,21.7307,25.5643,25.0,22.1202,7.7245,45.259,12.8684
MED00035,2026-11-02,10,0.5168,0.2,0.4039,0.375,0.3579,0.0,4.8641,2.5061
MED00036,2026-11-02,10,1.6159,1.3166,2.2892,2.25,1.6556,0.0,8.7986,3.9725
MED00037,2026-11-02,10,3.5587,3.2944,5.2047,5.5,3.8504,0.0,13.9978,5.6434
MED00038,2026-11-02,10,12.374,11.0152,13.9639,20.0,12.2045,1.416,29.5454,9.6439
MED00039,2026-11-02,10,1.0801,1.2123,1.2329,1.25,1.1733,0.0,7.4666,3.4999
MED00040,2026-11-02,10,0.5185,0.4799,1.003,1.0,0.6202,0.0,5.7693,2.8636
MED00041,2026-11-02,10,0.7154,0.4325,0.1209,0.125,0.4543,0.0,5.2069,2.6431
MED00042,2026-11-02,10,3.2141,3.3158,2.0264,2.0,2.9723,0.0,12.038,5.0418
MED00043,2026-11-02,10,0.4712,0.3977,0.5223,0.5,0.4534,0.0,5.2039,2.6419
MED00044,2026-11-02,10,1.9393,1.7793,0.9143,1.25,1.6265,0.0,8.721,3.9455
MED00045,2026-11-02,10,1.7163,1.6162,0.1143,0.125,1.2886,0.0,7.7951,3.6185
MED00046,2026-11-02,10,2.2334,2.3029,0.8288,1.125,1.9247,0.0,9.5004,4.2131
MED00047,2026-11-02,10,4.7521,6.2534,6.5533,7.375,5.8188,0.0,18.0483,6.8013
MED00048,2026-11-02,10,12.5461,14.9272,14.6863,17.75,14.0695,2.5162,32.6396,10.3276
MED00049,2026-11-02,10,0.1714,0.1108,0.0,0.0,0.1048,0.0,3.8885,2.1042
MED00050,2026-11-02,10,2.5953,3.3598,2.4536,2.625,2.8824,0.0,11.8299,4.9761
MED00051,2026-11-02,10,0.1543,0.1107,0.0,0.0,0.0989,0.0,3.8639,2.0939
MED00052,2026-11-02,10,0.4919,0.5019,0.5259,0.5,0.5048,0.0,5.3816,2.7122
MED00053,2026-11-02,10,5.506,6.5375,6.8255,10.0,6.261,0.0,18.9112,7.0353
MED00054,2026-11-02,10,5.2152,7.1536,8.4123,11.75,6.8024,0.0,19.9494,7.3115
MED00055,2026-11-02,10,0.9419,0.7995,1.3466,1.25,0.9814,0.0,6.903,3.2932
MED00056,2026-11-02,10,0.6526,0.3873,1.0035,1.0,0.6275,0.0,5.7936,2.873
MED00057,2026-11-02,10,0.4705,0.3313,0.1257,0.125,0.3295,0.0,4.7604,2.4642
MED00058,2026-11-02,10,1.6489,1.172,0.1138,0.125,1.0802,0.0,7.196,3.4012
MED00059,2026-11-02,10,7.7067,6.881,9.2686,11.75,7.7481,0.0,21.7204,7.7706
MED00060,2026-11-02,10,5.5362,4.1236,6.0781,7.625,5.0838,0.0,16.5802,6.3935
MED00061,2026-11-02,10,0.6703,0.7822,0.7931,0.75,0.7474,0.0,6.181,3.0218
MED00062,2026-11-02,10,11.5802,8.8976,12.153,15.875,10.6118,0.5221,26.8293,9.0192
MED00063,2026-11-02,10,0.1351,0.1136,0.0,0.0,0.0935,0.0,3.8417,2.0845
MED00064,2026-11-02,10,23.1516,26.1439,22.7494,25.375,24.3252,9.2442,48.5657,13.481
MED00065,2026-11-02,10,63.1307,57.1095,48.0841,51.5,57.0417,34.0816,93.9467,20.5242
MED00066,2026-11-02,10,0.4452,0.3451,0.5161,0.5,0.4211,0.0,5.0902,2.5967
MED00067,2026-11-02,10,2.1135,2.7718,3.559,3.875,2.7399,0.0,11.4971,4.8702
MED00068,2026-11-02,10,3.0805,2.7015,4.4729,6.25,3.2625,0.0,12.6994,5.2482
MED00069,2026-11-02,10,1.6915,1.408,0.9103,1.25,1.386,0.0,8.0672,3.7157
MED00070,2026-11-02,10,10.7471,11.9547,11.7678,15.625,11.5085,1.0196,28.3677,9.376
MED00071,2026-11-02,10,2.0394,1.9895,1.5361,2.125,1.8989,0.0,9.4341,4.1906
MED00072,2026-11-02,10,2.098,1.4789,2.2683,3.125,1.8832,0.0,9.3937,4.1769
MED00073,2026-11-02,10,3.0664,2.9174,4.569,6.25,3.3709,0.0,12.9429,5.3233
MED00074,2026-11-02,10,2.7281,2.431,3.6837,5.125,2.8382,0.0,11.7271,4.9435
MED00075,2026-11-02,10,2.8763,2.3771,3.1867,4.875,2.7461,0.0,11.5116,4.8748
MED00076,2026-11-02,10,0.2392,0.0855,0.262,0.25,0.1809,0.0,4.1953,2.2326
MED00077,2026-11-02,10,3.8638,3.0912,4.7496,7.25,3.7599,0.0,13.8012,5.5844
MED00078,2026-11-02,10,2.8412,4.2477,2.4571,3.125,3.3376,0.0,12.8683,5.3004
MED00079,2026-11-02,10,19.4429,30.7335,16.2199,18.0,23.3906,8.5962,47.1703,13.2248
MED00080,2026-11-02,10,3.2757,2.1953,4.4073,6.125,3.1023,0.0,12.3361,5.1353
MED00081,2026-11-02,10,0.3866,0.3937,0.262,0.25,0.3598,0.0,4.871,2.5088
MED00082,2026-11-02,10,2.7687,3.6444,2.0341,2.75,2.9589,0.0,12.007,5.032
MED00083,2026-11-02,10,3.1586,2.7391,3.1457,4.375,2.9837,0.0,12.0643,5.0501
MED00084,2026-11-02,10,43.9878,42.8764,43.6089,39.875,43.4766,23.4045,75.7396,17.9427
MED00085,2026-11-02,10,2.0658,1.7656,2.9447,3.25,2.1554,0.0,10.0832,4.409
MED00086,2026-11-02,10,0.3591,0.2827,0.0,0.0,0.2407,0.0,4.4279,2.3286
MED00087,2026-11-02,10,1.7735,1.5891,1.8251,2.0,1.7108,0.0,8.9447,4.023
MED00088,2026-11-02,10,29.3712,28.4611,30.8554,28.0,29.3802,12.8349,55.9744,14.79
MED00089,2026-11-02,10,15.2485,18.7342,8.3569,8.0,15.0495,3.114,34.2341,10.6692
MED00090,2026-11-02,10,2.5208,3.5992,3.691,4.875,3.2562,0.0,12.6852,5.2438
MED00091,2026-11-02,10,2.0509,1.9801,1.7807,2.5,1.9581,0.0,9.5857,4.242
MED00092,2026-11-02,10,1.6617,1.4568,1.3698,1.5,1.5073,0.0,8.4001,3.8334
MED00093,2026-11-02,10,0.2675,0.1642,0.2596,0.25,0.2228,0.0,4.359,2.3003
MED00094,2026-11-02,10,0.6005,0.396,0.7793,0.75,0.5591,0.0,5.5659,2.7845
MED00095,2026-11-02,10,2.873,3.6459,3.4862,3.875,3.3466,0.0,12.8884,5.3065
MED00096,2026-11-02,10,13.4696,10.0857,12.2149,13.75,11.7684,1.1666,28.809,9.477
MED00097,2026-11-02,10,0.4597,0.5318,0.0,0.0,0.379,0.0,4.9402,2.5367
MED00098,2026-11-02,10,7.8212,8.2687,8.5027,9.625,8.1806,0.0,22.5146,7.9717
MED00099,2026-11-02,10,0.2376,0.2502,0.0,0.0,0.1856,0.0,4.214,2.2403
MED00100,2026-11-02,10,0.1695,0.0888,0.131,0.125,0.1267,0.0,3.978,2.1419
MED00101,2026-11-02,10,3.8786,4.7251,6.3319,7.25,4.8292,0.0,16.0603,6.246
MED00102,2026-11-02,10,4.1793,3.1638,3.3308,3.5,3.5547,0.0,13.3513,5.4482
MED00103,2026-11-02,10,2.7068,3.4337,0.9254,1.0,2.5815,0.0,11.1219,4.7496
MED00104,2026-11-02,10,7.162,8.9881,7.5357,8.375,8.0211,0.0,22.2228,7.8981
MED00105,2026-11-02,10,11.0237,13.2784,9.2359,9.75,11.5423,1.0387,28.4252,9.3892
MED00106,2026-11-02,10,0.1388,0.165,0.0,0.0,0.1163,0.0,3.9355,2.124
MED00107,2026-11-02,10,7.6,10.1442,7.5375,8.25,8.6534,0.0,23.3727,8.1859
MED00108,2026-11-02,10,2.7697,3.0581,3.5894,3.875,3.0911,0.0,12.3106,5.1273
MED00109,2026-11-02,10,0.5106,0.6397,0.0,0.0,0.4414,0.0,5.1618,2.6252
MED00110,2026-11-02,10,0.6024,0.2478,0.0,0.0,0.3094,0.0,4.6863,2.4342
MED00111,2026-11-02,10,0.6865,0.6306,1.0367,1.0,0.7486,0.0,6.185,3.0234
MED00112,2026-11-02,10,2.7406,2.9783,3.4068,3.75,3.0037,0.0,12.1103,5.0645
MED00113,2026-11-02,10,1.9248,1.5299,1.7968,2.0,1.7311,0.0,8.998,4.0414
MED00114,2026-11-02,10,13.2288,12.0913,17.6676,17.875,13.8419,2.3792,32.2665,10.2466
MED00115,2026-11-02,10,2.0229,2.1562,1.8148,2.0,2.0301,0.0,9.7688,4.3038
MED00116,2026-11-02,10,7.3617,8.6911,9.2873,10.0,8.3894,0.0,22.8948,8.067
MED00117,2026-11-02,10,1.7378,1.9226,0.8287,0.875,1.5966,0.0,8.6411,3.9177
MED00118,2026-11-02,10,1.6642,0.9185,1.5758,1.75,1.3335,0.0,7.9212,3.6637
MED00119,2026-11-02,10,1.9465,1.917,0.6851,0.75,1.6309,0.0,8.7327,3.9496
MED00120,2026-11-02,10,10.5082,12.6278,3.5813,3.5,9.7263,0.047,25.2842,8.6524
MED00121,2026-11-02,10,3.1914,4.796,3.2351,3.375,3.8743,0.0,14.0495,5.6588
MED00122,2026-11-02,10,2.2764,2.2318,4.9436,5.625,2.9055,0.0,11.8836,4.9931
MED00123,2026-11-02,10,1.0494,0.7006,0.4848,0.5,0.7684,0.0,6.2475,3.0472
MED00124,2026-11-02,10,7.3332,8.8245,7.1324,8.0,7.9138,0.0,22.0258,7.8482
MED00125,2026-11-02,10,0.2811,0.1693,0.393,0.375,0.2618,0.0,4.5082,2.3616
MED00126,2026-11-02,10,1.0704,1.0735,0.0,0.0,0.8137,0.0,6.39,3.1012
MED00127,2026-11-02,10,2.0337,1.7164,0.9568,1.125,1.6428,0.0,8.7646,3.9607
MED00128,2026-11-02,10,2.0921,2.2858,0.9182,1.0,1.8909,0.0,9.4136,4.1836
MED00129,2026-11-02,10,1.8409,1.5515,0.3435,0.375,1.3597,0.0,7.9943,3.6898
MED00130,2026-11-02,10,0.1761,0.1811,0.0,0.0,0.1358,0.0,4.0149,2.1573
MED00131,2026-11-02,10,2.1175,2.4237,1.7484,2.375,2.158,0.0,10.0897,4.4111
MED00132,2026-11-02,10,0.7189,0.3961,0.0,0.0,0.411,0.0,5.0547,2.5825
MED00133,2026-11-02,10,0.7781,0.3118,0.7256,0.75,0.5717,0.0,5.6083,2.801
MED00134,2026-11-02,10,0.667,0.3419,0.0,0.0,0.3707,0.0,4.9104,2.5247
MED00135,2026-11-02,10,13.3617,14.4644,7.0644,6.875,12.3109,1.4773,29.7244,9.6843
MED00136,2026-11-02,10,1.581,2.3039,2.2816,2.5,2.0536,0.0,9.828,4.3237
MED00137,2026-11-02,10,2.1764,2.2121,2.2356,2.0,2.2078,0.0,10.2136,4.4523
MED00138,2026-11-02,10,2.0472,2.3071,1.8474,2.0,2.1092,0.0,9.9679,4.3705
MED00139,2026-11-02,10,2.8709,5.0581,1.1579,1.25,3.3713,0.0,12.9437,5.3236
MED00140,2026-11-02,10,1.8292,1.304,0.7971,0.875,1.3623,0.0,8.0014,3.6923
MED00141,2026-11-02,10,4.2314,4.3618,4.4135,6.125,4.3341,0.0,15.0308,5.9488
MED00142,2026-11-02,10,0.4336,0.6074,0.378,0.375,0.493,0.0,5.3412,2.6962
MED00143,2026-11-02,10,1.8624,1.1593,1.5896,1.75,1.505,0.0,8.394,3.8312
MED00144,2026-11-02,10,5.5011,7.8242,4.8691,5.375,6.3224,0.0,19.03,7.0671
MED00145,2026-11-02,10,0.6609,0.6128,1.1811,1.125,0.7674,0.0,6.2445,3.046
MED00146,2026-11-02,10,1.8131,1.619,2.0731,2.375,1.7969,0.0,9.1702,4.1006
MED00147,2026-11-02,10,1.8108,0.9258,1.5711,2.0,1.3855,0.0,8.0661,3.7153
MED00148,2026-11-02,10,5.6437,3.4764,5.6653,7.375,4.7508,0.0,15.899,6.1999
MED00149,2026-11-02,10,3.5162,4.3731,5.306,5.75,4.3102,0.0,14.9804,5.9341
MED00150,2026-11-02,10,1.6668,1.5073,1.4988,2.0,1.5613,0.0,8.5463,3.8846
MED00151,2026-11-02,10,2.1045,1.9872,1.3659,1.5,1.879,0.0,9.3829,4.1732
MED00152,2026-11-02,10,2.1488,2.0294,1.9544,2.125,2.0541,0.0,9.8294,4.3241
MED00153,2026-11-02,10,2.1598,2.7004,0.7871,0.875,2.0552,0.0,9.8321,4.325
MED00154,2026-11-02,10,14.9942,14.5236,17.5928,18.5,15.4418,3.3567,34.8668,10.803
MED00155,2026-11-02,10,1.9896,2.7617,2.3941,2.625,2.4114,0.0,10.7128,4.6167
MED00156,2026-11-02,10,2.3514,1.9013,3.8864,5.0,2.5375,0.0,11.0167,4.7156
MED00157,2026-11-02,10,4.2495,5.4402,5.3836,6.0,5.0247,0.0,16.46,6.3596
MED00158,2026-11-02,10,0.268,0.1915,0.1298,0.125,0.2029,0.0,4.2818,2.2684
MED00159,2026-11-02,10,10.6405,10.5816,8.971,8.75,10.2226,0.3112,26.1536,8.8598
MED00160,2026-11-02,10,3.4027,6.053,3.6173,4.0,4.5632,0.0,15.5105,6.0882
MED00161,2026-11-02,10,5.7029,8.4302,5.6217,6.375,6.8262,0.0,19.9946,7.3234
MED00162,2026-11-02,10,2.1065,2.9754,0.7967,0.875,2.1539,0.0,10.0797,4.4078
MED00163,2026-11-02,10,0.3593,0.2629,0.262,0.25,0.2959,0.0,4.6363,2.4139
MED00164,2026-11-02,10,1.9534,1.8028,0.9171,1.25,1.6418,0.0,8.7617,3.9597
MED00165,2026-11-02,10,8.2239,11.2694,13.1666,13.5,10.6982,0.5694,26.9787,9.0542
MED00166,2026-11-02,10,2.0689,2.8084,1.0287,1.125,2.1276,0.0,10.0139,4.3859
MED00167,2026-11-02,10,1.8519,1.222,3.339,3.75,1.9509,0.0,9.5675,4.2358
MED00168,2026-11-02,10,1.8932,1.4027,1.4866,1.625,1.5922,0.0,8.6293,3.9136
MED00169,2026-11-02,10,1.83,1.6417,1.2599,1.375,1.6154,0.0,8.6913,3.9352
MED00170,2026-11-02,10,1.7971,1.4082,1.8135,2.0,1.6407,0.0,8.7589,3.9587
MED00171,2026-11-02,10,2.1803,1.9447,1.9134,2.125,2.0196,0.0,9.7422,4.2948
MED00172,2026-11-02,10,1.9017,1.8232,2.8789,3.75,2.1074,0.0,9.9633,4.3689
MED00173,2026-11-02,10,2.2162,2.2737,2.6085,2.875,2.3373,0.0,10.5323,4.5575
MED00174,2026-11-02,10,6.0417,6.7272,5.0331,5.375,6.0895,0.0,18.5783,6.9455
MED00175,2026-11-02,10,1.2002,1.16,0.5386,0.5,1.0245,0.0,7.0316,3.3408
MED00176,2026-11-02,10,12.7208,17.3131,11.5606,11.75,14.3677,2.6968,33.127,10.4327
MED00177,2026-11-02,10,0.2692,0.4451,0.1297,0.125,0.3091,0.0,4.6852,2.4337
MED00178,2026-11-02,10,2.2256,1.0934,2.6423,2.75,1.8566,0.0,9.3251,4.1535
MED00179,2026-11-02,10,0.549,0.2912,0.6445,0.625,0.4651,0.0,5.2447,2.6581
MED00180,2026-11-02,10,1.978,2.2278,0.2291,0.25,1.6609,0.0,8.8127,3.9774
MED00181,2026-11-02,10,2.9488,3.7346,3.329,3.625,3.3715,0.0,12.9441,5.3237
MED00182,2026-11-02,10,0.2786,0.4529,0.0,0.0,0.2841,0.0,4.5923,2.3959
MED00183,2026-11-02,10,15.7762,28.9545,15.4879,15.0,21.2176,7.1121,43.8901,12.609
MED00184,2026-11-02,10,7.3964,11.2268,4.8585,4.75,8.3869,0.0,22.8903,8.0659
MED00185,2026-11-02,10,1.8928,1.1341,2.7527,4.125,1.7864,0.0,9.143,4.0913
MED00186,2026-11-02,10,1.8876,1.6513,1.6073,1.75,1.7231,0.0,8.9771,4.0342
MED00187,2026-11-02,10,2.648,2.7612,1.2809,1.625,2.367,0.0,10.6048,4.5813
MED00188,2026-11-02,10,3.0081,4.2138,5.0987,5.625,4.0198,0.0,14.363,5.7522
MED00189,2026-11-02,10,0.2138,0.1899,0.0,0.0,0.1523,0.0,4.0818,2.1853
MED00190,2026-11-02,10,2.1072,2.9645,2.8959,3.25,2.6577,0.0,11.3029,4.8079
MED00191,2026-11-02,10,10.9337,13.5438,12.4834,13.0,12.4081,1.5335,29.8874,9.7209
MED00192,2026-11-02,10,0.2016,0.1537,0.2623,0.25,0.1965,0.0,4.2568,2.2581
MED00193,2026-11-02,10,0.1326,0.11,0.0,0.0,0.0912,0.0,3.8321,2.0804
MED00194,2026-11-02,10,6.8371,8.4039,11.4248,11.75,8.6075,0.0,23.2898,8.1654
MED00195,2026-11-02,10,6.2467,7.0866,9.0679,9.375,7.2859,0.0,20.8612,7.5497
MED00196,2026-11-02,10,7.1126,8.2949,5.3894,5.625,7.1957,0.0,20.6921,7.5058
MED00197,2026-11-02,10,6.6421,7.0945,11.2537,11.625,7.9534,0.0,22.0986,7.8667
MED00198,2026-11-02,10,1.7582,1.2511,2.1737,2.375,1.649,0.0,8.7811,3.9664
MED00199,2026-11-02,10,1.4484,1.4873,0.9744,1.375,1.3514,0.0,7.9711,3.6815
MED00200,2026-11-02,10,1.8537,1.5398,1.4872,1.625,1.636,0.0,8.7463,3.9543
MED00201,2026-11-02,10,8.3066,6.934,6.74,8.375,7.3634,0.0,21.0061,7.5872
MED00202,2026-11-02,10,1.8124,1.7542,0.3382,0.375,1.4332,0.0,8.1977,3.762
MED00203,2026-11-02,10,2.1119,2.2133,2.3512,3.25,2.2142,0.0,10.2294,4.4576
MED00204,2026-11-02,10,2.0356,2.2873,0.6876,0.75,1.8164,0.0,9.2209,4.1179
MED00205,2026-11-02,10,11.3441,14.2275,9.2654,9.75,12.0548,1.33,29.2933,9.5869
MED00206,2026-11-02,10,1.2284,1.0313,1.1529,1.5,1.1292,0.0,7.339,3.4535
MED00207,2026-11-02,10,1.9733,1.7876,2.5156,2.75,2.0291,0.0,9.7662,4.3029
MED00208,2026-11-02,10,10.9967,12.5064,10.6145,11.0,11.5448,1.0401,28.4294,9.3902
MED00209,2026-11-02,10,2.7947,1.6747,4.9045,5.125,2.841,0.0,11.7337,4.9456
MED00210,2026-11-02,10,1.3186,0.8107,2.4126,2.25,1.3729,0.0,8.031,3.7028
MED00211,2026-11-02,10,2.1857,2.0119,2.3807,2.625,2.1626,0.0,10.1012,4.415
MED00212,2026-11-02,10,2.0891,2.031,0.2132,0.25,1.613,0.0,8.685,3.933
MED00213,2026-11-02,10,1.7369,2.0322,0.0,0.0,1.4414,0.0,8.2203,3.77
MED00214,2026-11-02,10,9.7091,10.5926,12.0858,13.875,10.6624,0.5498,26.9169,9.0397
MED00215,2026-11-02,10,2.2604,2.4947,2.0552,2.25,2.3107,0.0,10.4672,4.5361
MED00216,2026-11-02,10,0.0996,0.1034,0.0,0.0,0.0772,0.0,3.7734,2.0556
MED00217,2026-11-02,10,0.2583,0.1902,0.2619,0.25,0.231,0.0,4.3907,2.3133
MED00218,2026-11-02,10,3.9775,5.6094,4.7509,5.375,4.8491,0.0,16.1013,6.2577
MED00219,2026-11-02,10,15.0244,10.1143,11.358,10.5,12.1046,1.3586,29.3773,9.606
MED00220,2026-11-02,10,2.0502,1.9256,2.6115,2.875,2.1361,0.0,10.0352,4.393
MED00221,2026-11-02,10,2.9912,3.6074,1.6811,2.25,2.9341,0.0,11.9498,5.014
MED00222,2026-11-02,10,0.4976,0.5634,0.0,0.0,0.4051,0.0,5.0337,2.5741
MED00223,2026-11-02,10,9.0527,12.2677,4.3158,4.25,9.2561,0.0,24.4521,8.4511
MED00224,2026-11-02,10,1.7816,1.4292,0.5729,0.625,1.344,0.0,7.9504,3.6741
MED00225,2026-11-02,10,3.8074,4.1757,5.1616,5.875,4.2925,0.0,14.9432,5.9232
MED00226,2026-11-02,10,2.2579,1.7534,2.6356,3.625,2.1412,0.0,10.0479,4.3972
MED00227,2026-11-02,10,14.9706,14.0318,18.3802,20.25,15.4192,3.3426,34.8305,10.7953
MED00228,2026-11-02,10,1.7051,0.8009,2.5001,3.0,1.5221,0.0,8.4404,3.8475
MED00229,2026-11-02,10,0.6141,0.7726,0.0,0.0,0.5322,0.0,5.475,2.7489
MED00230,2026-11-02,10,12.6211,14.7807,10.6177,11.25,13.0494,1.9079,30.9577,9.9595
MED00231,2026-11-02,10,1.6088,0.5889,1.1396,1.25,1.0716,0.0,7.1706,3.3919
MED00232,2026-11-02,10,2.7884,4.0548,1.0526,1.125,2.8992,0.0,11.869,4.9884
MED00233,2026-11-02,10,0.7574,0.3548,0.6049,0.625,0.5534,0.0,5.5467,2.7769
MED00234,2026-11-02,10,1.858,1.1921,1.9106,2.125,1.5949,0.0,8.6366,3.9162
MED00235,2026-11-02,10,68.3706,72.8667,61.0752,61.625,68.5484,43.3971,108.9753,22.4829
MED00236,2026-11-02,10,2.1328,2.6567,1.7517,1.875,2.2612,0.0,10.3455,4.496
MED00237,2026-11-02,10,3.8195,4.2561,5.0289,6.625,4.2981,0.0,14.9548,5.9266
MED00238,2026-11-02,10,1.9675,1.6993,1.4731,1.625,1.738,0.0,9.0162,4.0477
MED00239,2026-11-02,10,3.3652,4.5131,4.1549,4.5,4.0383,0.0,14.4027,5.764
MED00240,2026-11-02,10,3.9241,3.7867,4.458,6.125,3.9999,0.0,14.3203,5.7396
MED00241,2026-11-02,10,2.4431,3.1123,2.1705,2.375,2.6586,0.0,11.3052,4.8087
MED00242,2026-11-02,10,8.9844,13.1014,8.4835,8.75,10.5889,0.5097,26.7898,9.0099
MED00243,2026-11-02,10,0.1712,0.0791,0.1305,0.125,0.1231,0.0,3.9636,2.1358
MED00244,2026-11-02,10,2.0553,2.2601,1.9235,2.125,2.1109,0.0,9.972,4.3719
MED00245,2026-11-02,10,74.8956,62.7169,76.4555,79.25,70.2695,44.8067,111.1971,22.7614
MED00246,2026-11-02,10,4.815,5.9818,6.099,6.75,5.6171,0.0,17.6499,6.6919
MED00247,2026-11-02,10,11.3932,14.1185,11.4237,12.375,12.5484,1.6148,30.1225,9.7736
MED00248,2026-11-02,10,2.0731,1.6391,2.1018,2.5,1.9012,0.0,9.44,4.1926
MED00249,2026-11-02,10,19.4992,24.9749,33.4641,34.25,25.1816,9.8427,49.8366,13.7116
MED00250,2026-11-02,10,10.0818,8.5012,11.1133,16.125,9.6824,0.0239,25.2069,8.6338
MED00251,2026-11-02,10,1.8411,1.3696,2.6016,2.875,1.8304,0.0,9.2573,4.1304
MED00252,2026-11-02,10,0.3747,0.1501,0.7549,0.75,0.3734,0.0,4.9202,2.5286
MED00253,2026-11-02,10,3.4798,4.3585,3.6423,4.0,3.889,0.0,14.0815,5.6684
MED00254,2026-11-02,10,0.344,0.1615,1.0063,1.0,0.4285,0.0,5.1165,2.6072
MED00255,2026-11-02,10,4.6691,6.367,4.8058,6.625,5.4149,0.0,17.2471,6.5803
MED00256,2026-11-02,10,2.1048,1.9752,1.1077,1.25,1.8116,0.0,9.2084,4.1137
MED00257,2026-11-02,10,4.1417,4.5125,5.5068,7.5,4.6308,0.0,15.6509,6.1287
MED00258,2026-11-02,10,2.1079,2.448,3.5195,3.875,2.5934,0.0,11.1503,4.7588
MED00259,2026-11-02,10,2.1908,2.0691,2.8278,3.125,2.2964,0.0,10.432,4.5245
MED00260,2026-11-02,10,0.4744,0.4472,1.1559,1.125,0.6285,0.0,5.7967,2.8742
MED00261,2026-11-02,10,0.7528,0.7381,0.1292,0.125,0.5965,0.0,5.691,2.8332
MED00262,2026-11-02,10,2.9396,2.5836,3.7106,5.0,2.9807,0.0,12.0573,5.0478
MED00263,2026-11-02,10,2.8896,3.5763,4.8785,5.375,3.6602,0.0,13.5833,5.5186
MED00264,2026-11-02,10,0.427,0.1273,0.0,0.0,0.1991,0.0,4.267,2.2623
MED00265,2026-11-02,10,5.7289,7.1536,9.3349,10.375,7.2013,0.0,20.7027,7.5086
MED00266,2026-11-02,10,13.5682,15.2325,6.4364,6.25,12.5499,1.6157,30.1249,9.7741
MED00267,2026-11-02,10,4.1673,6.0344,3.5229,3.875,4.7941,0.0,15.9882,6.2255
MED00268,2026-11-02,10,2.0915,2.5614,3.3043,3.625,2.583,0.0,11.1255,4.7508
MED00269,2026-11-02,10,2.1624,2.206,1.9563,2.125,2.1328,0.0,10.027,4.3902
MED00270,2026-11-02,10,2.2697,2.0863,4.4173,4.875,2.7152,0.0,11.4389,4.8515
MED00271,2026-11-02,10,1.7045,2.2954,3.2214,4.25,2.3197,0.0,10.4892,4.5434
MED00272,2026-11-02,10,3.7784,4.101,4.1634,4.875,4.0099,0.0,14.3416,5.7459
MED00273,2026-11-02,10,3.0905,2.9726,2.0861,2.625,2.8014,0.0,11.6412,4.9161
MED00274,2026-11-02,10,0.6815,0.2917,0.363,0.375,0.4426,0.0,5.1659,2.6268
MED00275,2026-11-02,10,11.2862,7.2694,11.9375,14.25,9.7801,0.0754,25.379,8.6751
MED00276,2026-11-02,10,1.8912,1.8394,2.0612,2.25,1.9126,0.0,9.4695,4.2026
MED00277,2026-11-02,10,0.2148,0.1814,0.0,0.0,0.1491,0.0,4.0687,2.1799
MED00278,2026-11-02,10,7.5784,8.8614,9.8614,11.25,8.6735,0.0,23.4089,8.1949
MED00279,2026-11-02,10,18.6341,20.7726,22.8297,22.25,20.5598,6.6696,42.8864,12.4166
MED00280,2026-11-02,10,0.2387,0.1569,0.2608,0.25,0.2102,0.0,4.31,2.2801
MED00281,2026-11-02,10,12.8568,10.6099,13.0489,15.875,11.9792,1.2868,29.1657,9.558
MED00282,2026-11-02,10,3.3319,2.595,2.6934,3.25,2.8734,0.0,11.8092,4.9695
MED00283,2026-11-02,10,2.2723,2.6058,3.1117,3.625,2.6168,0.0,11.2059,4.7767
MED00284,2026-11-02,10,1.4022,0.918,0.457,0.625,0.9729,0.0,6.8775,3.2837
MED00285,2026-11-02,10,4.7354,5.4704,6.6106,7.375,5.5004,0.0,17.4179,6.6278
MED00286,2026-11-02,10,3.9151,3.6769,5.5154,7.0,4.207,0.0,14.7621,5.8701
MED00287,2026-11-02,10,3.1826,3.6221,3.2545,3.625,3.3865,0.0,12.9776,5.334
MED00288,2026-11-02,10,41.4077,43.2389,35.1764,38.625,40.7048,21.2755,71.9344,17.368
MED00289,2026-11-02,10,4.0654,4.0179,6.1766,8.75,4.5606,0.0,15.505,6.0866
MED00290,2026-11-02,10,1.8371,1.1457,1.0078,1.125,1.35,0.0,7.9672,3.6801
MED00291,2026-11-02,10,9.5128,17.8655,2.8198,3.0,11.3857,0.9506,28.1585,9.328
MED00292,2026-11-02,10,1.7434,1.2697,0.983,1.25,1.3636,0.0,8.0052,3.6936
MED00293,2026-11-02,10,3.982,3.0712,7.7561,9.875,4.5195,0.0,15.4195,6.0619
MED00294,2026-11-02,10,1.2794,0.6912,0.7294,1.0,0.9023,0.0,6.6636,3.2041
MED00295,2026-11-02,10,0.2825,0.1991,0.0,0.0,0.1796,0.0,4.1904,2.2305
MED00296,2026-11-02,10,3.9122,4.0539,4.0648,4.5,4.0121,0.0,14.3465,5.7473
MED00297,2026-11-02,10,5.627,7.3333,6.0853,6.625,6.4551,0.0,19.2856,7.1355
MED00298,2026-11-02,10,2.167,1.7024,3.5741,4.0,2.3159,0.0,10.48,4.5403
MED00299,2026-11-02,10,0.4637,0.2869,0.2505,0.25,0.3388,0.0,4.7947,2.4781
MED00300,2026-11-02,10,1.9302,1.8379,0.2267,0.25,1.4814,0.0,8.3296,3.8086
MED00301,2026-11-02,10,4.5964,6.6522,5.1813,5.625,5.5998,0.0,17.6156,6.6824
MED00302,2026-11-02,10,8.6294,8.6008,4.4433,4.375,7.6131,0.0,21.4706,7.7067
MED00303,2026-11-02,10,2.7271,2.361,2.8536,3.625,2.6078,0.0,11.1845,4.7698
MED00304,2026-11-02,10,3.6939,4.5352,3.3209,4.625,3.9581,0.0,14.2305,5.7128
MED00305,2026-11-02,10,1.8626,1.8883,1.031,1.125,1.6739,0.0,8.8472,3.9893
MED00306,2026-11-02,10,0.4841,0.2348,0.0,0.0,0.2635,0.0,4.5145,2.3642
MED00307,2026-11-02,10,25.6246,27.377,35.5679,36.375,28.7873,12.4069,55.1162,14.6425
MED00308,2026-11-02,10,0.6674,0.6763,0.5161,0.5,0.6352,0.0,5.8187,2.8827
MED00309,2026-11-02,10,2.9917,3.6682,1.6803,2.25,2.9594,0.0,12.0084,5.0324
MED00310,2026-11-02,10,3.2342,3.0943,2.5909,3.25,3.0234,0.0,12.1556,5.0787
MED00311,2026-11-02,10,3.2605,3.7482,3.2858,4.375,3.4732,0.0,13.1708,5.3932
MED00312,2026-11-02,10,0.7323,0.1964,0.3603,0.375,0.4195,0.0,5.0847,2.5945
MED00313,2026-11-02,10,0.5602,0.2287,1.7832,1.75,0.7185,0.0,6.0889,2.9867
MED00314,2026-11-02,10,10.255,11.3735,8.917,8.75,10.4079,0.4113,26.4759,8.936
MED00315,2026-11-02,10,9.3849,10.5873,10.0468,11.25,10.0559,0.2219,25.8625,8.7907
MED00316,2026-11-02,10,2.707,3.2836,2.3766,2.625,2.8702,0.0,11.8016,4.9671
MED00317,2026-11-02,10,2.1703,2.3568,2.607,2.875,2.3559,0.0,10.5776,4.5724
MED00318,2026-11-02,10,2.4691,1.7063,3.609,5.0,2.4294,0.0,10.7562,4.6309
MED00319,2026-11-02,10,10.7648,12.7072,10.0735,11.0,11.4182,0.9689,28.214,9.3407
MED00320,2026-11-02,10,6.0735,6.677,3.4659,3.75,5.7002,0.0,17.8145,6.7372
MED00321,2026-11-02,10,0.7585,0.873,3.8203,3.75,1.548,0.0,8.5103,3.872
MED00322,2026-11-02,10,0.1757,0.145,0.0,0.0,0.1206,0.0,3.9531,2.1314
MED00323,2026-11-02,10,1.2738,0.5103,2.4084,2.5,1.2313,0.0,7.6327,3.5601
MED00324,2026-11-02,10,1.4932,1.0216,1.4272,2.0,1.2821,0.0,7.7767,3.6119
MED00325,2026-11-02,10,6.4478,8.2767,5.0017,5.75,6.8669,0.0,20.0719,7.3438
MED00326,2026-11-02,10,8.8759,11.6601,7.8909,8.5,9.8074,0.0898,25.427,8.6866
MED00327,2026-11-02,10,2.7583,4.1492,2.0862,2.25,3.1784,0.0,12.5093,5.1893
MED00328,2026-11-02,10,3.9405,4.5157,5.117,5.625,4.469,0.0,15.314,6.0313
MED00329,2026-11-02,10,10.5343,12.3887,10.6496,11.625,11.346,0.9284,28.0908,9.3124
MED00330,2026-11-02,10,4.0033,4.7755,5.4136,6.125,4.6706,0.0,15.7333,6.1524
MED00331,2026-11-02,10,1.8953,1.3305,2.1564,2.375,1.7248,0.0,8.9816,4.0358
MED00332,2026-11-02,10,2.8016,3.7974,2.6289,2.875,3.1779,0.0,12.5081,5.1889
MED00333,2026-11-02,10,2.9256,2.4974,5.4448,6.25,3.3596,0.0,12.9176,5.3155
MED00334,2026-11-02,10,10.4053,12.7942,4.0836,4.375,9.882,0.1293,25.558,8.718
MED00335,2026-11-02,10,5.2026,5.6367,7.4241,6.5,5.9264,0.0,18.2597,6.859
MED00336,2026-11-02,10,8.9787,10.6014,10.0587,11.25,9.9257,0.1525,25.6346,8.7363
MED00337,2026-11-02,10,64.2751,52.9838,59.1347,60.25,58.3869,35.16,95.7208,20.7628
MED00338,2026-11-02,10,9.7031,13.7555,1.2806,1.25,9.3644,0.0,24.6446,8.4979
MED00339,2026-11-02,10,1.7867,1.2849,0.2735,0.375,1.213,0.0,7.5806,3.5412
MED00340,2026-11-02,10,1.777,2.5713,0.2729,0.25,1.746,0.0,9.0371,4.0549
MED00341,2026-11-02,10,4.828,6.3343,7.9384,8.375,6.2137,0.0,18.8196,7.0106
MED00342,2026-11-02,10,2.0299,1.9057,1.2356,1.375,1.7879,0.0,9.1468,4.0926
MED00343,2026-11-02,10,9.8869,10.2217,10.5118,11.625,10.1877,0.2925,26.0927,8.8454
MED00344,2026-11-02,10,3.9454,4.9424,5.313,5.625,4.696,0.0,15.786,6.1675
MED00345,2026-11-02,10,0.1843,0.1021,0.0,0.0,0.1056,0.0,3.8917,2.1056
MED00346,2026-11-02,10,3.0214,3.6343,1.8572,2.0,2.9983,0.0,12.0979,5.0606
MED00347,2026-11-02,10,0.1863,0.1784,0.0,0.0,0.1381,0.0,4.0246,2.1614
MED00348,2026-11-02,10,1.806,1.3649,1.2594,1.375,1.4916,0.0,8.3574,3.8183
MED00349,2026-11-02,10,2.2683,2.105,1.8301,2.0,2.0964,0.0,9.9358,4.3598
MED00350,2026-11-02,10,1.3607,1.9803,2.5497,2.5,1.9082,0.0,9.4581,4.1988
MED00351,2026-11-02,10,0.6207,0.6477,0.0,0.0,0.4824,0.0,5.3044,2.6817
MED00352,2026-11-02,10,0.2811,0.3385,0.0,0.0,0.2373,0.0,4.4147,2.3232
MED00353,2026-11-02,10,1.1098,0.515,0.0,0.0,0.5943,0.0,5.6836,2.8304
MED00354,2026-11-02,10,1.201,1.1785,1.2753,1.25,1.2108,0.0,7.5742,3.5389
MED00355,2026-11-02,10,9.3265,9.9468,8.9374,11.5,9.5003,0.0,24.8855,8.5562
MED00356,2026-11-02,10,1.9627,2.0698,1.722,1.875,1.9511,0.0,9.5679,4.236
MED00357,2026-11-02,10,0.2264,0.1049,0.2616,0.25,0.1845,0.0,4.2095,2.2385
MED00358,2026-11-02,10,4.7363,5.1244,2.7306,3.375,4.4175,0.0,15.2061,6.0
MED00359,2026-11-02,10,2.0952,2.2383,1.3851,1.5,1.9851,0.0,9.6546,4.2653
MED00360,2026-11-02,10,2.6996,1.9327,3.042,3.875,2.4654,0.0,10.8432,4.6592
MED00361,2026-11-02,10,2.2124,2.2127,4.3409,4.875,2.7298,0.0,11.4733,4.8626
MED00362,2026-11-02,10,2.3694,2.091,4.2164,4.875,2.7026,0.0,11.4092,4.842
MED00363,2026-11-02,10,1.7636,1.4735,2.2674,2.5,1.7663,0.0,9.0904,4.0732
MED00364,2026-11-02,10,0.1719,0.194,0.0,0.0,0.1397,0.0,4.0307,2.164
MED00365,2026-11-02,10,2.1639,2.3887,1.8896,2.125,2.1934,0.0,10.1778,4.4404
MED00366,2026-11-02,10,9.2383,9.9203,10.215,11.25,9.7683,0.0692,25.3582,8.6701
MED00367,2026-11-02,10,2.1039,2.6413,1.4787,1.625,2.1788,0.0,10.1415,4.4284
MED00368,2026-11-02,10,2.6986,3.4692,4.5478,5.0,3.4701,0.0,13.164,5.3911
MED00369,2026-11-02,10,3.5038,3.855,3.5402,5.0,3.6626,0.0,13.5886,5.5202
MED00370,2026-11-02,10,0.4719,0.2248,0.0,0.0,0.2551,0.0,4.4828,2.3512
MED00371,2026-11-02,10,15.5112,14.1992,14.2829,14.0,14.6823,2.8886,33.639,10.5425
MED00372,2026-11-02,10,0.2121,0.1056,0.1308,0.125,0.1482,0.0,4.0653,2.1784
MED00373,2026-11-02,10,0.6745,0.5423,0.9135,0.875,0.6779,0.0,5.958,2.9365
MED00374,2026-11-02,10,1.7565,1.2376,2.142,2.75,1.6352,0.0,8.7442,3.9536
MED00375,2026-11-02,10,15.0095,16.5275,13.7716,13.5,15.358,3.3046,34.7319,10.7745
MED00376,2026-11-02,10,2.0728,2.0573,1.8233,2.0,2.008,0.0,9.7129,4.2849
MED00377,2026-11-02,10,0.5581,0.6408,0.8908,0.875,0.6737,0.0,5.9444,2.9312
MED00378,2026-11-02,10,2.1294,2.6233,1.934,2.125,2.2902,0.0,10.4168,4.5195
MED00379,2026-11-02,10,0.7265,0.8787,2.5475,2.5,1.2314,0.0,7.633,3.5602
MED00380,2026-11-02,10,0.6622,0.4137,0.0,0.0,0.399,0.0,5.0118,2.5653
MED00381,2026-11-02,10,1.8517,2.4477,1.2757,1.25,1.9627,0.0,9.5975,4.246
MED00382,2026-11-02,10,2.32,1.4511,2.9536,3.75,2.1133,0.0,9.9782,4.3739
MED00383,2026-11-02,10,6.2904,8.6798,5.4484,5.75,7.0893,0.0,20.492,7.4538
MED00384,2026-11-02,10,2.0398,1.9616,1.9224,2.125,1.9808,0.0,9.6436,4.2616
MED00385,2026-11-02,10,18.2997,21.3751,17.5925,20.25,19.4293,5.917,41.1483,12.0787
MED00386,2026-11-02,10,13.9177,14.315,12.523,14.125,13.7598,2.3299,32.1315,10.2172
MED00387,2026-11-02,10,18.1816,21.8349,21.0174,22.5,20.4095,6.5689,42.6561,12.3722
MED00388,2026-11-02,10,119.2234,120.0758,93.4589,84.125,113.463,81.1509,165.3999,28.884
MED00389,2026-11-02,10,8.3335,9.3428,8.5625,11.25,8.8181,0.0,23.6692,8.2592
MED00390,2026-11-02,10,17.0268,21.0514,22.8894,34.25,20.1408,6.3894,42.2441,12.2925
MED00391,2026-11-02,10,16.2517,16.0433,19.9352,24.875,17.0725,4.3843,37.4669,11.3421
MED00392,2026-11-02,10,16.4126,18.4218,18.6934,22.625,17.8188,4.864,38.6418,11.5804
MED00393,2026-11-02,10,10.8717,11.8081,8.6203,10.125,10.7282,0.5859,27.0305,9.0663
MED00394,2026-11-02,10,13.2245,11.9284,13.6301,16.25,12.7954,1.7588,30.535,9.8657
MED00395,2026-11-02,10,16.271,16.8539,16.2866,18.375,16.5341,4.0418,36.6137,11.167
MED00396,2026-11-02,10,56.8962,54.3173,47.0451,46.75,53.4937,31.2527,89.2428,19.8814
MED00397,2026-11-02,10,45.9298,48.0459,48.2079,48.125,47.4095,26.459,81.0842,18.7278
MED00398,2026-11-02,10,131.9636,111.614,123.4171,128.0,121.5415,88.1038,175.2877,29.8902
MED00399,2026-11-02,10,140.4046,116.6738,115.1618,115.75,124.5405,90.6944,178.943,30.2553
MED00400,2026-11-02,10,75.082,71.2279,72.8281,69.875,73.0045,47.0543,114.7155,23.197
MED00401,2026-11-02,10,13.3235,11.9838,12.9569,20.875,12.6895,1.697,30.3583,9.8263
MED00402,2026-11-02,10,17.8866,15.581,19.4974,29.875,17.3329,4.551,37.8778,11.4258
MED00403,2026-11-02,10,10.9543,16.7387,9.1479,9.125,12.9402,1.8437,30.7762,9.9192
MED00404,2026-11-02,10,4.4151,6.324,5.7516,6.125,5.5389,0.0,17.4946,6.649
MED00405,2026-11-02,10,7.0391,8.3113,6.6962,7.375,7.4936,0.0,21.2488,7.6498
MED00406,2026-11-02,10,19.4469,23.5385,23.8422,26.75,22.2362,7.8037,45.4343,12.9013
MED00407,2026-11-02,10,17.5465,16.7472,20.2826,30.5,17.8929,4.9119,38.7579,11.6038
MED00408,2026-11-02,10,6.2074,6.1312,7.1438,11.25,6.4084,0.0,19.1959,7.1116
MED00409,2026-11-02,10,9.9958,11.0829,7.7089,10.875,9.9057,0.1419,25.5995,8.7279
MED00410,2026-11-02,10,8.0113,9.3236,9.5502,14.0,8.939,0.0,23.886,8.3126
MED00411,2026-11-02,10,17.3987,16.7655,20.1734,26.125,17.8235,4.867,38.6492,11.5819
MED00412,2026-11-02,10,11.6901,7.5209,11.4134,14.0,9.8963,0.1369,25.583,8.724
MED00413,2026-11-02,10,12.4018,10.2839,10.063,12.875,10.9651,0.7163,27.4384,9.1614
MED00414,2026-11-02,10,17.1599,14.9927,18.575,24.125,16.6158,4.0936,36.7434,11.1937
MED00415,2026-11-02,10,12.3349,9.0721,12.2011,15.75,10.9543,0.7103,27.4199,9.1571
MED00416,2026-11-02,10,16.3254,14.7871,17.6828,23.75,16.0287,3.7231,35.8081,11.0001
MED00417,2026-11-02,10,6.9644,6.1754,6.2459,7.5,6.4685,0.0,19.3114,7.1424
MED00418,2026-11-02,10,6.706,5.7785,7.9005,9.375,6.615,0.0,19.5922,7.2171
MED00419,2026-11-02,10,8.2458,7.4399,8.4232,10.125,7.9609,0.0,22.1125,7.8702
MED00420,2026-11-02,10,17.6763,17.4613,19.6196,30.625,18.0746,5.0297,39.0425,11.661
MED00421,2026-11-02,10,18.8243,15.1074,23.1152,34.125,18.3316,5.1967,39.444,11.7414
MED00422,2026-11-02,10,16.4879,14.4088,18.3205,23.375,16.0809,3.7559,35.8915,11.0174
MED00423,2026-11-02,10,11.5749,10.6929,9.9418,11.25,10.8235,0.6382,27.1948,9.1047
MED00424,2026-11-02,10,96.3284,82.6909,109.4673,118.875,93.9175,64.5065,141.1912,26.2907
MED00001,2026-11-09,11,12.2464,8.5468,12.1922,15.125,10.7028,0.5719,26.9866,9.056
MED00002,2026-11-09,11,0.1499,0.1006,0.1307,0.125,0.1249,0.0,3.9706,2.1388
MED00003,2026-11-09,11,0.3103,0.4948,0.0,0.0,0.3125,0.0,4.6977,2.4388
MED00004,2026-11-09,11,0.913,0.65,1.7801,1.75,1.0141,0.0,7.0005,3.3293
MED00005,2026-11-09,11,2.2613,3.4514,1.9073,1.875,2.6741,0.0,11.3419,4.8205
MED00006,2026-11-09,11,1.6346,1.0598,0.2267,0.25,1.0558,0.0,7.1243,3.3749
MED00007,2026-11-09,11,3.0579,3.7139,2.4957,2.75,3.1984,0.0,12.5547,5.2034
MED00008,2026-11-09,11,0.6812,0.4748,1.4166,1.375,0.7738,0.0,6.2646,3.0537
MED00009,2026-11-09,11,3.3294,3.6766,3.2668,3.875,3.4624,0.0,13.1468,5.3858
MED00010,2026-11-09,11,4.0398,3.5526,4.5238,4.125,3.9578,0.0,14.2297,5.7126
MED00011,2026-11-09,11,18.4276,21.6563,24.6201,24.875,21.291,7.1616,44.0018,12.6303
MED00012,2026-11-09,11,2.0265,2.7859,0.3439,0.375,1.938,0.0,9.5345,4.2247
MED00013,2026-11-09,11,3.5015,4.0616,5.9014,6.375,4.3194,0.0,14.9998,5.9398
MED00014,2026-11-09,11,14.898,13.9542,24.3991,28.0,16.8186,4.2224,37.0651,11.2598
MED00015,2026-11-09,11,0.5365,0.3223,0.9102,0.875,0.5381,0.0,5.4951,2.7568
MED00016,2026-11-09,11,2.1346,1.6825,4.2467,4.75,2.4593,0.0,10.8287,4.6545
MED00017,2026-11-09,11,1.8832,1.796,2.1668,2.375,1.9174,0.0,9.4816,4.2067
MED00018,2026-11-09,11,86.3766,65.9501,84.6293,87.75,77.5223,50.7865,120.496,23.8993
MED00019,2026-11-09,11,44.7957,37.8254,46.8353,49.375,42.4275,22.5962,74.3033,17.7273
MED00020,2026-11-09,11,10.268,12.1984,14.8413,14.875,12.19,1.4076,29.521,9.6384
MED00021,2026-11-09,11,3.672,3.6662,3.3114,4.5,3.586,0.0,13.4203,5.4692
MED00022,2026-11-09,11,2.262,1.3826,2.4498,3.375,1.943,0.0,9.5472,4.229
MED00023,2026-11-09,11,1.3763,1.0002,0.1912,0.25,0.934,0.0,6.7601,3.2401
MED00024,2026-11-09,11,2.7076,2.9766,2.1101,2.875,2.6779,0.0,11.3508,4.8233
MED00025,2026-11-09,11,0.1186,0.1049,0.0,0.0,0.0843,0.0,3.8032,2.0682
MED00026,2026-11-09,11,0.335,0.3004,0.1298,0.125,0.2713,0.0,4.5439,2.3762
MED00027,2026-11-09,11,0.2317,0.1217,0.0,0.0,0.13,0.0,3.9917,2.1476
MED00028,2026-11-09,11,0.5173,0.5659,0.52,0.5,0.5388,0.0,5.4973,2.7576
MED00029,2026-11-09,11,10.298,11.3939,13.6045,17.375,11.5655,1.0518,28.4647,9.3983
MED00030,2026-11-09,11,3.4957,3.4131,4.174,5.5,3.6289,0.0,13.5147,5.4979
MED00031,2026-11-09,11,3.1947,3.4484,2.6124,3.25,3.1628,0.0,12.4738,5.1782
MED00032,2026-11-09,11,2.1807,1.5718,2.1166,2.75,1.9135,0.0,9.4716,4.2033
MED00033,2026-11-09,11,1.0791,1.7149,1.911,1.875,1.5466,0.0,8.5067,3.8707
MED00034,2026-11-09,11,20.1064,21.4569,25.5643,25.0,22.0105,7.6498,45.0931,12.8371
MED00035,2026-11-09,11,0.547,0.1962,0.4039,0.375,0.3666,0.0,4.8958,2.5188
MED00036,2026-11-09,11,1.6722,1.2829,2.2892,2.25,1.6608,0.0,8.8125,3.9773
MED00037,2026-11-09,11,3.8698,3.2062,5.2047,5.5,3.92,0.0,14.1483,5.6883
MED00038,2026-11-09,11,12.2543,10.8319,13.9639,20.0,12.0872,1.3486,29.3478,9.5993
MED00039,2026-11-09,11,1.1202,1.2045,1.2329,1.25,1.1838,0.0,7.4967,3.5109
MED00040,2026-11-09,11,0.5336,0.4675,1.003,1.0,0.6202,0.0,5.7693,2.8636
MED00041,2026-11-09,11,0.6747,0.4292,0.1209,0.125,0.439,0.0,5.1535,2.6219
MED00042,2026-11-09,11,3.3544,3.2761,2.0264,2.0,3.0037,0.0,12.1104,5.0645
MED00043,2026-11-09,11,0.492,0.3887,0.5223,0.5,0.4568,0.0,5.2156,2.6465
MED00044,2026-11-09,11,1.9396,1.7668,0.9143,1.25,1.6214,0.0,8.7074,3.9408
MED00045,2026-11-09,11,1.7168,1.6506,0.1143,0.125,1.3031,0.0,7.836,3.6332
MED00046,2026-11-09,11,2.2278,2.2932,0.8288,1.125,1.9188,0.0,9.4852,4.208
MED00047,2026-11-09,11,4.7237,6.2384,6.5533,7.375,5.8028,0.0,18.0169,6.7927
MED00048,2026-11-09,11,12.4971,14.9047,14.6863,17.75,14.0433,2.5004,32.5968,10.3183
MED00049,2026-11-09,11,0.1751,0.1106,0.0,0.0,0.106,0.0,3.8932,2.1062
MED00050,2026-11-09,11,2.5893,3.3693,2.4536,2.625,2.8843,0.0,11.8345,4.9775
MED00051,2026-11-09,11,0.1805,0.1081,0.0,0.0,0.1068,0.0,3.8967,2.1077
MED00052,2026-11-09,11,0.5093,0.4919,0.5259,0.5,0.5066,0.0,5.3876,2.7145
MED00053,2026-11-09,11,5.2437,6.4645,6.8255,10.0,6.1408,0.0,18.6781,6.9725
MED00054,2026-11-09,11,4.9194,7.0945,8.4123,11.75,6.6766,0.0,19.7099,7.2483
MED00055,2026-11-09,11,1.0144,0.8021,1.3466,1.25,1.0073,0.0,6.9804,3.3218
MED00056,2026-11-09,11,0.6818,0.3733,1.0035,1.0,0.6317,0.0,5.8073,2.8783
MED00057,2026-11-09,11,0.4832,0.3271,0.1257,0.125,0.3321,0.0,4.7699,2.4681
MED00058,2026-11-09,11,1.6635,1.1881,0.1138,0.125,1.0919,0.0,7.2303,3.4138
MED00059,2026-11-09,11,7.4989,6.7623,9.2686,11.75,7.6275,0.0,21.4973,7.7135
MED00060,2026-11-09,11,5.7812,4.0209,6.0781,7.625,5.1248,0.0,16.6632,6.417
MED00061,2026-11-09,11,0.6921,0.7673,0.7931,0.75,0.7486,0.0,6.185,3.0234
MED00062,2026-11-09,11,11.4158,8.6724,12.153,15.875,10.4616,0.4404,26.5693,8.958
MED00063,2026-11-09,11,0.1385,0.113,0.0,0.0,0.0945,0.0,3.8458,2.0862
MED00064,2026-11-09,11,22.9286,25.9504,22.7494,25.375,24.1682,9.135,48.3319,13.4383
MED00065,2026-11-09,11,59.8027,57.0412,48.0841,51.5,55.875,33.1489,92.404,20.3151
MED00066,2026-11-09,11,0.4649,0.3371,0.5161,0.5,0.4245,0.0,5.1023,2.6015
MED00067,2026-11-09,11,2.1541,2.781,3.559,3.875,2.7577,0.0,11.5387,4.8835
MED00068,2026-11-09,11,3.0819,2.6448,4.4729,6.25,3.2393,0.0,12.6472,5.2321
MED00069,2026-11-09,11,1.6869,1.3938,0.9103,1.25,1.3784,0.0,8.0464,3.7083
MED00070,2026-11-09,11,10.6219,11.8533,11.7678,15.625,11.4233,0.9717,28.2227,9.3427
MED00071,2026-11-09,11,2.0397,1.9619,1.5361,2.125,1.8874,0.0,9.4047,4.1806
MED00072,2026-11-09,11,2.0916,1.4581,2.2683,3.125,1.8723,0.0,9.3657,4.1674
MED00073,2026-11-09,11,2.9411,2.8589,4.569,6.25,3.3037,0.0,12.7922,5.2769
MED00074,2026-11-09,11,2.7294,2.365,3.6837,5.125,2.8111,0.0,11.6639,4.9234
MED00075,2026-11-09,11,2.8859,2.3418,3.1867,4.875,2.7347,0.0,11.4848,4.8662
MED00076,2026-11-09,11,0.2497,0.0833,0.262,0.25,0.1836,0.0,4.2059,2.237
MED00077,2026-11-09,11,3.838,3.0168,4.7496,7.25,3.72,0.0,13.7142,5.5582
MED00078,2026-11-09,11,2.8705,4.2658,2.4571,3.125,3.3552,0.0,12.9077,5.3125
MED00079,2026-11-09,11,19.3251,31.0183,16.2199,18.0,23.469,8.6504,47.2878,13.2465
MED00080,2026-11-09,11,3.1491,2.1531,4.4073,6.125,3.0414,0.0,12.1969,5.0917
MED00081,2026-11-09,11,0.4036,0.3886,0.262,0.25,0.3635,0.0,4.8843,2.5142
MED00082,2026-11-09,11,2.7619,3.6225,2.0341,2.75,2.9474,0.0,11.9805,5.0237
MED00083,2026-11-09,11,3.1714,2.6915,3.1457,4.375,2.9682,0.0,12.0286,5.0388
MED00084,2026-11-09,11,40.6408,42.4729,43.6089,39.875,42.1637,22.3935,73.9415,17.6728
MED00085,2026-11-09,11,2.0755,1.7547,2.9447,3.25,2.1541,0.0,10.0802,4.408
MED00086,2026-11-09,11,0.3854,0.2885,0.0,0.0,0.2521,0.0,4.4712,2.3464
MED00087,2026-11-09,11,1.774,1.5886,1.8251,2.0,1.7108,0.0,8.9447,4.023
MED00088,2026-11-09,11,28.0378,28.1716,30.8554,28.0,28.8035,12.4186,55.1397,14.6465
MED00089,2026-11-09,11,15.2722,18.6883,8.3569,8.0,15.0385,3.1072,34.2162,10.6655
MED00090,2026-11-09,11,2.4481,3.5487,3.691,4.875,3.2103,0.0,12.5815,5.2117
MED00091,2026-11-09,11,2.0447,1.9523,1.7807,2.5,1.9443,0.0,9.5506,4.2301
MED00092,2026-11-09,11,1.6622,1.4533,1.3698,1.5,1.506,0.0,8.3966,3.8321
MED00093,2026-11-09,11,0.2758,0.1622,0.2596,0.25,0.2248,0.0,4.3667,2.3035
MED00094,2026-11-09,11,0.6169,0.3845,0.7793,0.75,0.5599,0.0,5.5687,2.7855
MED00095,2026-11-09,11,2.873,3.6498,3.4862,3.875,3.3482,0.0,12.892,5.3077
MED00096,2026-11-09,11,13.8231,9.9679,12.2149,13.75,11.8401,1.2075,28.9306,9.5046
MED00097,2026-11-09,11,0.4787,0.5309,0.0,0.0,0.3851,0.0,4.9622,2.5455
MED00098,2026-11-09,11,7.7969,8.237,8.5027,9.625,8.159,0.0,22.4752,7.9618
MED00099,2026-11-09,11,0.2423,0.2492,0.0,0.0,0.1868,0.0,4.2186,2.2423
MED00100,2026-11-09,11,0.1766,0.0869,0.131,0.125,0.1283,0.0,3.9848,2.1447
MED00101,2026-11-09,11,3.8734,4.6886,6.3319,7.25,4.8122,0.0,16.0253,6.2361
MED00102,2026-11-09,11,4.585,3.0909,3.3308,3.5,3.6631,0.0,13.5896,5.5205
MED00103,2026-11-09,11,2.7068,3.4626,0.9254,1.0,2.5935,0.0,11.1506,4.7589
MED00104,2026-11-09,11,7.1169,9.0168,7.5357,8.375,8.0176,0.0,22.2165,7.8965
MED00105,2026-11-09,11,11.0007,13.2457,9.2359,9.75,11.5208,1.0266,28.3887,9.3808
MED00106,2026-11-09,11,0.1431,0.1652,0.0,0.0,0.1178,0.0,3.9419,2.1267
MED00107,2026-11-09,11,7.5522,10.2015,7.5375,8.25,8.6609,0.0,23.3862,8.1893
MED00108,2026-11-09,11,2.7568,3.033,3.5894,3.875,3.0762,0.0,12.2766,5.1167
MED00109,2026-11-09,11,0.4242,0.6443,0.0,0.0,0.4137,0.0,5.0643,2.5864
MED00110,2026-11-09,11,0.4989,0.2512,0.0,0.0,0.2754,0.0,4.5594,2.3825
MED00111,2026-11-09,11,0.7198,0.6152,1.0367,1.0,0.7536,0.0,6.2009,3.0294
MED00112,2026-11-09,11,2.735,2.9601,3.4068,3.75,2.9942,0.0,12.0884,5.0576
MED00113,2026-11-09,11,1.9344,1.5204,1.7968,2.0,1.7304,0.0,8.9963,4.0408
MED00114,2026-11-09,11,12.9166,11.8516,17.6676,17.875,13.6352,2.2554,31.9265,10.1725
MED00115,2026-11-09,11,2.0229,2.1671,1.8148,2.0,2.0347,0.0,9.7803,4.3076
MED00116,2026-11-09,11,7.5035,8.585,9.2873,10.0,8.3937,0.0,22.9026,8.0689
MED00117,2026-11-09,11,1.7016,1.9236,0.8287,0.875,1.5846,0.0,8.609,3.9065
MED00118,2026-11-09,11,1.6789,0.9051,1.5758,1.75,1.333,0.0,7.9197,3.6631
MED00119,2026-11-09,11,1.947,1.9292,0.6851,0.75,1.6361,0.0,8.7468,3.9545
MED00120,2026-11-09,11,10.6649,12.7008,3.5813,3.5,9.8103,0.0914,25.432,8.6878
MED00121,2026-11-09,11,3.2253,4.8439,3.2351,3.375,3.9058,0.0,14.1178,5.6792
MED00122,2026-11-09,11,2.2717,2.2055,4.9436,5.625,2.8929,0.0,11.8545,4.9838
MED00123,2026-11-09,11,0.9803,0.6851,0.4848,0.5,0.7383,0.0,6.152,3.0108
MED00124,2026-11-09,11,7.287,8.8424,7.1324,8.0,7.9055,0.0,22.0106,7.8444
MED00125,2026-11-09,11,0.2935,0.164,0.393,0.375,0.2638,0.0,4.5159,2.3647
MED00126,2026-11-09,11,0.8795,1.0774,0.0,0.0,0.75,0.0,6.1895,3.0251
MED00127,2026-11-09,11,2.0538,1.692,0.9568,1.125,1.6395,0.0,8.7558,3.9576
MED00128,2026-11-09,11,2.0921,2.3084,0.9182,1.0,1.9003,0.0,9.4378,4.1919
MED00129,2026-11-09,11,1.8367,1.5743,0.3435,0.375,1.3678,0.0,8.0167,3.6977
MED00130,2026-11-09,11,0.1798,0.1808,0.0,0.0,0.1369,0.0,4.0195,2.1593
MED00131,2026-11-09,11,2.1178,2.4202,1.7484,2.375,2.1566,0.0,10.0863,4.41
MED00132,2026-11-09,11,0.6816,0.3968,0.0,0.0,0.3985,0.0,5.0103,2.5647
MED00133,2026-11-09,11,0.734,0.3023,0.7256,0.75,0.5527,0.0,5.5442,2.776
MED00134,2026-11-09,11,0.5542,0.3458,0.0,0.0,0.3337,0.0,4.776,2.4705
MED00135,2026-11-09,11,13.3825,14.3703,7.0644,6.875,12.2788,1.4588,29.6704,9.6721
MED00136,2026-11-09,11,1.6008,2.278,2.2816,2.5,2.0495,0.0,9.8178,4.3202
MED00137,2026-11-09,11,2.2065,2.2071,2.2356,2.0,2.216,0.0,10.2339,4.459
MED00138,2026-11-09,11,2.0418,2.3106,1.8474,2.0,2.1089,0.0,9.9671,4.3702
MED00139,2026-11-09,11,2.9005,5.1506,1.1579,1.25,3.42,0.0,13.0524,5.3569
MED00140,2026-11-09,11,1.8297,1.2879,0.7971,0.875,1.3557,0.0,7.9832,3.6858
MED00141,2026-11-09,11,4.2123,4.2681,4.4135,6.125,4.2885,0.0,14.9346,5.9207
MED00142,2026-11-09,11,0.4526,0.6113,0.378,0.375,0.5012,0.0,5.3692,2.7073
MED00143,2026-11-09,11,1.863,1.1551,1.5896,1.75,1.5035,0.0,8.3899,3.8298
MED00144,2026-11-09,11,5.484,7.8398,4.8691,5.375,6.3231,0.0,19.0312,7.0675
MED00145,2026-11-09,11,0.693,0.5971,1.1811,1.125,0.7718,0.0,6.2585,3.0513
MED00146,2026-11-09,11,1.7981,1.6018,2.0731,2.375,1.7846,0.0,9.1381,4.0896
MED00147,2026-11-09,11,1.8434,0.9028,1.5711,2.0,1.3871,0.0,8.0704,3.7168
MED00148,2026-11-09,11,5.805,3.3909,5.6653,7.375,4.7703,0.0,15.9393,6.2115
MED00149,2026-11-09,11,3.4951,4.3692,5.306,5.75,4.3014,0.0,14.9618,5.9287
MED00150,2026-11-09,11,1.6142,1.4871,1.4988,2.0,1.5349,0.0,8.475,3.8596
MED00151,2026-11-09,11,2.099,1.9883,1.3659,1.5,1.8776,0.0,9.3792,4.172
MED00152,2026-11-09,11,2.1488,2.0315,1.9544,2.125,2.055,0.0,9.8315,4.3248
MED00153,2026-11-09,11,2.1598,2.7164,0.7871,0.875,2.0619,0.0,9.8489,4.3306
MED00154,2026-11-09,11,15.1383,14.4488,17.5928,18.5,15.4599,3.3679,34.896,10.8091
MED00155,2026-11-09,11,1.9896,2.7723,2.3941,2.625,2.4159,0.0,10.7235,4.6202
MED00156,2026-11-09,11,2.3941,1.8654,3.8864,5.0,2.5372,0.0,11.0159,4.7153
MED00157,2026-11-09,11,4.2327,5.4274,5.3836,6.0,5.0137,0.0,16.4376,6.3533
MED00158,2026-11-09,11,0.2763,0.1899,0.1298,0.125,0.2051,0.0,4.2903,2.2719
MED00159,2026-11-09,11,10.99,10.6137,8.971,8.75,10.3555,0.3829,26.385,8.9146
MED00160,2026-11-09,11,3.3893,6.0998,3.6173,4.0,4.5781,0.0,15.5415,6.0972
MED00161,2026-11-09,11,5.6852,8.4503,5.6217,6.375,6.8285,0.0,19.999,7.3246
MED00162,2026-11-09,11,2.1065,3.0079,0.7967,0.875,2.1675,0.0,10.1134,4.419
MED00163,2026-11-09,11,0.3751,0.2561,0.262,0.25,0.2985,0.0,4.6459,2.4178
MED00164,2026-11-09,11,1.9536,1.7937,0.9171,1.25,1.638,0.0,8.7519,3.9563
MED00165,2026-11-09,11,7.4156,11.2513,13.1666,13.5,10.4143,0.4147,26.4871,8.9387
MED00166,2026-11-09,11,2.0688,2.8197,1.0287,1.125,2.1323,0.0,10.0257,4.3898
MED00167,2026-11-09,11,1.8611,1.2041,3.339,3.75,1.9466,0.0,9.5565,4.2321
MED00168,2026-11-09,11,1.8938,1.3959,1.4866,1.625,1.5895,0.0,8.6222,3.9111
MED00169,2026-11-09,11,1.8306,1.6356,1.2599,1.375,1.613,0.0,8.6849,3.933
MED00170,2026-11-09,11,1.7977,1.3999,1.8135,2.0,1.6374,0.0,8.7502,3.9557
MED00171,2026-11-09,11,2.1803,1.9375,1.9134,2.125,2.0166,0.0,9.7346,4.2923
MED00172,2026-11-09,11,1.8292,1.8073,2.8789,3.75,2.0759,0.0,9.8843,4.3425
MED00173,2026-11-09,11,2.2162,2.2632,2.6085,2.875,2.3329,0.0,10.5216,4.554
MED00174,2026-11-09,11,6.1879,6.6672,5.0331,5.375,6.1145,0.0,18.6269,6.9586
MED00175,2026-11-09,11,1.2799,1.1544,0.5386,0.5,1.0495,0.0,7.1055,3.368
MED00176,2026-11-09,11,12.9149,17.3548,11.5606,11.75,14.4515,2.7477,33.2636,10.4621
MED00177,2026-11-09,11,0.2761,0.4421,0.1297,0.125,0.3102,0.0,4.6893,2.4354
MED00178,2026-11-09,11,2.0613,1.0602,2.6423,2.75,1.7865,0.0,9.1432,4.0913
MED00179,2026-11-09,11,0.5667,0.2859,0.6445,0.625,0.469,0.0,5.258,2.6634
MED00180,2026-11-09,11,1.978,2.2454,0.2291,0.25,1.6682,0.0,8.8321,3.9841
MED00181,2026-11-09,11,2.9351,3.738,3.329,3.625,3.3682,0.0,12.9367,5.3214
MED00182,2026-11-09,11,0.2831,0.4555,0.0,0.0,0.2868,0.0,4.6021,2.3999
MED00183,2026-11-09,11,15.6461,28.9669,15.4879,15.0,21.1782,7.0855,43.8302,12.5976
MED00184,2026-11-09,11,7.5416,11.2764,4.8585,4.75,8.4572,0.0,23.0179,8.0977
MED00185,2026-11-09,11,1.9081,1.1047,2.7527,4.125,1.7794,0.0,9.1246,4.0849
MED00186,2026-11-09,11,1.8881,1.6468,1.6073,1.75,1.7214,0.0,8.9727,4.0327
MED00187,2026-11-09,11,2.648,2.7512,1.2809,1.625,2.3629,0.0,10.5946,4.578
MED00188,2026-11-09,11,3.008,4.1977,5.0987,5.625,4.0131,0.0,14.3485,5.7479
MED00189,2026-11-09,11,0.2184,0.1867,0.0,0.0,0.1525,0.0,4.0826,2.1856
MED00190,2026-11-09,11,2.1072,2.9868,2.8959,3.25,2.667,0.0,11.3249,4.815
MED00191,2026-11-09,11,10.9054,13.4648,12.4834,13.0,12.3654,1.5088,29.8159,9.7048
MED00192,2026-11-09,11,0.2376,0.1498,0.2623,0.25,0.2072,0.0,4.2985,2.2753
MED00193,2026-11-09,11,0.1408,0.1097,0.0,0.0,0.0939,0.0,3.8432,2.0851
MED00194,2026-11-09,11,6.5381,8.3606,11.4248,11.75,8.4872,0.0,23.0722,8.1113
MED00195,2026-11-09,11,5.9518,7.053,9.0679,9.375,7.1711,0.0,20.6458,7.4938
MED00196,2026-11-09,11,6.77,8.2146,5.3894,5.625,7.0451,0.0,20.4087,7.432
MED00197,2026-11-09,11,6.3287,6.9503,11.2537,11.625,7.7861,0.0,21.7906,7.7884
MED00198,2026-11-09,11,1.7587,1.2421,2.1737,2.375,1.6455,0.0,8.7716,3.9631
MED00199,2026-11-09,11,1.3718,1.4652,0.9744,1.375,1.3159,0.0,7.872,3.6461
MED00200,2026-11-09,11,1.8494,1.537,1.4872,1.625,1.6333,0.0,8.7392,3.9519
MED00201,2026-11-09,11,8.2286,6.8175,6.74,8.375,7.2881,0.0,20.8654,7.5508
MED00202,2026-11-09,11,1.813,1.7759,0.3382,0.375,1.4424,0.0,8.223,3.7709
MED00203,2026-11-09,11,2.1054,2.1828,2.3512,3.25,2.1993,0.0,10.1924,4.4453
MED00204,2026-11-09,11,2.0356,2.3043,0.6876,0.75,1.8235,0.0,9.2393,4.1242
MED00205,2026-11-09,11,11.2973,14.2217,9.2654,9.75,12.0363,1.3195,29.2621,9.5799
MED00206,2026-11-09,11,1.2144,1.0168,1.1529,1.5,1.1184,0.0,7.3075,3.442
MED00207,2026-11-09,11,1.9733,1.7835,2.5156,2.75,2.0274,0.0,9.7618,4.3014
MED00208,2026-11-09,11,10.9513,12.4564,10.6145,11.0,11.5084,1.0196,28.3675,9.376
MED00209,2026-11-09,11,2.6151,1.6281,4.9045,5.125,2.7602,0.0,11.5446,4.8854
MED00210,2026-11-09,11,1.394,0.8034,2.4126,2.25,1.3956,0.0,8.094,3.7252
MED00211,2026-11-09,11,2.18,1.9928,2.3807,2.625,2.1527,0.0,10.0765,4.4067
MED00212,2026-11-09,11,2.1098,2.0125,0.2132,0.25,1.6123,0.0,8.6833,3.9324
MED00213,2026-11-09,11,1.44,2.0448,0.0,0.0,1.3452,0.0,7.9538,3.6753
MED00214,2026-11-09,11,9.6661,10.5633,12.0858,13.875,10.6355,0.5351,26.8703,9.0288
MED00215,2026-11-09,11,2.2558,2.4858,2.0552,2.25,2.3054,0.0,10.4542,4.5319
MED00216,2026-11-09,11,0.1029,0.1026,0.0,0.0,0.078,0.0,3.7766,2.057
MED00217,2026-11-09,11,0.2697,0.1865,0.2619,0.25,0.2334,0.0,4.3998,2.3171
MED00218,2026-11-09,11,3.9537,5.6269,4.7509,5.375,4.8483,0.0,16.0996,6.2573
MED00219,2026-11-09,11,14.4663,9.8591,11.358,10.5,11.8074,1.1888,28.8751,9.492
MED00220,2026-11-09,11,2.1156,1.9259,2.6115,2.875,2.1586,0.0,10.0913,4.4117
MED00221,2026-11-09,11,2.9838,3.5875,1.6811,2.25,2.9232,0.0,11.9247,5.006
MED00222,2026-11-09,11,0.5194,0.5587,0.0,0.0,0.4106,0.0,5.0533,2.582
MED00223,2026-11-09,11,9.3358,12.3198,4.3158,4.25,9.3746,0.0,24.6628,8.5023
MED00224,2026-11-09,11,1.7822,1.4412,0.5729,0.625,1.3491,0.0,7.9649,3.6793
MED00225,2026-11-09,11,3.7846,4.1468,5.1616,5.875,4.2727,0.0,14.9013,5.9109
MED00226,2026-11-09,11,2.2452,1.7289,2.6356,3.625,2.1266,0.0,10.0115,4.3851
MED00227,2026-11-09,11,15.1145,13.8047,18.3802,20.25,15.3737,3.3144,34.7573,10.7799
MED00228,2026-11-09,11,1.7223,0.7778,2.5001,3.0,1.5184,0.0,8.4304,3.844
MED00229,2026-11-09,11,0.5105,0.774,0.0,0.0,0.4973,0.0,5.356,2.7021
MED00230,2026-11-09,11,12.7424,14.7149,10.6177,11.25,13.0635,1.9162,30.9811,9.9646
MED00231,2026-11-09,11,1.5717,0.5857,1.1396,1.25,1.0575,0.0,7.1293,3.3767
MED00232,2026-11-09,11,2.818,4.113,1.0526,1.125,2.9336,0.0,11.9487,5.0136
MED00233,2026-11-09,11,0.7118,0.3454,0.6049,0.625,0.5338,0.0,5.4806,2.7511
MED00234,2026-11-09,11,1.8673,1.185,1.9106,2.125,1.5951,0.0,8.6372,3.9164
MED00235,2026-11-09,11,65.1132,71.9838,61.0752,61.625,67.0662,42.1863,107.0568,22.2403
MED00236,2026-11-09,11,2.0779,2.6466,1.7517,1.875,2.2382,0.0,10.2887,4.4772
MED00237,2026-11-09,11,3.7634,4.1556,5.0289,6.625,4.237,0.0,14.8257,5.8888
MED00238,2026-11-09,11,1.9681,1.6968,1.4731,1.625,1.7371,0.0,9.0139,4.0469
MED00239,2026-11-09,11,3.3495,4.5328,4.1549,4.5,4.0412,0.0,14.4088,5.7658
MED00240,2026-11-09,11,3.8939,3.7063,4.458,6.125,3.9561,0.0,14.2261,5.7115
MED00241,2026-11-09,11,2.438,3.1133,2.1705,2.375,2.6573,0.0,11.3021,4.8077
MED00242,2026-11-09,11,8.4115,13.1026,8.4835,8.75,10.3935,0.4035,26.451,8.9302
MED00243,2026-11-09,11,0.1739,0.0771,0.1305,0.125,0.1232,0.0,3.964,2.136
MED00244,2026-11-09,11,2.0553,2.274,1.9235,2.125,2.1167,0.0,9.9866,4.3767
MED00245,2026-11-09,11,74.3675,62.2207,76.4555,79.25,69.8819,44.489,110.6974,22.699
MED00246,2026-11-09,11,4.8086,5.9299,6.099,6.75,5.5933,0.0,17.6026,6.6788
MED00247,2026-11-09,11,11.3487,14.1447,11.4237,12.375,12.5441,1.6124,30.1153,9.772
MED00248,2026-11-09,11,2.1035,1.6001,2.1018,2.5,1.8953,0.0,9.4249,4.1875
MED00249,2026-11-09,11,19.0703,24.6536,33.4641,34.25,24.9009,9.6461,49.4208,13.6364
MED00250,2026-11-09,11,9.9796,8.339,11.1133,16.125,9.5798,0.0,25.0259,8.5902
MED00251,2026-11-09,11,1.8417,1.3519,2.6016,2.875,1.8232,0.0,9.2386,4.124
MED00252,2026-11-09,11,0.3924,0.1476,0.7549,0.75,0.3784,0.0,4.9382,2.5359
MED00253,2026-11-09,11,3.4636,4.3827,3.6423,4.0,3.8936,0.0,14.0913,5.6713
MED00254,2026-11-09,11,0.3581,0.157,1.0063,1.0,0.4315,0.0,5.1269,2.6113
MED00255,2026-11-09,11,4.6399,6.4002,4.8058,6.625,5.4187,0.0,17.2548,6.5825
MED00256,2026-11-09,11,2.0901,1.9601,1.1077,1.25,1.8002,0.0,9.179,4.1036
MED00257,2026-11-09,11,4.123,4.4711,5.5068,7.5,4.6071,0.0,15.6018,6.1145
MED00258,2026-11-09,11,2.1484,2.4225,3.5195,3.875,2.5966,0.0,11.1579,4.7613
MED00259,2026-11-09,11,2.2285,2.0468,2.8278,3.125,2.3,0.0,10.4408,4.5274
MED00260,2026-11-09,11,0.4863,0.4396,1.1559,1.125,0.6293,0.0,5.7995,2.8753
MED00261,2026-11-09,11,0.7685,0.7246,0.1292,0.125,0.5963,0.0,5.6902,2.8329
MED00262,2026-11-09,11,2.9135,2.5477,3.7106,5.0,2.9568,0.0,12.0022,5.0305
MED00263,2026-11-09,11,2.806,3.5752,4.8785,5.375,3.6311,0.0,13.5196,5.4993
MED00264,2026-11-09,11,0.3548,0.1281,0.0,0.0,0.1748,0.0,4.1711,2.2225
MED00265,2026-11-09,11,5.7035,7.1398,9.3349,10.375,7.1869,0.0,20.6757,7.5016
MED00266,2026-11-09,11,13.7963,15.315,6.4364,6.25,12.6623,1.6811,30.3129,9.8161
MED00267,2026-11-09,11,4.1424,6.0468,3.5229,3.875,4.7907,0.0,15.9813,6.2235
MED00268,2026-11-09,11,2.0915,2.5672,3.3043,3.625,2.5854,0.0,11.1312,4.7526
MED00269,2026-11-09,11,2.1624,2.2138,1.9563,2.125,2.1361,0.0,10.0352,4.393
MED00270,2026-11-09,11,2.2756,2.0694,4.4173,4.875,2.7102,0.0,11.427,4.8478
MED00271,2026-11-09,11,1.6539,2.2575,3.2214,4.25,2.2866,0.0,10.408,4.5166
MED00272,2026-11-09,11,3.9317,4.0232,4.1634,4.875,4.0298,0.0,14.3845,5.7586
MED00273,2026-11-09,11,3.2285,2.9123,2.0861,2.625,2.8234,0.0,11.6927,4.9325
MED00274,2026-11-09,11,0.6405,0.2844,0.363,0.375,0.4255,0.0,5.1058,2.6029
MED00275,2026-11-09,11,11.2848,7.1305,11.9375,14.25,9.7217,0.0446,25.2761,8.6504
MED00276,2026-11-09,11,1.8917,1.8444,2.0612,2.25,1.9149,0.0,9.4753,4.2046
MED00277,2026-11-09,11,0.2182,0.1775,0.0,0.0,0.1486,0.0,4.0669,2.1791
MED00278,2026-11-09,11,7.5661,8.8736,9.8614,11.25,8.6744,0.0,23.4104,8.1953
MED00279,2026-11-09,11,18.6631,20.5459,22.8297,22.25,20.4752,6.6129,42.7568,12.3916
MED00280,2026-11-09,11,0.2492,0.1533,0.2608,0.25,0.2123,0.0,4.3183,2.2835
MED00281,2026-11-09,11,12.736,10.3816,13.0489,15.875,11.8427,1.2089,28.9349,9.5056
MED00282,2026-11-09,11,3.5424,2.5421,2.6934,3.25,2.9234,0.0,11.925,5.0061
MED00283,2026-11-09,11,2.2643,2.5877,3.1117,3.625,2.6065,0.0,11.1814,4.7688
MED00284,2026-11-09,11,1.4017,0.9206,0.457,0.625,0.9739,0.0,6.8802,3.2848
MED00285,2026-11-09,11,4.7071,5.4549,6.6106,7.375,5.4843,0.0,17.3857,6.6188
MED00286,2026-11-09,11,3.9575,3.643,5.5154,7.0,4.2073,0.0,14.7629,5.8703
MED00287,2026-11-09,11,3.0619,3.6053,3.2545,3.625,3.3382,0.0,12.8696,5.3008
MED00288,2026-11-09,11,37.8153,42.9447,35.1764,38.625,39.3535,20.2454,70.0668,17.0808
MED00289,2026-11-09,11,4.0342,3.9646,6.1766,8.75,4.5277,0.0,15.4365,6.0668
MED00290,2026-11-09,11,1.8329,1.1387,1.0078,1.125,1.3456,0.0,7.955,3.6757
MED00291,2026-11-09,11,10.8242,18.1539,2.8198,3.0,11.9544,1.2726,29.1238,9.5485
MED00292,2026-11-09,11,1.7748,1.2419,0.983,1.25,1.3628,0.0,8.0028,3.6928
MED00293,2026-11-09,11,3.9736,3.0381,7.7561,9.875,4.5028,0.0,15.3846,6.0518
MED00294,2026-11-09,11,1.2757,0.6768,0.7294,1.0,0.895,0.0,6.6413,3.1957
MED00295,2026-11-09,11,0.2934,0.1958,0.0,0.0,0.182,0.0,4.1998,2.2345
MED00296,2026-11-09,11,3.902,4.0118,4.0648,4.5,3.9911,0.0,14.3013,5.7339
MED00297,2026-11-09,11,5.6021,7.3061,6.0853,6.625,6.4352,0.0,19.2474,7.1253
MED00298,2026-11-09,11,2.1771,1.6792,3.5741,4.0,2.3097,0.0,10.4647,4.5353
MED00299,2026-11-09,11,0.4772,0.2837,0.2505,0.25,0.3421,0.0,4.8068,2.483
MED00300,2026-11-09,11,1.9307,1.8443,0.2267,0.25,1.4843,0.0,8.3374,3.8113
MED00301,2026-11-09,11,4.5689,6.6719,5.1813,5.625,5.5986,0.0,17.6132,6.6818
MED00302,2026-11-09,11,8.7823,8.5224,4.4433,4.375,7.6327,0.0,21.507,7.716
MED00303,2026-11-09,11,2.72,2.3307,2.8536,3.625,2.5927,0.0,11.1486,4.7582
MED00304,2026-11-09,11,3.6848,4.4555,3.3209,4.625,3.9218,0.0,14.1522,5.6895
MED00305,2026-11-09,11,1.8632,1.908,1.031,1.125,1.6823,0.0,8.8694,3.997
MED00306,2026-11-09,11,0.5163,0.2382,0.0,0.0,0.2759,0.0,4.5614,2.3833
MED00307,2026-11-09,11,24.7128,26.9833,35.5679,36.375,28.3112,12.0646,54.4253,14.523
MED00308,2026-11-09,11,0.689,0.6763,0.5161,0.5,0.6425,0.0,5.8428,2.8921
MED00309,2026-11-09,11,2.9782,3.6516,1.6803,2.25,2.9479,0.0,11.9817,5.024
MED00310,2026-11-09,11,3.3867,3.0525,2.5909,3.25,3.0581,0.0,12.2352,5.1037
MED00311,2026-11-09,11,3.3053,3.7133,3.2858,4.375,3.474,0.0,13.1727,5.3938
MED00312,2026-11-09,11,0.6907,0.1899,0.3603,0.375,0.4026,0.0,5.0248,2.5706
MED00313,2026-11-09,11,0.4745,0.2277,1.7832,1.75,0.6888,0.0,5.9933,2.95
MED00314,2026-11-09,11,10.5919,11.4692,8.917,8.75,10.563,0.4956,26.7449,8.9994
MED00315,2026-11-09,11,9.329,10.6105,10.0468,11.25,10.0464,0.2168,25.846,8.7867
MED00316,2026-11-09,11,2.6999,3.2898,2.3766,2.625,2.8703,0.0,11.802,4.9672
MED00317,2026-11-09,11,2.1703,2.359,2.607,2.875,2.3568,0.0,10.5799,4.5732
MED00318,2026-11-09,11,2.3745,1.6594,3.609,5.0,2.3774,0.0,10.63,4.5896
MED00319,2026-11-09,11,10.7171,12.7063,10.0735,11.0,11.4015,0.9595,28.1855,9.3342
MED00320,2026-11-09,11,6.31,6.5859,3.4659,3.75,5.7431,0.0,17.8991,6.7604
MED00321,2026-11-09,11,0.6565,0.8551,3.8203,3.75,1.5056,0.0,8.3955,3.8318
MED00322,2026-11-09,11,0.1794,0.1436,0.0,0.0,0.1213,0.0,3.956,2.1326
MED00323,2026-11-09,11,1.2016,0.4921,2.4084,2.5,1.199,0.0,7.5404,3.5267
MED00324,2026-11-09,11,1.4377,1.0098,1.4272,2.0,1.2582,0.0,7.7091,3.5876
MED00325,2026-11-09,11,6.4192,8.2965,5.0017,5.75,6.8654,0.0,20.069,7.343
MED00326,2026-11-09,11,8.8365,11.7096,7.8909,8.5,9.8146,0.0936,25.4396,8.6896
MED00327,2026-11-09,11,2.7867,4.2065,2.0862,2.25,3.212,0.0,12.5855,5.2129
MED00328,2026-11-09,11,3.9169,4.4756,5.117,5.625,4.4442,0.0,15.2621,6.0162
MED00329,2026-11-09,11,10.4876,12.4332,10.6496,11.625,11.3486,0.9298,28.0952,9.3134
MED00330,2026-11-09,11,3.9846,4.7425,5.4136,6.125,4.6504,0.0,15.6916,6.1404
MED00331,2026-11-09,11,1.8959,1.3242,2.1564,2.375,1.7224,0.0,8.9753,4.0336
MED00332,2026-11-09,11,2.8305,3.8157,2.6289,2.875,3.1954,0.0,12.5477,5.2012
MED00333,2026-11-09,11,2.8278,2.4713,5.4448,6.25,3.3153,0.0,12.8183,5.285
MED00334,2026-11-09,11,10.6095,12.8288,4.0836,4.375,9.9663,0.1741,25.7058,8.7533
MED00335,2026-11-09,11,5.7527,5.5716,7.4241,6.5,6.0874,0.0,18.5741,6.9444
MED00336,2026-11-09,11,8.9045,10.6222,10.0587,11.25,9.909,0.1436,25.6053,8.7293
MED00337,2026-11-09,11,57.3255,52.5348,59.1347,60.25,55.8229,33.1072,92.335,20.3057
MED00338,2026-11-09,11,9.9789,13.8324,1.2806,1.25,9.4908,0.0,24.8686,8.5522
MED00339,2026-11-09,11,1.7875,1.2683,0.2735,0.375,1.2064,0.0,7.5616,3.5344
MED00340,2026-11-09,11,1.8896,2.6221,0.2729,0.25,1.8057,0.0,9.1932,4.1084
MED00341,2026-11-09,11,4.8006,6.333,7.9384,8.375,6.2038,0.0,18.8003,7.0054
MED00342,2026-11-09,11,2.0305,1.916,1.2356,1.375,1.7924,0.0,9.1586,4.0966
MED00343,2026-11-09,11,9.8633,10.1994,10.5118,11.625,10.1703,0.2831,26.0624,8.8382
MED00344,2026-11-09,11,4.2903,4.8106,5.313,5.625,4.759,0.0,15.916,6.2048
MED00345,2026-11-09,11,0.1882,0.1005,0.0,0.0,0.1063,0.0,3.8945,2.1068
MED00346,2026-11-09,11,3.0526,3.6287,1.8572,2.0,3.0066,0.0,12.117,5.0666
MED00347,2026-11-09,11,0.1986,0.1755,0.0,0.0,0.1411,0.0,4.0365,2.1664
MED00348,2026-11-09,11,1.8018,1.3681,1.2594,1.375,1.4915,0.0,8.3572,3.8183
MED00349,2026-11-09,11,2.2577,2.0969,1.8301,2.0,2.0894,0.0,9.9183,4.3539
MED00350,2026-11-09,11,1.1684,1.9363,2.5497,2.5,1.8241,0.0,9.2409,4.1248
MED00351,2026-11-09,11,0.5114,0.65,0.0,0.0,0.446,0.0,5.1778,2.6316
MED00352,2026-11-09,11,0.2584,0.3399,0.0,0.0,0.2301,0.0,4.3872,2.3119
MED00353,2026-11-09,11,0.9201,0.5021,0.0,0.0,0.5241,0.0,5.4473,2.738
MED00354,2026-11-09,11,0.9868,1.1766,1.2753,1.25,1.1367,0.0,7.3609,3.4615
MED00355,2026-11-09,11,8.839,9.856,8.9374,11.5,9.2957,0.0,24.5226,8.4683
MED00356,2026-11-09,11,1.9632,2.0816,1.722,1.875,1.9562,0.0,9.5809,4.2404
MED00357,2026-11-09,11,0.2363,0.1031,0.2616,0.25,0.1871,0.0,4.2199,2.2428
MED00358,2026-11-09,11,4.9596,5.0458,2.7306,3.375,4.4611,0.0,15.2974,6.0265
MED00359,2026-11-09,11,2.0952,2.2534,1.3851,1.5,1.9914,0.0,9.6707,4.2707
MED00360,2026-11-09,11,2.7668,1.9242,3.042,3.875,2.4848,0.0,10.8901,4.6745
MED00361,2026-11-09,11,2.2078,2.1947,4.3409,4.875,2.7208,0.0,11.4519,4.8557
MED00362,2026-11-09,11,2.3583,2.0574,4.2164,4.875,2.6848,0.0,11.3672,4.8286
MED00363,2026-11-09,11,1.7641,1.4631,2.2674,2.5,1.7621,0.0,9.0795,4.0695
MED00364,2026-11-09,11,0.1791,0.1923,0.0,0.0,0.1414,0.0,4.0379,2.167
MED00365,2026-11-09,11,2.1639,2.3923,1.8896,2.125,2.1949,0.0,10.1816,4.4417
MED00366,2026-11-09,11,9.252,9.8733,10.215,11.25,9.7534,0.0613,25.3319,8.6638
MED00367,2026-11-09,11,2.1039,2.6701,1.4787,1.625,2.1908,0.0,10.1714,4.4383
MED00368,2026-11-09,11,2.686,3.4636,4.5478,5.0,3.4635,0.0,13.1492,5.3866
MED00369,2026-11-09,11,3.4769,3.8137,3.5402,5.0,3.6362,0.0,13.5306,5.5027
MED00370,2026-11-09,11,0.496,0.2199,0.0,0.0,0.2613,0.0,4.5064,2.3608
MED00371,2026-11-09,11,15.5353,13.9896,14.2829,14.0,14.6032,2.8402,33.5105,10.515
MED00372,2026-11-09,11,0.2166,0.1046,0.1308,0.125,0.1494,0.0,4.0698,2.1803
MED00373,2026-11-09,11,0.7014,0.5261,0.9135,0.875,0.6803,0.0,5.9659,2.9395
MED00374,2026-11-09,11,1.7614,1.214,2.142,2.75,1.627,0.0,8.7224,3.946
MED00375,2026-11-09,11,15.0329,16.4253,13.7716,13.5,15.3233,3.2832,34.6761,10.7628
MED00376,2026-11-09,11,2.0728,2.054,1.8233,2.0,2.0067,0.0,9.7094,4.2838
MED00377,2026-11-09,11,0.5604,0.6249,0.8908,0.875,0.6678,0.0,5.9254,2.9239
MED00378,2026-11-09,11,2.125,2.6308,1.934,2.125,2.2918,0.0,10.4209,4.5209
MED00379,2026-11-09,11,0.6349,0.8567,2.5475,2.5,1.1909,0.0,7.5172,3.5183
MED00380,2026-11-09,11,0.5501,0.4031,0.0,0.0,0.3562,0.0,4.8581,2.5036
MED00381,2026-11-09,11,1.5095,2.4524,1.2757,1.25,1.8476,0.0,9.3019,4.1456
MED00382,2026-11-09,11,2.3038,1.414,2.9536,3.75,2.0923,0.0,9.9254,4.3563
MED00383,2026-11-09,11,6.2527,8.724,5.4484,5.75,7.0948,0.0,20.5025,7.4565
MED00384,2026-11-09,11,2.0494,1.9703,1.9224,2.125,1.9877,0.0,9.6612,4.2675
MED00385,2026-11-09,11,18.2359,21.1979,17.5925,20.25,19.3336,5.8538,41.0004,12.0497
MED00386,2026-11-09,11,13.8817,14.1257,12.523,14.125,13.6685,2.2753,31.9814,10.1845
MED00387,2026-11-09,11,18.1181,21.696,21.0174,22.5,20.3299,6.5156,42.5341,12.3486
MED00388,2026-11-09,11,120.184,119.9557,93.4589,84.125,113.7415,81.39,165.7418,28.9193
MED00389,2026-11-09,11,8.275,9.2692,8.5625,11.25,8.7674,0.0,23.578,8.2367
MED00390,2026-11-09,11,16.6375,20.7255,22.8894,34.25,19.8718,6.2103,41.8306,12.2121
MED00391,2026-11-09,11,16.099,15.7281,19.9352,24.875,16.8888,4.2671,37.1762,11.2826
MED00392,2026-11-09,11,16.2583,18.111,18.6934,22.625,17.6364,4.7462,38.3555,11.5226
MED00393,2026-11-09,11,10.7338,11.6085,8.6203,10.125,10.5978,0.5145,26.8052,9.0135
MED00394,2026-11-09,11,13.1002,11.6983,13.6301,16.25,12.6569,1.678,30.3039,9.8142
MED00395,2026-11-09,11,16.1181,16.5642,16.2866,18.375,16.361,3.9323,36.3383,11.1101
MED00396,2026-11-09,11,51.4796,54.3011,47.0451,46.75,51.6345,29.7798,86.7627,19.5361
MED00397,2026-11-09,11,41.0638,47.5566,48.2079,48.125,45.5412,25.0033,78.5529,18.359
MED00398,2026-11-09,11,125.0769,110.1392,123.4171,128.0,118.5713,85.543,171.6594,29.5243
MED00399,2026-11-09,11,134.27,115.3553,115.1618,115.75,121.8927,88.4068,175.7161,29.9332
MED00400,2026-11-09,11,75.2779,70.3566,72.8281,69.875,72.7081,46.8103,114.335,23.1502
MED00401,2026-11-09,11,13.2617,11.7558,12.9569,20.875,12.5733,1.6293,30.1641,9.7829
MED00402,2026-11-09,11,17.7432,15.3091,19.4974,29.875,17.1705,4.4469,37.6216,11.3736
MED00403,2026-11-09,11,10.938,16.5692,9.1479,9.125,12.8639,1.799,30.6492,9.8911
MED00404,2026-11-09,11,4.3739,6.264,5.7516,6.125,5.4999,0.0,17.4168,6.6274
MED00405,2026-11-09,11,7.0171,8.1872,6.6962,7.375,7.4344,0.0,21.1385,7.6214
MED00406,2026-11-09,11,19.1798,23.3412,23.8422,26.75,22.0626,7.6853,45.172,12.852
MED00407,2026-11-09,11,17.3348,16.4571,20.2826,30.5,17.6995,4.7869,38.4545,11.5426
MED00408,2026-11-09,11,6.1881,6.0429,7.1438,11.25,6.365,0.0,19.1122,7.0892
MED00409,2026-11-09,11,9.2634,11.0205,7.7089,10.875,9.6292,0.0,25.1131,8.6112
MED00410,2026-11-09,11,7.382,9.2442,9.5502,14.0,8.6906,0.0,23.4398,8.2025
MED00411,2026-11-09,11,17.1446,16.4284,20.1734,26.125,17.5961,4.7202,38.292,11.5098
MED00412,2026-11-09,11,11.5802,7.3763,11.4134,14.0,9.7984,0.0851,25.4111,8.6828
MED00413,2026-11-09,11,12.2853,10.0712,10.063,12.875,10.8365,0.6454,27.2172,9.1099
MED00414,2026-11-09,11,16.9726,14.6809,18.575,24.125,16.4217,3.9707,36.4349,11.1301
MED00415,2026-11-09,11,12.2004,8.917,12.2011,15.75,10.8436,0.6493,27.2295,9.1128
MED00416,2026-11-09,11,16.0936,14.4892,17.6828,23.75,15.8252,3.5956,35.4825,10.9321
MED00417,2026-11-09,11,7.004,6.0692,6.2459,7.5,6.4377,0.0,19.2523,7.1266
MED00418,2026-11-09,11,6.659,5.6834,7.9005,9.375,6.5593,0.0,19.4856,7.1888
MED00419,2026-11-09,11,8.1516,7.3082,8.4232,10.125,7.8738,0.0,21.9523,7.8296
MED00420,2026-11-09,11,17.4279,17.0205,19.6196,30.625,17.8058,4.8556,38.6214,11.5763
MED00421,2026-11-09,11,18.6047,14.7297,23.1152,34.125,18.099,5.0455,39.0806,11.6686
MED00422,2026-11-09,11,16.308,14.1178,18.3205,23.375,15.898,3.6412,35.599,10.9565
MED00423,2026-11-09,11,11.4661,10.5229,9.9418,11.25,10.7154,0.5788,27.0084,9.0611
MED00424,2026-11-09,11,95.7483,82.0209,109.4673,118.875,93.4397,64.1032,140.5937,26.2241
MED00001,2026-11-16,12,12.222,8.5876,12.1922,15.125,10.7115,0.5767,27.0016,9.0596
MED00002,2026-11-16,12,0.1426,0.1001,0.1307,0.125,0.1221,0.0,3.9595,2.1341
MED00003,2026-11-16,12,0.3208,0.4976,0.0,0.0,0.3172,0.0,4.7153,2.4459
MED00004,2026-11-16,12,0.9214,0.655,1.7801,1.75,1.019,0.0,7.0153,3.3347
MED00005,2026-11-16,12,2.1015,3.416,1.9073,1.875,2.6047,0.0,11.1772,4.7675
MED00006,2026-11-16,12,1.6193,1.063,0.2267,0.25,1.052,0.0,7.1128,3.3707
MED00007,2026-11-16,12,2.9835,3.6612,2.4957,2.75,3.1511,0.0,12.4472,5.1699
MED00008,2026-11-16,12,0.7085,0.4736,1.4166,1.375,0.7826,0.0,6.2924,3.0642
MED00009,2026-11-16,12,3.2819,3.648,3.2668,3.875,3.4342,0.0,13.0841,5.3667
MED00010,2026-11-16,12,4.1083,3.5824,4.5238,4.125,3.9937,0.0,14.3069,5.7356
MED00011,2026-11-16,12,18.4473,21.8114,24.6201,24.875,21.3624,7.2099,44.1104,12.651
MED00012,2026-11-16,12,2.0254,2.7866,0.3439,0.375,1.9379,0.0,9.5342,4.2246
MED00013,2026-11-16,12,3.4689,4.0835,5.9014,6.375,4.3173,0.0,14.9955,5.9385
MED00014,2026-11-16,12,16.2856,14.0982,24.3991,28.0,17.3532,4.5641,37.9098,11.4323
MED00015,2026-11-16,12,0.5483,0.3189,0.9102,0.875,0.5408,0.0,5.5041,2.7603
MED00016,2026-11-16,12,2.1339,1.6924,4.2467,4.75,2.4632,0.0,10.838,4.6575
MED00017,2026-11-16,12,1.8865,1.7889,2.1668,2.375,1.9155,0.0,9.4768,4.2051
MED00018,2026-11-16,12,82.821,65.7901,84.6293,87.75,76.2396,49.7245,118.8586,23.702
MED00019,2026-11-16,12,43.6846,37.817,46.8353,49.375,42.044,22.3015,73.7771,17.648
MED00020,2026-11-16,12,10.1836,12.2395,14.8413,14.875,12.1783,1.4009,29.5013,9.634
MED00021,2026-11-16,12,3.6431,3.7091,3.3114,4.5,3.594,0.0,13.4379,5.4746
MED00022,2026-11-16,12,2.2742,1.372,2.4498,3.375,1.9427,0.0,9.5466,4.2288
MED00023,2026-11-16,12,1.3769,1.0083,0.1912,0.25,0.9376,0.0,6.7709,3.2441
MED00024,2026-11-16,12,2.7041,3.0292,2.1101,2.875,2.6986,0.0,11.3997,4.839
MED00025,2026-11-16,12,0.1198,0.1033,0.0,0.0,0.084,0.0,3.8021,2.0677
MED00026,2026-11-16,12,0.3512,0.2989,0.1298,0.125,0.2762,0.0,4.5623,2.3837
MED00027,2026-11-16,12,0.2348,0.1213,0.0,0.0,0.1309,0.0,3.9951,2.149
MED00028,2026-11-16,12,0.5187,0.5658,0.52,0.5,0.5392,0.0,5.4988,2.7582
MED00029,2026-11-16,12,10.3026,11.4042,13.6045,17.375,11.5713,1.0551,28.4746,9.4006
MED00030,2026-11-16,12,3.4914,3.4102,4.174,5.5,3.6262,0.0,13.5088,5.4961
MED00031,2026-11-16,12,3.1006,3.4051,2.6124,3.25,3.1125,0.0,12.3595,5.1426
MED00032,2026-11-16,12,2.1908,1.5456,2.1166,2.75,1.906,0.0,9.4524,4.1968
MED00033,2026-11-16,12,1.0616,1.7096,1.911,1.875,1.5384,0.0,8.4845,3.863
MED00034,2026-11-16,12,20.4481,21.4175,25.5643,25.0,22.1109,7.7182,45.245,12.8657
MED00035,2026-11-16,12,0.533,0.1985,0.4039,0.375,0.3628,0.0,4.8819,2.5132
MED00036,2026-11-16,12,1.6597,1.2864,2.2892,2.25,1.658,0.0,8.805,3.9747
MED00037,2026-11-16,12,3.9204,3.1243,5.2047,5.5,3.9032,0.0,14.112,5.6775
MED00038,2026-11-16,12,12.262,10.9467,13.9639,20.0,12.1376,1.3775,29.4329,9.6185
MED00039,2026-11-16,12,1.1034,1.2056,1.2329,1.25,1.1785,0.0,7.4815,3.5054
MED00040,2026-11-16,12,0.5579,0.4558,1.003,1.0,0.6236,0.0,5.7806,2.868
MED00041,2026-11-16,12,0.7045,0.423,0.1209,0.125,0.4466,0.0,5.1801,2.6325
MED00042,2026-11-16,12,3.3424,3.295,2.0264,2.0,3.0075,0.0,12.1191,5.0673
MED00043,2026-11-16,12,0.5015,0.3892,0.5223,0.5,0.4602,0.0,5.2276,2.6513
MED00044,2026-11-16,12,1.9428,1.7936,0.9143,1.25,1.6337,0.0,8.7402,3.9522
MED00045,2026-11-16,12,1.7215,1.6431,0.1143,0.125,1.3016,0.0,7.8317,3.6316
MED00046,2026-11-16,12,2.2228,2.3373,0.8288,1.125,1.9354,0.0,9.5279,4.2224
MED00047,2026-11-16,12,4.6796,6.2578,6.5533,7.375,5.7958,0.0,18.0032,6.7889
MED00048,2026-11-16,12,12.5469,14.9883,14.6863,17.75,14.0952,2.5317,32.6818,10.3367
MED00049,2026-11-16,12,0.1762,0.1102,0.0,0.0,0.1062,0.0,3.8943,2.1067
MED00050,2026-11-16,12,2.5632,3.3615,2.4536,2.625,2.8722,0.0,11.8062,4.9685
MED00051,2026-11-16,12,0.1866,0.107,0.0,0.0,0.1084,0.0,3.9033,2.1105
MED00052,2026-11-16,12,0.5154,0.4936,0.5259,0.5,0.5094,0.0,5.3974,2.7184
MED00053,2026-11-16,12,5.2176,6.411,6.8255,10.0,6.1096,0.0,18.6174,6.956
MED00054,2026-11-16,12,4.9859,7.1912,8.4123,11.75,6.7397,0.0,19.8301,7.2801
MED00055,2026-11-16,12,1.033,0.8099,1.3466,1.25,1.0169,0.0,7.009,3.3324
MED00056,2026-11-16,12,0.7127,0.378,1.0035,1.0,0.6442,0.0,5.8483,2.8942
MED00057,2026-11-16,12,0.5023,0.3237,0.1257,0.125,0.3372,0.0,4.7887,2.4756
MED00058,2026-11-16,12,1.6753,1.1866,0.1138,0.125,1.0953,0.0,7.2402,3.4174
MED00059,2026-11-16,12,7.4781,6.7951,9.2686,11.75,7.6341,0.0,21.5095,7.7167
MED00060,2026-11-16,12,5.7366,3.9981,6.0781,7.625,5.1,0.0,16.6131,6.4028
MED00061,2026-11-16,12,0.6927,0.7607,0.7931,0.75,0.7461,0.0,6.1769,3.0203
MED00062,2026-11-16,12,11.5425,8.6193,12.153,15.875,10.4828,0.4519,26.606,8.9667
MED00063,2026-11-16,12,0.1381,0.1124,0.0,0.0,0.0941,0.0,3.8441,2.0855
MED00064,2026-11-16,12,22.9842,26.2281,22.7494,25.375,24.3031,9.2288,48.5327,13.475
MED00065,2026-11-16,12,59.0102,57.369,48.0841,51.5,55.7407,33.0416,92.2261,20.2909
MED00066,2026-11-16,12,0.4751,0.3333,0.5161,0.5,0.4264,0.0,5.109,2.6042
MED00067,2026-11-16,12,2.1534,2.8055,3.559,3.875,2.7677,0.0,11.5622,4.891
MED00068,2026-11-16,12,3.075,2.6716,4.4729,6.25,3.2481,0.0,12.6671,5.2382
MED00069,2026-11-16,12,1.6887,1.406,0.9103,1.25,1.3841,0.0,8.0622,3.7139
MED00070,2026-11-16,12,10.6031,12.1345,11.7678,15.625,11.5342,1.0341,28.4114,9.3861
MED00071,2026-11-16,12,2.0364,1.9809,1.5361,2.125,1.8942,0.0,9.4222,4.1866
MED00072,2026-11-16,12,2.0882,1.4648,2.2683,3.125,1.8739,0.0,9.3699,4.1688
MED00073,2026-11-16,12,2.9382,2.871,4.569,6.25,3.3077,0.0,12.8013,5.2797
MED00074,2026-11-16,12,2.7044,2.3901,3.6837,5.125,2.813,0.0,11.6684,4.9248
MED00075,2026-11-16,12,2.9429,2.3512,3.1867,4.875,2.7581,0.0,11.5398,4.8838
MED00076,2026-11-16,12,0.2515,0.0839,0.262,0.25,0.1844,0.0,4.2091,2.2383
MED00077,2026-11-16,12,3.8416,3.0203,4.7496,7.25,3.7227,0.0,13.7201,5.5599
MED00078,2026-11-16,12,2.8502,4.2645,2.4571,3.125,3.3477,0.0,12.8909,5.3073
MED00079,2026-11-16,12,19.4566,31.1609,16.2199,18.0,23.5735,8.7226,47.4441,13.2753
MED00080,2026-11-16,12,3.1412,2.1674,4.4073,6.125,3.0447,0.0,12.2044,5.0941
MED00081,2026-11-16,12,0.4172,0.3902,0.262,0.25,0.3688,0.0,4.9035,2.5219
MED00082,2026-11-16,12,2.7349,3.6875,2.0341,2.75,2.9652,0.0,12.0218,5.0367
MED00083,2026-11-16,12,3.1522,2.7089,3.1457,4.375,2.9689,0.0,12.0303,5.0393
MED00084,2026-11-16,12,40.7569,42.6529,43.6089,39.875,42.2785,22.4816,74.0989,17.6965
MED00085,2026-11-16,12,2.0722,1.7788,2.9447,3.25,2.1631,0.0,10.1024,4.4154
MED00086,2026-11-16,12,0.4067,0.2878,0.0,0.0,0.2591,0.0,4.4979,2.3573
MED00087,2026-11-16,12,1.7789,1.6065,1.8251,2.0,1.72,0.0,8.9688,4.0313
MED00088,2026-11-16,12,28.2424,27.9848,30.8554,28.0,28.7956,12.4129,55.1282,14.6446
MED00089,2026-11-16,12,15.4815,18.6833,8.3569,8.0,15.108,3.15,34.3286,10.6893
MED00090,2026-11-16,12,2.4302,3.5714,3.691,4.875,3.2136,0.0,12.5891,5.214
MED00091,2026-11-16,12,2.0414,1.9804,1.7807,2.5,1.9549,0.0,9.5777,4.2393
MED00092,2026-11-16,12,1.6651,1.4553,1.3698,1.5,1.5078,0.0,8.4015,3.8338
MED00093,2026-11-16,12,0.2953,0.1617,0.2596,0.25,0.2312,0.0,4.3914,2.3137
MED00094,2026-11-16,12,0.6586,0.3842,0.7793,0.75,0.574,0.0,5.616,2.804
MED00095,2026-11-16,12,2.8463,3.6796,3.4862,3.875,3.3515,0.0,12.8994,5.3099
MED00096,2026-11-16,12,14.6851,9.9415,12.2149,13.75,12.1239,1.3697,29.4098,9.6133
MED00097,2026-11-16,12,0.5024,0.5298,0.0,0.0,0.3928,0.0,4.9896,2.5565
MED00098,2026-11-16,12,7.7768,8.312,8.5027,9.625,8.1834,0.0,22.5198,7.973
MED00099,2026-11-16,12,0.2515,0.2462,0.0,0.0,0.1887,0.0,4.226,2.2453
MED00100,2026-11-16,12,0.1826,0.0857,0.131,0.125,0.1299,0.0,3.9911,2.1474
MED00101,2026-11-16,12,3.7773,4.7577,6.3319,7.25,4.8081,0.0,16.017,6.2337
MED00102,2026-11-16,12,4.7322,3.0429,3.3308,3.5,3.6934,0.0,13.6561,5.5406
MED00103,2026-11-16,12,2.692,3.4944,0.9254,1.0,2.6018,0.0,11.1702,4.7652
MED00104,2026-11-16,12,7.0913,9.1151,7.5357,8.375,8.0499,0.0,22.2755,7.9114
MED00105,2026-11-16,12,10.961,13.3414,9.2359,9.75,11.5471,1.0414,28.4334,9.3911
MED00106,2026-11-16,12,0.1445,0.1648,0.0,0.0,0.1181,0.0,3.9432,2.1273
MED00107,2026-11-16,12,7.525,10.3286,7.5375,8.25,8.7046,0.0,23.465,8.2088
MED00108,2026-11-16,12,2.7262,3.0454,3.5894,3.875,3.0709,0.0,12.2645,5.1129
MED00109,2026-11-16,12,0.4346,0.6398,0.0,0.0,0.4154,0.0,5.0703,2.5888
MED00110,2026-11-16,12,0.5299,0.2502,0.0,0.0,0.2855,0.0,4.5975,2.3981
MED00111,2026-11-16,12,0.7385,0.6142,1.0367,1.0,0.7596,0.0,6.2198,3.0366
MED00112,2026-11-16,12,2.7173,2.9797,3.4068,3.75,2.9963,0.0,12.0933,5.0592
MED00113,2026-11-16,12,1.9314,1.5277,1.7968,2.0,1.7324,0.0,9.0015,4.0426
MED00114,2026-11-16,12,13.0349,11.9388,17.6676,17.875,13.712,2.3013,32.0529,10.2001
MED00115,2026-11-16,12,2.0218,2.1688,1.8148,2.0,2.035,0.0,9.7812,4.3079
MED00116,2026-11-16,12,7.5234,8.5762,9.2873,10.0,8.3968,0.0,22.9083,8.0704
MED00117,2026-11-16,12,1.7629,1.9058,0.8287,0.875,1.5982,0.0,8.6454,3.9192
MED00118,2026-11-16,12,1.689,0.9234,1.5758,1.75,1.3441,0.0,7.9507,3.6742
MED00119,2026-11-16,12,1.944,1.954,0.6851,0.75,1.6454,0.0,8.7715,3.9631
MED00120,2026-11-16,12,10.7028,12.6567,3.5813,3.5,9.8049,0.0885,25.4225,8.6855
MED00121,2026-11-16,12,3.1127,4.8947,3.2351,3.375,3.8885,0.0,14.0803,5.6681
MED00122,2026-11-16,12,2.2681,2.2316,4.9436,5.625,2.9026,0.0,11.8769,4.9909
MED00123,2026-11-16,12,0.9696,0.6717,0.4848,0.5,0.729,0.0,6.1226,2.9995
MED00124,2026-11-16,12,7.2608,8.913,7.1324,8.0,7.926,0.0,22.0482,7.8539
MED00125,2026-11-16,12,0.3013,0.1641,0.393,0.375,0.2666,0.0,4.5262,2.369
MED00126,2026-11-16,12,0.8968,1.0693,0.0,0.0,0.7526,0.0,6.1976,3.0282
MED00127,2026-11-16,12,2.0606,1.6891,0.9568,1.125,1.6406,0.0,8.7587,3.9586
MED00128,2026-11-16,12,2.0888,2.3164,0.9182,1.0,1.9025,0.0,9.4434,4.1938
MED00129,2026-11-16,12,1.8217,1.5759,0.3435,0.375,1.3633,0.0,8.0042,3.6933
MED00130,2026-11-16,12,0.181,0.1815,0.0,0.0,0.1376,0.0,4.0224,2.1605
MED00131,2026-11-16,12,2.1143,2.4646,1.7484,2.375,2.174,0.0,10.1295,4.4244
MED00132,2026-11-16,12,0.7376,0.3936,0.0,0.0,0.4164,0.0,5.0736,2.5901
MED00133,2026-11-16,12,0.7588,0.2958,0.7256,0.75,0.5584,0.0,5.5637,2.7836
MED00134,2026-11-16,12,0.5861,0.3436,0.0,0.0,0.3437,0.0,4.8126,2.4853
MED00135,2026-11-16,12,13.5067,14.445,7.0644,6.875,12.3525,1.5013,29.7941,9.6999
MED00136,2026-11-16,12,1.5932,2.2643,2.2816,2.5,2.0412,0.0,9.7968,4.3132
MED00137,2026-11-16,12,2.2022,2.223,2.2356,2.0,2.2212,0.0,10.2467,4.4633
MED00138,2026-11-16,12,2.0386,2.3124,1.8474,2.0,2.1085,0.0,9.9662,4.3699
MED00139,2026-11-16,12,2.8706,5.1563,1.1579,1.25,3.4121,0.0,13.0349,5.3516
MED00140,2026-11-16,12,1.8329,1.3064,0.7971,0.875,1.3645,0.0,8.0076,3.6945
MED00141,2026-11-16,12,4.1844,4.307,4.4135,6.125,4.2951,0.0,14.9487,5.9248
MED00142,2026-11-16,12,0.4742,0.6142,0.378,0.375,0.5098,0.0,5.3987,2.7189
MED00143,2026-11-16,12,1.8662,1.1627,1.5896,1.75,1.5078,0.0,8.4014,3.8338
MED00144,2026-11-16,12,5.4316,7.8283,4.8691,5.375,6.3003,0.0,18.9873,7.0557
MED00145,2026-11-16,12,0.7059,0.5905,1.1811,1.125,0.7735,0.0,6.2637,3.0533
MED00146,2026-11-16,12,1.8371,1.5812,2.0731,2.375,1.7893,0.0,9.1505,4.0938
MED00147,2026-11-16,12,1.8448,0.9024,1.5711,2.0,1.3874,0.0,8.0712,3.7171
MED00148,2026-11-16,12,5.7603,3.4003,5.6653,7.375,4.7589,0.0,15.9158,6.2047
MED00149,2026-11-16,12,3.4582,4.381,5.306,5.75,4.2936,0.0,14.9455,5.9239
MED00150,2026-11-16,12,1.6149,1.4929,1.4988,2.0,1.5376,0.0,8.4822,3.8622
MED00151,2026-11-16,12,2.0957,1.9971,1.3659,1.5,1.8801,0.0,9.3857,4.1742
MED00152,2026-11-16,12,2.1454,2.0392,1.9544,2.125,2.057,0.0,9.8367,4.3266
MED00153,2026-11-16,12,2.1586,2.7107,0.7871,0.875,2.0591,0.0,9.8419,4.3283
MED00154,2026-11-16,12,15.1218,14.4005,17.5928,18.5,15.4341,3.3519,34.8545,10.8004
MED00155,2026-11-16,12,1.9864,2.7902,2.3941,2.625,2.4222,0.0,10.7389,4.6252
MED00156,2026-11-16,12,2.407,1.8479,3.8864,5.0,2.5343,0.0,11.0089,4.7131
MED00157,2026-11-16,12,4.1933,5.4259,5.3836,6.0,4.9995,0.0,16.4088,6.3451
MED00158,2026-11-16,12,0.2876,0.1877,0.1298,0.125,0.208,0.0,4.3018,2.2767
MED00159,2026-11-16,12,11.0459,10.6546,8.971,8.75,10.3916,0.4025,26.4477,8.9294
MED00160,2026-11-16,12,3.3534,6.1229,3.6173,4.0,4.5755,0.0,15.5361,6.0956
MED00161,2026-11-16,12,5.6309,8.5213,5.6217,6.375,6.8396,0.0,20.02,7.3301
MED00162,2026-11-16,12,2.1053,3.0207,0.7967,0.875,2.1724,0.0,10.1258,4.4231
MED00163,2026-11-16,12,0.3758,0.2555,0.262,0.25,0.2985,0.0,4.6458,2.4177
MED00164,2026-11-16,12,1.9492,1.8406,0.9171,1.25,1.6561,0.0,8.7998,3.9729
MED00165,2026-11-16,12,7.3791,11.3545,13.1666,13.5,10.4448,0.4313,26.5401,8.9512
MED00166,2026-11-16,12,2.0677,2.8394,1.0287,1.125,2.1401,0.0,10.0452,4.3963
MED00167,2026-11-16,12,1.8605,1.22,3.339,3.75,1.9531,0.0,9.573,4.2377
MED00168,2026-11-16,12,1.8928,1.4067,1.4866,1.625,1.5937,0.0,8.6333,3.915
MED00169,2026-11-16,12,1.8337,1.6544,1.2599,1.375,1.6219,0.0,8.7088,3.9413
MED00170,2026-11-16,12,1.8008,1.3968,1.8135,2.0,1.6372,0.0,8.7496,3.9555
MED00171,2026-11-16,12,2.1768,1.9592,1.9134,2.125,2.0245,0.0,9.7545,4.299
MED00172,2026-11-16,12,1.8282,1.8145,2.8789,3.75,2.0786,0.0,9.891,4.3448
MED00173,2026-11-16,12,2.2149,2.2603,2.6085,2.875,2.3313,0.0,10.5177,4.5527
MED00174,2026-11-16,12,6.1852,6.7026,5.0331,5.375,6.1284,0.0,18.6539,6.9659
MED00175,2026-11-16,12,1.2866,1.1596,0.5386,0.5,1.0539,0.0,7.1186,3.3728
MED00176,2026-11-16,12,14.6663,17.441,11.5606,11.75,15.0864,3.1368,34.2938,10.6819
MED00177,2026-11-16,12,0.2939,0.44,0.1297,0.125,0.3154,0.0,4.7085,2.4432
MED00178,2026-11-16,12,2.1155,1.0343,2.6423,2.75,1.7943,0.0,9.1634,4.0982
MED00179,2026-11-16,12,0.6352,0.2858,0.6445,0.625,0.4924,0.0,5.3389,2.6953
MED00180,2026-11-16,12,1.9769,2.2439,0.2291,0.25,1.6673,0.0,8.8295,3.9832
MED00181,2026-11-16,12,2.9109,3.766,3.329,3.625,3.3715,0.0,12.9443,5.3238
MED00182,2026-11-16,12,0.2888,0.4507,0.0,0.0,0.2867,0.0,4.6019,2.3998
MED00183,2026-11-16,12,15.755,29.1566,15.4879,15.0,21.2946,7.1641,44.0072,12.6314
MED00184,2026-11-16,12,7.5793,11.25,4.8585,4.75,8.4591,0.0,23.0213,8.0986
MED00185,2026-11-16,12,1.9472,1.1038,2.7527,4.125,1.7924,0.0,9.1585,4.0966
MED00186,2026-11-16,12,1.8933,1.656,1.6073,1.75,1.727,0.0,8.9874,4.0377
MED00187,2026-11-16,12,2.6492,2.764,1.2809,1.625,2.3686,0.0,10.6086,4.5826
MED00188,2026-11-16,12,2.9801,4.2527,5.0987,5.625,4.0264,0.0,14.3772,5.7564
MED00189,2026-11-16,12,0.2242,0.1855,0.0,0.0,0.154,0.0,4.0886,2.1882
MED00190,2026-11-16,12,2.106,2.996,2.8959,3.25,2.6704,0.0,11.3331,4.8176
MED00191,2026-11-16,12,11.0385,13.3398,12.4834,13.0,12.3588,1.505,29.8048,9.7023
MED00192,2026-11-16,12,0.2386,0.15,0.2623,0.25,0.2076,0.0,4.3001,2.276
MED00193,2026-11-16,12,0.1333,0.1098,0.0,0.0,0.0914,0.0,3.8327,2.0807
MED00194,2026-11-16,12,6.4432,8.4687,11.4248,11.75,8.4998,0.0,23.0951,8.117
MED00195,2026-11-16,12,5.8418,7.1312,9.0679,9.375,7.166,0.0,20.6363,7.4914
MED00196,2026-11-16,12,6.6935,8.3386,5.3894,5.625,7.0706,0.0,20.4569,7.4446
MED00197,2026-11-16,12,6.2572,7.0385,11.2537,11.625,7.7984,0.0,21.8133,7.7942
MED00198,2026-11-16,12,1.756,1.2494,2.1737,2.375,1.6475,0.0,8.7771,3.965
MED00199,2026-11-16,12,1.3778,1.4625,0.9744,1.375,1.3169,0.0,7.8746,3.647
MED00200,2026-11-16,12,1.8545,1.546,1.4872,1.625,1.6388,0.0,8.7539,3.957
MED00201,2026-11-16,12,8.3126,6.7183,6.74,8.375,7.2755,0.0,20.8418,7.5447
MED00202,2026-11-16,12,1.812,1.7872,0.3382,0.375,1.4468,0.0,8.235,3.7752
MED00203,2026-11-16,12,2.102,2.1971,2.3512,3.25,2.2041,0.0,10.2043,4.4492
MED00204,2026-11-16,12,2.0345,2.3163,0.6876,0.75,1.8281,0.0,9.2514,4.1283
MED00205,2026-11-16,12,11.2566,14.2345,9.2654,9.75,12.0278,1.3146,29.2477,9.5766
MED00206,2026-11-16,12,1.23,1.0148,1.1529,1.5,1.1229,0.0,7.3206,3.4468
MED00207,2026-11-16,12,1.9767,1.806,2.5156,2.75,2.0379,0.0,9.7885,4.3104
MED00208,2026-11-16,12,10.9118,12.3506,10.6145,11.0,11.4507,0.9872,28.2694,9.3535
MED00209,2026-11-16,12,2.4748,1.6086,4.9045,5.125,2.7041,0.0,11.4126,4.8431
MED00210,2026-11-16,12,1.3285,0.8153,2.4126,2.25,1.3782,0.0,8.0456,3.708
MED00211,2026-11-16,12,2.1788,2.008,2.3807,2.625,2.1586,0.0,10.0913,4.4117
MED00212,2026-11-16,12,2.1098,2.0115,0.2132,0.25,1.6119,0.0,8.6822,3.932
MED00213,2026-11-16,12,1.5827,2.0277,0.0,0.0,1.3868,0.0,8.0696,3.7165
MED00214,2026-11-16,12,9.6313,10.612,12.0858,13.875,10.6439,0.5397,26.8848,9.0322
MED00215,2026-11-16,12,2.2546,2.5089,2.0552,2.25,2.3146,0.0,10.4768,4.5393
MED00216,2026-11-16,12,0.1039,0.1028,0.0,0.0,0.0784,0.0,3.7784,2.0577
MED00217,2026-11-16,12,0.2777,0.1869,0.2619,0.25,0.2363,0.0,4.4109,2.3217
MED00218,2026-11-16,12,3.9119,5.6656,4.7509,5.375,4.8502,0.0,16.1034,6.2583
MED00219,2026-11-16,12,14.5601,9.9184,11.358,10.5,11.8642,1.2211,28.9713,9.5139
MED00220,2026-11-16,12,2.1171,1.9583,2.6115,2.875,2.1727,0.0,10.1263,4.4233
MED00221,2026-11-16,12,2.9642,3.6525,1.6811,2.25,2.9437,0.0,11.9719,5.021
MED00222,2026-11-16,12,0.5408,0.5598,0.0,0.0,0.4184,0.0,5.0808,2.5929
MED00223,2026-11-16,12,9.9049,12.3193,4.3158,4.25,9.569,0.0,25.0069,8.5856
MED00224,2026-11-16,12,1.7812,1.4444,0.5729,0.625,1.3502,0.0,7.9677,3.6803
MED00225,2026-11-16,12,3.7446,4.1858,5.1616,5.875,4.2753,0.0,14.9067,5.9126
MED00226,2026-11-16,12,2.2401,1.7557,2.6356,3.625,2.1361,0.0,10.035,4.3929
MED00227,2026-11-16,12,15.2978,13.8734,18.3802,20.25,15.4651,3.3711,34.9043,10.8109
MED00228,2026-11-16,12,1.6962,0.7792,2.5001,3.0,1.5101,0.0,8.4077,3.836
MED00229,2026-11-16,12,0.5059,0.7707,0.0,0.0,0.4944,0.0,5.3459,2.6981
MED00230,2026-11-16,12,12.7841,14.666,10.6177,11.25,13.0574,1.9126,30.9709,9.9624
MED00231,2026-11-16,12,1.5774,0.5926,1.1396,1.25,1.0623,0.0,7.1434,3.3819
MED00232,2026-11-16,12,2.7886,4.1287,1.0526,1.125,2.9301,0.0,11.9405,5.011
MED00233,2026-11-16,12,0.7182,0.3353,0.6049,0.625,0.5318,0.0,5.4738,2.7484
MED00234,2026-11-16,12,1.8643,1.2049,1.9106,2.125,1.6024,0.0,8.6567,3.9232
MED00235,2026-11-16,12,61.5209,71.6317,61.0752,61.625,65.6908,41.0655,105.2723,22.0128
MED00236,2026-11-16,12,2.0718,2.6117,1.7517,1.875,2.2215,0.0,10.2475,4.4636
MED00237,2026-11-16,12,3.7347,4.1369,5.0289,6.625,4.2194,0.0,14.7884,5.8778
MED00238,2026-11-16,12,1.9715,1.6967,1.4731,1.625,1.7383,0.0,9.0169,4.0479
MED00239,2026-11-16,12,3.3141,4.5796,4.1549,4.5,4.0486,0.0,14.4246,5.7705
MED00240,2026-11-16,12,3.861,3.7653,4.458,6.125,3.9694,0.0,14.2547,5.72
MED00241,2026-11-16,12,2.4248,3.1017,2.1705,2.375,2.648,0.0,11.2799,4.8006
MED00242,2026-11-16,12,8.7651,13.3236,8.4835,8.75,10.6066,0.5193,26.8204,9.0171
MED00243,2026-11-16,12,0.1735,0.0755,0.1305,0.125,0.1224,0.0,3.9607,2.1346
MED00244,2026-11-16,12,2.0542,2.2764,1.9235,2.125,2.1173,0.0,9.9881,4.3772
MED00245,2026-11-16,12,65.2451,62.1862,76.4555,79.25,66.7477,41.9266,106.644,22.1878
MED00246,2026-11-16,12,4.7638,5.9731,6.099,6.75,5.596,0.0,17.608,6.6803
MED00247,2026-11-16,12,11.3078,14.2138,11.4237,12.375,12.559,1.621,30.1402,9.7775
MED00248,2026-11-16,12,2.0939,1.5891,2.1018,2.5,1.8874,0.0,9.4046,4.1806
MED00249,2026-11-16,12,18.962,24.5686,33.4641,34.25,24.8284,9.5954,49.3133,13.6169
MED00250,2026-11-16,12,9.9355,8.3908,11.1133,16.125,9.5863,0.0,25.0375,8.5929
MED00251,2026-11-16,12,1.8448,1.3515,2.6016,2.875,1.8241,0.0,9.241,4.1248
MED00252,2026-11-16,12,0.4139,0.1471,0.7549,0.75,0.3856,0.0,4.9639,2.5462
MED00253,2026-11-16,12,3.4305,4.4187,3.6423,4.0,3.8973,0.0,14.0993,5.6737
MED00254,2026-11-16,12,0.3697,0.1604,1.0063,1.0,0.4368,0.0,5.1458,2.6188
MED00255,2026-11-16,12,4.5555,6.4294,4.8058,6.625,5.4021,0.0,17.2215,6.5732
MED00256,2026-11-16,12,2.0936,1.9222,1.1077,1.25,1.7856,0.0,9.1408,4.0905
MED00257,2026-11-16,12,4.0983,4.5005,5.5068,7.5,4.6109,0.0,15.6097,6.1168
MED00258,2026-11-16,12,2.1499,2.4497,3.5195,3.875,2.6085,0.0,11.1862,4.7704
MED00259,2026-11-16,12,2.2278,2.0565,2.8278,3.125,2.3038,0.0,10.4502,4.5305
MED00260,2026-11-16,12,0.5268,0.4407,1.1559,1.125,0.6437,0.0,5.8465,2.8935
MED00261,2026-11-16,12,0.779,0.7207,0.1292,0.125,0.5982,0.0,5.6968,2.8355
MED00262,2026-11-16,12,2.9069,2.5721,3.7106,5.0,2.9647,0.0,12.0205,5.0363
MED00263,2026-11-16,12,2.7835,3.6191,4.8785,5.375,3.6417,0.0,13.5428,5.5064
MED00264,2026-11-16,12,0.365,0.1277,0.0,0.0,0.1781,0.0,4.1842,2.228
MED00265,2026-11-16,12,5.6503,7.22,9.3349,10.375,7.2022,0.0,20.7043,7.509
MED00266,2026-11-16,12,13.9244,15.4602,6.4364,6.25,12.7666,1.742,30.4871,9.855
MED00267,2026-11-16,12,4.0986,6.1113,3.5229,3.875,4.8027,0.0,16.0058,6.2305
MED00268,2026-11-16,12,2.0882,2.6002,3.3043,3.625,2.5981,0.0,11.1614,4.7624
MED00269,2026-11-16,12,2.1589,2.2262,1.9563,2.125,2.1401,0.0,10.0452,4.3963
MED00270,2026-11-16,12,2.272,2.1031,4.4173,4.875,2.723,0.0,11.4572,4.8574
MED00271,2026-11-16,12,1.7056,2.2608,3.2214,4.25,2.3056,0.0,10.4547,4.532
MED00272,2026-11-16,12,3.8609,3.98,4.1634,4.875,3.9877,0.0,14.294,5.7317
MED00273,2026-11-16,12,3.1825,2.9015,2.0861,2.625,2.8032,0.0,11.6453,4.9175
MED00274,2026-11-16,12,0.6417,0.2846,0.363,0.375,0.426,0.0,5.1076,2.6036
MED00275,2026-11-16,12,11.2623,7.0297,11.9375,14.25,9.672,0.0185,25.1886,8.6294
MED00276,2026-11-16,12,1.8888,1.8641,2.0612,2.25,1.9221,0.0,9.4937,4.2109
MED00277,2026-11-16,12,0.224,0.1766,0.0,0.0,0.1503,0.0,4.0735,2.1818
MED00278,2026-11-16,12,7.5388,9.0368,9.8614,11.25,8.7331,0.0,23.5162,8.2215
MED00279,2026-11-16,12,18.9612,20.5505,22.8297,22.25,20.5791,6.6825,42.9158,12.4223
MED00280,2026-11-16,12,0.2566,0.1516,0.2608,0.25,0.2141,0.0,4.3252,2.2864
MED00281,2026-11-16,12,12.7217,10.4284,13.0489,15.875,11.8573,1.2172,28.9597,9.5113
MED00282,2026-11-16,12,3.4699,2.517,2.6934,3.25,2.8881,0.0,11.8433,4.9803
MED00283,2026-11-16,12,2.2424,2.5623,3.1117,3.625,2.5884,0.0,11.1383,4.7549
MED00284,2026-11-16,12,1.404,0.931,0.457,0.625,0.979,0.0,6.8956,3.2905
MED00285,2026-11-16,12,4.6573,5.4799,6.6106,7.375,5.4777,0.0,17.3726,6.6152
MED00286,2026-11-16,12,3.9239,3.6872,5.5154,7.0,4.2142,0.0,14.7776,5.8746
MED00287,2026-11-16,12,3.0335,3.6006,3.2545,3.625,3.3265,0.0,12.8434,5.2927
MED00288,2026-11-16,12,37.0157,43.6214,35.1764,38.625,39.3622,20.252,70.0788,17.0827
MED00289,2026-11-16,12,4.0096,4.0057,6.1766,8.75,4.5364,0.0,15.4546,6.072
MED00290,2026-11-16,12,1.83,1.1565,1.0078,1.125,1.352,0.0,7.9729,3.6821
MED00291,2026-11-16,12,10.6027,18.1147,2.8198,3.0,11.8623,1.2201,28.9681,9.5132
MED00292,2026-11-16,12,1.7762,1.2339,0.983,1.25,1.3599,0.0,7.9948,3.6899
MED00293,2026-11-16,12,4.056,3.0764,7.7561,9.875,4.547,0.0,15.4767,6.0784
MED00294,2026-11-16,12,1.2902,0.679,0.7294,1.0,0.9009,0.0,6.6592,3.2024
MED00295,2026-11-16,12,0.2927,0.1944,0.0,0.0,0.1812,0.0,4.1965,2.2331
MED00296,2026-11-16,12,3.8696,4.0393,4.0648,4.5,3.9915,0.0,14.3022,5.7342
MED00297,2026-11-16,12,5.5429,7.3869,6.0853,6.625,6.4486,0.0,19.2732,7.1322
MED00298,2026-11-16,12,2.1737,1.6925,3.5741,4.0,2.3141,0.0,10.4755,4.5388
MED00299,2026-11-16,12,0.4866,0.2832,0.2505,0.25,0.3451,0.0,4.8177,2.4874
MED00300,2026-11-16,12,1.9297,1.854,0.2267,0.25,1.4879,0.0,8.3475,3.8148
MED00301,2026-11-16,12,4.5206,6.7267,5.1813,5.625,5.6049,0.0,17.6258,6.6852
MED00302,2026-11-16,12,8.7347,8.5181,4.4433,4.375,7.6146,0.0,21.4735,7.7074
MED00303,2026-11-16,12,2.7212,2.3352,2.8536,3.625,2.595,0.0,11.154,4.76
MED00304,2026-11-16,12,3.6439,4.5207,3.3209,4.625,3.935,0.0,14.1807,5.698
MED00305,2026-11-16,12,1.8621,1.9124,1.031,1.125,1.6838,0.0,8.8734,3.9984
MED00306,2026-11-16,12,0.5097,0.2365,0.0,0.0,0.2729,0.0,4.5502,2.3788
MED00307,2026-11-16,12,24.8705,27.1555,35.5679,36.375,28.437,12.1549,54.608,14.5547
MED00308,2026-11-16,12,0.7125,0.6833,0.5161,0.5,0.6535,0.0,5.8788,2.9059
MED00309,2026-11-16,12,2.9586,3.7306,1.6803,2.25,2.9742,0.0,12.0423,5.0431
MED00310,2026-11-16,12,3.3466,3.0481,2.5909,3.25,3.0426,0.0,12.1996,5.0926
MED00311,2026-11-16,12,3.2414,3.7143,3.2858,4.375,3.4526,0.0,13.125,5.3792
MED00312,2026-11-16,12,0.7211,0.1858,0.3603,0.375,0.4113,0.0,5.0557,2.5829
MED00313,2026-11-16,12,0.5245,0.2247,1.7832,1.75,0.7046,0.0,6.0443,2.9696
MED00314,2026-11-16,12,10.8618,11.5432,8.917,8.75,10.6862,0.5628,26.9579,9.0493
MED00315,2026-11-16,12,9.2954,10.666,10.0468,11.25,10.0581,0.2231,25.8664,8.7916
MED00316,2026-11-16,12,2.6814,3.3259,2.3766,2.625,2.8791,0.0,11.8223,4.9736
MED00317,2026-11-16,12,2.1691,2.375,2.607,2.875,2.3631,0.0,10.5952,4.5782
MED00318,2026-11-16,12,2.3706,1.6734,3.609,5.0,2.3819,0.0,10.641,4.5932
MED00319,2026-11-16,12,10.6784,12.7731,10.0735,11.0,11.4162,0.9678,28.2105,9.34
MED00320,2026-11-16,12,6.2405,6.659,3.4659,3.75,5.7498,0.0,17.9124,6.7641
MED00321,2026-11-16,12,0.6934,0.8519,3.8203,3.75,1.5169,0.0,8.4261,3.8425
MED00322,2026-11-16,12,0.1806,0.1432,0.0,0.0,0.1215,0.0,3.9569,2.133
MED00323,2026-11-16,12,1.1886,0.4863,2.4084,2.5,1.1921,0.0,7.5208,3.5196
MED00324,2026-11-16,12,1.4077,1.0154,1.4272,2.0,1.2502,0.0,7.6866,3.5795
MED00325,2026-11-16,12,6.3961,8.2741,5.0017,5.75,6.8481,0.0,20.0363,7.3344
MED00326,2026-11-16,12,8.8047,11.6981,7.8909,8.5,9.7989,0.0853,25.412,8.683
MED00327,2026-11-16,12,2.7547,4.1988,2.0862,2.25,3.1979,0.0,12.5534,5.203
MED00328,2026-11-16,12,3.8804,4.4841,5.117,5.625,4.4353,0.0,15.2434,6.0108
MED00329,2026-11-16,12,10.4498,12.5079,10.6496,11.625,11.3668,0.94,28.1263,9.3206
MED00330,2026-11-16,12,3.9516,4.7521,5.4136,6.125,4.6432,0.0,15.6765,6.1361
MED00331,2026-11-16,12,1.8991,1.3354,2.1564,2.375,1.7282,0.0,8.9905,4.0388
MED00332,2026-11-16,12,2.7353,3.8299,2.6289,2.875,3.1687,0.0,12.4874,5.1824
MED00333,2026-11-16,12,2.8269,2.4727,5.4448,6.25,3.3156,0.0,12.8188,5.2851
MED00334,2026-11-16,12,10.6032,12.7448,4.0836,4.375,9.9291,0.1543,25.6406,8.7377
MED00335,2026-11-16,12,5.6817,5.6026,7.4241,6.5,6.076,0.0,18.5521,6.9384
MED00336,2026-11-16,12,8.9787,10.7288,10.0587,11.25,9.9788,0.1808,25.7277,8.7585
MED00337,2026-11-16,12,50.9233,52.2508,59.1347,60.25,53.5149,31.2696,89.2711,19.8853
MED00338,2026-11-16,12,10.3125,13.8418,1.2806,1.25,9.6088,0.0,25.0772,8.6025
MED00339,2026-11-16,12,1.7834,1.2955,0.2735,0.375,1.2163,0.0,7.5901,3.5447
MED00340,2026-11-16,12,1.819,2.6161,0.2729,0.25,1.779,0.0,9.1237,4.0846
MED00341,2026-11-16,12,4.7498,6.3819,7.9384,8.375,6.2068,0.0,18.8062,7.007
MED00342,2026-11-16,12,2.0361,1.9155,1.2356,1.375,1.7941,0.0,9.163,4.0981
MED00343,2026-11-16,12,9.8278,10.2265,10.5118,11.625,10.1694,0.2827,26.0609,8.8378
MED00344,2026-11-16,12,4.5155,4.7691,5.313,5.625,4.8187,0.0,16.0389,6.2399
MED00345,2026-11-16,12,0.1894,0.1004,0.0,0.0,0.1067,0.0,3.896,2.1074
MED00346,2026-11-16,12,2.953,3.6258,1.8572,2.0,2.9713,0.0,12.0358,5.0411
MED00347,2026-11-16,12,0.2052,0.1753,0.0,0.0,0.1433,0.0,4.0454,2.1701
MED00348,2026-11-16,12,1.799,1.379,1.2594,1.375,1.495,0.0,8.3668,3.8217
MED00349,2026-11-16,12,2.2541,2.126,1.8301,2.0,2.1004,0.0,9.9457,4.3631
MED00350,2026-11-16,12,1.2742,1.9296,2.5497,2.5,1.8574,0.0,9.3273,4.1543
MED00351,2026-11-16,12,0.54,0.6449,0.0,0.0,0.4536,0.0,5.2044,2.6421
MED00352,2026-11-16,12,0.2546,0.3385,0.0,0.0,0.2282,0.0,4.3799,2.3089
MED00353,2026-11-16,12,1.0165,0.508,0.0,0.0,0.5595,0.0,5.5672,2.785
MED00354,2026-11-16,12,0.9759,1.1707,1.2753,1.25,1.1305,0.0,7.3429,3.4549
MED00355,2026-11-16,12,8.8461,9.9339,8.9374,11.5,9.3307,0.0,24.5848,8.4834
MED00356,2026-11-16,12,1.9666,2.0928,1.722,1.875,1.962,0.0,9.5958,4.2454
MED00357,2026-11-16,12,0.2374,0.1024,0.2616,0.25,0.1872,0.0,4.2201,2.2429
MED00358,2026-11-16,12,4.911,4.948,2.7306,3.375,4.4037,0.0,15.1772,5.9915
MED00359,2026-11-16,12,2.094,2.2714,1.3851,1.5,1.9985,0.0,9.6887,4.2768
MED00360,2026-11-16,12,2.8846,1.9231,3.042,3.875,2.5246,0.0,10.9858,4.7056
MED00361,2026-11-16,12,2.2043,2.2116,4.3409,4.875,2.7266,0.0,11.4657,4.8601
MED00362,2026-11-16,12,2.3487,2.0507,4.2164,4.875,2.6788,0.0,11.3529,4.824
MED00363,2026-11-16,12,1.7671,1.4708,2.2674,2.5,1.7664,0.0,9.0906,4.0733
MED00364,2026-11-16,12,0.1851,0.192,0.0,0.0,0.1434,0.0,4.0458,2.1703
MED00365,2026-11-16,12,2.1604,2.414,1.8896,2.125,2.2028,0.0,10.2011,4.4482
MED00366,2026-11-16,12,9.2186,9.9197,10.215,11.25,9.7613,0.0655,25.3459,8.6672
MED00367,2026-11-16,12,2.1027,2.6994,1.4787,1.625,2.2026,0.0,10.2008,4.4481
MED00368,2026-11-16,12,2.6585,3.4953,4.5478,5.0,3.4673,0.0,13.1577,5.3892
MED00369,2026-11-16,12,3.4406,3.8658,3.5402,5.0,3.6455,0.0,13.551,5.5089
MED00370,2026-11-16,12,0.5061,0.2214,0.0,0.0,0.2654,0.0,4.5217,2.3671
MED00371,2026-11-16,12,15.7461,14.1108,14.2829,14.0,14.7258,2.9152,33.7097,10.5576
MED00372,2026-11-16,12,0.2229,0.1053,0.1308,0.125,0.1518,0.0,4.0797,2.1844
MED00373,2026-11-16,12,0.7079,0.5292,0.9135,0.875,0.6838,0.0,5.9773,2.9439
MED00374,2026-11-16,12,1.7621,1.2013,2.142,2.75,1.6219,0.0,8.7089,3.9413
MED00375,2026-11-16,12,15.4096,16.3001,13.7716,13.5,15.3999,3.3307,34.7995,10.7888
MED00376,2026-11-16,12,2.0717,2.0513,1.8233,2.0,2.0051,0.0,9.7055,4.2824
MED00377,2026-11-16,12,0.5755,0.6293,0.8908,0.875,0.6748,0.0,5.9481,2.9327
MED00378,2026-11-16,12,2.1216,2.6498,1.934,2.125,2.2986,0.0,10.4375,4.5263
MED00379,2026-11-16,12,0.6925,0.8642,2.5475,2.5,1.2137,0.0,7.5825,3.5419
MED00380,2026-11-16,12,0.5818,0.4067,0.0,0.0,0.3686,0.0,4.9028,2.5216
MED00381,2026-11-16,12,1.4487,2.4438,1.2757,1.25,1.8232,0.0,9.2387,4.124
MED00382,2026-11-16,12,2.3153,1.4183,2.9536,3.75,2.098,0.0,9.9398,4.3611
MED00383,2026-11-16,12,6.2223,8.7781,5.4484,5.75,7.107,0.0,20.5254,7.4625
MED00384,2026-11-16,12,2.0461,1.9951,1.9224,2.125,1.9969,0.0,9.6847,4.2754
MED00385,2026-11-16,12,18.683,20.9544,17.5925,20.25,19.385,5.8877,41.0798,12.0653
MED00386,2026-11-16,12,13.8983,13.8898,12.523,14.125,13.5758,2.22,31.8287,10.1511
MED00387,2026-11-16,12,18.2792,21.5134,21.0174,22.5,20.3088,6.5016,42.5018,12.3424
MED00388,2026-11-16,12,121.6091,119.3933,93.4589,84.125,113.9944,81.607,166.0522,28.9513
MED00389,2026-11-16,12,8.2462,9.3514,8.5625,11.25,8.7918,0.0,23.622,8.2476
MED00390,2026-11-16,12,16.7623,21.0781,22.8894,34.25,20.0615,6.3366,42.1223,12.2688
MED00391,2026-11-16,12,16.5041,15.5948,19.9352,24.875,16.9717,4.32,37.3076,11.3095
MED00392,2026-11-16,12,16.6675,18.0399,18.6934,22.625,17.7467,4.8174,38.5287,11.5576
MED00393,2026-11-16,12,10.6778,11.7102,8.6203,10.125,10.6211,0.5272,26.8454,9.023
MED00394,2026-11-16,12,13.0855,11.6559,13.6301,16.25,12.6342,1.6648,30.266,9.8057
MED00395,2026-11-16,12,16.3839,16.3969,16.2866,18.375,16.3822,3.9457,36.3719,11.117
MED00396,2026-11-16,12,45.6695,54.7028,47.0451,46.75,49.815,28.345,84.3247,19.1922
MED00397,2026-11-16,12,39.6196,47.5175,48.2079,48.125,45.031,24.6072,77.8592,18.257
MED00398,2026-11-16,12,129.2612,109.4039,123.4171,128.0,119.6957,86.5118,173.0338,29.6633
MED00399,2026-11-16,12,136.054,115.1954,115.1618,115.75,122.4361,88.876,176.3789,29.9996
MED00400,2026-11-16,12,72.0584,69.9398,72.8281,69.875,71.4333,45.7619,112.696,22.9478
MED00401,2026-11-16,12,13.3006,11.8294,12.9569,20.875,12.6172,1.6549,30.2376,9.7993
MED00402,2026-11-16,12,17.9087,15.4305,19.4974,29.875,17.2777,4.5156,37.7908,11.4081
MED00403,2026-11-16,12,10.9534,16.3928,9.1479,9.125,12.7957,1.759,30.5354,9.8658
MED00404,2026-11-16,12,4.3488,6.2143,5.7516,6.125,5.4705,0.0,17.3583,6.6112
MED00405,2026-11-16,12,7.017,8.1169,6.6962,7.375,7.4051,0.0,21.0838,7.6073
MED00406,2026-11-16,12,19.3798,23.2931,23.8422,26.75,22.1109,7.7182,45.2451,12.8657
MED00407,2026-11-16,12,17.6701,16.6114,20.2826,30.5,17.8785,4.9026,38.7354,11.5993
MED00408,2026-11-16,12,6.1629,6.0826,7.1438,11.25,6.3729,0.0,19.1275,7.0933
MED00409,2026-11-16,12,9.261,11.0628,7.7089,10.875,9.646,0.0048,25.1427,8.6183
MED00410,2026-11-16,12,7.3848,9.3315,9.5502,14.0,8.728,0.0,23.5071,8.2192
MED00411,2026-11-16,12,17.7074,16.2918,20.1734,26.125,17.7316,4.8076,38.5049,11.5528
MED00412,2026-11-16,12,11.6985,7.3285,11.4134,14.0,9.8189,0.0959,25.4472,8.6915
MED00413,2026-11-16,12,12.3324,10.0265,10.063,12.875,10.834,0.644,27.2129,9.1089
MED00414,2026-11-16,12,17.3066,14.4974,18.575,24.125,16.4594,3.9945,36.4949,11.1425
MED00415,2026-11-16,12,12.325,8.8733,12.2011,15.75,10.868,0.6627,27.2714,9.1226
MED00416,2026-11-16,12,16.5663,14.4187,17.6828,23.75,15.9575,3.6784,35.6943,10.9763
MED00417,2026-11-16,12,7.0519,6.0021,6.2459,7.5,6.4261,0.0,19.2299,7.1207
MED00418,2026-11-16,12,6.633,5.6509,7.9005,9.375,6.5368,0.0,19.4426,7.1774
MED00419,2026-11-16,12,8.1262,7.3271,8.4232,10.125,7.873,0.0,21.9508,7.8292
MED00420,2026-11-16,12,17.6503,17.0838,19.6196,30.625,17.9083,4.9219,38.782,11.6087
MED00421,2026-11-16,12,18.793,14.5246,23.1152,34.125,18.0778,5.0317,39.0475,11.662
MED00422,2026-11-16,12,16.787,14.0346,18.3205,23.375,16.0271,3.7221,35.8056,10.9995
MED00423,2026-11-16,12,11.4917,10.3148,9.9418,11.25,10.6374,0.5361,26.8736,9.0296
MED00424,2026-11-16,12,98.0285,82.1059,109.4673,118.875,94.255,64.7915,141.6131,26.3376
